SK_ID_CURR,TARGET
100001,0.031738847
100005,0.13687177
100013,0.013464861
100028,0.021053616
100038,0.11024188
100042,0.048779294
100057,0.011970739
100065,0.03760603
100066,0.004844644
100067,0.09130505
100074,0.056972157
100090,0.01882849
100091,0.14625892
100092,0.06712446
100106,0.08151998
100107,0.22979262
100109,0.04750875
100117,0.02763429
100128,0.061166953
100141,0.033928957
100150,0.022305816
100168,0.0069029615
100169,0.029816104
100170,0.1646574
100171,0.057750516
100172,0.059778467
100184,0.13391088
100187,0.04260011
100212,0.036334306
100222,0.0778039
100223,0.016392773
100232,0.015050446
100241,0.17788261
100245,0.02248534
100253,0.022510437
100256,0.07038886
100271,0.0056782262
100278,0.26191434
100280,0.0058771865
100306,0.10911982
100311,0.08504205
100312,0.03356921
100330,0.098554164
100331,0.035111513
100352,0.11420849
100358,0.097289905
100367,0.021207377
100382,0.18855569
100384,0.119735025
100385,0.10891935
100386,0.039048687
100399,0.023958968
100404,0.060841247
100416,0.012277375
100422,0.041928943
100426,0.06690473
100438,0.028436342
100444,0.12568136
100445,0.12417189
100446,0.08304589
100447,0.0119878
100450,0.056185678
100466,0.018947965
100483,0.018878005
100484,0.041002534
100494,0.033555787
100510,0.16095759
100512,0.014430508
100517,0.0121548455
100548,0.027236307
100551,0.055830263
100552,0.08469917
100553,0.020324975
100561,0.12008745
100568,0.37978798
100569,0.040204726
100591,0.111713156
100592,0.03268851
100602,0.056425273
100607,0.071512245
100613,0.07678569
100617,0.07133775
100618,0.0795265
100622,0.035049863
100625,0.12215384
100677,0.17751691
100699,0.042803727
100702,0.24115907
100711,0.04094786
100729,0.10992115
100740,0.23476763
100744,0.13187923
100745,0.03933462
100747,0.13782571
100751,0.28379285
100752,0.021009985
100753,0.18561202
100754,0.18435225
100760,0.0671233
100762,0.082492754
100763,0.045255914
100765,0.02393021
100770,0.07051101
100772,0.0239857
100777,0.021854151
100791,0.011936232
100792,0.008037825
100797,0.050559152
100823,0.03634286
100826,0.029963642
100830,0.051484194
100836,0.1558032
100872,0.10521258
100910,0.0380416
100913,0.097458765
100918,0.014533791
100931,0.008479413
100952,0.020002909
100953,0.016376365
100965,0.17008145
100970,0.029939972
100982,0.14333162
100983,0.35923922
100984,0.024693986
100987,0.045044363
100997,0.07494415
100998,0.26452163
101002,0.047295198
101005,0.14355278
101008,0.3316568
101020,0.059493486
101021,0.037984
101024,0.035030466
101025,0.24145055
101026,0.027886216
101031,0.013280134
101041,0.015707778
101051,0.012942214
101055,0.08397998
101056,0.35526025
101057,0.025395377
101064,0.022301553
101079,0.07678656
101087,0.0114012025
101090,0.046879366
101092,0.09812487
101097,0.20757362
101099,0.00848808
101107,0.12071572
101118,0.059876297
101125,0.08523846
101126,0.0146547975
101128,0.014784915
101136,0.10198497
101140,0.13858016
101149,0.08191473
101160,0.080384865
101169,0.120696686
101181,0.035411
101186,0.009231482
101190,0.038680047
101193,0.09018054
101194,0.13805903
101198,0.10529559
101200,0.01600256
101204,0.01916052
101211,0.05095394
101213,0.040022336
101223,0.03743417
101225,0.10515936
101237,0.07987396
101243,0.08662427
101244,0.060631398
101258,0.04297357
101259,0.17198768
101268,0.16436091
101269,0.01397451
101271,0.034905378
101279,0.052954584
101281,0.108634375
101287,0.028895505
101292,0.030894278
101294,0.023800395
101296,0.112959675
101297,0.025029518
101299,0.022390604
101301,0.0398468
101305,0.057105675
101308,0.27421132
101318,0.012968366
101327,0.18667728
101329,0.010448241
101332,0.042814624
101337,0.023186695
101343,0.017677786
101345,0.012604909
101346,0.010838674
101353,0.010062115
101354,0.10933964
101355,0.113931604
101356,0.018086595
101362,0.088740155
101363,0.38537815
101365,0.02053227
101366,0.08064643
101367,0.21992782
101368,0.025553493
101374,0.1540166
101380,0.012791771
101383,0.03525786
101398,0.030857315
101399,0.38021922
101401,0.16512309
101412,0.07720977
101426,0.06418043
101427,0.41949135
101428,0.102658056
101429,0.12841624
101434,0.03840496
101440,0.15877292
101448,0.05962027
101449,0.030003397
101465,0.049144644
101467,0.028539922
101472,0.07052256
101478,0.10204531
101497,0.07290332
101504,0.063526236
101547,0.018265335
101548,0.097245835
101555,0.048905533
101570,0.017605396
101572,0.040270954
101578,0.04387154
101580,0.1795206
101588,0.15231362
101602,0.04701506
101610,0.16978052
101614,0.036218066
101616,0.02055308
101643,0.08983821
101644,0.03802581
101649,0.030234937
101650,0.061035004
101665,0.016437225
101667,0.06995847
101669,0.03799605
101674,0.06545752
101675,0.014855775
101678,0.072361134
101682,0.032540374
101686,0.05087844
101697,0.24801578
101700,0.39209756
101711,0.039592624
101714,0.03552321
101715,0.39596626
101728,0.024762684
101732,0.045090433
101757,0.18132578
101758,0.037148774
101759,0.083313026
101762,0.014168649
101764,0.06364732
101780,0.22318359
101784,0.012540362
101789,0.013253905
101816,0.046296343
101819,0.021768749
101827,0.008433098
101863,0.07979432
101867,0.024082897
101870,0.014684828
101873,0.22372732
101878,0.05140648
101879,0.054637846
101880,0.02213304
101887,0.05093758
101897,0.024621183
101901,0.06762856
101903,0.34088442
101920,0.01352586
101921,0.03161891
101922,0.053963095
101961,0.0753835
101962,0.01327816
101971,0.032008275
101976,0.43916562
102002,0.113350034
102005,0.021572879
102007,0.21762942
102017,0.015385294
102019,0.1059004
102029,0.010158351
102051,0.08956946
102052,0.0059706406
102054,0.030393003
102062,0.0746932
102067,0.18935573
102068,0.11495913
102070,0.05901559
102090,0.053924724
102092,0.041044448
102099,0.070399374
102100,0.03141577
102112,0.111009374
102113,0.021445315
102122,0.1135777
102123,0.053980112
102125,0.029356819
102126,0.0950493
102146,0.023190582
102147,0.07326836
102151,0.048952617
102158,0.08850059
102159,0.032556575
102162,0.056452624
102165,0.036169056
102166,0.01716612
102174,0.015729785
102193,0.31982183
102198,0.028160432
102205,0.20780066
102206,0.005448236
102218,0.029904464
102221,0.028205408
102230,0.0797761
102238,0.028285757
102248,0.029935263
102252,0.13559139
102259,0.04834109
102262,0.10512346
102273,0.0768643
102286,0.1131864
102293,0.014897586
102294,0.02826356
102296,0.041808423
102298,0.11148334
102303,0.021554321
102309,0.07576325
102315,0.018970026
102340,0.025106909
102342,0.054391112
102344,0.04847474
102346,0.060616586
102347,0.0077552907
102374,0.044715084
102380,0.028180027
102387,0.0127153015
102393,0.03990805
102403,0.022711106
102413,0.02887814
102414,0.012517737
102415,0.01561204
102416,0.074996054
102439,0.036605034
102441,0.022476595
102443,0.012025817
102444,0.05091846
102445,0.16051662
102448,0.021176279
102449,0.051584926
102450,0.18522306
102456,0.007547541
102458,0.1250751
102459,0.06985143
102465,0.030308973
102470,0.13093488
102471,0.032977477
102475,0.05645722
102476,0.17296888
102506,0.03272891
102509,0.042898316
102519,0.018958386
102522,0.042602804
102545,0.049230292
102549,0.05125159
102562,0.008197263
102563,0.012986641
102568,0.10329212
102582,0.051682025
102592,0.012145528
102597,0.089702085
102605,0.02094015
102614,0.023203164
102617,0.11790504
102634,0.036550354
102652,0.019083863
102655,0.0042874077
102671,0.05350566
102694,0.24045105
102701,0.03222356
102703,0.009751361
102704,0.021674654
102713,0.011679864
102720,0.14288051
102731,0.019617198
102733,0.03449191
102749,0.014499512
102755,0.054644223
102763,0.014917423
102770,0.02713638
102772,0.079338424
102799,0.22824723
102838,0.010504593
102854,0.025074642
102862,0.13530229
102863,0.02408393
102867,0.012296981
102868,0.007675155
102878,0.072492234
102887,0.036191467
102898,0.2197808
102904,0.081059456
102912,0.056404106
102919,0.0464062
102927,0.06394746
102932,0.051263142
102933,0.1171909
102935,0.018252172
102958,0.051214125
102969,0.18739714
102971,0.027055636
102975,0.070271954
102979,0.028489912
102982,0.009808214
102987,0.20945178
102989,0.020940952
102995,0.04360772
102996,0.021302506
103000,0.03405952
103001,0.03440203
103004,0.045922723
103010,0.017990952
103025,0.15858452
103029,0.025892537
103046,0.08442539
103056,0.028987795
103062,0.051690627
103078,0.026757315
103083,0.012870623
103092,0.026532896
103096,0.060752966
103097,0.15041034
103102,0.18532285
103112,0.05324831
103132,0.042985946
103144,0.076533645
103145,0.10518399
103146,0.009578511
103147,0.095006905
103158,0.04099242
103171,0.12575926
103173,0.026203096
103184,0.022761023
103195,0.21549389
103196,0.02899052
103206,0.022283796
103230,0.10206312
103231,0.15242742
103232,0.026623012
103239,0.05006559
103240,0.13436379
103243,0.021626292
103252,0.115864165
103258,0.026307093
103259,0.11023809
103279,0.015910817
103280,0.0085266195
103286,0.02050677
103287,0.3751628
103290,0.01739678
103298,0.03353882
103315,0.007928064
103319,0.032803155
103334,0.1732437
103336,0.04581773
103345,0.037097197
103368,0.026496125
103371,0.20676582
103377,0.014654426
103398,0.013743025
103404,0.082800925
103408,0.16126415
103410,0.055844776
103418,0.016339477
103420,0.076596476
103432,0.088577665
103433,0.018989565
103436,0.013501915
103440,0.04187469
103453,0.03952166
103459,0.016927874
103460,0.030007254
103461,0.009761939
103462,0.027904823
103473,0.08969243
103474,0.017763427
103475,0.1266352
103478,0.0747375
103480,0.07292516
103484,0.023458075
103494,0.2035858
103513,0.04470341
103515,0.07027652
103516,0.11292224
103525,0.1330733
103541,0.18715745
103544,0.008523125
103562,0.31830862
103570,0.28296563
103572,0.1432875
103574,0.025382427
103575,0.065994665
103591,0.08664003
103594,0.019605251
103609,0.03559556
103613,0.067772485
103614,0.050646387
103615,0.020682128
103624,0.035077363
103625,0.15741357
103628,0.19251326
103629,0.033681415
103647,0.07518176
103648,0.10131023
103651,0.047506064
103658,0.023482746
103668,0.0356001
103669,0.031083422
103676,0.026127502
103682,0.053543597
103683,0.07028607
103689,0.024800485
103725,0.027696902
103733,0.1444481
103744,0.027057784
103762,0.11021609
103771,0.39455432
103773,0.008484517
103783,0.030881554
103784,0.07044133
103808,0.016515903
103812,0.06089578
103813,0.189315
103814,0.053325884
103818,0.15963188
103824,0.015664391
103828,0.017641958
103830,0.24687892
103840,0.013890022
103842,0.10798299
103847,0.25288475
103848,0.073291965
103851,0.021608017
103854,0.075813614
103857,0.20296979
103861,0.011903199
103862,0.053452104
103865,0.03553858
103870,0.009986983
103876,0.011770363
103891,0.30826023
103908,0.0513997
103914,0.12001709
103918,0.065495566
103940,0.017823795
103963,0.054572564
103966,0.03640916
103971,0.1675313
103980,0.09217994
103984,0.030320197
103985,0.035071414
103998,0.26640484
104019,0.011936228
104026,0.022598926
104035,0.08525986
104044,0.043402918
104045,0.06697355
104047,0.35293943
104051,0.035661787
104058,0.060656782
104063,0.013053887
104066,0.24489984
104087,0.023946071
104089,0.040912647
104095,0.028822718
104098,0.049956873
104104,0.026531983
104110,0.23956287
104120,0.0791002
104122,0.018097624
104131,0.03995049
104132,0.028076747
104135,0.030743243
104136,0.02343463
104149,0.08338417
104150,0.06696758
104156,0.32571855
104165,0.107719444
104175,0.021305056
104179,0.09461568
104184,0.14353603
104206,0.040496916
104216,0.2730089
104230,0.13195
104257,0.017590458
104272,0.04470533
104273,0.04474824
104278,0.026439175
104294,0.09815591
104295,0.025664864
104297,0.03232068
104298,0.041472547
104308,0.036082186
104318,0.028455319
104319,0.08511493
104320,0.074168116
104327,0.06700279
104334,0.045721825
104344,0.03600123
104350,0.03207209
104351,0.1534456
104354,0.032834534
104369,0.10769863
104376,0.09184661
104381,0.019435681
104384,0.04083831
104391,0.023267502
104394,0.03303915
104398,0.15564337
104402,0.0075187893
104408,0.03756074
104409,0.020070517
104410,0.63813734
104412,0.043763697
104417,0.12368841
104424,0.05035562
104426,0.031515975
104435,0.045837153
104445,0.027900727
104458,0.04386423
104460,0.049359076
104466,0.017487612
104472,0.12308717
104473,0.08323651
104479,0.013619721
104480,0.014213404
104482,0.03267312
104499,0.016429434
104501,0.018116122
104502,0.018247597
104506,0.085474215
104510,0.006335511
104512,0.07401823
104520,0.15664183
104528,0.06784095
104529,0.012057136
104541,0.06986093
104578,0.011376481
104584,0.05155658
104588,0.072778806
104602,0.14505765
104610,0.016374853
104611,0.22094245
104618,0.10439578
104620,0.029772868
104622,0.021538349
104624,0.04544387
104625,0.18964477
104634,0.06159871
104639,0.071954526
104646,0.016000181
104647,0.043440796
104652,0.016826248
104670,0.06351062
104677,0.011093886
104685,0.09579644
104691,0.017907389
104696,0.09696949
104699,0.019305509
104712,0.090867005
104714,0.026850978
104717,0.058018327
104718,0.023327814
104740,0.06402163
104741,0.038854744
104743,0.004864667
104744,0.03844646
104747,0.04362764
104767,0.041813277
104772,0.15722577
104776,0.14102861
104779,0.024868067
104814,0.01761452
104815,0.032894406
104830,0.038727097
104831,0.07385794
104833,0.036200993
104839,0.038102116
104840,0.021004489
104860,0.17017642
104861,0.023757346
104866,0.049856406
104870,0.019072829
104877,0.062422007
104878,0.019113772
104879,0.01675346
104880,0.050440293
104899,0.021862501
104906,0.043168224
104907,0.07088375
104913,0.104637995
104916,0.047931287
104921,0.10195438
104930,0.025626991
104931,0.307019
104936,0.035762865
104937,0.029380845
104942,0.018917957
104943,0.044365156
104969,0.051918555
104972,0.21937227
104988,0.050605398
105013,0.0213893
105015,0.017570693
105019,0.047895964
105027,0.040200826
105030,0.06226963
105035,0.3028358
105041,0.024680385
105051,0.20175701
105056,0.04253369
105067,0.47362462
105071,0.048294906
105072,0.030654961
105074,0.08783181
105091,0.032382306
105101,0.043373518
105103,0.027431449
105134,0.038055204
105139,0.00996866
105142,0.18156417
105146,0.047748227
105163,0.04755796
105168,0.09507341
105172,0.014983222
105176,0.22476757
105195,0.057846513
105196,0.21807598
105197,0.018857993
105203,0.029306749
105223,0.13503772
105227,0.13709663
105228,0.0060221516
105230,0.13242136
105231,0.1794265
105239,0.020980919
105242,0.15690695
105244,0.036498863
105245,0.032090507
105248,0.0321207
105249,0.022337528
105266,0.19830613
105271,0.2005432
105276,0.07269697
105282,0.041607976
105292,0.1115707
105297,0.008401994
105332,0.062912226
105333,0.030230567
105343,0.06309607
105344,0.038277775
105345,0.11152772
105357,0.04197581
105359,0.07590976
105366,0.03701652
105367,0.031530473
105370,0.008813204
105377,0.062339094
105390,0.01967384
105399,0.010104929
105403,0.11757482
105404,0.0493471
105414,0.03517461
105417,0.081926815
105425,0.14874649
105452,0.07984629
105454,0.04557664
105456,0.03558901
105470,0.04436932
105471,0.03445713
105483,0.08629614
105493,0.082673095
105508,0.06274029
105514,0.060096003
105515,0.021090876
105528,0.20105715
105529,0.012042054
105531,0.033876136
105532,0.039000064
105558,0.011253497
105574,0.014642209
105578,0.010992073
105584,0.43858388
105595,0.07192269
105617,0.20993811
105618,0.041276526
105621,0.03555809
105625,0.040063657
105629,0.031003615
105630,0.013306698
105634,0.020197224
105635,0.018404102
105641,0.06533071
105647,0.046006046
105648,0.048584536
105655,0.03469738
105657,0.023017691
105672,0.083011314
105678,0.13574722
105682,0.06324033
105691,0.034571547
105692,0.04506014
105706,0.034208126
105712,0.019167524
105720,0.033156183
105734,0.006098785
105735,0.024166094
105736,0.20352925
105737,0.011597826
105738,0.06844785
105740,0.15348516
105744,0.05825418
105747,0.02661072
105749,0.19655944
105754,0.035836473
105758,0.046002522
105760,0.037358016
105767,0.16224082
105784,0.08942065
105791,0.021894665
105802,0.20093688
105807,0.14284088
105809,0.035906024
105816,0.06164085
105817,0.0205936
105824,0.106548026
105832,0.042355467
105856,0.025827534
105865,0.02126195
105899,0.1551158
105906,0.04973921
105916,0.03645972
105923,0.038888372
105937,0.08112943
105965,0.04150424
105966,0.05350845
105968,0.05181566
105973,0.026292149
105976,0.14436743
105978,0.09486424
105979,0.04800475
105991,0.08517586
105998,0.12895216
105999,0.021276869
106000,0.17139582
106001,0.024117872
106010,0.32441396
106011,0.013562673
106013,0.069074236
106015,0.018828416
106026,0.02595063
106032,0.022757502
106035,0.19803225
106040,0.060281448
106041,0.2757672
106044,0.016424326
106053,0.14553367
106054,0.010592225
106065,0.17102195
106081,0.039939344
106083,0.057341598
106087,0.021501353
106090,0.0980085
106101,0.02769513
106102,0.042158328
106109,0.06676997
106116,0.049516026
106150,0.010178893
106155,0.10737046
106166,0.0126744155
106176,0.17024162
106189,0.021726659
106199,0.08631772
106205,0.08012164
106206,0.07989839
106211,0.014962294
106214,0.059604216
106216,0.031005383
106217,0.063932285
106225,0.03511687
106249,0.016321193
106256,0.070097804
106258,0.03997125
106261,0.047720633
106262,0.09385373
106264,0.0075901574
106271,0.031358626
106276,0.015411276
106277,0.06309871
106286,0.098819606
106293,0.035740018
106295,0.06330381
106296,0.024275476
106297,0.07692431
106298,0.03558311
106311,0.055476636
106314,0.04198816
106320,0.028485376
106334,0.055450656
106346,0.088651635
106347,0.029003061
106349,0.04001042
106354,0.091037564
106360,0.0179466
106373,0.1535886
106377,0.04598751
106386,0.10843643
106387,0.050634544
106391,0.0204346
106401,0.40903473
106411,0.087493725
106413,0.28700918
106426,0.12557103
106427,0.08226233
106428,0.08669621
106434,0.05477117
106438,0.020970393
106440,0.023603905
106441,0.018466495
106452,0.10779835
106453,0.13002978
106454,0.024544815
106457,0.16104165
106484,0.036198862
106488,0.058399163
106491,0.19087297
106514,0.10544147
106527,0.073383644
106528,0.054625154
106529,0.008544876
106534,0.1745688
106550,0.18368386
106577,0.04171251
106585,0.091217615
106590,0.004198847
106607,0.058357827
106610,0.084737845
106611,0.043298986
106612,0.056864195
106624,0.04240776
106631,0.012408986
106647,0.29898107
106660,0.14183854
106674,0.01725626
106687,0.015241054
106712,0.027923774
106713,0.044014886
106717,0.05417314
106720,0.040572245
106721,0.11306068
106724,0.0599974
106735,0.07589504
106739,0.037189737
106740,0.08244822
106754,0.057324953
106760,0.24353206
106761,0.09046914
106784,0.14940257
106787,0.087456025
106797,0.017064335
106798,0.048772745
106802,0.10281391
106803,0.058093213
106804,0.24607037
106805,0.014230204
106810,0.10621181
106812,0.13685572
106813,0.10520102
106817,0.06632392
106822,0.04370753
106823,0.018131688
106827,0.01129433
106841,0.06357023
106851,0.17193279
106852,0.013693766
106853,0.1580688
106854,0.4973977
106861,0.062256675
106873,0.040718995
106877,0.033588592
106878,0.008707893
106881,0.062328126
106900,0.014842871
106906,0.034977473
106907,0.14215396
106914,0.10359974
106916,0.09098892
106924,0.013906269
106931,0.041038446
106936,0.09032637
106937,0.05665641
106938,0.022911148
106939,0.06011279
106943,0.054333813
106944,0.14521697
106967,0.044871982
106980,0.054711267
106986,0.08387877
106987,0.023640752
106990,0.018105896
107013,0.014430089
107023,0.04201196
107033,0.03987694
107037,0.10175115
107048,0.016763171
107071,0.025035981
107081,0.0071352147
107113,0.10733427
107130,0.021047164
107131,0.02152537
107145,0.07761913
107156,0.08698675
107219,0.048351973
107222,0.094342194
107223,0.313902
107232,0.20493224
107245,0.043487195
107246,0.030807482
107247,0.06531416
107256,0.006042795
107259,0.0142944595
107260,0.014816371
107279,0.16601413
107280,0.07055657
107281,0.025014441
107285,0.08329837
107329,0.017546542
107337,0.078708
107349,0.1122569
107350,0.025108937
107351,0.016384818
107359,0.1080918
107391,0.101832286
107394,0.037885204
107395,0.04324457
107406,0.045604963
107416,0.08903987
107417,0.02286649
107418,0.07800617
107419,0.045459248
107444,0.015359146
107445,0.03161442
107446,0.21010172
107460,0.09344837
107470,0.087206006
107475,0.05259691
107520,0.022958018
107526,0.13664518
107527,0.018998755
107530,0.008308766
107532,0.099712856
107534,0.039657705
107535,0.044681735
107554,0.13845396
107556,0.018662186
107559,0.090230875
107561,0.011468814
107564,0.06513221
107566,0.027058035
107571,0.057963714
107590,0.16641372
107602,0.06917135
107625,0.06380383
107626,0.45874247
107635,0.009363818
107636,0.057460383
107645,0.0515129
107652,0.17965364
107655,0.037359808
107668,0.039476264
107670,0.02380497
107677,0.008552999
107680,0.24898194
107683,0.1764335
107684,0.014715127
107691,0.03973828
107692,0.03979148
107703,0.032508474
107709,0.04850813
107710,0.09055749
107721,0.101759866
107725,0.15322375
107727,0.04739374
107739,0.023142904
107740,0.042263508
107741,0.043358974
107747,0.030120214
107765,0.33711165
107768,0.013841976
107775,0.12192741
107782,0.38629737
107790,0.02484294
107801,0.020103592
107807,0.014955646
107811,0.04162409
107817,0.087649554
107826,0.035416096
107838,0.24578902
107839,0.027918931
107843,0.05045483
107847,0.073954016
107849,0.09292239
107850,0.086212955
107867,0.06995321
107871,0.10714971
107908,0.037214246
107913,0.041325163
107927,0.020204797
107931,0.023326075
107955,0.02227515
107962,0.11843856
107977,0.039349444
107978,0.03897642
107993,0.01720902
108010,0.078210965
108016,0.027151925
108018,0.2999371
108027,0.33041903
108045,0.26710057
108069,0.23181032
108082,0.023570316
108089,0.06249986
108092,0.028917342
108106,0.01666225
108112,0.13737659
108120,0.13401712
108122,0.24904238
108135,0.015811615
108170,0.008666206
108171,0.054334097
108177,0.007722183
108180,0.07654789
108183,0.028129958
108184,0.032612197
108185,0.1340742
108192,0.07818408
108195,0.17170706
108196,0.079240695
108218,0.020688163
108219,0.14610787
108243,0.08744509
108249,0.01851076
108251,0.029228805
108274,0.027040252
108280,0.24684033
108289,0.082590856
108292,0.020418985
108295,0.042573154
108327,0.016044557
108332,0.057752565
108346,0.026604034
108349,0.19342515
108353,0.08412101
108362,0.043054044
108363,0.048186567
108377,0.40519774
108378,0.10723042
108381,0.010192954
108383,0.16535264
108390,0.11451727
108407,0.022355728
108408,0.07434716
108411,0.07096583
108412,0.041795634
108419,0.024426078
108436,0.15978247
108437,0.17328766
108438,0.10479375
108441,0.026772885
108448,0.0155746015
108449,0.055314653
108466,0.02426761
108467,0.19133802
108473,0.025655767
108474,0.102617964
108476,0.025699751
108479,0.03151943
108486,0.01514696
108493,0.023796184
108501,0.017568043
108506,0.2429943
108510,0.048158295
108511,0.025740575
108514,0.09688771
108517,0.009335583
108519,0.06689095
108522,0.00944156
108548,0.10413194
108554,0.03205316
108555,0.11093079
108559,0.056540914
108562,0.03002634
108571,0.09407296
108572,0.01995995
108579,0.048063617
108583,0.01284218
108584,0.006624885
108592,0.042719807
108602,0.017470587
108609,0.012318985
108613,0.16099289
108616,0.085633926
108618,0.1060172
108620,0.019363869
108643,0.0107334815
108649,0.025469657
108654,0.12344786
108655,0.013072366
108656,0.017304497
108667,0.12913802
108668,0.14935997
108682,0.062207885
108690,0.058933567
108691,0.06056274
108692,0.19750127
108695,0.03611569
108699,0.029408399
108710,0.17579359
108718,0.18659544
108739,0.053521976
108740,0.012949538
108741,0.018307172
108742,0.046130534
108763,0.006362374
108767,0.1349568
108769,0.08888536
108779,0.24863103
108788,0.025693765
108801,0.031064928
108802,0.038142256
108810,0.048013948
108811,0.012753171
108813,0.012682618
108814,0.24513778
108825,0.03580706
108826,0.07437114
108830,0.07685341
108834,0.038286738
108852,0.024970578
108887,0.116693206
108901,0.110155776
108908,0.01130759
108910,0.04164655
108920,0.038811382
108922,0.025552282
108929,0.13626839
108930,0.037266262
108937,0.067692734
108938,0.026715932
108943,0.06358891
108948,0.025539627
108953,0.05188793
108956,0.10868171
108965,0.01718845
108985,0.08970211
108986,0.14093007
108987,0.02368194
108990,0.015423053
108991,0.03079744
108993,0.24271336
109000,0.102117434
109001,0.060227282
109012,0.21455967
109014,0.06871518
109015,0.09804459
109021,0.07135717
109037,0.09039432
109042,0.091485575
109044,0.033664342
109046,0.43946353
109064,0.005101084
109084,0.07751063
109086,0.029863467
109092,0.009334616
109093,0.089265496
109100,0.20383838
109101,0.003844596
109110,0.022826416
109114,0.15285368
109126,0.091992304
109152,0.016200684
109162,0.04320094
109167,0.04689083
109168,0.10320007
109169,0.01261581
109179,0.055634033
109184,0.07486165
109191,0.0721797
109192,0.03425442
109193,0.012097257
109196,0.13248466
109206,0.093983844
109210,0.021306777
109244,0.039635155
109249,0.018587386
109273,0.020636609
109276,0.31314352
109281,0.020403644
109287,0.08681921
109297,0.08329899
109298,0.045012724
109306,0.03296904
109309,0.086998604
109321,0.31298363
109328,0.11409248
109336,0.013896399
109342,0.039941665
109346,0.025422588
109347,0.066534735
109348,0.11867511
109362,0.07249669
109363,0.010359227
109367,0.037289236
109370,0.01322462
109393,0.08435089
109405,0.01741845
109413,0.114630915
109414,0.40916523
109421,0.02843789
109427,0.08956402
109428,0.037906345
109429,0.10315302
109437,0.0116944425
109443,0.030287467
109461,0.06411191
109468,0.06778301
109469,0.009951944
109471,0.07467335
109479,0.063234
109484,0.017120717
109501,0.063542075
109505,0.05131366
109535,0.018526236
109539,0.0073698326
109544,0.032002103
109545,0.014529057
109551,0.15012738
109553,0.03656163
109555,0.02702268
109561,0.048112184
109580,0.01815046
109583,0.26913568
109593,0.14689595
109604,0.11698024
109620,0.070136994
109635,0.026289517
109637,0.18122806
109638,0.059450187
109642,0.12092617
109649,0.011478288
109652,0.022169415
109656,0.045282766
109663,0.028029557
109696,0.1237227
109700,0.13626148
109709,0.065858826
109735,0.020005263
109740,0.030617235
109741,0.04237584
109749,0.053279627
109764,0.02090782
109771,0.06559354
109772,0.021072138
109773,0.31968468
109798,0.03248977
109802,0.26924324
109804,0.05444367
109813,0.050365854
109818,0.086401306
109848,0.0496339
109850,0.021055596
109851,0.021178287
109855,0.016925558
109871,0.2911556
109877,0.07408707
109883,0.00947162
109886,0.00880655
109905,0.047160883
109936,0.23052187
109950,0.1080012
109958,0.051540807
109959,0.0729407
109969,0.022723312
109971,0.032424953
109984,0.019611306
109985,0.16158925
109988,0.023284309
109992,0.0743565
110005,0.036737196
110009,0.052493077
110011,0.2353577
110014,0.043473836
110026,0.027383586
110042,0.03863842
110058,0.0067529073
110069,0.07584035
110080,0.010706533
110087,0.03727757
110091,0.04575251
110094,0.03806954
110098,0.1517132
110105,0.041076656
110117,0.042520117
110136,0.11514737
110138,0.18117079
110149,0.10861352
110164,0.13572884
110202,0.10082038
110212,0.0058685336
110226,0.007002572
110236,0.03818794
110249,0.011313658
110257,0.050770972
110258,0.006220258
110277,0.013678795
110282,0.025288342
110284,0.023951087
110286,0.06671789
110289,0.010275994
110304,0.01919706
110319,0.04675086
110324,0.07588016
110326,0.026990259
110335,0.026031194
110337,0.08126737
110338,0.051447555
110343,0.03420667
110345,0.025830228
110347,0.12987332
110355,0.007511793
110359,0.04475371
110360,0.06478588
110364,0.045081746
110371,0.1405317
110372,0.018161545
110376,0.07121336
110379,0.19213
110380,0.034492202
110393,0.06534267
110401,0.45260572
110406,0.033175662
110411,0.026931753
110416,0.017901285
110420,0.024453478
110443,0.017528534
110465,0.0287471
110468,0.054844588
110469,0.07034856
110471,0.22226673
110487,0.19336236
110491,0.19408995
110504,0.06670447
110547,0.030605456
110550,0.03881212
110559,0.15540048
110578,0.038613576
110582,0.068716995
110590,0.030698773
110598,0.043608952
110601,0.34212193
110602,0.06662607
110604,0.03157977
110625,0.16004102
110626,0.11887916
110636,0.3840769
110637,0.07339465
110638,0.12036228
110646,0.030495271
110648,0.048481617
110652,0.03954309
110681,0.03745345
110682,0.15215671
110687,0.13927937
110691,0.02291262
110694,0.04913248
110695,0.027231608
110696,0.077406675
110708,0.01852445
110710,0.010022452
110717,0.059087615
110730,0.027351381
110740,0.020618467
110742,0.043145187
110747,0.023332838
110761,0.032809813
110766,0.014573009
110769,0.023506468
110774,0.07671781
110803,0.016664235
110805,0.014744718
110809,0.31616318
110827,0.06705442
110832,0.041103985
110839,0.11200234
110859,0.13698441
110861,0.0128492
110863,0.12721908
110865,0.064115
110881,0.06301018
110889,0.03331747
110891,0.014092682
110894,0.0080198385
110895,0.11333204
110907,0.30179366
110914,0.0798465
110933,0.021269273
110934,0.013962471
110937,0.029355705
110953,0.024745902
110954,0.14442325
110958,0.17776205
110970,0.05153243
110974,0.08172251
110977,0.10846927
110989,0.017830726
110993,0.42120537
110994,0.17511095
111018,0.009560966
111019,0.023990517
111030,0.03547969
111032,0.04404674
111041,0.017880028
111045,0.03010571
111048,0.017639423
111052,0.05875024
111070,0.22049162
111084,0.1453869
111091,0.088911384
111104,0.036344137
111108,0.032093454
111112,0.02991853
111127,0.019378675
111142,0.065581545
111146,0.32199484
111165,0.05344735
111168,0.027910529
111169,0.32888135
111172,0.023374645
111173,0.01133194
111174,0.112434134
111175,0.14086056
111176,0.045280892
111177,0.0566799
111180,0.020639144
111182,0.026204186
111192,0.017098384
111194,0.11260002
111196,0.21609429
111197,0.020270225
111198,0.025817141
111205,0.051593933
111207,0.06593985
111222,0.0070473426
111228,0.03770401
111233,0.020870853
111256,0.05489153
111258,0.004873639
111262,0.026033256
111263,0.07238065
111267,0.058351208
111269,0.061877582
111276,0.029074593
111277,0.24746658
111279,0.06558021
111290,0.01613836
111294,0.01278766
111295,0.11986265
111315,0.2546601
111318,0.09804543
111327,0.020459939
111328,0.086312816
111332,0.122694656
111338,0.016521513
111343,0.07291607
111344,0.03293353
111345,0.47539687
111347,0.03760319
111356,0.011561402
111359,0.06632885
111367,0.016025892
111368,0.01895276
111391,0.38567978
111408,0.005862225
111412,0.082528904
111419,0.058248263
111422,0.019534778
111423,0.34081867
111439,0.07155563
111452,0.47015768
111456,0.033447985
111467,0.037712228
111478,0.20319718
111482,0.057813376
111488,0.30048412
111503,0.061642826
111510,0.018944815
111512,0.022973837
111518,0.0504285
111532,0.03861378
111537,0.009880984
111541,0.08492683
111544,0.13200033
111550,0.045382403
111554,0.07762754
111560,0.15978354
111566,0.023783328
111567,0.13884558
111592,0.029700385
111618,0.045518503
111620,0.053396493
111627,0.014977031
111641,0.11181555
111646,0.3984375
111652,0.037074216
111657,0.03181057
111664,0.13461544
111665,0.10922166
111669,0.018863928
111673,0.018855484
111687,0.010732975
111688,0.019198334
111689,0.026502073
111694,0.084568605
111695,0.03506036
111698,0.016390644
111703,0.0072696675
111709,0.011671957
111712,0.03565222
111715,0.079031125
111724,0.087771356
111730,0.019713212
111747,0.03324173
111760,0.015930697
111761,0.018046414
111763,0.051200815
111776,0.048201516
111777,0.015690919
111781,0.011579016
111793,0.048899055
111804,0.19612096
111810,0.14002112
111816,0.036732838
111818,0.073885374
111830,0.02950545
111832,0.031696245
111841,0.021535525
111842,0.02367433
111843,0.085003145
111846,0.076504365
111848,0.18459728
111856,0.019061051
111857,0.013082551
111877,0.012324794
111882,0.02558566
111883,0.08268025
111891,0.014645539
111893,0.034700133
111901,0.029692352
111912,0.086010054
111913,0.04482008
111955,0.031523056
111958,0.026446123
111960,0.12418929
111967,0.018282266
112000,0.07833099
112003,0.095711604
112015,0.2657891
112019,0.40934935
112020,0.026238983
112028,0.047104355
112029,0.042573407
112031,0.028622918
112039,0.044750154
112042,0.014284277
112049,0.011900692
112052,0.09621318
112054,0.014688415
112055,0.021366904
112063,0.069361314
112070,0.06494355
112071,0.026339635
112080,0.017506523
112083,0.021474183
112085,0.027930697
112089,0.060408838
112098,0.25067955
112100,0.034745187
112105,0.12209926
112124,0.023299957
112126,0.05332468
112127,0.042505473
112128,0.017969836
112148,0.01930119
112149,0.053688616
112165,0.14499669
112170,0.01330656
112171,0.03437335
112176,0.05932546
112186,0.027394606
112199,0.05886774
112203,0.018740406
112214,0.050391555
112215,0.034065615
112216,0.04861198
112224,0.13079633
112225,0.05259861
112231,0.170409
112234,0.10098797
112235,0.02378004
112236,0.08936721
112254,0.10590464
112265,0.086379215
112271,0.04827814
112284,0.018535392
112287,0.071428195
112295,0.14334719
112303,0.076845475
112307,0.1060264
112310,0.057051707
112312,0.13075367
112313,0.020825414
112326,0.03904542
112333,0.03941654
112334,0.018736534
112339,0.032880384
112347,0.042543456
112350,0.055754054
112356,0.14311942
112357,0.08145972
112359,0.10892517
112360,0.07084956
112371,0.22839
112385,0.016256751
112392,0.036464218
112401,0.10112284
112405,0.048215035
112414,0.25586492
112429,0.07871564
112448,0.019347627
112467,0.14184482
112468,0.09465527
112469,0.07795069
112491,0.09708659
112500,0.041660022
112510,0.17907411
112535,0.12507035
112537,0.02317614
112551,0.021549787
112552,0.09359882
112556,0.09337263
112577,0.046435412
112590,0.06254046
112593,0.033259127
112596,0.18063845
112601,0.017695721
112604,0.116707675
112622,0.016548265
112655,0.02033405
112663,0.013302316
112667,0.007470714
112670,0.023501743
112676,0.050972044
112677,0.059028972
112679,0.019212969
112683,0.20161934
112688,0.027142866
112692,0.063456215
112696,0.1985213
112702,0.040450998
112709,0.007277859
112720,0.06579249
112735,0.021660825
112738,0.1346743
112742,0.01211231
112748,0.009106324
112749,0.025646286
112766,0.02478098
112767,0.01635696
112769,0.058319137
112771,0.093783006
112775,0.021270445
112794,0.06901501
112795,0.018242937
112796,0.017782321
112815,0.02462436
112817,0.094905585
112821,0.050317366
112822,0.18708466
112829,0.16179678
112831,0.107837066
112835,0.021115009
112838,0.023075072
112842,0.05117929
112844,0.11688476
112845,0.011642059
112846,0.032209132
112847,0.017319895
112867,0.03577807
112868,0.047961812
112874,0.027909672
112879,0.017669458
112882,0.112697974
112886,0.09399256
112895,0.067982435
112896,0.056105368
112902,0.028175188
112904,0.025252342
112917,0.39619532
112932,0.10008682
112944,0.04247192
112946,0.080604866
112947,0.036908627
112948,0.02400526
112966,0.15407236
112967,0.01717031
112971,0.06768929
112973,0.060100853
112974,0.03117725
112978,0.10392072
112988,0.018212767
112992,0.2100718
113003,0.046379127
113004,0.038928412
113007,0.34024832
113020,0.15426366
113025,0.18412638
113032,0.012447063
113042,0.12261316
113047,0.014771459
113066,0.022966031
113067,0.21940905
113071,0.08199027
113087,0.18573187
113108,0.010895218
113109,0.04096776
113123,0.03480913
113128,0.19021477
113134,0.0900104
113151,0.07613745
113175,0.1817798
113181,0.0104498
113188,0.27012795
113191,0.082448944
113193,0.12403029
113201,0.2151207
113209,0.048146013
113222,0.065886
113248,0.014875105
113272,0.07490429
113276,0.008763206
113287,0.0074079214
113302,0.027329316
113308,0.08114961
113316,0.11384854
113318,0.049095724
113320,0.059194822
113322,0.27611452
113325,0.078439206
113326,0.16766077
113332,0.040223423
113346,0.2622585
113352,0.010402137
113361,0.011748021
113362,0.011284493
113365,0.016450321
113366,0.027547894
113368,0.02830452
113382,0.009391184
113385,0.052720476
113390,0.0978699
113391,0.0361714
113393,0.08086702
113396,0.025690489
113397,0.037577745
113402,0.031631887
113403,0.042601027
113405,0.028288025
113406,0.060994253
113410,0.40100288
113413,0.04370401
113418,0.03828592
113419,0.015832702
113435,0.119293526
113438,0.071201436
113447,0.011883094
113458,0.13398714
113466,0.029027112
113475,0.035402212
113482,0.101437695
113490,0.021857992
113505,0.026053568
113508,0.07282392
113520,0.026428666
113532,0.06527017
113535,0.010593413
113549,0.027382096
113557,0.12849824
113558,0.0155584235
113561,0.05376841
113566,0.025644876
113569,0.07011503
113574,0.027152028
113576,0.08242057
113577,0.04062909
113585,0.030983344
113587,0.23328437
113599,0.09925928
113601,0.05655868
113602,0.025061235
113605,0.07142939
113609,0.07107096
113611,0.04657727
113616,0.043565746
113627,0.5926696
113631,0.170555
113643,0.032094426
113652,0.09871093
113657,0.024148025
113659,0.02066022
113672,0.044225637
113680,0.01943464
113692,0.09281945
113694,0.029422566
113695,0.060513236
113701,0.023410622
113733,0.022798663
113738,0.044088922
113740,0.09849921
113742,0.044051588
113777,0.008411927
113783,0.090884954
113788,0.04731235
113789,0.037926216
113791,0.15298127
113795,0.07968736
113799,0.042314
113805,0.012499942
113820,0.03702276
113822,0.015391167
113824,0.012771056
113829,0.05492421
113832,0.012236963
113833,0.050094955
113841,0.015627569
113849,0.07216883
113862,0.087163754
113863,0.13999754
113864,0.019191781
113870,0.014288474
113875,0.070768714
113882,0.02895121
113887,0.08829881
113894,0.06393742
113909,0.019551236
113930,0.12782095
113936,0.048677985
113939,0.06430839
113942,0.031607725
113943,0.15471931
113945,0.113921314
113947,0.007939069
113950,0.014782603
113951,0.123764075
113957,0.08666233
113966,0.10339339
113967,0.019798106
113977,0.0375885
113984,0.11881536
113986,0.07334531
113992,0.016916579
113998,0.0079860715
113999,0.49100256
114003,0.058184654
114010,0.025458938
114011,0.16974714
114032,0.005208325
114047,0.044650644
114055,0.042780858
114056,0.11960052
114064,0.18534252
114065,0.024877058
114067,0.053917795
114068,0.010012791
114075,0.021354005
114076,0.116187945
114077,0.016300665
114094,0.022413438
114095,0.01413605
114109,0.114654385
114114,0.13986951
114116,0.02142793
114127,0.01422845
114158,0.03586667
114168,0.12627289
114169,0.08280681
114171,0.11430481
114180,0.27891228
114193,0.020588031
114198,0.018325228
114201,0.031411607
114202,0.16576706
114207,0.047649752
114210,0.09521778
114221,0.11238193
114222,0.07706916
114227,0.112488255
114250,0.009640428
114253,0.06986416
114265,0.032222677
114267,0.09413544
114273,0.18533905
114280,0.30431676
114281,0.043555465
114283,0.55836827
114291,0.20896254
114310,0.17308371
114316,0.007428285
114326,0.00969791
114327,0.023887634
114339,0.12284098
114352,0.056067064
114359,0.1773638
114360,0.04369903
114382,0.09576493
114396,0.14032118
114397,0.023959989
114415,0.078229785
114425,0.061985414
114434,0.02690334
114456,0.09856524
114463,0.015683277
114469,0.007958241
114476,0.013286503
114480,0.006454692
114482,0.13276495
114492,0.009397627
114493,0.07624347
114501,0.05584066
114506,0.15953706
114510,0.030611567
114515,0.21090649
114524,0.1880441
114545,0.27036047
114546,0.009336429
114560,0.026460536
114562,0.09654029
114563,0.036461998
114566,0.08832367
114599,0.027861692
114601,0.0073298495
114607,0.056498677
114612,0.018460847
114622,0.0725542
114625,0.37137315
114634,0.0591589
114635,0.03873256
114641,0.0076295603
114644,0.061192773
114645,0.07984868
114651,0.014092265
114653,0.010274031
114654,0.035604715
114667,0.02612196
114668,0.20902058
114670,0.021597717
114686,0.05375177
114688,0.33707827
114690,0.071997635
114691,0.02295166
114700,0.025717726
114706,0.020865962
114740,0.044465233
114741,0.045721214
114755,0.013240479
114757,0.01558072
114767,0.024858512
114772,0.28271964
114780,0.08577153
114782,0.039166465
114791,0.017044581
114815,0.109640285
114823,0.036399078
114835,0.06803327
114838,0.011364173
114840,0.026421804
114842,0.05228083
114844,0.16362354
114850,0.16124293
114853,0.00952784
114856,0.34809947
114857,0.019966006
114858,0.08175488
114864,0.04730605
114871,0.021831902
114875,0.050733946
114879,0.048811942
114893,0.034607723
114912,0.04859499
114922,0.05123607
114930,0.011608474
114945,0.019157603
114951,0.012204614
114958,0.02056722
114962,0.03339519
114976,0.08568802
114978,0.077935755
114987,0.020121152
115002,0.018364036
115005,0.033485953
115023,0.16666383
115030,0.01255852
115033,0.19959013
115034,0.040308308
115038,0.0073770783
115046,0.048240308
115049,0.09306593
115055,0.031873234
115059,0.035226114
115076,0.062019877
115078,0.026722692
115081,0.06386004
115085,0.025562061
115096,0.06095337
115101,0.019741114
115114,0.049140804
115119,0.024849232
115121,0.06099966
115122,0.048461262
115144,0.05538222
115147,0.1579259
115151,0.0057844813
115172,0.01088434
115175,0.035881843
115183,0.012331675
115185,0.088605136
115197,0.036325797
115200,0.04705697
115207,0.04389593
115217,0.00844175
115230,0.091499425
115237,0.017994588
115246,0.010701964
115251,0.019848242
115269,0.16083805
115290,0.05086266
115299,0.061252907
115309,0.20719165
115310,0.03268594
115311,0.017165057
115312,0.02134186
115323,0.0074554686
115324,0.025767555
115341,0.14967915
115342,0.0298044
115343,0.0100356275
115350,0.10194216
115354,0.08615651
115360,0.09119914
115368,0.032793015
115373,0.028902803
115396,0.18123311
115400,0.0712382
115401,0.030457012
115404,0.0130016785
115405,0.062238753
115406,0.026198747
115407,0.009796792
115412,0.009654055
115413,0.027786134
115415,0.033409506
115423,0.016892321
115427,0.11305146
115428,0.006901449
115439,0.08065383
115440,0.1936191
115447,0.027478665
115450,0.034290172
115457,0.07800775
115459,0.0894229
115463,0.017208189
115473,0.17598553
115477,0.015712276
115479,0.0174644
115480,0.11227373
115481,0.011067973
115485,0.08831735
115489,0.040781315
115495,0.02038544
115500,0.055794463
115521,0.08585976
115572,0.016089523
115580,0.01688385
115582,0.018701412
115586,0.011646674
115587,0.05665519
115588,0.02989309
115591,0.15992476
115592,0.03026858
115618,0.010489314
115619,0.07812007
115621,0.28311074
115632,0.05683317
115646,0.10882661
115658,0.041525073
115671,0.033121113
115680,0.02639268
115686,0.025741013
115688,0.012082495
115705,0.102192916
115707,0.014406792
115708,0.05205486
115726,0.3282502
115759,0.040251866
115773,0.014211386
115777,0.014305401
115778,0.13957733
115781,0.00800897
115801,0.3138976
115804,0.08542224
115810,0.058170404
115812,0.1138721
115820,0.25269866
115827,0.025262907
115831,0.055218466
115841,0.16408828
115846,0.14099367
115852,0.008399054
115857,0.017075287
115858,0.045927227
115860,0.018013826
115865,0.013920949
115867,0.07787141
115869,0.06969628
115877,0.08050383
115904,0.074781984
115913,0.03459195
115916,0.02856306
115928,0.06172156
115932,0.03433366
115933,0.017772539
115937,0.29678273
115938,0.011109056
115957,0.042192463
115958,0.046686564
115969,0.010191122
115980,0.064700305
115984,0.0065537477
116006,0.09935027
116007,0.124059945
116008,0.121924266
116009,0.14843181
116011,0.01526512
116012,0.0951162
116015,0.36803827
116025,0.07482696
116047,0.02022278
116052,0.032614212
116068,0.016300444
116077,0.082320094
116084,0.021213831
116089,0.016731612
116093,0.014582133
116097,0.087739915
116102,0.094711125
116118,0.041028116
116119,0.010497721
116125,0.02586748
116128,0.0366502
116135,0.021970415
116140,0.21844466
116141,0.03159082
116142,0.05294965
116153,0.067488916
116156,0.011614472
116157,0.042804968
116167,0.0064989137
116168,0.093174845
116175,0.020741142
116187,0.021609752
116189,0.065751374
116191,0.095842235
116201,0.094716184
116210,0.085371494
116213,0.054935917
116215,0.17110911
116223,0.037986822
116226,0.012289905
116228,0.0122706
116241,0.01862586
116247,0.029677507
116266,0.011521338
116276,0.30636305
116287,0.010970535
116289,0.07318545
116292,0.058794737
116306,0.016564483
116309,0.02671632
116312,0.013036119
116313,0.04180275
116335,0.031943575
116342,0.059034735
116348,0.016609222
116367,0.05201076
116380,0.04604803
116383,0.12688392
116389,0.09440234
116395,0.08438644
116397,0.020730244
116398,0.16114774
116402,0.1054683
116404,0.06051477
116406,0.010712883
116424,0.09592517
116428,0.008353337
116436,0.024251387
116440,0.016232649
116448,0.09518275
116458,0.028165534
116466,0.03111325
116469,0.030091345
116473,0.03471561
116474,0.06559348
116479,0.029715737
116480,0.016912837
116491,0.013767244
116493,0.01904888
116505,0.053590585
116511,0.04985261
116525,0.07825195
116535,0.049012836
116544,0.020175777
116546,0.008084704
116562,0.024203105
116565,0.038411908
116578,0.021269431
116579,0.024247007
116580,0.20051512
116582,0.015593841
116584,0.014988508
116586,0.04333553
116596,0.019235428
116597,0.100589305
116598,0.018497553
116604,0.35676396
116608,0.020819021
116609,0.04280319
116613,0.01775906
116614,0.061424762
116615,0.064016216
116633,0.060259
116637,0.05052308
116643,0.02387345
116647,0.07421846
116656,0.038328316
116659,0.03127077
116662,0.106595784
116676,0.06426542
116680,0.054564755
116681,0.057735845
116683,0.14910503
116684,0.020367226
116712,0.040832967
116720,0.03533348
116726,0.131363
116729,0.015799154
116737,0.1500915
116745,0.02447892
116747,0.053186625
116766,0.005070043
116781,0.022246707
116783,0.017619528
116787,0.028900234
116788,0.17915562
116789,0.008523411
116801,0.015264576
116803,0.02744764
116804,0.15230136
116806,0.064512275
116815,0.05214085
116817,0.034747954
116825,0.048653692
116828,0.009763285
116829,0.017958766
116853,0.15233988
116854,0.09488015
116859,0.030210465
116860,0.1017547
116865,0.055787463
116872,0.15617144
116880,0.2354273
116882,0.062095284
116893,0.07339734
116896,0.06577075
116906,0.016375268
116908,0.050035335
116925,0.010226864
116926,0.20495081
116948,0.07217143
116949,0.10380027
116955,0.071796715
116964,0.013992182
116974,0.021171931
116976,0.18262616
116990,0.012883599
116993,0.036821757
116994,0.12017253
116997,0.049539413
117003,0.011024566
117007,0.050032042
117011,0.040889114
117012,0.03455753
117019,0.010734064
117021,0.00845602
117030,0.090086
117036,0.032251775
117043,0.14991054
117054,0.027324239
117070,0.11539255
117077,0.12772608
117087,0.04934285
117093,0.060926996
117105,0.03966575
117112,0.037253167
117129,0.37595072
117135,0.11858598
117138,0.17483024
117142,0.02854686
117148,0.18830039
117157,0.11349537
117170,0.011798585
117171,0.008103513
117172,0.079263166
117178,0.10069295
117186,0.06986488
117187,0.08622701
117193,0.17902957
117194,0.12351513
117199,0.019814061
117207,0.024362992
117211,0.036668193
117216,0.27791336
117217,0.021704765
117218,0.024357196
117219,0.06270931
117224,0.02455298
117225,0.020429065
117239,0.06823149
117242,0.03888335
117249,0.052585825
117255,0.047064174
117257,0.106591925
117272,0.010266426
117284,0.17968294
117287,0.028550465
117293,0.018433293
117298,0.29773656
117299,0.01317738
117307,0.017659867
117321,0.037988205
117323,0.04100821
117326,0.06046027
117327,0.13336317
117341,0.011485459
117350,0.08506848
117362,0.23619035
117375,0.09069485
117391,0.14420651
117392,0.046563055
117396,0.19573432
117399,0.047288753
117400,0.077958494
117402,0.0619136
117406,0.15810314
117417,0.33425602
117418,0.05971822
117425,0.14615703
117428,0.031208837
117443,0.06288416
117448,0.020781504
117449,0.015623931
117450,0.13376871
117463,0.06256566
117467,0.028383689
117478,0.026677888
117480,0.17194633
117483,0.16559505
117484,0.072468705
117495,0.042065877
117498,0.007048263
117501,0.048160415
117503,0.10711357
117520,0.5449839
117524,0.062058065
117525,0.18820956
117526,0.14589275
117527,0.06380883
117531,0.027221365
117545,0.06435317
117547,0.34796643
117557,0.059760287
117563,0.07033711
117564,0.05243665
117598,0.19274639
117599,0.05354011
117610,0.013619939
117614,0.05322168
117616,0.23641822
117623,0.026410613
117625,0.31383073
117633,0.00920355
117634,0.060803257
117639,0.16609132
117652,0.010949503
117653,0.11338835
117660,0.027321039
117661,0.008796774
117662,0.09552981
117676,0.03513355
117677,0.12414878
117681,0.030613752
117684,0.053199388
117707,0.073039055
117736,0.2722521
117737,0.11261683
117741,0.07156721
117746,0.10434108
117753,0.1413864
117755,0.046311397
117775,0.046383686
117784,0.19580634
117786,0.054807857
117791,0.032416143
117801,0.16124201
117805,0.021645833
117816,0.02015657
117824,0.066034645
117835,0.07678121
117837,0.021837711
117847,0.07945581
117853,0.039080918
117854,0.020061597
117886,0.033156093
117900,0.017712126
117920,0.1810576
117924,0.027766915
117925,0.10630213
117934,0.028456928
117957,0.07794751
117959,0.16711284
117967,0.23494764
117969,0.13607986
117981,0.018690554
117982,0.023165287
117996,0.107924536
118000,0.099094436
118018,0.1428263
118025,0.1092301
118026,0.24291351
118044,0.045808036
118045,0.13285665
118048,0.034956012
118055,0.049976837
118058,0.026728626
118060,0.21855755
118066,0.013195188
118071,0.06327487
118072,0.087313615
118082,0.030764861
118089,0.22011283
118106,0.03240234
118115,0.020941991
118127,0.5496584
118144,0.05210938
118150,0.016750993
118151,0.013250038
118157,0.24946168
118162,0.016699504
118163,0.0143321045
118166,0.020154113
118181,0.029097209
118191,0.013145399
118202,0.15856001
118205,0.098616116
118214,0.024765864
118251,0.17693232
118264,0.15832879
118271,0.26962075
118272,0.08523227
118276,0.2030988
118287,0.24588858
118291,0.01674643
118292,0.046390217
118294,0.02164142
118305,0.032336213
118312,0.047940917
118319,0.028665563
118321,0.015068049
118326,0.33314294
118342,0.16162379
118343,0.027701667
118353,0.07903196
118354,0.016420806
118358,0.04819713
118359,0.07270965
118365,0.087663226
118367,0.019926373
118368,0.02071398
118371,0.033976246
118378,0.026354883
118379,0.032637473
118383,0.026858903
118386,0.07004781
118387,0.022128277
118400,0.05620543
118403,0.05762525
118428,0.08936939
118440,0.083596945
118459,0.026070908
118490,0.034166932
118491,0.026976274
118492,0.10745472
118498,0.12226603
118499,0.0841517
118509,0.033745524
118518,0.01725331
118531,0.12826037
118532,0.027565835
118546,0.004046146
118548,0.033411153
118558,0.03953822
118560,0.06637895
118561,0.01043099
118562,0.21988364
118564,0.019917415
118569,0.2028587
118578,0.03914937
118585,0.02806926
118591,0.014124432
118592,0.06571985
118594,0.03716875
118611,0.009534492
118614,0.04234951
118622,0.021775458
118641,0.03612708
118642,0.042451784
118650,0.01671148
118666,0.025437308
118696,0.059633587
118697,0.012471963
118710,0.015767917
118717,0.04978731
118720,0.026566533
118735,0.02368548
118747,0.011948492
118750,0.07996486
118789,0.038557034
118791,0.05067205
118803,0.085426785
118804,0.036865335
118806,0.19883758
118809,0.064207986
118823,0.06690493
118842,0.066388056
118871,0.44743213
118874,0.15107816
118876,0.032014452
118886,0.1417675
118888,0.09699674
118889,0.01764997
118894,0.08364312
118898,0.012501885
118905,0.24681453
118911,0.01822772
118915,0.028340627
118916,0.19366759
118925,0.018831495
118926,0.050366852
118929,0.07417799
118935,0.015402343
118947,0.083181694
118951,0.014327028
118953,0.034187946
118960,0.22040959
118973,0.02182306
119001,0.08936533
119003,0.10767184
119009,0.086620316
119011,0.033698197
119012,0.14030983
119014,0.049704798
119025,0.01204808
119047,0.09193278
119049,0.013611786
119057,0.092506364
119062,0.017532466
119064,0.016938288
119069,0.089395374
119079,0.011862809
119088,0.0065924567
119091,0.3324976
119095,0.18110691
119104,0.0381734
119108,0.24074131
119109,0.04600333
119115,0.08418482
119125,0.008102444
119146,0.036293425
119148,0.053785782
119160,0.14750211
119164,0.42825082
119169,0.08753182
119179,0.0889862
119187,0.026752125
119191,0.015463437
119205,0.013269298
119207,0.03548793
119208,0.012001706
119217,0.04359646
119230,0.041918933
119232,0.03814811
119236,0.24573556
119238,0.039944984
119240,0.10519667
119250,0.10856594
119251,0.09781567
119252,0.03142653
119266,0.017705953
119267,0.039333187
119270,0.074324585
119272,0.12066781
119276,0.091759525
119281,0.01975792
119295,0.04540322
119313,0.07908707
119318,0.025113761
119321,0.08510265
119340,0.04897258
119341,0.0053915284
119344,0.07507106
119348,0.05244641
119353,0.03894888
119361,0.10736714
119362,0.5819908
119376,0.13390315
119383,0.054586887
119391,0.14692171
119394,0.0412915
119395,0.03697443
119415,0.033305842
119430,0.16723242
119441,0.0075885877
119454,0.048406947
119468,0.026455345
119474,0.18320458
119492,0.017191503
119496,0.13816558
119500,0.0999978
119501,0.09550901
119510,0.020890081
119518,0.021140525
119524,0.23572347
119533,0.048918452
119540,0.09079278
119553,0.008266784
119573,0.028678035
119593,0.036106516
119594,0.018469961
119595,0.32348508
119596,0.10020599
119607,0.27941918
119609,0.061188474
119616,0.06713292
119618,0.055268373
119619,0.21832898
119628,0.054522328
119630,0.017362423
119632,0.042046174
119648,0.5212652
119671,0.030424193
119675,0.092625
119683,0.055812523
119689,0.024835018
119697,0.07957293
119698,0.23352018
119702,0.21777026
119709,0.06484657
119715,0.013841228
119718,0.0058922865
119719,0.1716514
119731,0.114958405
119736,0.06357253
119745,0.089556105
119749,0.007494518
119751,0.042254552
119757,0.14175172
119761,0.019727007
119762,0.14115761
119771,0.049159724
119778,0.023139466
119784,0.020280236
119788,0.02221197
119802,0.0052283383
119803,0.115114525
119806,0.044483554
119810,0.035643335
119811,0.26898646
119813,0.23515315
119820,0.059142157
119821,0.42361495
119842,0.041679703
119843,0.024014423
119844,0.044082835
119861,0.0076162964
119866,0.039177287
119868,0.050034292
119875,0.05983759
119896,0.32880983
119898,0.00887695
119921,0.03348318
119922,0.05813777
119929,0.05062523
119934,0.017029323
119938,0.037637424
119947,0.015211984
119948,0.3711606
119967,0.11323338
119977,0.030154716
119980,0.08520502
119984,0.06225267
119989,0.12937681
119990,0.043810997
119994,0.048797917
119999,0.1552662
120004,0.029733263
120020,0.08989637
120030,0.010865737
120036,0.031131333
120050,0.14040974
120051,0.3210105
120053,0.054374047
120075,0.033875134
120076,0.024162011
120088,0.017304068
120099,0.05628691
120101,0.02902901
120102,0.013323361
120108,0.007582041
120145,0.13722052
120146,0.24291463
120154,0.06986649
120156,0.03784005
120165,0.059621528
120166,0.0800806
120176,0.031234905
120179,0.1421049
120182,0.011510916
120198,0.016523333
120205,0.088918746
120208,0.064162955
120214,0.015015438
120220,0.079235874
120227,0.057848983
120233,0.07129988
120240,0.03674092
120243,0.014875628
120266,0.061636448
120268,0.16362712
120280,0.0708414
120281,0.043215036
120284,0.015272361
120298,0.010653757
120304,0.057539575
120306,0.025216842
120320,0.13369346
120325,0.02646553
120326,0.060289975
120335,0.16290884
120341,0.016209273
120343,0.029848
120388,0.010682292
120390,0.052555785
120404,0.015198887
120405,0.048876297
120408,0.15859427
120415,0.086292006
120421,0.42196608
120422,0.037608627
120433,0.03866233
120437,0.23193316
120440,0.04371361
120441,0.111664474
120449,0.1088947
120457,0.11697771
120459,0.017565731
120460,0.010574633
120463,0.12005261
120464,0.023714222
120470,0.12761505
120488,0.22368929
120535,0.0114727495
120538,0.029378647
120539,0.21140963
120541,0.08467147
120562,0.024417562
120570,0.056112293
120580,0.054665722
120581,0.048180323
120591,0.41699192
120593,0.12955433
120598,0.032270033
120603,0.015639413
120607,0.16574372
120642,0.015034584
120647,0.039841138
120649,0.0065002064
120664,0.019038936
120665,0.009936245
120671,0.1395201
120678,0.028967222
120679,0.012136554
120680,0.08521452
120681,0.05529188
120691,0.16019337
120696,0.016537186
120697,0.13674039
120713,0.10121906
120721,0.123667486
120725,0.07048868
120734,0.10746829
120740,0.28353298
120748,0.15025875
120755,0.031062571
120759,0.030829009
120761,0.05135588
120764,0.06944126
120770,0.04763446
120777,0.022756245
120796,0.00593281
120803,0.07172588
120809,0.039217144
120811,0.026912829
120826,0.050840802
120829,0.059127122
120832,0.031076469
120840,0.21208704
120857,0.04177181
120885,0.03377313
120891,0.013303235
120894,0.0189961
120905,0.17682888
120913,0.039754666
120914,0.018861152
120918,0.042382155
120921,0.043697763
120923,0.08003779
120927,0.10682776
120928,0.14760488
120934,0.25019574
120936,0.05931861
120942,0.050617382
120946,0.052390456
120947,0.033762816
120953,0.016730625
120955,0.014581113
120956,0.11376139
120977,0.027070094
120980,0.18479204
120981,0.027319342
120982,0.0070854095
120991,0.18901937
121011,0.021732675
121013,0.020161213
121018,0.085572526
121020,0.020258714
121037,0.011989539
121038,0.0122801615
121039,0.037101157
121045,0.14179082
121046,0.008436137
121059,0.17540078
121066,0.2873083
121078,0.13657838
121080,0.19244477
121081,0.02785969
121086,0.118621975
121099,0.088012524
121100,0.06694975
121107,0.06430304
121108,0.06810876
121111,0.026668724
121130,0.06966857
121131,0.08761216
121135,0.1265541
121152,0.015499529
121156,0.008723615
121160,0.06276733
121162,0.255338
121175,0.13372663
121181,0.026099533
121186,0.04248922
121197,0.005813628
121201,0.2058754
121208,0.035846155
121215,0.06940406
121220,0.27205613
121225,0.13785678
121227,0.029329604
121228,0.19039516
121243,0.054942653
121258,0.11616691
121259,0.030464545
121265,0.018933252
121279,0.022268327
121280,0.07812532
121281,0.09305225
121283,0.009498028
121288,0.064192295
121296,0.013080711
121300,0.058922123
121308,0.14559548
121321,0.1005736
121323,0.012946234
121332,0.01146457
121334,0.02503149
121348,0.011700671
121350,0.021893628
121351,0.07578641
121363,0.020419482
121379,0.093318835
121380,0.05292143
121383,0.0299564
121387,0.12918434
121414,0.091385074
121416,0.018150155
121422,0.08434979
121423,0.032667052
121427,0.051460065
121431,0.009182225
121438,0.020551732
121460,0.11695203
121479,0.007813767
121482,0.04981476
121483,0.14417282
121488,0.057482455
121489,0.110388026
121492,0.06323726
121502,0.029063536
121503,0.011723649
121513,0.030630909
121544,0.02682908
121545,0.018782489
121546,0.0316818
121552,0.17009479
121553,0.067014225
121556,0.10852866
121557,0.04571209
121583,0.0268867
121588,0.018428423
121596,0.07836189
121597,0.020533038
121612,0.0134990625
121618,0.020921271
121619,0.018962126
121621,0.048135146
121622,0.059134897
121626,0.05777076
121628,0.081370376
121630,0.24218678
121631,0.018522853
121632,0.1414443
121641,0.05587762
121695,0.08121253
121733,0.28428307
121754,0.05472022
121762,0.081489824
121765,0.012545541
121766,0.010156337
121771,0.018072048
121772,0.5777822
121778,0.28687298
121791,0.03687973
121792,0.020419419
121822,0.12998983
121825,0.12290558
121832,0.026954368
121841,0.05502578
121846,0.032711864
121850,0.050127402
121851,0.039697614
121853,0.21715888
121857,0.047993015
121862,0.04035935
121863,0.008366255
121875,0.020083614
121881,0.056527417
121896,0.111850806
121901,0.014269252
121908,0.049307864
121909,0.11714153
121916,0.042854242
121919,0.049471572
121921,0.053971823
121933,0.07788319
121947,0.061899908
121948,0.21144879
121963,0.13768947
121968,0.022898715
121970,0.061458413
121978,0.102972664
121991,0.08544262
121996,0.032296088
121997,0.5736599
122000,0.08336118
122015,0.10091745
122017,0.07889363
122027,0.092949785
122044,0.005774557
122047,0.07195545
122055,0.13387705
122065,0.15244144
122069,0.03604861
122074,0.10187833
122086,0.077873155
122089,0.14014345
122099,0.010943488
122102,0.06499223
122118,0.065952264
122124,0.021195697
122125,0.011099223
122129,0.020013891
122133,0.123955935
122135,0.10371985
122136,0.06405661
122142,0.07029373
122154,0.0077826786
122158,0.11592942
122160,0.041253727
122165,0.021796431
122166,0.0405647
122170,0.018994343
122175,0.010449468
122192,0.06439824
122207,0.0147765195
122210,0.121284574
122215,0.015355043
122222,0.00814851
122234,0.2840004
122235,0.009972134
122236,0.022845112
122248,0.22457458
122256,0.03843758
122257,0.00879828
122258,0.050879154
122259,0.018220967
122260,0.109138526
122264,0.029704507
122266,0.1618565
122268,0.055330936
122271,0.06793344
122283,0.028795246
122286,0.012233592
122288,0.019749865
122301,0.036285713
122313,0.02553061
122322,0.056662973
122323,0.017635068
122324,0.023054581
122336,0.029009378
122338,0.262728
122349,0.012922608
122351,0.046218906
122354,0.06434758
122358,0.04990817
122376,0.105259605
122378,0.030829387
122387,0.035947196
122392,0.12395724
122405,0.18562546
122409,0.0983341
122411,0.117344484
122415,0.06430411
122416,0.05770804
122425,0.21676545
122452,0.04894406
122453,0.13886887
122456,0.080009006
122458,0.3010788
122465,0.057681065
122468,0.007884286
122477,0.010053712
122483,0.017019203
122517,0.33465976
122521,0.35899687
122537,0.029693687
122538,0.082914434
122552,0.076994255
122557,0.0598966
122561,0.017197216
122568,0.101361126
122573,0.14087348
122583,0.088768765
122590,0.06062503
122609,0.03272813
122617,0.010597968
122621,0.033137318
122635,0.116197065
122638,0.07042085
122639,0.07960051
122644,0.026417645
122675,0.04498085
122699,0.16587853
122703,0.034329742
122706,0.04819375
122712,0.058854565
122730,0.052208096
122731,0.010370451
122736,0.06361944
122741,0.03691679
122745,0.010498524
122751,0.14838123
122768,0.029851073
122785,0.12884018
122797,0.053963494
122812,0.12736195
122816,0.011303534
122817,0.040734448
122826,0.24500404
122838,0.0705746
122845,0.00986903
122848,0.072302386
122850,0.015407015
122856,0.025328858
122862,0.18360312
122869,0.1751832
122871,0.105029546
122874,0.4072369
122875,0.027525714
122885,0.048386667
122901,0.030533668
122902,0.033265512
122903,0.07773461
122904,0.010545726
122910,0.056147847
122921,0.023580354
122925,0.07565184
122964,0.02810529
122975,0.027141485
122977,0.031489287
122984,0.22541484
122999,0.042355835
123004,0.44930896
123009,0.04522537
123012,0.105825
123018,0.017815484
123025,0.1011023
123037,0.026972288
123038,0.053168643
123039,0.037358403
123045,0.0748306
123046,0.014130362
123051,0.04161197
123052,0.15107125
123056,0.14277093
123061,0.05809084
123072,0.12502524
123074,0.023302251
123086,0.09269476
123087,0.05966077
123091,0.17622857
123094,0.026563605
123105,0.08440746
123110,0.051051844
123113,0.022979045
123114,0.15140328
123124,0.022646513
123131,0.034916718
123136,0.44823694
123146,0.022660602
123147,0.0525226
123155,0.06042437
123163,0.028336583
123182,0.027678175
123196,0.023867672
123200,0.02799732
123204,0.05168992
123207,0.008355779
123210,0.025282094
123215,0.122186735
123227,0.007867088
123234,0.027425585
123239,0.17005233
123249,0.12864336
123252,0.07951882
123255,0.010120151
123257,0.018648852
123260,0.019727908
123263,0.1179448
123274,0.032237448
123275,0.0469884
123276,0.013362049
123292,0.04129678
123308,0.024336644
123316,0.01752712
123328,0.02574844
123330,0.09458134
123331,0.13491309
123334,0.089934655
123343,0.0033403563
123344,0.053071097
123345,0.026921147
123352,0.09420294
123356,0.02008635
123365,0.058366045
123368,0.033144996
123376,0.041124158
123381,0.03206425
123384,0.022879435
123389,0.028496094
123401,0.20794365
123419,0.029092846
123433,0.08943503
123438,0.118090145
123441,0.16768254
123456,0.07871338
123457,0.09396148
123476,0.00936457
123477,0.043212797
123489,0.10213534
123490,0.04451245
123496,0.18745841
123502,0.042450245
123503,0.16099423
123513,0.02949777
123515,0.07107774
123530,0.058175955
123532,0.030724408
123537,0.024511319
123539,0.06586139
123540,0.039048694
123546,0.013840472
123547,0.11498762
123554,0.07346242
123572,0.030008407
123574,0.18879028
123575,0.09738656
123576,0.02878754
123584,0.04543569
123586,0.068085656
123591,0.057807416
123606,0.020342661
123607,0.22528008
123615,0.011081923
123616,0.30190125
123619,0.11686082
123621,0.0690202
123622,0.017001273
123633,0.059411183
123635,0.102500245
123658,0.06579471
123659,0.027693223
123663,0.07746932
123666,0.067078754
123670,0.044576768
123678,0.032148067
123688,0.048356023
123707,0.015287766
123709,0.17463027
123720,0.11250289
123741,0.035205856
123751,0.10913175
123759,0.06201651
123765,0.22098793
123766,0.07505267
123793,0.095019326
123794,0.011869714
123809,0.07178884
123837,0.019611
123839,0.035801265
123843,0.021052651
123851,0.044199385
123854,0.044021692
123860,0.01326642
123863,0.16581137
123879,0.109973244
123888,0.113240086
123891,0.04059533
123912,0.02789374
123942,0.06750994
123952,0.124638505
123953,0.04643197
123958,0.18683027
123966,0.009276639
123977,0.026087532
123981,0.018648168
124000,0.010631425
124023,0.031439263
124026,0.012574182
124027,0.03802822
124033,0.14622945
124053,0.04635598
124057,0.023198491
124065,0.30081832
124074,0.010435411
124079,0.12625407
124095,0.026649358
124110,0.082743965
124138,0.010139793
124167,0.1440004
124168,0.11094615
124175,0.010008708
124176,0.14852187
124181,0.042505905
124195,0.045905583
124197,0.0107372645
124206,0.007110072
124225,0.026762182
124230,0.045179877
124231,0.14461444
124253,0.03835387
124257,0.08313521
124263,0.018495142
124277,0.03146347
124285,0.019778535
124289,0.013083898
124299,0.21282211
124303,0.044570543
124309,0.14552878
124316,0.047645595
124319,0.12275463
124335,0.14973193
124347,0.23858887
124359,0.13726628
124362,0.009099636
124363,0.11453504
124389,0.017072622
124390,0.022540467
124393,0.11788175
124401,0.35572413
124406,0.033061076
124407,0.023142904
124416,0.11775886
124423,0.03536121
124429,0.025781492
124431,0.100997835
124439,0.010291919
124441,0.021370487
124451,0.07224724
124454,0.016642237
124463,0.3261152
124492,0.07065691
124493,0.11819713
124503,0.047822695
124506,0.07850267
124514,0.11722398
124516,0.008683375
124519,0.019397495
124520,0.13232887
124539,0.06269261
124545,0.10644412
124546,0.045397285
124552,0.0421437
124553,0.1537359
124555,0.019927168
124575,0.015133428
124586,0.027164562
124587,0.031558093
124591,0.40057015
124595,0.050247017
124597,0.06315138
124625,0.14460021
124628,0.070104815
124647,0.1906748
124648,0.018063385
124654,0.08753013
124655,0.032873943
124656,0.020224547
124658,0.027056752
124674,0.20958199
124675,0.030121602
124686,0.07246098
124696,0.14078718
124698,0.020719092
124702,0.04575851
124704,0.12140135
124705,0.014310707
124719,0.02732517
124732,0.01051664
124734,0.23444943
124737,0.00724366
124742,0.12189518
124793,0.05520841
124816,0.32753283
124820,0.011921754
124823,0.19303313
124826,0.019036599
124829,0.026696479
124844,0.041801654
124850,0.016153721
124866,0.03580931
124868,0.0081685055
124874,0.0627396
124875,0.058099683
124876,0.014748522
124887,0.051604994
124893,0.1355449
124901,0.006338078
124905,0.15131254
124906,0.096417084
124931,0.074830666
124938,0.036937997
124940,0.16522577
124947,0.08196288
124948,0.035142098
124949,0.025036436
124971,0.10081692
124974,0.035761174
124976,0.034885794
125004,0.25429112
125025,0.08344948
125029,0.041122634
125031,0.03109206
125037,0.06347421
125046,0.008106752
125052,0.014069573
125053,0.009573029
125090,0.11568228
125093,0.049763843
125100,0.029845964
125101,0.020151136
125104,0.112408556
125111,0.10065273
125133,0.05532306
125144,0.07481597
125145,0.04487936
125149,0.038745943
125157,0.04715766
125158,0.32395372
125164,0.03140932
125167,0.018410865
125170,0.039645802
125177,0.037960667
125185,0.17737716
125190,0.07938244
125196,0.06576875
125200,0.09156243
125203,0.10830419
125215,0.031587042
125221,0.05699184
125224,0.008173116
125227,0.101465136
125252,0.044453677
125256,0.02176179
125264,0.022217931
125266,0.039523788
125267,0.014950843
125268,0.35577142
125270,0.014908913
125271,0.04108418
125276,0.02412143
125290,0.027271662
125300,0.070241556
125311,0.06146062
125327,0.028643813
125338,0.052730024
125359,0.04878442
125360,0.040776726
125366,0.011284291
125373,0.06474606
125376,0.4386803
125384,0.01737849
125387,0.2460261
125388,0.022765828
125393,0.0178773
125394,0.17307515
125396,0.010158562
125397,0.019215036
125408,0.07842566
125409,0.102934785
125414,0.29609278
125423,0.028907854
125425,0.078151666
125436,0.041219134
125450,0.116197884
125465,0.059094906
125471,0.30369768
125488,0.049340207
125496,0.09248551
125500,0.1833048
125505,0.022625597
125507,0.039985392
125519,0.016092196
125521,0.13906342
125524,0.052824184
125531,0.16813274
125542,0.059136372
125552,0.01862378
125560,0.03337687
125573,0.01564412
125574,0.076718904
125576,0.1255147
125592,0.029343335
125604,0.1302992
125622,0.04299336
125628,0.015510105
125649,0.03696989
125668,0.0903551
125695,0.0528648
125698,0.024806349
125701,0.24873695
125705,0.07145045
125709,0.10451904
125713,0.015469436
125720,0.098761424
125727,0.32981482
125747,0.072401606
125752,0.02881627
125758,0.06268416
125772,0.093437545
125779,0.57722086
125798,0.055378858
125804,0.029259559
125814,0.04648348
125817,0.01231551
125835,0.015650274
125838,0.02553593
125842,0.052331243
125852,0.1804111
125878,0.011728584
125886,0.047435623
125896,0.18299127
125924,0.07161534
125930,0.057620537
125939,0.029175071
125957,0.094312616
125961,0.0351148
125972,0.06399873
125973,0.09261356
125975,0.015404584
125983,0.027242944
125984,0.38726974
125990,0.10319248
126016,0.065362774
126022,0.042652536
126028,0.1571035
126047,0.13109425
126048,0.081325404
126067,0.038530137
126068,0.017743902
126069,0.050611112
126088,0.07980782
126121,0.024025248
126123,0.021223497
126125,0.01136711
126136,0.13883153
126159,0.02412422
126162,0.091594934
126165,0.09189968
126172,0.112109825
126175,0.09989464
126178,0.012873052
126184,0.011985218
126198,0.061216887
126202,0.1226956
126203,0.022227403
126205,0.009179497
126214,0.020344922
126231,0.27322733
126238,0.08629332
126242,0.04233904
126252,0.016881214
126263,0.037888113
126265,0.076777995
126267,0.046905898
126274,0.039476886
126299,0.03490556
126307,0.12950675
126310,0.101951495
126329,0.028199006
126331,0.04326013
126340,0.013962137
126341,0.0960869
126348,0.074604735
126349,0.0147103565
126351,0.020084111
126354,0.015949285
126366,0.027418451
126370,0.012867908
126398,0.0353876
126407,0.026247049
126409,0.10674337
126431,0.014965928
126438,0.2316285
126448,0.027424421
126462,0.019564847
126464,0.049231242
126468,0.025063995
126472,0.08029869
126473,0.03374384
126479,0.08458813
126484,0.14518528
126486,0.035551272
126488,0.047833823
126490,0.0745093
126494,0.04964662
126506,0.071325906
126510,0.058794104
126513,0.046572827
126526,0.19895527
126533,0.017724216
126538,0.06376247
126549,0.082271405
126553,0.12649591
126554,0.027877998
126555,0.062917
126579,0.059183296
126584,0.030940397
126594,0.016181877
126595,0.024721863
126596,0.22829089
126602,0.019289505
126611,0.033868656
126614,0.019617207
126636,0.02180607
126638,0.025371619
126651,0.102369316
126658,0.057314105
126674,0.018186064
126685,0.0077232537
126688,0.14499669
126689,0.014227474
126707,0.22703134
126715,0.060195833
126716,0.013074618
126721,0.16975993
126722,0.05061284
126732,0.04071038
126738,0.057775438
126743,0.082116164
126744,0.030674852
126752,0.029315706
126759,0.04426395
126763,0.24616545
126775,0.062136643
126778,0.11254535
126784,0.025591223
126791,0.038425744
126792,0.034871362
126804,0.10234224
126816,0.093508326
126817,0.022616496
126822,0.007475513
126832,0.03929031
126842,0.021054558
126849,0.019843657
126850,0.021489529
126861,0.013410811
126871,0.017716745
126872,0.17104946
126880,0.03200298
126888,0.028537681
126896,0.008752249
126913,0.053771723
126918,0.03811335
126954,0.018623788
126961,0.043112777
126963,0.01734083
126965,0.23189755
126968,0.21233933
126971,0.010110086
126981,0.05729215
126984,0.16749436
126985,0.14275648
126995,0.14780675
126999,0.1044637
127007,0.05700915
127015,0.056668915
127038,0.038621154
127054,0.024427017
127057,0.02354697
127062,0.11955655
127083,0.07838273
127098,0.031438798
127102,0.010176414
127110,0.013725534
127111,0.021772314
127116,0.031743187
127126,0.02024307
127135,0.016154736
127137,0.0413334
127142,0.061242316
127151,0.032683693
127155,0.050317995
127156,0.045425545
127160,0.047725838
127169,0.09147527
127174,0.06997968
127175,0.06564637
127177,0.031385314
127192,0.0075699086
127193,0.018910011
127196,0.017522555
127197,0.13667732
127204,0.040306315
127207,0.018748017
127215,0.023166986
127226,0.06407079
127230,0.0674724
127244,0.036692683
127247,0.021166759
127249,0.030826442
127259,0.12716429
127299,0.120306164
127304,0.017731797
127308,0.19144875
127309,0.04942835
127313,0.060636494
127316,0.03415629
127317,0.0562
127318,0.010603694
127333,0.022562407
127334,0.01258483
127336,0.021060482
127346,0.0808128
127370,0.015790287
127375,0.100898564
127390,0.069696575
127392,0.10520797
127398,0.047084335
127400,0.024650553
127402,0.079689816
127407,0.057285488
127412,0.010386574
127413,0.03407022
127415,0.03434228
127418,0.19686599
127425,0.114908636
127432,0.0140872495
127436,0.01658963
127448,0.021135977
127449,0.08098019
127463,0.06368951
127464,0.14551026
127468,0.05122984
127481,0.022504212
127492,0.1856214
127495,0.020385882
127496,0.05057954
127501,0.04920985
127508,0.05281202
127531,0.03646868
127554,0.023501107
127562,0.010422607
127565,0.012004788
127567,0.026636356
127582,0.038021598
127593,0.04148428
127595,0.021214455
127614,0.04122474
127627,0.048178475
127630,0.042264804
127638,0.09934987
127639,0.03783919
127641,0.0315185
127643,0.06867021
127665,0.05887124
127674,0.011447937
127676,0.09592698
127693,0.085291274
127701,0.025599334
127702,0.08594185
127709,0.1220537
127720,0.07007276
127733,0.051050145
127739,0.09284105
127753,0.019055368
127756,0.015201144
127757,0.14240646
127777,0.11065072
127810,0.13796471
127811,0.074475534
127821,0.10329362
127835,0.03554255
127839,0.047732566
127870,0.12337936
127878,0.25007793
127887,0.13513991
127918,0.091239214
127919,0.13755457
127920,0.04365092
127932,0.02674219
127933,0.1776768
127953,0.031048892
127955,0.020465514
127957,0.014291973
127961,0.039646063
127967,0.21399738
127970,0.0968311
127975,0.04906249
127985,0.013738954
127991,0.022215663
127997,0.018898284
127999,0.018927282
128004,0.025700742
128005,0.06705123
128015,0.070034824
128018,0.025238525
128044,0.09779034
128046,0.0371116
128047,0.056977037
128048,0.20609498
128054,0.05876117
128066,0.060867466
128070,0.0105400365
128071,0.042799324
128094,0.13391042
128095,0.05177046
128099,0.15831867
128116,0.0114090685
128130,0.0632862
128132,0.080666415
128133,0.31329757
128140,0.01939682
128154,0.056814067
128156,0.23265986
128160,0.014804529
128165,0.20144531
128166,0.018773587
128169,0.015386746
128171,0.059276048
128177,0.050030325
128178,0.0146503495
128182,0.007350936
128191,0.12033858
128199,0.18668404
128213,0.07540765
128214,0.041222658
128216,0.021847365
128217,0.13651365
128226,0.06661751
128229,0.03190619
128232,0.08661424
128246,0.019750703
128273,0.09740598
128274,0.052911956
128283,0.029775808
128284,0.057785198
128294,0.18461038
128295,0.13101725
128297,0.053998142
128300,0.030185224
128314,0.037805554
128317,0.016484711
128339,0.02393494
128340,0.015877033
128342,0.051490225
128343,0.028776862
128364,0.25407985
128368,0.30271357
128377,0.034867454
128380,0.022678435
128383,0.037569795
128407,0.03327859
128409,0.012580612
128423,0.048277277
128428,0.01696789
128433,0.069126815
128438,0.10941025
128439,0.090102084
128446,0.023055838
128447,0.029898135
128450,0.085130125
128455,0.11643231
128457,0.074761085
128464,0.034709405
128465,0.043135602
128471,0.031964116
128474,0.079293154
128483,0.049923997
128514,0.047711894
128516,0.032800857
128519,0.059284255
128528,0.015931461
128529,0.17466024
128536,0.047380332
128541,0.018161293
128542,0.019371709
128545,0.0084914435
128557,0.012096305
128560,0.09812598
128568,0.07312737
128571,0.047350932
128578,0.018733677
128582,0.111808345
128588,0.09485728
128597,0.091929995
128610,0.18511717
128619,0.23535395
128630,0.04573396
128680,0.06326233
128684,0.038530916
128687,0.019696342
128699,0.2185972
128702,0.04133818
128704,0.027646353
128710,0.10752347
128720,0.14885178
128724,0.028628638
128727,0.0826532
128744,0.066785544
128745,0.03598281
128760,0.10495097
128766,0.25629148
128770,0.04806517
128782,0.14965682
128822,0.011938691
128830,0.12414985
128836,0.082205705
128845,0.0690215
128858,0.02558468
128859,0.021541087
128860,0.08497411
128874,0.056741875
128880,0.07885697
128882,0.17149137
128883,0.067757
128884,0.013813651
128892,0.09946901
128905,0.10359668
128910,0.04356636
128912,0.04478587
128915,0.016287008
128917,0.059693117
128937,0.01652362
128942,0.05895772
128945,0.013338765
128957,0.07118409
128962,0.023939406
128970,0.01210299
128985,0.06079102
128986,0.026619364
128992,0.008332326
128994,0.035617847
129003,0.048435647
129005,0.062246684
129010,0.009570236
129024,0.091364585
129038,0.021099973
129042,0.020280682
129049,0.024096876
129062,0.14671686
129067,0.09519176
129070,0.03793187
129073,0.008710763
129074,0.09581098
129088,0.02612196
129090,0.06751692
129101,0.24818972
129102,0.03024184
129106,0.15020326
129108,0.07129291
129120,0.07127278
129122,0.032405674
129123,0.3906839
129135,0.09219842
129141,0.062133815
129152,0.12901342
129160,0.0567307
129168,0.064109005
129174,0.06665803
129178,0.058409378
129183,0.08524467
129187,0.017045526
129197,0.040241525
129200,0.026665883
129205,0.11879313
129222,0.0662895
129230,0.051908016
129235,0.01179576
129251,0.015761554
129274,0.01972572
129282,0.024045378
129284,0.045471594
129298,0.03444033
129299,0.06949242
129311,0.029107861
129312,0.014677875
129313,0.023511674
129314,0.029214676
129321,0.079613246
129329,0.02755708
129330,0.11633384
129332,0.034755807
129338,0.048167966
129345,0.008502905
129349,0.04596396
129353,0.014379761
129357,0.008299463
129358,0.10774941
129365,0.071460985
129376,0.020812962
129380,0.02030893
129382,0.047685362
129402,0.038357515
129403,0.013481916
129412,0.040168714
129441,0.24591722
129442,0.04411895
129448,0.10344388
129466,0.018402152
129475,0.025768986
129483,0.046413418
129484,0.03321022
129499,0.011603802
129501,0.058347005
129508,0.021254096
129510,0.19456059
129526,0.07529167
129527,0.26352292
129533,0.06772784
129535,0.35701653
129536,0.21836767
129545,0.05569315
129553,0.16753073
129557,0.120612085
129560,0.03207689
129576,0.05606179
129580,0.12016162
129585,0.066603005
129587,0.021698128
129597,0.07182432
129611,0.025574123
129619,0.043695036
129622,0.13362806
129631,0.046143208
129632,0.025928246
129640,0.014479091
129647,0.056660734
129658,0.033882942
129676,0.0224798
129683,0.025313389
129685,0.022812568
129701,0.06395117
129706,0.1913056
129707,0.019348297
129720,0.029096905
129727,0.13643628
129728,0.01824237
129768,0.04373317
129775,0.03510187
129790,0.010326574
129804,0.02381426
129805,0.05223427
129813,0.009024389
129816,0.017929994
129823,0.07783918
129826,0.5248677
129831,0.017963508
129833,0.015804263
129851,0.051478885
129857,0.16416228
129860,0.034183796
129914,0.031344417
129926,0.077076934
129933,0.04355465
129939,0.054182306
129949,0.024726076
129959,0.067496076
129962,0.21080561
129963,0.107681304
129964,0.02913657
129977,0.011910762
129985,0.014318544
129987,0.021642506
129992,0.06301219
130002,0.121530436
130016,0.030269418
130045,0.039268363
130048,0.061755992
130051,0.037607275
130053,0.10385371
130056,0.018610163
130061,0.02488356
130062,0.057097387
130065,0.08029912
130066,0.11935199
130070,0.16159546
130079,0.10013702
130080,0.0935117
130098,0.038937937
130109,0.07314529
130110,0.042075906
130116,0.021721704
130125,0.25808766
130134,0.19171062
130137,0.025925482
130138,0.036859132
130146,0.04734889
130148,0.08318629
130154,0.006743284
130156,0.030753987
130158,0.104326755
130159,0.031883117
130177,0.01547505
130186,0.4278752
130204,0.1406328
130205,0.092021525
130206,0.03683359
130211,0.022020442
130217,0.036759116
130218,0.04130687
130235,0.057119954
130236,0.33406806
130239,0.011674163
130256,0.04801339
130260,0.020728465
130261,0.14104103
130262,0.0124981655
130263,0.12046641
130264,0.0069512203
130266,0.14809573
130277,0.13882294
130278,0.018799122
130281,0.13711777
130297,0.042895615
130302,0.14987576
130320,0.038845602
130325,0.22563751
130329,0.013586482
130338,0.1800992
130339,0.0228021
130340,0.12979583
130344,0.032756887
130347,0.025108702
130353,0.045129806
130358,0.016139995
130366,0.03822091
130371,0.017386032
130374,0.054386552
130389,0.021729
130390,0.087177165
130404,0.03373939
130426,0.031275745
130440,0.039134923
130449,0.43559635
130451,0.021763846
130452,0.096864775
130453,0.13365392
130463,0.02184393
130466,0.01149016
130467,0.010711913
130475,0.022500783
130489,0.08090412
130490,0.044788808
130495,0.13083333
130497,0.043189928
130499,0.013519863
130504,0.037702296
130513,0.04100678
130528,0.023276065
130533,0.14352682
130543,0.06365236
130567,0.10530471
130571,0.067443706
130572,0.054958094
130589,0.057253633
130592,0.17382199
130603,0.060734067
130623,0.010694347
130641,0.041062538
130687,0.027295904
130690,0.07179208
130698,0.036929626
130707,0.074191846
130709,0.17943959
130718,0.30837268
130722,0.085494146
130732,0.03741347
130735,0.11205774
130757,0.03870181
130760,0.018466802
130771,0.03144947
130772,0.023996837
130774,0.05044983
130779,0.049364135
130795,0.07502861
130828,0.08298245
130833,0.015012131
130843,0.009697672
130855,0.14504273
130871,0.01874419
130878,0.097873695
130885,0.114274554
130889,0.17100874
130894,0.06391381
130896,0.09071073
130905,0.02858182
130906,0.03489716
130930,0.024819283
130931,0.10852084
130943,0.12350849
130946,0.010020611
130947,0.25187066
130950,0.02783357
130954,0.012824722
130966,0.024123758
130983,0.074777216
131003,0.03599684
131005,0.007308761
131009,0.036515042
131013,0.055982646
131027,0.028704686
131030,0.27977538
131031,0.008749634
131033,0.013882376
131039,0.022648364
131045,0.13562126
131057,0.073486276
131072,0.007987602
131084,0.048606876
131088,0.027980624
131089,0.02050031
131091,0.05395558
131093,0.047112092
131114,0.18640657
131118,0.012934237
131123,0.076791905
131130,0.116972186
131144,0.020008098
131162,0.077195585
131163,0.013102273
131166,0.10050163
131179,0.14006408
131181,0.042660665
131183,0.27564088
131219,0.03026982
131227,0.028807951
131231,0.032791585
131235,0.094108
131242,0.06497376
131251,0.04348894
131257,0.05008006
131263,0.04761151
131268,0.11521342
131271,0.0148815345
131275,0.024588602
131286,0.07949104
131290,0.13043806
131300,0.011937206
131306,0.019184776
131316,0.14078532
131321,0.13831575
131322,0.025808344
131326,0.004297953
131333,0.12607403
131335,0.09779415
131352,0.012353529
131354,0.030500516
131366,0.14562115
131373,0.067859665
131388,0.04867911
131394,0.032757506
131404,0.1091759
131405,0.09510368
131411,0.015027758
131416,0.068540715
131421,0.047448818
131424,0.033441026
131426,0.17636059
131443,0.23174262
131470,0.14196877
131471,0.14668094
131476,0.019174367
131477,0.026632369
131479,0.34211245
131493,0.13913074
131495,0.10755704
131496,0.055963308
131498,0.17062737
131504,0.050457608
131525,0.12430414
131528,0.027714372
131548,0.026504293
131549,0.050109137
131550,0.052198395
131557,0.26553333
131564,0.0602786
131565,0.018760307
131576,0.0842287
131602,0.20184132
131628,0.075449966
131629,0.03553661
131641,0.063326426
131647,0.01696432
131664,0.032429688
131677,0.07709037
131681,0.07879362
131682,0.037716176
131688,0.1682102
131690,0.03786232
131691,0.020698044
131709,0.06119461
131713,0.020708732
131719,0.1616389
131733,0.090299495
131734,0.04770232
131743,0.21661767
131747,0.0410054
131748,0.111777335
131758,0.020202735
131759,0.41353962
131764,0.041631702
131771,0.022293184
131788,0.019527595
131791,0.15453848
131798,0.04125038
131810,0.07936617
131812,0.030390663
131815,0.060384285
131823,0.08631686
131824,0.015427906
131828,0.07755976
131844,0.05614435
131846,0.023966268
131848,0.04626736
131863,0.011693247
131864,0.014034427
131889,0.02270245
131890,0.09329844
131892,0.08257836
131895,0.041368283
131896,0.076899685
131897,0.02074488
131905,0.027446039
131906,0.046901923
131907,0.18241698
131914,0.010651536
131921,0.014829335
131922,0.03841979
131925,0.023089603
131936,0.03895913
131941,0.0775609
131950,0.022595266
131952,0.080726445
131959,0.41160303
131983,0.021037897
131987,0.08954249
131994,0.028587818
132004,0.0740838
132009,0.056460544
132012,0.022156581
132013,0.02784569
132014,0.43634915
132028,0.36240762
132054,0.034757342
132061,0.034182955
132062,0.14706923
132078,0.18029226
132082,0.005953512
132086,0.05647678
132089,0.054857455
132095,0.08570037
132109,0.07933552
132110,0.077551246
132121,0.004463544
132125,0.015921596
132127,0.17148353
132128,0.009822123
132134,0.025687959
132139,0.0085604545
132141,0.015870625
132149,0.52942055
132150,0.03971792
132152,0.03196706
132153,0.12183809
132164,0.016901217
132179,0.4575914
132182,0.08890574
132189,0.016552277
132193,0.018015096
132194,0.011201768
132195,0.038453072
132208,0.30258626
132211,0.07533743
132212,0.034343228
132216,0.012703868
132219,0.02913704
132223,0.083328635
132238,0.057211343
132242,0.018625388
132268,0.010598458
132275,0.026100079
132276,0.09724885
132279,0.011246994
132289,0.3085946
132290,0.013185761
132300,0.103000574
132319,0.08129661
132340,0.0077672224
132344,0.12118802
132345,0.0046959403
132346,0.09613931
132352,0.117449306
132353,0.03127807
132358,0.67318887
132381,0.022764895
132382,0.017666461
132383,0.08496097
132410,0.041078925
132419,0.0101450635
132423,0.047945477
132432,0.11316309
132434,0.02050642
132440,0.16921167
132441,0.025061969
132452,0.013014958
132453,0.018512346
132456,0.08053878
132459,0.019084135
132462,0.016546067
132463,0.02188857
132468,0.18692432
132485,0.32402056
132490,0.021677397
132500,0.05948323
132521,0.0740725
132555,0.049067948
132560,0.010438179
132562,0.036795773
132575,0.041815795
132587,0.019110182
132591,0.04276708
132611,0.03720384
132615,0.025727348
132617,0.16810651
132622,0.3411613
132629,0.02539428
132638,0.034669545
132642,0.03101379
132658,0.029249717
132664,0.09159978
132668,0.016098319
132676,0.15828928
132704,0.09097729
132707,0.11382659
132719,0.04317071
132723,0.28317276
132724,0.0644815
132732,0.052683562
132754,0.06689886
132756,0.03984175
132766,0.071294405
132767,0.04511327
132775,0.06346262
132776,0.104842275
132785,0.048287127
132787,0.034237836
132793,0.08157813
132807,0.014876474
132811,0.009300408
132818,0.022534767
132834,0.024509814
132846,0.011299916
132861,0.034502264
132870,0.13839905
132882,0.012037005
132884,0.014485687
132885,0.1871821
132888,0.08523726
132898,0.05402542
132912,0.016697397
132916,0.10521561
132917,0.022804936
132932,0.11858808
132940,0.04521802
132943,0.012686195
132962,0.0578901
132965,0.16141337
132969,0.005030323
132974,0.062440377
132977,0.0322867
132978,0.047136564
132982,0.017607234
132983,0.005267144
132996,0.01934993
133006,0.01980688
133007,0.01602759
133025,0.032433998
133027,0.032434057
133033,0.052380677
133038,0.029463705
133040,0.06053034
133041,0.010040456
133044,0.058965728
133053,0.019048976
133063,0.042720664
133065,0.01660786
133083,0.025524989
133084,0.018736793
133091,0.09903886
133092,0.017698085
133107,0.05896171
133111,0.064709954
133122,0.0134970695
133132,0.014162037
133140,0.1391835
133147,0.040286224
133150,0.0065556006
133168,0.031007342
133170,0.022918561
133184,0.056508068
133228,0.01808328
133229,0.02316168
133230,0.0147837
133232,0.11926132
133242,0.065965176
133246,0.063881695
133247,0.053164054
133253,0.049864117
133268,0.16669916
133271,0.07663913
133272,0.032648977
133296,0.23509818
133299,0.14781417
133302,0.10418473
133315,0.029331148
133330,0.025796844
133331,0.04549226
133332,0.017108042
133333,0.04368398
133334,0.48586652
133361,0.34491202
133363,0.091372006
133404,0.009046514
133412,0.51558524
133418,0.07093337
133422,0.18200925
133426,0.19237858
133450,0.031531144
133465,0.046432268
133468,0.040815547
133469,0.016275987
133474,0.020628959
133479,0.025387123
133490,0.20458779
133492,0.012787702
133495,0.026510619
133496,0.026968166
133501,0.16574356
133502,0.060286917
133511,0.04339173
133515,0.034537777
133528,0.14016524
133539,0.024809984
133551,0.031492095
133564,0.030468773
133569,0.031475786
133570,0.022472488
133578,0.054560672
133586,0.017415797
133587,0.1387447
133597,0.08224774
133608,0.010415099
133624,0.05752985
133626,0.15501502
133645,0.050917864
133655,0.021559397
133658,0.10692951
133659,0.010927929
133660,0.03186572
133664,0.012924657
133684,0.076641105
133685,0.010342106
133688,0.13965578
133706,0.031237978
133713,0.025320001
133723,0.010270391
133730,0.06824115
133733,0.016719176
133760,0.03965055
133762,0.10617264
133777,0.008082915
133793,0.010924012
133816,0.039863862
133818,0.09329531
133824,0.06859651
133841,0.09736345
133850,0.030813774
133877,0.069302715
133880,0.091087766
133887,0.018202117
133889,0.24494398
133896,0.061111577
133916,0.14031234
133920,0.025907805
133936,0.05796995
133939,0.024955258
133940,0.017956663
133942,0.0729834
133956,0.05066158
133957,0.08087173
133965,0.06809435
133972,0.14666545
133973,0.031779405
134008,0.041317236
134016,0.25971583
134039,0.04704158
134040,0.013308181
134045,0.045110054
134050,0.15177119
134056,0.2167358
134082,0.20037189
134085,0.15643601
134089,0.016760154
134102,0.07371596
134118,0.014256529
134131,0.0181463
134135,0.07732174
134137,0.04784211
134150,0.11084509
134159,0.022795895
134183,0.0071167946
134186,0.09257207
134211,0.031234398
134216,0.01854154
134217,0.020568196
134218,0.025515731
134230,0.056804944
134233,0.20630993
134234,0.017152809
134236,0.13583896
134241,0.015645286
134242,0.017180251
134273,0.030527182
134277,0.013794904
134287,0.048990592
134293,0.04419312
134302,0.027415125
134306,0.21391323
134307,0.03830452
134325,0.036050066
134330,0.08722957
134334,0.075838596
134338,0.10157787
134339,0.019945843
134348,0.033923324
134355,0.0063811666
134369,0.25869367
134387,0.032478224
134399,0.07319388
134400,0.015559299
134405,0.030787878
134407,0.014674889
134433,0.022795029
134448,0.015792096
134460,0.027297227
134463,0.13144667
134467,0.029810239
134485,0.016342029
134486,0.12530501
134490,0.2247835
134494,0.10563386
134501,0.2845421
134508,0.012097393
134512,0.12202353
134514,0.008286518
134519,0.01273308
134528,0.055058107
134536,0.06395399
134540,0.054158
134546,0.012647502
134549,0.08334515
134558,0.093870565
134560,0.19959359
134588,0.09203858
134590,0.038828604
134591,0.12682208
134594,0.025421282
134622,0.017214762
134626,0.015649503
134639,0.019907808
134649,0.083119765
134654,0.030735932
134658,0.045109775
134683,0.11400209
134688,0.28207943
134689,0.34169406
134697,0.037698884
134698,0.29079488
134718,0.018455345
134742,0.030602837
134751,0.08434605
134760,0.02452047
134763,0.016672043
134764,0.07440321
134765,0.031197175
134773,0.02047126
134790,0.028792713
134794,0.020249786
134802,0.024762992
134805,0.008319193
134807,0.04860984
134812,0.0853883
134813,0.014657861
134823,0.1285556
134824,0.065046385
134838,0.14754203
134841,0.020214869
134857,0.049901046
134862,0.2092327
134865,0.03707587
134880,0.20749708
134883,0.15023825
134884,0.18160607
134916,0.016791724
134918,0.04148662
134919,0.100013755
134921,0.0044832868
134928,0.09570136
134943,0.082692735
134950,0.025965497
134968,0.016930938
134971,0.15906066
134972,0.024102535
135011,0.07576786
135013,0.31604442
135016,0.016636409
135031,0.129715
135036,0.0146264285
135041,0.018180378
135052,0.027136521
135053,0.053886365
135054,0.17364013
135060,0.019113299
135072,0.06784796
135078,0.03801003
135079,0.029095106
135090,0.11598492
135113,0.029845716
135123,0.013803814
135128,0.11754406
135136,0.1286491
135152,0.025840206
135163,0.01881795
135166,0.012299808
135186,0.059129883
135188,0.03864161
135194,0.02661843
135214,0.024593594
135220,0.03882424
135235,0.016797606
135236,0.021476131
135241,0.122894436
135243,0.053389397
135253,0.021868117
135258,0.086737074
135264,0.040713854
135271,0.02806742
135274,0.052331872
135275,0.085473806
135288,0.08351474
135290,0.042919222
135299,0.07600817
135304,0.09014356
135309,0.009344116
135345,0.36962178
135359,0.035077725
135360,0.14591253
135361,0.08599006
135363,0.07966077
135365,0.051882446
135369,0.09576756
135380,0.00957843
135387,0.1625215
135389,0.08166102
135390,0.2729119
135393,0.03040062
135401,0.05729507
135409,0.22103041
135410,0.05016749
135412,0.017650926
135430,0.06806961
135434,0.013377805
135435,0.10576288
135445,0.12200179
135449,0.19701234
135460,0.0556479
135461,0.024971807
135491,0.040188987
135500,0.0740546
135504,0.04681752
135506,0.112730615
135521,0.06850242
135523,0.3169773
135527,0.022622108
135528,0.06746587
135530,0.36479315
135540,0.096069574
135541,0.38000214
135562,0.057333633
135578,0.04982215
135584,0.07762858
135589,0.106374584
135590,0.038060986
135591,0.13418639
135596,0.02745787
135607,0.003507453
135622,0.0066225254
135626,0.092109375
135635,0.032541838
135636,0.10167356
135650,0.018929001
135656,0.011496265
135657,0.31169337
135672,0.15197738
135673,0.028995493
135678,0.20096132
135679,0.0028633713
135684,0.14241731
135701,0.013870338
135704,0.049721375
135713,0.040255405
135716,0.094542384
135718,0.0100019295
135723,0.018265702
135737,0.05202581
135738,0.011500769
135745,0.021762105
135746,0.13395704
135752,0.047889926
135755,0.034883495
135756,0.02227285
135765,0.014712238
135778,0.027729364
135779,0.055672977
135788,0.006849403
135803,0.07771818
135804,0.050582536
135809,0.009858576
135811,0.20455551
135812,0.08973456
135823,0.11944692
135834,0.119290404
135838,0.009246733
135843,0.06350977
135847,0.028281119
135857,0.50355476
135865,0.048410933
135872,0.08087836
135885,0.087795064
135888,0.023009581
135899,0.0471649
135910,0.031381067
135930,0.14175561
135941,0.37398177
135943,0.06112579
135949,0.05152249
135950,0.030846175
135951,0.14843951
135954,0.08004365
135966,0.20917787
135967,0.043800447
135971,0.04138108
135974,0.09894171
135975,0.052255113
135985,0.010526369
136004,0.017256826
136009,0.04447796
136033,0.10070165
136041,0.05735333
136051,0.011303007
136057,0.04353117
136070,0.28427812
136099,0.014009376
136103,0.011548283
136114,0.12755296
136116,0.03832164
136140,0.02982971
136160,0.011997596
136185,0.024288513
136201,0.02423791
136211,0.10209205
136213,0.1295442
136224,0.20579526
136234,0.05386363
136244,0.035807412
136255,0.016924415
136257,0.05510762
136260,0.009502062
136261,0.094568856
136263,0.038451433
136267,0.02906591
136277,0.07814427
136289,0.04625558
136293,0.073195785
136296,0.028616507
136302,0.06952371
136312,0.031156156
136317,0.10676924
136337,0.2793476
136355,0.01941254
136356,0.42976663
136383,0.037631296
136390,0.06294404
136406,0.01754784
136416,0.0098944055
136417,0.0126286475
136429,0.1953022
136440,0.033544227
136445,0.16795222
136449,0.01452039
136454,0.067777865
136457,0.0035015263
136467,0.16261539
136474,0.13045354
136503,0.0494428
136505,0.12883927
136558,0.026453387
136578,0.082231395
136579,0.020773932
136582,0.042581532
136583,0.011454609
136588,0.045015212
136593,0.032118104
136605,0.1746887
136617,0.06919149
136620,0.04120327
136625,0.028203124
136640,0.023134347
136643,0.22423059
136653,0.08931647
136654,0.18322565
136660,0.015153811
136661,0.013498822
136663,0.056376018
136683,0.27908093
136711,0.10094491
136726,0.20982096
136730,0.1111329
136739,0.1186198
136740,0.17461099
136745,0.02263738
136751,0.038033634
136754,0.10412415
136758,0.07208345
136762,0.12197019
136763,0.021624092
136778,0.009956404
136782,0.014435759
136798,0.10094877
136808,0.16497335
136811,0.06791151
136829,0.04491367
136832,0.015907796
136838,0.06172281
136846,0.063672595
136848,0.11170154
136852,0.035776
136854,0.055427372
136856,0.015361288
136862,0.33983025
136863,0.05548447
136885,0.028241446
136887,0.086276025
136902,0.07362347
136918,0.015407746
136922,0.031438537
136923,0.018611439
136929,0.2527425
136940,0.08366905
136967,0.16003719
136968,0.15159577
136972,0.081321895
136984,0.04343483
136993,0.108450145
136994,0.037467018
136995,0.026223019
136999,0.016786033
137013,0.04440081
137015,0.0906924
137023,0.105285056
137025,0.15499724
137032,0.030359076
137033,0.2540256
137045,0.03668538
137049,0.012668498
137051,0.06961091
137052,0.030527705
137101,0.10695301
137119,0.17754054
137142,0.16165632
137149,0.06738949
137166,0.010781927
137167,0.0153691955
137192,0.020723257
137193,0.13012592
137194,0.05546549
137204,0.07729838
137214,0.019973878
137222,0.06584596
137223,0.021734748
137234,0.016771622
137254,0.01592516
137269,0.016760185
137284,0.051575717
137285,0.3126415
137286,0.28497988
137287,0.050604187
137300,0.090356216
137305,0.090840384
137313,0.03414549
137344,0.112001866
137346,0.14927517
137354,0.13845302
137356,0.07756039
137357,0.1228512
137364,0.080051795
137368,0.0064698528
137380,0.041165903
137383,0.03724543
137395,0.044272676
137432,0.013481815
137433,0.03274842
137435,0.032049928
137444,0.016996732
137453,0.076230384
137454,0.030316737
137455,0.07353917
137456,0.043205228
137457,0.13193615
137465,0.08106597
137476,0.091516465
137515,0.042750705
137544,0.054941274
137549,0.014470106
137560,0.19319202
137577,0.19467339
137590,0.014284539
137591,0.026582383
137592,0.09033366
137595,0.051219072
137614,0.06259621
137624,0.03491148
137640,0.0050857738
137651,0.14618808
137657,0.011112315
137658,0.16184448
137672,0.0490616
137673,0.031690855
137687,0.16538937
137688,0.072163604
137689,0.017685713
137700,0.3008456
137711,0.0699837
137715,0.08609925
137718,0.021161687
137721,0.015826046
137722,0.24974526
137726,0.028543774
137739,0.15532762
137741,0.011210153
137743,0.065923624
137747,0.022274438
137761,0.05751929
137796,0.025381483
137807,0.07926548
137809,0.06305576
137824,0.024833286
137827,0.09085974
137846,0.08259074
137862,0.010939453
137865,0.015767511
137868,0.092355296
137875,0.010272136
137878,0.030385109
137883,0.042204514
137888,0.046374507
137913,0.116481885
137915,0.009202168
137934,0.060855497
137936,0.15795335
137937,0.10387171
137942,0.06294688
137944,0.14188826
137947,0.022091284
137960,0.04502369
137977,0.09789646
138006,0.0632093
138007,0.023455076
138008,0.02871116
138019,0.073957704
138021,0.017966924
138022,0.095840335
138025,0.101716354
138044,0.010556145
138046,0.04099778
138050,0.0937415
138068,0.061425317
138084,0.07147048
138085,0.027517593
138086,0.008779935
138087,0.010947396
138089,0.037261933
138100,0.052865177
138105,0.02839582
138107,0.05740523
138127,0.012418591
138128,0.060072675
138129,0.013714022
138131,0.012493535
138132,0.021574313
138150,0.022014901
138156,0.017094545
138169,0.091949284
138174,0.05802751
138177,0.024988545
138187,0.0654439
138189,0.040086553
138193,0.052792374
138203,0.01851625
138209,0.025565706
138237,0.026827222
138243,0.04065163
138273,0.018189093
138274,0.035642877
138275,0.011090805
138277,0.03864841
138285,0.013193052
138289,0.15225947
138308,0.06318475
138313,0.034267757
138317,0.020753805
138326,0.06305917
138327,0.13300274
138338,0.03845971
138367,0.0372069
138377,0.104292035
138416,0.021347912
138417,0.054473896
138419,0.017173996
138425,0.093842626
138430,0.049057387
138454,0.044772293
138465,0.023221718
138470,0.018140057
138480,0.015327182
138481,0.15055294
138486,0.062449936
138492,0.041932326
138496,0.050675675
138519,0.052717652
138520,0.063245736
138522,0.09098141
138545,0.005489642
138556,0.10217008
138560,0.007763488
138564,0.017637266
138573,0.03983761
138581,0.11834539
138585,0.04157423
138591,0.047524773
138598,0.015142464
138600,0.011765906
138602,0.027881274
138613,0.10248114
138639,0.026210269
138651,0.032314207
138652,0.07273267
138661,0.21733627
138674,0.020891018
138678,0.38596484
138679,0.012702911
138686,0.035933774
138695,0.07292516
138711,0.04692096
138728,0.072781794
138731,0.01846856
138744,0.09884728
138752,0.34306136
138754,0.17667343
138756,0.08863299
138770,0.020621806
138771,0.20601799
138807,0.010781668
138818,0.021458939
138819,0.04798339
138820,0.022887696
138831,0.03926606
138843,0.032619696
138871,0.06299674
138873,0.03599236
138876,0.06145236
138880,0.16686544
138881,0.052964944
138882,0.014184803
138890,0.043740354
138892,0.012368882
138893,0.059762884
138917,0.017085854
138921,0.030763967
138922,0.18469739
138924,0.015991835
138926,0.011893148
138932,0.0717377
138946,0.1156217
138959,0.13017239
138961,0.034485176
138964,0.0068150605
138968,0.09648448
138969,0.120335296
138980,0.087187715
138992,0.1077432
139002,0.059424326
139010,0.15685596
139011,0.04318914
139017,0.15825954
139030,0.029428858
139032,0.035345525
139034,0.12903246
139039,0.056254078
139049,0.19260174
139053,0.021622872
139058,0.11216628
139062,0.08677024
139067,0.37116224
139069,0.34778264
139070,0.45343292
139075,0.02332013
139082,0.05650967
139092,0.08731354
139098,0.061783466
139108,0.1065625
139127,0.3428303
139130,0.13119686
139145,0.01433389
139164,0.06863853
139174,0.016117908
139175,0.05937318
139178,0.013911161
139180,0.015062962
139181,0.39802742
139186,0.04037219
139189,0.06624104
139190,0.01966975
139191,0.008638479
139198,0.012725452
139201,0.037610464
139204,0.0693949
139208,0.0037194921
139211,0.03077905
139215,0.044531614
139225,0.12383215
139226,0.031594615
139231,0.04249315
139246,0.10591466
139252,0.08840962
139256,0.012997751
139258,0.01246908
139268,0.047761608
139272,0.027584216
139283,0.09814626
139286,0.017152399
139289,0.05835994
139290,0.2406279
139291,0.07124332
139293,0.02218083
139303,0.020610485
139304,0.048886657
139307,0.28418264
139319,0.031105172
139321,0.04573072
139326,0.042524777
139327,0.06527923
139355,0.09000219
139363,0.03964889
139375,0.030619832
139397,0.07200602
139412,0.041374978
139413,0.027366854
139415,0.102973
139416,0.075139925
139449,0.12268092
139461,0.021556886
139462,0.24184163
139463,0.12136667
139486,0.015888838
139493,0.09931282
139515,0.06786142
139516,0.12864497
139522,0.045747224
139532,0.036852445
139542,0.028132252
139545,0.030096559
139552,0.26248083
139553,0.05364423
139555,0.078488976
139559,0.1414941
139560,0.065049656
139564,0.050713178
139565,0.03698123
139567,0.007840726
139568,0.025146324
139572,0.036319654
139573,0.030415347
139592,0.019709287
139595,0.13115886
139597,0.059185512
139598,0.17419028
139607,0.12241994
139609,0.10661129
139628,0.043049697
139653,0.042906
139656,0.5560568
139661,0.030320821
139673,0.052234065
139674,0.022706734
139683,0.008202987
139714,0.07028086
139724,0.023525165
139737,0.20661867
139749,0.12692104
139755,0.0035176405
139756,0.051551685
139757,0.023037085
139763,0.13455111
139769,0.18655476
139774,0.27562627
139775,0.026942039
139777,0.039785102
139780,0.08592865
139788,0.24748813
139794,0.14256531
139831,0.105372965
139832,0.021412078
139834,0.048003964
139839,0.05883927
139843,0.16382791
139844,0.013930359
139858,0.10177809
139861,0.24647073
139864,0.1663773
139865,0.12330587
139874,0.04741798
139876,0.030030075
139895,0.015141206
139903,0.10404834
139917,0.015185082
139930,0.022436837
139934,0.07857476
139935,0.026379315
139946,0.04693363
139958,0.030342462
139977,0.028647693
139981,0.05169246
139989,0.008029541
139992,0.071892805
139995,0.033169456
139996,0.08653282
139997,0.023054752
140005,0.08792536
140010,0.08392581
140018,0.09116412
140026,0.070155
140027,0.0983702
140031,0.02800606
140037,0.012256811
140039,0.013890585
140040,0.10530779
140042,0.018544655
140049,0.22449492
140084,0.042629488
140087,0.016463557
140096,0.050480116
140101,0.3694228
140114,0.054021604
140117,0.11054038
140129,0.10726788
140131,0.49665615
140132,0.022144364
140136,0.14542761
140144,0.012345755
140151,0.079501055
140172,0.018715782
140174,0.011921783
140190,0.09677048
140196,0.06856278
140200,0.011198905
140204,0.04465236
140223,0.023771988
140232,0.02920519
140234,0.115505844
140237,0.07326566
140245,0.12714872
140247,0.0918764
140248,0.042582706
140298,0.016963731
140305,0.2697021
140311,0.020570938
140312,0.16493225
140318,0.08823189
140325,0.055572834
140327,0.19086835
140334,0.06802293
140337,0.03648965
140338,0.004634456
140343,0.02902668
140376,0.03942303
140378,0.22610189
140381,0.015099403
140382,0.05831848
140384,0.07220463
140386,0.10499996
140390,0.023600828
140402,0.012132805
140406,0.0058545326
140425,0.023822378
140426,0.09721474
140434,0.0136768315
140435,0.03844268
140436,0.17878714
140451,0.053470083
140452,0.022693304
140454,0.10535854
140455,0.03247816
140483,0.10431344
140504,0.041288964
140512,0.04303839
140518,0.021333473
140534,0.042309895
140545,0.0040817535
140546,0.07745259
140560,0.016489707
140563,0.008863024
140564,0.09582098
140569,0.012458966
140577,0.056757435
140638,0.042592447
140655,0.034504503
140664,0.12005114
140669,0.029391373
140672,0.2555164
140682,0.035072327
140693,0.07938066
140700,0.022775128
140701,0.036510933
140704,0.028380742
140705,0.06599791
140719,0.022342768
140749,0.26570186
140750,0.028139515
140751,0.14344722
140752,0.039090335
140762,0.03974279
140772,0.0323144
140778,0.14115353
140779,0.028572269
140780,0.018146848
140802,0.021743359
140804,0.17793232
140807,0.105453886
140813,0.019361466
140827,0.034820598
140840,0.011162099
140845,0.08286128
140847,0.069245726
140861,0.020330848
140862,0.12965617
140872,0.0074179657
140879,0.019991418
140880,0.09217032
140886,0.026388336
140924,0.012189883
140938,0.00445016
140944,0.035120115
140945,0.29745597
140961,0.010163789
140963,0.02896191
140967,0.049397204
140982,0.15506962
140990,0.027681272
140993,0.023220344
140996,0.37452155
141004,0.02348448
141025,0.41801426
141030,0.024479346
141031,0.030313311
141032,0.07832154
141067,0.008915474
141072,0.0642902
141081,0.050042227
141084,0.1127186
141085,0.06363208
141089,0.03296144
141090,0.03156805
141093,0.04323452
141095,0.103258185
141110,0.021064365
141114,0.03527067
141119,0.41550207
141147,0.1350215
141150,0.23130855
141159,0.08912504
141160,0.20220374
141167,0.00801825
141206,0.06409712
141213,0.023109375
141215,0.5363076
141222,0.04593944
141255,0.023120778
141283,0.012412418
141298,0.24211174
141306,0.018822825
141310,0.20310357
141320,0.013128387
141323,0.1663885
141329,0.059209093
141333,0.03382505
141339,0.0137032885
141340,0.06258653
141344,0.0678039
141345,0.02311809
141347,0.08275553
141350,0.03131395
141356,0.009701136
141358,0.020615375
141365,0.015678352
141368,0.019478284
141369,0.017442126
141376,0.11492518
141377,0.059906498
141385,0.014222813
141387,0.031904217
141388,0.25113267
141389,0.08577096
141390,0.03178303
141409,0.01616774
141410,0.0665861
141411,0.11255637
141414,0.050105225
141422,0.05779922
141426,0.13605885
141457,0.014588513
141470,0.016284365
141480,0.046023414
141481,0.014548501
141492,0.0139986165
141493,0.024508338
141496,0.029024381
141497,0.017220175
141502,0.025111334
141503,0.05968817
141504,0.27250263
141507,0.0492024
141515,0.0076287114
141524,0.4740535
141528,0.03219242
141540,0.0071597
141542,0.044140883
141551,0.21599567
141573,0.16440204
141580,0.01421647
141588,0.19986297
141596,0.2278823
141597,0.018348258
141602,0.20026907
141608,0.030483022
141611,0.010776437
141612,0.07946706
141618,0.044681218
141628,0.045645125
141632,0.1907802
141634,0.08453797
141637,0.09561878
141638,0.06485241
141639,0.02358814
141640,0.22148965
141644,0.121429525
141654,0.10493328
141656,0.023697397
141668,0.047528055
141717,0.13574433
141718,0.047779646
141723,0.30480364
141743,0.049836624
141744,0.080043316
141750,0.030899791
141753,0.022567451
141762,0.16348664
141809,0.03190114
141815,0.018842343
141826,0.016258903
141832,0.022722967
141840,0.018468177
141869,0.08393886
141870,0.0481503
141887,0.13829634
141915,0.020147659
141925,0.008475817
141945,0.51594347
141949,0.022285795
141958,0.05066525
141959,0.020091113
141963,0.02822648
141989,0.02660428
141995,0.07513282
141997,0.059798144
142005,0.047524806
142008,0.05826307
142012,0.036785785
142014,0.015919287
142025,0.16602613
142036,0.021992568
142037,0.031924494
142038,0.01272223
142039,0.049041603
142064,0.038745385
142065,0.123743124
142070,0.06314593
142074,0.035792015
142079,0.09057864
142084,0.12042287
142087,0.07351231
142102,0.029290287
142106,0.015015482
142115,0.031020043
142120,0.010882052
142132,0.017023241
142139,0.07240541
142142,0.015531845
142153,0.08258767
142160,0.108833425
142162,0.019580262
142163,0.016763005
142167,0.019334964
142168,0.06411953
142177,0.08472261
142180,0.26864016
142183,0.016900623
142186,0.055024356
142189,0.059601616
142195,0.016234133
142198,0.019143205
142210,0.023777155
142215,0.101287186
142222,0.013844052
142223,0.16288531
142224,0.027952202
142236,0.018974423
142237,0.020367997
142239,0.026896358
142242,0.014366818
142243,0.055888683
142244,0.025935803
142255,0.0044788835
142273,0.012915591
142289,0.061243273
142294,0.0088075
142303,0.23525421
142305,0.08284853
142339,0.1266698
142359,0.33478
142361,0.014823868
142364,0.021807404
142378,0.20252436
142380,0.11017531
142383,0.092675366
142387,0.093164824
142393,0.09188271
142396,0.19590487
142407,0.068661585
142409,0.060589574
142427,0.007973404
142429,0.51857084
142430,0.0634142
142431,0.022016304
142433,0.04256574
142439,0.1556684
142440,0.018883066
142446,0.041089676
142459,0.055278793
142478,0.0147297345
142481,0.039481334
142491,0.069222055
142495,0.044463065
142497,0.026730679
142510,0.06602386
142513,0.11424776
142521,0.037129488
142529,0.13360527
142537,0.02542068
142542,0.27534837
142558,0.024864322
142574,0.021391785
142575,0.009090847
142579,0.054199096
142587,0.01982665
142590,0.44366056
142610,0.03624711
142614,0.013062047
142621,0.011894505
142641,0.019625152
142650,0.025880864
142653,0.030439924
142667,0.0549209
142671,0.16344719
142676,0.13141721
142680,0.07574169
142684,0.023353212
142685,0.015576173
142686,0.06808108
142689,0.13320012
142691,0.14664301
142704,0.016006825
142707,0.034505457
142724,0.014244437
142727,0.051270295
142728,0.026024982
142741,0.03366372
142747,0.19394757
142748,0.05667065
142752,0.046740893
142755,0.019168291
142756,0.0398296
142759,0.015623402
142762,0.01595436
142771,0.052669574
142778,0.021310303
142783,0.104717635
142789,0.17946002
142790,0.046614025
142791,0.16969596
142793,0.2545403
142795,0.22446197
142803,0.073991366
142819,0.045122
142822,0.09011268
142825,0.07071146
142833,0.01883919
142871,0.03239181
142872,0.015914328
142883,0.10891431
142905,0.014497917
142906,0.030725373
142917,0.121613085
142921,0.0874188
142927,0.050059546
142932,0.015323189
142940,0.06707969
142962,0.18469551
142969,0.055309232
142976,0.013765658
142977,0.18699238
142982,0.12623209
142988,0.035226967
142990,0.07871397
142992,0.01367318
143012,0.040786725
143013,0.17192659
143016,0.06566155
143017,0.020713665
143033,0.05900593
143058,0.038015068
143059,0.046232045
143060,0.013015179
143065,0.052571196
143076,0.029890273
143081,0.30162877
143088,0.028781228
143089,0.04374923
143090,0.01900757
143094,0.012867956
143100,0.021616517
143115,0.030829024
143132,0.028768616
143135,0.010146094
143136,0.084073834
143149,0.08511939
143151,0.08937282
143152,0.015909752
143153,0.1223004
143162,0.062072136
143166,0.042361647
143167,0.03134698
143187,0.05732499
143188,0.0194647
143190,0.04530414
143191,0.010129498
143195,0.32010534
143207,0.07244952
143209,0.05801783
143227,0.040143985
143231,0.05337989
143232,0.033177614
143244,0.015504245
143263,0.044336975
143268,0.11935862
143275,0.12210509
143278,0.22391896
143302,0.059131097
143320,0.05530932
143328,0.14012247
143336,0.02429999
143339,0.032366186
143340,0.09282481
143353,0.013389214
143360,0.021526698
143361,0.10826781
143385,0.30590388
143388,0.041754585
143389,0.048895374
143390,0.022001924
143393,0.14355704
143396,0.2525389
143419,0.0946615
143421,0.014264927
143422,0.012788123
143431,0.03043625
143433,0.058673836
143440,0.14222078
143442,0.007439632
143463,0.009488218
143466,0.012708419
143475,0.057017084
143500,0.061641924
143510,0.049438648
143528,0.018256396
143532,0.019756928
143535,0.08636674
143538,0.046999793
143548,0.025225524
143550,0.05406896
143555,0.008791267
143576,0.18723722
143593,0.116853915
143595,0.0521755
143596,0.009318293
143597,0.02755432
143599,0.05684939
143601,0.0421074
143602,0.03689631
143605,0.012058857
143609,0.09795894
143611,0.0963315
143613,0.016447188
143618,0.051162608
143652,0.024335481
143667,0.015920475
143679,0.09522064
143680,0.021507325
143692,0.112180255
143703,0.0560589
143712,0.068199866
143714,0.04846115
143715,0.040958185
143729,0.040482003
143732,0.03594272
143738,0.034445055
143740,0.074588254
143743,0.10052166
143772,0.04957052
143773,0.027023708
143792,0.06384422
143802,0.031485435
143808,0.023642575
143819,0.009737846
143820,0.091067575
143825,0.0040534986
143828,0.014818312
143831,0.1419628
143834,0.011012844
143835,0.01442846
143843,0.015464206
143860,0.011097553
143874,0.035418857
143889,0.06518981
143903,0.029060327
143921,0.10124598
143936,0.040888574
143944,0.036804523
143947,0.083973885
143948,0.01577572
143957,0.34129202
143964,0.23686168
143965,0.0039067157
143971,0.038480174
143976,0.06041315
143977,0.22181717
143983,0.08271673
143991,0.03917681
144015,0.07350977
144032,0.039630827
144057,0.023180777
144065,0.03335898
144087,0.034923162
144090,0.0387322
144091,0.22038533
144092,0.04214177
144139,0.05077502
144150,0.03539739
144151,0.039978746
144153,0.080794625
144154,0.29814044
144159,0.35308388
144168,0.02627487
144169,0.031153278
144178,0.14548548
144179,0.013994938
144183,0.01647811
144186,0.05030041
144190,0.16856124
144191,0.03652468
144199,0.20204501
144226,0.07402156
144227,0.006475796
144229,0.037306983
144237,0.025335798
144247,0.011700754
144249,0.067733586
144259,0.077320084
144260,0.040561795
144282,0.040570464
144295,0.12703308
144304,0.022381745
144314,0.028632497
144318,0.060297295
144324,0.15678184
144325,0.009194524
144333,0.047936358
144334,0.049094237
144336,0.023073958
144350,0.032906782
144354,0.016415216
144357,0.045232393
144359,0.011708653
144365,0.02504342
144385,0.054435346
144386,0.02151196
144387,0.09535849
144390,0.03053709
144393,0.02231592
144398,0.025339995
144402,0.023211671
144416,0.049450334
144422,0.016983788
144446,0.114249066
144451,0.03199015
144461,0.023105854
144464,0.13383971
144483,0.039183788
144498,0.17672212
144499,0.03534555
144534,0.019784758
144549,0.06697106
144563,0.01330343
144570,0.5626205
144579,0.03199873
144580,0.028082622
144581,0.017284967
144582,0.02793339
144587,0.013470037
144588,0.047214415
144589,0.031062527
144590,0.057055566
144598,0.064146824
144601,0.022713898
144610,0.029259609
144611,0.050730858
144612,0.011076176
144613,0.025063436
144617,0.051427048
144635,0.2598746
144640,0.0698018
144644,0.041074548
144645,0.022062168
144654,0.0265638
144656,0.077049546
144657,0.13543613
144658,0.10233252
144659,0.12842119
144665,0.01799524
144667,0.019717542
144675,0.025103519
144677,0.14266112
144678,0.020469917
144690,0.05196135
144701,0.17898537
144702,0.13069846
144716,0.048296135
144721,0.006041893
144722,0.14796272
144729,0.0503087
144744,0.025101082
144753,0.009626754
144761,0.0287903
144764,0.38237873
144767,0.017779658
144780,0.23284489
144781,0.034487814
144784,0.06927612
144806,0.033529084
144810,0.10565089
144811,0.049864445
144824,0.026520679
144828,0.13871881
144829,0.033225637
144835,0.26452246
144849,0.031183667
144850,0.0086903805
144870,0.041603353
144881,0.085888885
144891,0.012705924
144898,0.1535767
144904,0.019446788
144906,0.012440968
144909,0.01488319
144910,0.13529249
144912,0.18122147
144963,0.08339719
144965,0.10813259
144966,0.032784272
144979,0.038315773
144990,0.044460107
144991,0.033020142
144992,0.27154538
144999,0.06255643
145006,0.021487938
145007,0.045597296
145008,0.013897875
145009,0.08952815
145011,0.00865744
145014,0.082556106
145025,0.012317993
145036,0.036560714
145041,0.04460035
145058,0.09601336
145071,0.05023531
145106,0.041322157
145110,0.011167527
145142,0.118507534
145146,0.11749696
145147,0.021880945
145148,0.089806296
145149,0.011910925
145154,0.043134063
145157,0.08050125
145158,0.014006306
145167,0.012605539
145172,0.048839323
145174,0.0223422
145192,0.006966005
145195,0.11412175
145196,0.09815431
145199,0.014172566
145209,0.1455655
145242,0.012843951
145248,0.01636207
145249,0.045238346
145250,0.048064973
145281,0.08622281
145287,0.036626816
145288,0.13791741
145298,0.08248865
145303,0.0034636604
145309,0.060685303
145333,0.04303416
145336,0.053400017
145339,0.08750644
145350,0.048061725
145353,0.017540485
145354,0.020574277
145358,0.028322326
145382,0.14747828
145383,0.24714553
145389,0.075650655
145390,0.09791471
145391,0.11090237
145392,0.1477011
145407,0.008421936
145410,0.027465124
145412,0.13515425
145415,0.07287474
145418,0.06100414
145419,0.043051433
145440,0.006759121
145451,0.0638053
145476,0.101670444
145481,0.020534448
145482,0.008082785
145484,0.017241549
145502,0.03805107
145512,0.08783825
145515,0.013317131
145521,0.013565626
145523,0.0160843
145554,0.022406036
145557,0.035878997
145560,0.19648677
145563,0.09607163
145569,0.018298691
145586,0.35553998
145601,0.054288518
145602,0.03250552
145615,0.062817454
145623,0.055148713
145638,0.015186974
145640,0.021753814
145645,0.024274172
145654,0.025006732
145664,0.058363844
145677,0.02075836
145679,0.018566515
145681,0.03310771
145698,0.025860924
145709,0.0048683113
145713,0.036665354
145720,0.05218106
145780,0.054285504
145781,0.05297174
145798,0.09184464
145811,0.07917058
145819,0.012786504
145833,0.0756215
145834,0.06327358
145835,0.07842175
145844,0.020637242
145862,0.026223306
145869,0.0833968
145871,0.029137027
145872,0.009224633
145874,0.44809523
145888,0.016197674
145891,0.09725953
145907,0.0876905
145908,0.08307072
145919,0.036936045
145925,0.021613961
145940,0.06111969
145941,0.0519213
145943,0.054019425
145951,0.009340254
145954,0.040225305
145957,0.021992655
145962,0.11325993
145974,0.016658751
145976,0.12943673
145987,0.018453777
145988,0.27012458
145989,0.033560008
145990,0.043173246
145991,0.14722285
145993,0.05906531
146000,0.21469782
146001,0.020516858
146006,0.03166873
146011,0.01605944
146014,0.02677227
146020,0.0069400542
146021,0.0050960453
146022,0.07460611
146026,0.08570231
146028,0.13099764
146032,0.0367901
146033,0.075138964
146037,0.16004467
146059,0.03723235
146060,0.35179168
146063,0.15782228
146069,0.06000431
146086,0.02829612
146090,0.48259944
146092,0.012316647
146094,0.13662456
146097,0.019959444
146098,0.11832304
146106,0.026567329
146115,0.013828814
146121,0.1538463
146122,0.036890857
146140,0.0663796
146142,0.015295455
146146,0.09951757
146149,0.037026446
146153,0.020179491
146155,0.010661455
146156,0.028652862
146159,0.060220376
146172,0.0646822
146176,0.06547397
146184,0.029009493
146186,0.047877654
146191,0.021461826
146198,0.013605731
146199,0.020965146
146202,0.02273544
146206,0.21009994
146214,0.026322152
146221,0.048695534
146232,0.033546053
146239,0.052136082
146246,0.10413096
146247,0.0099046035
146252,0.0218368
146255,0.015995707
146256,0.010826372
146262,0.07994086
146277,0.11913948
146292,0.0902209
146303,0.0093558375
146305,0.085368104
146313,0.06710027
146317,0.03028739
146330,0.028498387
146344,0.019907277
146345,0.05112789
146347,0.11114944
146356,0.016690642
146369,0.046298873
146384,0.055323124
146385,0.011912092
146386,0.08452217
146388,0.01837063
146404,0.021997096
146409,0.10145126
146413,0.022783339
146421,0.07155716
146428,0.07374158
146451,0.1100816
146458,0.0060160067
146466,0.008119316
146476,0.025114158
146485,0.0091800345
146486,0.030693473
146487,0.05985881
146500,0.03785565
146502,0.04763316
146512,0.05094566
146514,0.024593651
146515,0.13700512
146516,0.04369844
146533,0.03630246
146535,0.03132673
146541,0.14902307
146557,0.059380904
146562,0.122597694
146565,0.010527968
146570,0.0154996
146571,0.024747869
146574,0.06731751
146587,0.06931611
146591,0.00770348
146597,0.15515162
146600,0.026674034
146614,0.49153143
146621,0.064425774
146623,0.03005207
146631,0.123503156
146644,0.023944328
146649,0.017679367
146651,0.016895989
146652,0.099028625
146663,0.037981324
146680,0.03663637
146683,0.043844856
146714,0.09061371
146724,0.09348105
146730,0.031277355
146732,0.14098835
146738,0.032905795
146752,0.0747647
146755,0.119741
146756,0.05078529
146759,0.106005415
146760,0.18915884
146761,0.03003335
146765,0.02978993
146806,0.083654955
146809,0.26117873
146810,0.037603114
146811,0.044120606
146815,0.06531288
146820,0.23677246
146821,0.021064518
146824,0.13487394
146829,0.04258195
146842,0.10237296
146864,0.027814932
146891,0.09424105
146918,0.04351472
146955,0.032140326
146957,0.11055109
146972,0.029854152
146973,0.047623415
146979,0.07785263
146982,0.058283046
146984,0.01335281
146997,0.11717894
147001,0.019932324
147008,0.29254052
147014,0.006936913
147022,0.033709563
147038,0.021784088
147048,0.044847637
147060,0.008740033
147061,0.019060602
147077,0.06954882
147082,0.048430786
147083,0.049868874
147085,0.08840055
147086,0.03177226
147099,0.05564562
147127,0.021850675
147128,0.039205737
147133,0.0351694
147138,0.014000256
147139,0.007618246
147150,0.022767367
147155,0.14625926
147171,0.014099382
147172,0.033005286
147182,0.05925267
147195,0.029556205
147199,0.01801081
147216,0.13084441
147224,0.0064627794
147225,0.023788039
147230,0.13612792
147240,0.05208402
147250,0.033898983
147253,0.010439266
147254,0.2282287
147264,0.02525986
147294,0.091631226
147308,0.03457689
147309,0.15260513
147315,0.17119662
147319,0.028448004
147329,0.013898731
147340,0.025152072
147345,0.19954549
147353,0.011316394
147354,0.12286713
147364,0.15975061
147366,0.08293644
147373,0.04290697
147382,0.029603403
147383,0.099629864
147390,0.014755569
147408,0.04929259
147411,0.015186332
147415,0.07906482
147416,0.083416454
147425,0.011259345
147427,0.031200629
147438,0.06767359
147439,0.02375022
147457,0.027005449
147459,0.014260381
147463,0.026021378
147469,0.09547929
147476,0.20608851
147483,0.017624276
147497,0.029665487
147502,0.29233125
147515,0.07409358
147523,0.08805735
147527,0.015862927
147541,0.19585724
147551,0.05386476
147552,0.03766774
147561,0.013179029
147571,0.039184865
147587,0.017103184
147657,0.12845083
147659,0.048303835
147670,0.0127317915
147695,0.06818711
147696,0.06655124
147702,0.3641583
147710,0.34945893
147711,0.012251693
147712,0.043904968
147713,0.08723148
147720,0.023495194
147722,0.061139133
147742,0.017261194
147750,0.07084217
147761,0.1507686
147764,0.08984267
147770,0.005332147
147771,0.116866626
147774,0.29437917
147786,0.022981787
147787,0.13606161
147791,0.018709406
147792,0.102561004
147793,0.10725161
147794,0.021717088
147801,0.041937374
147824,0.0054242495
147826,0.013937546
147840,0.036353238
147847,0.010402874
147862,0.04904792
147865,0.06283644
147882,0.07749381
147893,0.17741117
147925,0.046906453
147932,0.12678972
147942,0.0746706
147953,0.01992145
147955,0.14432406
147964,0.18986802
147966,0.056807887
147981,0.037342098
147982,0.18827733
147990,0.06485691
147998,0.03187692
148002,0.13058253
148013,0.059608772
148025,0.119765535
148026,0.109031685
148031,0.14502476
148035,0.11234616
148042,0.080033556
148047,0.009263461
148050,0.043436952
148063,0.06746886
148065,0.18399532
148069,0.18775363
148070,0.098688856
148075,0.13698463
148076,0.0194282
148087,0.011278106
148091,0.14276733
148102,0.116353825
148107,0.07998775
148108,0.048376985
148113,0.026155055
148131,0.089641675
148141,0.069816075
148149,0.09452314
148150,0.052133035
148163,0.19265378
148175,0.050720356
148185,0.12795283
148187,0.06374633
148198,0.13820796
148204,0.14368522
148205,0.009290927
148212,0.1188026
148216,0.31525978
148217,0.044169247
148223,0.020393873
148224,0.21210803
148235,0.1336207
148255,0.14737575
148276,0.023396812
148285,0.019881442
148289,0.021383641
148292,0.078067675
148294,0.085500985
148314,0.016395064
148319,0.017948879
148320,0.07594641
148322,0.101809636
148323,0.08395428
148325,0.080624685
148333,0.040535934
148339,0.01413508
148359,0.0556012
148361,0.11357467
148364,0.029113473
148380,0.013406844
148382,0.041915335
148386,0.092548266
148393,0.09862161
148394,0.065337844
148404,0.06427275
148419,0.07616528
148423,0.044886466
148437,0.21047108
148440,0.04518024
148448,0.030403892
148449,0.007340078
148450,0.033974454
148451,0.034275666
148458,0.13947974
148471,0.04458949
148475,0.021671664
148476,0.042947054
148497,0.14635408
148511,0.047085386
148512,0.06641824
148534,0.077896275
148545,0.058066867
148557,0.03823352
148564,0.02524299
148570,0.0427607
148586,0.049130864
148596,0.09063296
148600,0.09051477
148607,0.017565623
148609,0.075665675
148622,0.014469603
148623,0.016051047
148625,0.11380703
148626,0.005611305
148628,0.018954819
148632,0.027192991
148639,0.022783035
148643,0.052228805
148644,0.09284993
148680,0.013797635
148702,0.11006649
148716,0.04966687
148717,0.05720008
148726,0.19123313
148738,0.113898486
148746,0.070167586
148749,0.031893834
148750,0.06217517
148769,0.034246698
148791,0.080140896
148803,0.02680372
148804,0.020579683
148823,0.009625708
148831,0.055367548
148849,0.018440321
148850,0.05165057
148855,0.07207621
148893,0.025985004
148896,0.044035308
148899,0.08303364
148903,0.049368646
148910,0.027116675
148911,0.055956922
148912,0.2712945
148913,0.0767213
148933,0.10638639
148935,0.015248235
148937,0.0068468247
148946,0.190378
148955,0.059795756
148980,0.043705177
148996,0.139526
149015,0.21520168
149025,0.0132140275
149028,0.20200872
149029,0.022656104
149035,0.0120982705
149050,0.03933605
149051,0.051996335
149052,0.12230781
149056,0.017594652
149062,0.020410098
149067,0.06321718
149076,0.16675405
149090,0.280742
149106,0.15262695
149107,0.024036404
149118,0.24712355
149119,0.02806732
149130,0.12070045
149154,0.040384606
149157,0.086556524
149158,0.03586521
149160,0.06385376
149163,0.10608059
149164,0.094609365
149165,0.021149017
149166,0.026356246
149214,0.04062685
149231,0.12673722
149236,0.01865961
149237,0.06753453
149246,0.014468657
149247,0.04964832
149253,0.02442939
149254,0.012405387
149265,0.21815363
149266,0.065308176
149277,0.085425794
149283,0.1238763
149289,0.088960364
149310,0.02779447
149314,0.01930749
149318,0.07457231
149319,0.021905962
149320,0.030273922
149321,0.2484354
149333,0.035145905
149337,0.20626399
149338,0.025596598
149341,0.031805884
149342,0.017002763
149349,0.01820489
149351,0.253381
149354,0.019574838
149360,0.01454904
149362,0.06882268
149366,0.023048053
149372,0.34073213
149376,0.049338218
149388,0.083144076
149393,0.029350672
149401,0.030222028
149405,0.12468676
149412,0.08865237
149415,0.027956536
149416,0.021948066
149430,0.07649005
149435,0.035024952
149436,0.05159894
149444,0.1236631
149456,0.033083003
149471,0.011355299
149480,0.014211139
149481,0.054037597
149490,0.08355964
149491,0.024996934
149503,0.020401943
149512,0.04436546
149524,0.036541294
149525,0.010974038
149532,0.037166957
149533,0.14800878
149536,0.5021852
149540,0.094778195
149548,0.041299384
149563,0.082719736
149568,0.119442105
149569,0.27992848
149570,0.073367424
149582,0.009310659
149584,0.041573383
149587,0.09708919
149592,0.051515326
149596,0.11885081
149599,0.075035
149612,0.047103807
149643,0.081210054
149648,0.19779631
149665,0.024830826
149666,0.061397545
149671,0.030364273
149675,0.026870172
149676,0.15550336
149677,0.008697782
149680,0.22826676
149711,0.015283129
149723,0.030088129
149726,0.047868483
149727,0.009355563
149730,0.017149394
149733,0.09263444
149734,0.1889813
149736,0.17444403
149750,0.009072532
149752,0.38929608
149767,0.039436594
149791,0.06976342
149793,0.01809929
149810,0.016232671
149850,0.021085957
149857,0.051800072
149858,0.015997598
149860,0.08270807
149882,0.0068069287
149889,0.010399291
149890,0.13314736
149918,0.018983817
149919,0.0473589
149927,0.014967466
149928,0.03651706
149940,0.097877696
149944,0.031177392
149947,0.099368475
149951,0.061924603
149956,0.107025
149958,0.16758947
149969,0.036340997
149988,0.0866586
149996,0.08798621
150007,0.01772943
150018,0.055359073
150025,0.034154236
150054,0.087776825
150064,0.14077559
150070,0.030944772
150074,0.031215081
150078,0.026148733
150084,0.03474374
150106,0.046647467
150111,0.34381336
150115,0.0046150405
150117,0.116221495
150120,0.13463816
150127,0.07524489
150128,0.07180398
150130,0.10541478
150132,0.10837178
150135,0.017676916
150145,0.055169325
150148,0.022343736
150153,0.07743591
150154,0.017484989
150173,0.010380425
150174,0.08654109
150176,0.15255341
150177,0.049304884
150178,0.074458614
150179,0.25064358
150187,0.010269848
150207,0.034365565
150223,0.038830657
150224,0.010641596
150229,0.013346668
150233,0.052772067
150245,0.03190252
150252,0.02618851
150257,0.115614295
150258,0.049902618
150267,0.01917402
150268,0.1731446
150272,0.2447445
150282,0.045380406
150289,0.28620115
150299,0.005584658
150307,0.100954205
150310,0.015773542
150311,0.059169784
150312,0.026294768
150313,0.031815004
150324,0.07245988
150335,0.024263049
150343,0.050148297
150354,0.01291908
150363,0.02375295
150365,0.05192679
150377,0.026759936
150381,0.09803103
150382,0.014375057
150414,0.053568047
150418,0.17383496
150431,0.03012317
150449,0.04236319
150450,0.2698707
150473,0.008156318
150475,0.02364603
150476,0.06689147
150478,0.123133145
150488,0.09961051
150499,0.111023545
150501,0.17548214
150503,0.032421198
150518,0.025396757
150529,0.051702395
150531,0.026651599
150532,0.05838503
150535,0.07486735
150543,0.21087052
150545,0.07643205
150548,0.043729838
150552,0.08322756
150558,0.068821184
150574,0.09475723
150576,0.3999074
150577,0.02745602
150594,0.082659274
150601,0.016973713
150604,0.028131431
150618,0.016570348
150626,0.1416106
150627,0.06952473
150635,0.1568412
150648,0.028694682
150649,0.15422302
150650,0.16368496
150651,0.045740817
150652,0.016298257
150657,0.079140514
150659,0.021528494
150666,0.09436132
150667,0.1027977
150680,0.0062746787
150698,0.518723
150700,0.44982633
150713,0.03166439
150715,0.03602868
150718,0.0043495065
150724,0.104554705
150731,0.016566588
150734,0.028191723
150738,0.0069797104
150744,0.023513757
150745,0.11584125
150746,0.092494875
150749,0.018462745
150750,0.073760144
150753,0.017049896
150759,0.030893615
150762,0.01752488
150764,0.013990472
150782,0.07482655
150784,0.04065259
150785,0.03451268
150786,0.056799553
150789,0.06580028
150802,0.072936535
150809,0.03145189
150810,0.113413416
150817,0.02708219
150820,0.081203915
150822,0.081829816
150845,0.014246312
150846,0.09527887
150854,0.05938837
150858,0.23110592
150866,0.063470244
150869,0.011461858
150874,0.09601713
150887,0.005560166
150889,0.028675925
150892,0.1293163
150896,0.012204264
150901,0.3741618
150914,0.33182162
150918,0.04771759
150919,0.029192884
150929,0.08680499
150935,0.036930785
150941,0.018562438
150949,0.021689115
150950,0.08854133
150951,0.013428962
150952,0.013346348
150980,0.14872508
150981,0.011838658
150986,0.11455375
150987,0.08704318
151004,0.042291574
151005,0.07703402
151010,0.02313782
151012,0.04038993
151016,0.026615093
151021,0.12932405
151022,0.012454491
151023,0.12873416
151024,0.4074944
151035,0.2051134
151036,0.04295515
151039,0.03916405
151041,0.069750145
151043,0.10761687
151052,0.28920084
151058,0.18333869
151065,0.12227309
151066,0.096998826
151067,0.23323898
151069,0.058764357
151070,0.022556644
151080,0.044825688
151090,0.059778288
151092,0.5728109
151100,0.03000454
151108,0.042891946
151113,0.027088692
151119,0.037555903
151131,0.023528416
151145,0.02842715
151147,0.11406418
151148,0.019711562
151149,0.13248533
151153,0.022042228
151158,0.022135608
151167,0.026091449
151169,0.020149287
151185,0.023270596
151186,0.102847375
151187,0.06230008
151203,0.061134428
151206,0.009127043
151213,0.1669058
151237,0.06564267
151254,0.04490995
151255,0.021524642
151264,0.065260746
151266,0.031336233
151267,0.04082844
151270,0.0137369055
151286,0.010758056
151288,0.091188654
151289,0.05385512
151290,0.07621727
151303,0.027816892
151304,0.07686333
151308,0.03462585
151315,0.01616783
151324,0.043537334
151329,0.009749423
151335,0.0063396757
151343,0.012500478
151347,0.22286373
151348,0.14941517
151357,0.08591304
151366,0.04643177
151372,0.014583566
151374,0.01161768
151394,0.013874148
151395,0.17737846
151403,0.036971908
151410,0.0333017
151412,0.08595178
151419,0.026925052
151443,0.008630341
151464,0.012266907
151466,0.058532853
151467,0.025687618
151476,0.050098136
151480,0.05581389
151481,0.16425419
151486,0.05560595
151487,0.08129866
151490,0.09711389
151498,0.040576134
151500,0.010275631
151504,0.027146606
151516,0.022743443
151519,0.05179132
151528,0.13164602
151529,0.03951462
151539,0.22395009
151540,0.027773276
151556,0.32431006
151558,0.0101707615
151559,0.02894706
151581,0.02493975
151586,0.09264426
151589,0.14880562
151603,0.116363846
151604,0.02635909
151610,0.022790957
151637,0.099922106
151652,0.19978338
151654,0.022671318
151667,0.06573253
151668,0.13330077
151669,0.011679109
151678,0.016099973
151697,0.0513371
151706,0.028907683
151729,0.019767953
151730,0.0648144
151737,0.01732884
151744,0.08287546
151756,0.04844384
151785,0.019957041
151800,0.031744793
151801,0.0058320537
151821,0.070856325
151822,0.0950147
151834,0.0565535
151845,0.04637112
151846,0.029600471
151847,0.100984216
151848,0.08898697
151859,0.056730866
151872,0.1483022
151875,0.08293032
151883,0.029590778
151888,0.051627275
151895,0.022306355
151896,0.015029705
151900,0.05596556
151913,0.014868475
151920,0.03965672
151928,0.08297849
151933,0.03590282
151934,0.045463916
151948,0.13449812
151951,0.016657658
151963,0.012693052
151964,0.011662367
151965,0.009400935
151966,0.032336578
151974,0.04330187
151975,0.22932814
151978,0.025537023
151982,0.068628676
151993,0.06897732
152002,0.0076442068
152005,0.09134491
152017,0.040151272
152020,0.12693204
152039,0.05222891
152047,0.18166403
152064,0.048506796
152071,0.03927754
152076,0.037734587
152088,0.018549476
152091,0.026295561
152093,0.041351352
152100,0.033035006
152107,0.029017143
152115,0.015331897
152119,0.008755029
152123,0.03072606
152129,0.07138686
152140,0.4651454
152141,0.024752455
152142,0.040797137
152148,0.04168573
152170,0.009315992
152171,0.03614835
152176,0.027999979
152186,0.087655276
152192,0.24194035
152204,0.0749174
152215,0.008880286
152220,0.04535642
152230,0.016875265
152256,0.06155402
152265,0.086403266
152266,0.22941093
152268,0.01742143
152272,0.0975735
152286,0.013151313
152299,0.034261663
152305,0.10784726
152324,0.02597903
152329,0.123161
152355,0.013195909
152356,0.010133109
152365,0.09147865
152369,0.1020471
152373,0.02528378
152374,0.072500505
152383,0.08569439
152395,0.13272017
152403,0.11747937
152404,0.0619372
152406,0.019444223
152425,0.022847293
152437,0.03220727
152438,0.06421102
152442,0.12314466
152460,0.10599559
152461,0.04163803
152462,0.021891158
152472,0.059041966
152473,0.041285243
152477,0.028365362
152506,0.039691295
152522,0.018840648
152530,0.03538849
152535,0.0054676174
152543,0.012828078
152548,0.04071956
152556,0.030931775
152562,0.048641056
152563,0.09870128
152565,0.023372196
152591,0.02143637
152593,0.05369986
152612,0.05861128
152619,0.07902843
152627,0.04480562
152628,0.020174477
152632,0.23714656
152638,0.060089614
152646,0.037577357
152662,0.14520554
152679,0.09061916
152680,0.03177805
152699,0.11785506
152703,0.033476133
152717,0.18699768
152720,0.118248165
152721,0.024859205
152735,0.023818148
152736,0.009484454
152739,0.17312063
152755,0.021090526
152769,0.020663809
152785,0.12965384
152788,0.042963833
152791,0.023682619
152808,0.08063703
152815,0.01808781
152816,0.18620083
152817,0.02542566
152818,0.01892211
152819,0.2591304
152820,0.023144294
152823,0.036363073
152831,0.036204644
152832,0.11587192
152833,0.096572235
152835,0.03634416
152838,0.021089394
152846,0.013454299
152862,0.13115789
152864,0.005115416
152865,0.03976711
152871,0.010299523
152874,0.020678911
152875,0.0030669272
152876,0.44307566
152877,0.48085496
152881,0.14099781
152892,0.011349969
152908,0.18007575
152909,0.06219591
152915,0.012367908
152916,0.13296372
152923,0.0305733
152932,0.015235337
152934,0.02320623
152936,0.020588232
152948,0.032218795
152951,0.062021665
152956,0.04796014
152963,0.046429742
152964,0.54690903
152978,0.050114125
152980,0.06904338
152986,0.13496357
153001,0.1405021
153002,0.04266384
153007,0.040917877
153009,0.017318742
153017,0.025106868
153018,0.30516937
153022,0.14259651
153027,0.3477899
153032,0.035245065
153033,0.06605582
153034,0.030649455
153037,0.09856306
153051,0.4614548
153052,0.040006645
153057,0.006791154
153067,0.10174854
153084,0.047925945
153088,0.13960046
153089,0.01850846
153093,0.017320244
153094,0.10416304
153095,0.21166664
153105,0.07641288
153108,0.11622238
153110,0.043108635
153119,0.118176304
153135,0.014808041
153139,0.025303131
153146,0.031417865
153154,0.0887689
153185,0.024671562
153195,0.1913249
153196,0.015030524
153198,0.021034563
153202,0.010765224
153203,0.011004366
153209,0.026983961
153223,0.06963569
153224,0.033813924
153227,0.042925686
153230,0.049021546
153233,0.050950684
153234,0.009983
153235,0.114424594
153243,0.13208315
153263,0.077412374
153269,0.03366356
153272,0.008605811
153276,0.15833072
153279,0.07308444
153291,0.095557705
153311,0.034568094
153328,0.19086337
153330,0.10947603
153341,0.19072025
153345,0.041214064
153393,0.023343664
153394,0.058286358
153395,0.05824369
153420,0.12946121
153428,0.14701112
153432,0.0721606
153449,0.016285824
153458,0.29237828
153459,0.009870395
153472,0.028750792
153475,0.009047723
153479,0.07218404
153480,0.08085095
153490,0.09745079
153491,0.01619459
153501,0.03750738
153502,0.03649108
153507,0.067338094
153513,0.18161303
153514,0.110676296
153519,0.15457669
153520,0.0070402017
153556,0.05884639
153577,0.043428272
153582,0.3357124
153594,0.09847586
153595,0.028900247
153598,0.06772394
153601,0.028091343
153625,0.022661725
153641,0.007395278
153654,0.029417003
153676,0.04758665
153681,0.0033485435
153704,0.043823082
153706,0.060707267
153710,0.13901725
153720,0.070003435
153734,0.12905219
153738,0.03519369
153743,0.028614089
153748,0.05594211
153756,0.119074285
153757,0.026514526
153759,0.022402978
153764,0.17448372
153782,0.012876469
153796,0.19338505
153802,0.14897248
153809,0.5467596
153810,0.008098934
153817,0.22801441
153821,0.018489113
153823,0.023401968
153830,0.03452987
153834,0.034799393
153839,0.027541496
153842,0.110357344
153847,0.21546966
153855,0.019474057
153873,0.011518281
153875,0.06080928
153882,0.08648241
153884,0.008551184
153885,0.25256106
153886,0.054687902
153890,0.04967113
153892,0.014537567
153897,0.03931711
153898,0.07074679
153901,0.055092435
153924,0.051620238
153928,0.041711655
153929,0.18348727
153949,0.01372636
153979,0.026382187
153980,0.0057637542
153981,0.034820747
154010,0.17766607
154015,0.02266039
154039,0.07741159
154043,0.0044306996
154044,0.07254384
154046,0.06639722
154047,0.019517906
154058,0.028272765
154060,0.02459762
154065,0.25501946
154083,0.041739997
154100,0.0865242
154108,0.09457418
154120,0.1632297
154121,0.08011032
154122,0.078841224
154128,0.057314914
154137,0.04877017
154143,0.12828104
154151,0.1158765
154158,0.022239894
154176,0.019543566
154184,0.066775694
154191,0.051032476
154215,0.13471316
154216,0.046425942
154220,0.019780897
154222,0.15398006
154227,0.030184142
154241,0.008632393
154243,0.052380405
154244,0.059645664
154254,0.014031662
154264,0.014553842
154265,0.100070424
154268,0.08737943
154269,0.012900159
154299,0.0057859793
154307,0.03964402
154315,0.14227358
154325,0.038721498
154327,0.05388634
154332,0.108669676
154346,0.011527856
154347,0.008592502
154353,0.2503063
154369,0.035075746
154376,0.027776267
154377,0.14412022
154379,0.059897088
154389,0.019147146
154402,0.070916876
154403,0.01912862
154416,0.017653499
154428,0.05087662
154430,0.013132148
154442,0.53668064
154447,0.024621451
154468,0.010355331
154470,0.018395752
154473,0.09169092
154480,0.032040816
154486,0.03146971
154500,0.06229794
154507,0.17428231
154529,0.0067739463
154549,0.008515155
154557,0.018994125
154571,0.08837952
154578,0.030725593
154580,0.026138728
154591,0.03745835
154611,0.29351267
154623,0.0083061615
154650,0.059672866
154655,0.15866351
154659,0.071641386
154680,0.13004932
154681,0.028394077
154690,0.1420855
154711,0.03510098
154712,0.020584935
154722,0.016543267
154731,0.034635823
154747,0.21844836
154749,0.09183036
154750,0.057918243
154760,0.072734006
154763,0.06049649
154786,0.14605476
154788,0.052225206
154792,0.10162786
154807,0.30831075
154812,0.017757453
154818,0.17350043
154819,0.052107576
154824,0.078561865
154839,0.092883214
154840,0.008371206
154843,0.029845964
154847,0.113889344
154849,0.08465691
154850,0.003205677
154851,0.04563433
154853,0.036985878
154858,0.013778197
154868,0.44180608
154871,0.015546757
154877,0.016491996
154916,0.015423407
154920,0.01147057
154922,0.1447125
154924,0.038344797
154933,0.14028133
154942,0.15194638
154955,0.033535976
154957,0.3061693
154966,0.036558658
154971,0.035619356
154972,0.03398509
154973,0.04660821
154974,0.010292885
154979,0.032158624
154982,0.05354401
154990,0.15374997
154991,0.028666077
154994,0.11666262
154995,0.055399932
155009,0.009201594
155014,0.015703974
155017,0.008797123
155018,0.031584673
155019,0.07454114
155020,0.020862268
155027,0.052055106
155034,0.091528565
155047,0.020931836
155049,0.22321393
155052,0.14047508
155053,0.02908939
155059,0.07920114
155060,0.22720489
155069,0.02140956
155077,0.19939996
155078,0.03614045
155086,0.028963525
155088,0.060606662
155094,0.014012425
155099,0.014867021
155100,0.031813983
155116,0.06338429
155117,0.07300487
155119,0.049488597
155120,0.0073253955
155133,0.10070541
155135,0.40587264
155141,0.26569816
155144,0.009597656
155145,0.026533978
155174,0.055602696
155194,0.07194203
155196,0.013200678
155204,0.06738952
155232,0.17853081
155240,0.027919108
155246,0.024763757
155254,0.019681606
155267,0.011868512
155273,0.043888208
155274,0.07001522
155283,0.054591928
155296,0.23019452
155312,0.013366275
155318,0.013479748
155322,0.09431062
155323,0.116246454
155329,0.115615584
155342,0.018236233
155346,0.29908326
155366,0.114653
155369,0.052538842
155372,0.12540178
155378,0.07940081
155382,0.16728586
155390,0.025281036
155401,0.11670781
155428,0.073302135
155443,0.083031826
155445,0.0175234
155450,0.03036269
155452,0.12760533
155453,0.01497613
155480,0.17614996
155482,0.018213442
155484,0.10838328
155485,0.031669967
155496,0.096002795
155497,0.22505523
155531,0.018425236
155541,0.021416694
155547,0.085536726
155550,0.07448871
155551,0.07806771
155565,0.10062676
155567,0.013904393
155569,0.13829772
155573,0.026933383
155575,0.08325734
155581,0.01930898
155591,0.051330682
155593,0.18384205
155594,0.020203145
155610,0.2706937
155623,0.047595147
155624,0.08861632
155629,0.020812515
155638,0.07197049
155650,0.02854763
155652,0.040310994
155687,0.060536902
155697,0.12954475
155715,0.26110527
155718,0.0395155
155719,0.014314871
155723,0.13680285
155730,0.074625224
155731,0.046621326
155737,0.14539851
155738,0.12758407
155740,0.04194935
155742,0.02024201
155755,0.03054958
155766,0.07070281
155768,0.02031988
155771,0.09008817
155803,0.030862663
155808,0.015534625
155809,0.04035263
155812,0.02048545
155820,0.12434697
155832,0.09407866
155841,0.10239739
155847,0.202694
155848,0.07923692
155855,0.1917586
155886,0.05503144
155893,0.103571184
155905,0.05479132
155910,0.2500609
155912,0.010025357
155919,0.32328525
155921,0.038964204
155937,0.027133165
155939,0.15785037
155950,0.039493624
155987,0.07688325
155988,0.078644596
156005,0.022716163
156006,0.010030232
156010,0.034831937
156018,0.05591491
156021,0.19410865
156026,0.05787902
156030,0.045966063
156033,0.012451734
156038,0.073805176
156041,0.10614665
156049,0.031619426
156050,0.0113064535
156068,0.040941097
156069,0.190579
156087,0.009630973
156088,0.09824275
156095,0.03971835
156104,0.1288807
156107,0.023995051
156108,0.042179745
156111,0.11231476
156119,0.00996008
156123,0.075820185
156140,0.397469
156149,0.009886234
156161,0.01917121
156180,0.24666531
156186,0.07540304
156189,0.16442086
156194,0.026696488
156200,0.010208929
156213,0.43029168
156214,0.05791865
156228,0.01960338
156234,0.01928599
156236,0.08165818
156243,0.032103654
156256,0.025701137
156268,0.04640523
156269,0.011214097
156270,0.057539638
156274,0.0932546
156290,0.020979524
156291,0.022329949
156292,0.09574191
156298,0.05609353
156301,0.110347554
156302,0.15924382
156309,0.0681667
156355,0.015150424
156365,0.024407689
156367,0.18926996
156372,0.008445883
156376,0.03927191
156377,0.077148534
156389,0.029680958
156400,0.07018097
156404,0.27290815
156405,0.015336993
156426,0.07466706
156427,0.02132326
156429,0.068956785
156430,0.047597155
156431,0.040093288
156432,0.068053104
156449,0.054275338
156463,0.02755381
156464,0.024489364
156478,0.017258048
156492,0.10223317
156508,0.13291234
156509,0.103539184
156517,0.10468286
156526,0.057776894
156527,0.010081798
156538,0.20362486
156542,0.028548457
156543,0.0606369
156555,0.024172148
156556,0.08756043
156561,0.06813052
156563,0.00769674
156564,0.060328614
156567,0.0072668702
156570,0.03125602
156581,0.0298484
156594,0.06855624
156597,0.06066204
156600,0.082167685
156601,0.019290157
156627,0.052104905
156629,0.061572712
156642,0.01174191
156644,0.031172864
156663,0.014817443
156674,0.025755916
156688,0.010558616
156696,0.059429903
156707,0.007539616
156723,0.14633894
156728,0.12849826
156731,0.050750967
156732,0.052672036
156733,0.11837877
156768,0.08628815
156773,0.053814087
156782,0.11570113
156815,0.089897186
156837,0.021088282
156854,0.0470713
156861,0.0726574
156862,0.0080836415
156878,0.2135546
156903,0.058171593
156910,0.017803447
156925,0.024739677
156933,0.018544707
156952,0.042313673
156953,0.073189884
156963,0.3330377
156965,0.36593062
156989,0.010205745
156994,0.016626108
156996,0.024123259
157005,0.055150017
157011,0.025035035
157046,0.04890327
157058,0.055749338
157061,0.12784003
157065,0.04958398
157066,0.039581597
157067,0.12240331
157090,0.10283013
157091,0.06843967
157096,0.020366304
157101,0.4312557
157104,0.03350862
157109,0.034444768
157116,0.10047239
157120,0.16855676
157121,0.054925695
157124,0.31143457
157125,0.028919784
157132,0.131342
157153,0.0808417
157157,0.2104087
157159,0.12261004
157168,0.043218773
157189,0.025275316
157195,0.04454837
157203,0.041409463
157210,0.10389592
157212,0.02445052
157220,0.050364524
157239,0.07275342
157241,0.03175607
157246,0.022870092
157247,0.20196192
157252,0.013766144
157253,0.26478896
157265,0.045701984
157291,0.07294382
157292,0.03251107
157301,0.06209065
157306,0.1954806
157312,0.4366644
157314,0.06255849
157332,0.024745114
157333,0.04140471
157337,0.18624443
157345,0.09612059
157347,0.0935014
157363,0.060262892
157376,0.01930646
157382,0.039107025
157397,0.017872695
157409,0.022064662
157411,0.014995712
157422,0.023648331
157428,0.026105408
157434,0.18530554
157442,0.024753861
157446,0.016586503
157456,0.033863336
157465,0.027630363
157469,0.048461966
157482,0.02308808
157497,0.022101898
157507,0.009054627
157510,0.060362156
157515,0.0143631855
157529,0.046904415
157530,0.0870445
157541,0.07888045
157546,0.14169778
157553,0.053521205
157554,0.05698
157562,0.14748459
157565,0.12462104
157566,0.04722554
157571,0.015326253
157572,0.010961924
157574,0.009027072
157575,0.025899816
157581,0.25553787
157590,0.4871647
157604,0.015683077
157611,0.09808483
157617,0.17337352
157620,0.101977885
157623,0.07823713
157651,0.10263083
157653,0.026582884
157664,0.0933536
157690,0.042427573
157704,0.04790761
157712,0.14900045
157722,0.14769351
157727,0.019910514
157764,0.01771673
157765,0.16441758
157775,0.018761782
157777,0.07172833
157789,0.08553943
157802,0.25466907
157803,0.02541451
157804,0.02833538
157805,0.11342387
157822,0.09481156
157823,0.017949492
157827,0.02813364
157836,0.09354101
157839,0.03999091
157847,0.047739916
157859,0.047601454
157864,0.020144034
157866,0.23980127
157877,0.30219385
157886,0.034586202
157892,0.053289045
157903,0.02255394
157913,0.10365458
157919,0.014911672
157920,0.119570635
157923,0.05605922
157926,0.027207239
157927,0.111137584
157948,0.012673306
157949,0.036417507
157952,0.02867832
157955,0.43391877
157958,0.0971801
157960,0.044557832
157966,0.04885955
157970,0.039624255
157979,0.026453793
157980,0.061794367
157985,0.009554457
157997,0.17758644
157998,0.07989073
158002,0.06882319
158004,0.03232261
158005,0.06421807
158007,0.03846238
158008,0.025775408
158015,0.015478014
158033,0.1581042
158036,0.06125763
158041,0.086079516
158044,0.052060373
158049,0.1199923
158061,0.024591003
158078,0.022270316
158099,0.009017522
158100,0.03774807
158102,0.072697304
158107,0.05546672
158114,0.06386622
158127,0.18156898
158128,0.08021662
158142,0.056130048
158145,0.18504812
158146,0.06676671
158167,0.007869369
158176,0.093155764
158184,0.019602736
158197,0.025965387
158201,0.037602793
158202,0.08851643
158205,0.054789457
158208,0.3186622
158211,0.08711023
158215,0.055342354
158218,0.05402794
158221,0.44377849
158223,0.07870382
158230,0.012166302
158234,0.014633894
158235,0.030173494
158245,0.062250555
158254,0.059874505
158267,0.07262749
158277,0.014290604
158283,0.066210136
158289,0.1496722
158290,0.044356626
158298,0.018220758
158307,0.009237747
158332,0.062298264
158336,0.024305793
158342,0.03835012
158344,0.024213266
158347,0.14398436
158352,0.0073882705
158354,0.055152085
158355,0.0339222
158357,0.010457291
158365,0.019353442
158366,0.006767645
158367,0.042859863
158368,0.39394328
158384,0.12797694
158388,0.010080242
158395,0.08147259
158413,0.043131933
158425,0.037293267
158426,0.06467114
158432,0.00929609
158444,0.048472364
158453,0.027921034
158454,0.12133785
158459,0.01736156
158462,0.01619117
158468,0.04298171
158469,0.06662931
158470,0.036658596
158483,0.06934341
158485,0.03754675
158490,0.10195227
158494,0.024735011
158500,0.028900541
158503,0.025591997
158504,0.011488286
158519,0.10551688
158523,0.031694088
158527,0.018013094
158533,0.024097482
158535,0.017807916
158539,0.022752604
158544,0.16286021
158547,0.013120945
158551,0.12961404
158552,0.004323984
158560,0.017039798
158616,0.32751933
158638,0.024727548
158642,0.02634836
158651,0.0062992736
158653,0.013817628
158677,0.01277126
158683,0.024745952
158687,0.019415576
158693,0.043488663
158700,0.055002797
158703,0.04465579
158705,0.09569744
158706,0.027604412
158708,0.018796677
158712,0.03388458
158714,0.094426624
158715,0.027090652
158752,0.019742573
158753,0.016458593
158763,0.018175945
158764,0.056727767
158767,0.16333038
158770,0.010922843
158781,0.019672023
158789,0.10864289
158790,0.04042356
158791,0.3982726
158795,0.19064797
158796,0.025594523
158800,0.028161887
158806,0.04290281
158807,0.251199
158815,0.13873373
158824,0.0397147
158828,0.1713715
158831,0.30368787
158840,0.04163078
158841,0.017300857
158847,0.07514358
158856,0.06516557
158858,0.10636972
158884,0.05241817
158885,0.024267092
158891,0.10749359
158898,0.048637293
158911,0.03227888
158913,0.0074960394
158918,0.041372944
158926,0.029252993
158929,0.076115444
158939,0.04120969
158940,0.046849012
158952,0.04380501
158963,0.020102823
158973,0.017279314
158977,0.13914947
158988,0.112288564
159013,0.22380345
159016,0.0738536
159018,0.010601553
159024,0.3943662
159034,0.0670332
159035,0.09637062
159039,0.08352186
159049,0.07311097
159056,0.09504126
159068,0.06154526
159078,0.13681334
159099,0.06556185
159103,0.12068492
159106,0.20902163
159113,0.020221367
159117,0.03208151
159124,0.43236035
159132,0.030886736
159139,0.022254393
159142,0.055836875
159145,0.04568016
159147,0.022603145
159174,0.008405455
159201,0.035800695
159203,0.0318004
159212,0.15527041
159214,0.0496837
159221,0.057348184
159240,0.025800955
159241,0.0384644
159242,0.0584588
159244,0.07730173
159250,0.063168906
159275,0.024674108
159284,0.047940865
159293,0.03576499
159295,0.0074623134
159301,0.020247135
159310,0.0791298
159314,0.12169701
159318,0.019245066
159333,0.027689494
159334,0.025316684
159335,0.065605335
159337,0.22433469
159338,0.042752173
159340,0.10218217
159361,0.034742005
159384,0.12864955
159402,0.05913742
159421,0.017643636
159424,0.12038829
159425,0.008675604
159426,0.042119537
159439,0.10210176
159445,0.038139842
159449,0.028196419
159460,0.3354199
159475,0.042677466
159481,0.05527364
159483,0.03777051
159494,0.04862835
159504,0.008202231
159512,0.09195954
159522,0.25868994
159524,0.050790988
159526,0.016288674
159528,0.042892884
159547,0.3047138
159555,0.018973624
159562,0.025317881
159563,0.017049016
159565,0.17826185
159569,0.10631436
159578,0.029004047
159579,0.14249076
159581,0.011998602
159594,0.043591544
159598,0.024046043
159604,0.05326188
159605,0.036564857
159620,0.07433666
159631,0.066412255
159633,0.0131574785
159659,0.07271444
159661,0.21085198
159667,0.020852964
159669,0.069548175
159682,0.08942899
159683,0.028448643
159693,0.07113994
159698,0.025182787
159702,0.11952251
159703,0.027999278
159707,0.024786927
159716,0.04466119
159732,0.017120026
159734,0.04437322
159740,0.047515716
159748,0.097229555
159751,0.096472226
159756,0.06315274
159758,0.29416808
159767,0.123703666
159769,0.23589703
159775,0.055050902
159802,0.091208674
159804,0.11141195
159817,0.043004546
159818,0.00762279
159824,0.019232005
159837,0.014450052
159840,0.035586998
159842,0.18166918
159851,0.0082126055
159865,0.42441893
159866,0.13503276
159872,0.043585323
159874,0.022338368
159879,0.023522908
159883,0.046097644
159884,0.028348237
159898,0.18176046
159903,0.10199866
159906,0.06454511
159914,0.11021985
159915,0.2302116
159917,0.011996602
159929,0.052014217
159949,0.13229905
159951,0.05986622
159953,0.05421116
159957,0.06709057
159968,0.041607223
159972,0.055474102
159973,0.07884264
159993,0.08517055
160008,0.08142059
160011,0.058684714
160013,0.058106598
160015,0.019067587
160017,0.0069787987
160023,0.0935389
160028,0.1002062
160035,0.055624764
160074,0.11725843
160076,0.039153054
160077,0.05935088
160080,0.030477682
160084,0.13828167
160089,0.31638038
160094,0.015195347
160101,0.013540324
160103,0.021562262
160111,0.050739046
160114,0.02091985
160116,0.019394113
160119,0.21200588
160123,0.031164961
160141,0.024283333
160147,0.02352677
160151,0.013971566
160172,0.35877714
160173,0.012503075
160177,0.033958472
160178,0.049869947
160180,0.031268947
160181,0.015361886
160188,0.03173394
160189,0.0070100925
160193,0.021786029
160205,0.018237844
160214,0.095522925
160215,0.04541284
160217,0.019756654
160262,0.02334859
160263,0.024301931
160273,0.050776783
160282,0.12095996
160295,0.38254353
160297,0.0501315
160303,0.0099669425
160305,0.055793945
160309,0.020325687
160324,0.01787297
160338,0.18205023
160366,0.06338685
160375,0.021998923
160381,0.008905325
160398,0.01682549
160400,0.062170383
160406,0.058923315
160410,0.02238869
160411,0.015195462
160418,0.032236934
160440,0.008843225
160441,0.060719278
160450,0.32855526
160465,0.03444585
160470,0.033468965
160471,0.13196908
160472,0.48424602
160479,0.08281172
160490,0.029845316
160500,0.09908382
160503,0.028047353
160504,0.040334787
160515,0.042811554
160541,0.11688406
160545,0.08608877
160562,0.05026355
160589,0.015173008
160594,0.019901952
160595,0.03638021
160598,0.06407501
160601,0.015513951
160605,0.107246056
160606,0.022959532
160607,0.02116306
160608,0.08299243
160610,0.0428861
160614,0.07447767
160615,0.015023834
160626,0.024949905
160634,0.016741108
160656,0.012580683
160660,0.023443006
160666,0.06913068
160672,0.044424854
160673,0.022927374
160674,0.02243358
160681,0.038790695
160683,0.10129567
160694,0.007468324
160710,0.08192386
160715,0.1388664
160719,0.13686012
160732,0.030095473
160734,0.009431446
160737,0.1822067
160742,0.07004618
160747,0.019094314
160749,0.16123551
160753,0.056199953
160756,0.13830212
160757,0.07454657
160763,0.011453886
160782,0.039798602
160789,0.036109127
160804,0.033769686
160805,0.049448743
160813,0.042363882
160815,0.009601727
160819,0.014640736
160820,0.045528296
160822,0.039806094
160823,0.09647563
160837,0.085915856
160841,0.017205171
160847,0.1615086
160861,0.045367543
160886,0.019506544
160891,0.024547555
160897,0.020957846
160914,0.10864643
160915,0.14576024
160929,0.087388866
160930,0.006002284
160931,0.029545845
160935,0.09443056
160939,0.043943625
160953,0.012751016
160954,0.040411934
160962,0.037911475
160966,0.015571247
160982,0.04075426
160983,0.03217495
160991,0.011668502
160998,0.013141168
161009,0.14316621
161014,0.019176828
161017,0.094356656
161021,0.036641885
161023,0.029866438
161027,0.03265644
161028,0.076208696
161030,0.31645173
161031,0.00874371
161033,0.027211675
161050,0.11287992
161053,0.038068738
161054,0.027521541
161055,0.021148382
161059,0.037203826
161061,0.07364837
161065,0.071513906
161069,0.034102295
161072,0.032095246
161073,0.024789963
161080,0.04519746
161083,0.029926514
161104,0.05873775
161111,0.0785154
161139,0.22780101
161149,0.026222996
161158,0.19733341
161171,0.08145667
161175,0.0692583
161201,0.075401
161202,0.1278371
161205,0.05090024
161228,0.018493274
161233,0.019043691
161234,0.05324344
161237,0.029045457
161238,0.038429182
161250,0.15822974
161251,0.04363033
161253,0.031544756
161254,0.025912406
161283,0.0854748
161291,0.060684573
161297,0.039330315
161300,0.041933186
161314,0.07585063
161315,0.056918077
161336,0.035275582
161341,0.17443742
161343,0.084969625
161351,0.1662505
161352,0.048649088
161353,0.051678978
161361,0.09163601
161366,0.023139302
161368,0.37127554
161378,0.034856763
161379,0.1463286
161380,0.031726908
161398,0.18441176
161408,0.00695981
161432,0.011471538
161439,0.18344803
161461,0.05136161
161467,0.13625799
161468,0.04227877
161471,0.05553916
161477,0.1255886
161503,0.017447455
161514,0.014438044
161524,0.34096956
161527,0.06308944
161528,0.012553683
161531,0.28411007
161536,0.019278111
161537,0.0232617
161548,0.024817104
161558,0.024876058
161572,0.022164697
161586,0.010786521
161605,0.06587277
161606,0.07764733
161607,0.086577676
161618,0.1010253
161640,0.058123175
161658,0.05515263
161660,0.017484155
161661,0.12419398
161662,0.25391874
161677,0.12419792
161681,0.061853293
161682,0.017378196
161683,0.0733045
161685,0.013610052
161686,0.015514373
161687,0.041830923
161691,0.029382205
161701,0.07085386
161707,0.033623096
161709,0.018047115
161710,0.023949664
161711,0.05102048
161714,0.08263137
161742,0.029901842
161751,0.018104425
161764,0.04553971
161771,0.09851266
161781,0.13906778
161782,0.044953827
161800,0.011590214
161810,0.05451608
161812,0.06973118
161813,0.012514496
161816,0.008546864
161838,0.119821206
161841,0.039384075
161845,0.018163683
161871,0.044183
161877,0.14960904
161882,0.036329724
161885,0.088615514
161886,0.028556298
161895,0.04478334
161897,0.14085121
161914,0.07242354
161921,0.16481115
161922,0.026677296
161927,0.58525246
161946,0.009598762
161952,0.017811136
161954,0.11919651
161955,0.07994514
161961,0.11067733
161977,0.085217126
161980,0.092323266
161989,0.11978795
161993,0.15118945
162002,0.038351756
162011,0.023401193
162012,0.011817959
162015,0.03816499
162016,0.01827858
162019,0.031655062
162021,0.09715084
162022,0.11635511
162023,0.07887042
162025,0.035273783
162028,0.010552371
162029,0.022991005
162030,0.01355514
162031,0.21498588
162033,0.09121146
162037,0.0059376764
162044,0.11638642
162071,0.079530545
162093,0.036080483
162094,0.035638712
162100,0.006272821
162102,0.12727012
162105,0.03841926
162109,0.12817726
162116,0.07873264
162117,0.030635608
162118,0.19391531
162120,0.08487582
162125,0.026061278
162128,0.29251373
162131,0.16252944
162133,0.12956096
162135,0.088955455
162156,0.016827889
162157,0.025684707
162165,0.100950055
162166,0.0061689983
162170,0.072166175
162201,0.018255662
162202,0.026518805
162206,0.006285978
162211,0.039136857
162227,0.048116248
162232,0.025308968
162235,0.05619544
162237,0.3748612
162248,0.020424027
162261,0.093644604
162262,0.025725381
162280,0.024342237
162282,0.013154439
162284,0.0372367
162287,0.24706608
162305,0.056925382
162308,0.028417122
162309,0.02426133
162312,0.054204814
162313,0.007263386
162316,0.022098316
162324,0.0695824
162325,0.061172217
162333,0.019959789
162334,0.05460814
162337,0.050967675
162340,0.040897973
162344,0.10087931
162347,0.038195156
162350,0.038291786
162351,0.07094035
162365,0.08026686
162368,0.034648128
162379,0.08582597
162383,0.0464896
162392,0.050782334
162393,0.027495582
162397,0.094988674
162398,0.09701802
162406,0.11196885
162410,0.054091856
162418,0.0058744485
162420,0.07800569
162424,0.08745553
162425,0.019133264
162438,0.06112227
162442,0.010816301
162462,0.035155796
162476,0.011508356
162477,0.009891725
162480,0.060732417
162491,0.022733845
162493,0.036060575
162503,0.024974884
162504,0.015225219
162513,0.052495427
162516,0.17548496
162517,0.023968125
162522,0.07365034
162523,0.09379738
162542,0.093753435
162584,0.10467119
162586,0.043556247
162589,0.0264298
162594,0.030733334
162616,0.019729491
162630,0.11229581
162637,0.10774226
162652,0.017383628
162659,0.21553265
162668,0.013307999
162674,0.027718438
162680,0.037191242
162685,0.2711149
162689,0.21276635
162711,0.048842482
162714,0.023254685
162732,0.013143679
162741,0.03101702
162758,0.1590421
162759,0.023326863
162775,0.12081149
162776,0.04131273
162777,0.016177397
162782,0.032102942
162786,0.019684404
162794,0.09172919
162799,0.01291905
162801,0.13121675
162802,0.10168091
162807,0.044297308
162820,0.024648858
162827,0.014751542
162833,0.07020031
162837,0.015043922
162844,0.022882143
162860,0.017653376
162862,0.033033647
162864,0.11276357
162868,0.07072432
162880,0.020995777
162895,0.34561276
162898,0.06773708
162918,0.12715064
162924,0.04808156
162931,0.070600055
162936,0.042235028
162978,0.13235249
162979,0.036013465
162988,0.07983687
162989,0.044476014
163013,0.108666375
163014,0.013727335
163021,0.056211147
163024,0.014323633
163027,0.0074299583
163030,0.019798707
163031,0.017435327
163032,0.022382742
163039,0.0883652
163042,0.03704871
163048,0.01774775
163049,0.011481432
163068,0.048947245
163071,0.042166602
163074,0.24576569
163079,0.038567614
163080,0.01225077
163085,0.05736654
163093,0.028827904
163094,0.29201934
163109,0.045211375
163116,0.03650247
163117,0.054407228
163118,0.07844809
163119,0.37961817
163121,0.017960304
163131,0.022779357
163132,0.033697173
163133,0.17305504
163182,0.06303817
163187,0.036230363
163188,0.30799785
163195,0.010830248
163197,0.013395742
163200,0.005856317
163206,0.21962196
163207,0.028820988
163214,0.116611116
163222,0.006947074
163224,0.029041156
163226,0.09539184
163235,0.0994384
163240,0.0279812
163258,0.087708436
163263,0.026284356
163264,0.14530618
163265,0.076927036
163266,0.052952617
163268,0.09951601
163272,0.008294206
163273,0.30238405
163278,0.18067852
163288,0.005517478
163299,0.16187516
163302,0.12214079
163307,0.013395156
163321,0.043522146
163349,0.08043849
163352,0.11216432
163353,0.17514546
163357,0.17618662
163362,0.037273705
163375,0.03705048
163385,0.026888669
163386,0.13766997
163390,0.049424186
163408,0.1111697
163423,0.067226596
163426,0.106038496
163437,0.19165553
163452,0.027410174
163472,0.031103851
163473,0.024094544
163479,0.01846471
163480,0.03837712
163487,0.044268582
163492,0.16492003
163493,0.031090496
163523,0.16241445
163524,0.037561722
163527,0.053654466
163528,0.07562777
163531,0.0061942493
163538,0.07029051
163556,0.0141402045
163563,0.29878724
163566,0.08532316
163570,0.025981661
163571,0.015198539
163574,0.019114465
163578,0.034240514
163580,0.0874955
163597,0.096262194
163601,0.06877429
163604,0.08976006
163609,0.018982321
163618,0.06451118
163634,0.14689578
163647,0.082602344
163660,0.24821566
163661,0.036559723
163666,0.03568532
163667,0.074031204
163669,0.056505565
163676,0.016632814
163681,0.010685195
163682,0.024624703
163684,0.05720081
163714,0.20549077
163724,0.021212535
163728,0.20868507
163729,0.015733277
163738,0.015174113
163742,0.06507209
163743,0.13559565
163748,0.09727975
163759,0.106081374
163782,0.010352786
163793,0.0714961
163800,0.01499419
163801,0.08845196
163802,0.04423858
163814,0.056561846
163820,0.05307854
163821,0.021409325
163848,0.021305362
163852,0.10178823
163854,0.051624496
163855,0.24047321
163882,0.014443861
163895,0.03761737
163900,0.19290541
163907,0.15057348
163915,0.015926206
163926,0.054878734
163929,0.022496657
163934,0.18069209
163940,0.06705423
163943,0.05987136
163944,0.032484494
163949,0.02135699
163951,0.015834099
163952,0.07998063
163965,0.120964706
163970,0.012452239
163980,0.031407684
163981,0.031556338
163988,0.14764625
163989,0.085690096
163991,0.023701003
164015,0.021995742
164028,0.03685037
164030,0.028800668
164031,0.055457924
164037,0.012524599
164049,0.07545802
164052,0.06360071
164059,0.015164147
164083,0.12815626
164095,0.03907975
164106,0.41437462
164116,0.028111216
164117,0.29234836
164119,0.027045527
164133,0.11758761
164134,0.045243453
164142,0.037232276
164143,0.013166503
164147,0.025445161
164148,0.18546052
164150,0.16745374
164152,0.04069007
164156,0.04068062
164157,0.054132797
164158,0.012730036
164166,0.10686847
164191,0.014468154
164194,0.043066602
164198,0.010893081
164201,0.015921058
164202,0.06855122
164207,0.52049017
164228,0.026580459
164240,0.084410444
164241,0.020875962
164244,0.018009141
164256,0.08352638
164262,0.045240816
164269,0.01338342
164276,0.019963982
164281,0.19558123
164290,0.03319208
164300,0.2434664
164305,0.15597895
164307,0.029032296
164308,0.01723688
164309,0.008026982
164314,0.05059579
164319,0.03405494
164331,0.029133637
164332,0.013533785
164343,0.13693556
164349,0.10267248
164363,0.021269651
164373,0.061071448
164410,0.22392856
164417,0.045366365
164436,0.0218276
164438,0.013632
164441,0.062328245
164445,0.021142248
164451,0.059517108
164452,0.00703194
164502,0.09384971
164513,0.09539684
164526,0.19182572
164527,0.045522608
164528,0.09308662
164530,0.028140793
164537,0.12257644
164542,0.100599155
164546,0.03744105
164555,0.26258382
164556,0.00599221
164568,0.18431544
164571,0.17291449
164572,0.23374446
164574,0.0436934
164580,0.0236932
164597,0.011566951
164601,0.009737948
164619,0.028875586
164633,0.021603925
164642,0.033220094
164652,0.11795834
164676,0.032463692
164682,0.018243488
164685,0.068194516
164691,0.12565546
164696,0.0226766
164708,0.08842793
164711,0.099738926
164712,0.13676356
164717,0.08964333
164721,0.03605806
164740,0.021833306
164746,0.009288422
164755,0.05214135
164761,0.030590435
164764,0.013674426
164766,0.51294523
164776,0.24257824
164777,0.027953675
164783,0.04989719
164786,0.014052609
164799,0.05986194
164808,0.074187376
164812,0.05447887
164815,0.07611204
164816,0.016075382
164817,0.12982728
164818,0.15275797
164819,0.30849418
164821,0.045225188
164822,0.02647333
164825,0.01641212
164834,0.058789413
164841,0.008484196
164842,0.050518114
164853,0.018720625
164855,0.14296037
164856,0.037340734
164878,0.01762971
164883,0.02189943
164887,0.02844925
164888,0.0061559086
164889,0.051085107
164891,0.2972641
164892,0.011434363
164922,0.023901086
164924,0.05562064
164933,0.17932034
164938,0.025443561
164939,0.1300623
164949,0.025023602
164950,0.021587487
164957,0.1796083
164961,0.03890781
164963,0.018178932
164972,0.013499369
164980,0.015357522
164981,0.024937922
165020,0.04169876
165027,0.049164984
165046,0.048347376
165048,0.10580677
165049,0.04579289
165058,0.054905873
165065,0.019847626
165081,0.03736827
165082,0.08093681
165090,0.024004033
165107,0.017891001
165131,0.053376336
165133,0.122991376
165137,0.01353052
165140,0.21313915
165142,0.03315
165143,0.048701134
165152,0.15021597
165154,0.056815676
165158,0.065858945
165166,0.026645795
165168,0.089365385
165171,0.014773403
165175,0.083956465
165182,0.012406749
165188,0.21594144
165190,0.014314299
165199,0.015231968
165202,0.112662785
165203,0.06913752
165204,0.09440463
165208,0.02125746
165221,0.061175708
165243,0.016544143
165283,0.12786485
165300,0.023032457
165302,0.08092571
165304,0.023502573
165313,0.022508103
165336,0.09795224
165339,0.038228042
165363,0.3203289
165376,0.091321684
165380,0.16944386
165385,0.01593401
165386,0.035613608
165410,0.01704193
165422,0.014704394
165426,0.051909845
165428,0.046445813
165445,0.18375096
165452,0.061755884
165454,0.047348715
165455,0.019710442
165462,0.07574829
165465,0.053497046
165466,0.07367654
165467,0.13533676
165476,0.027935334
165477,0.027848285
165478,0.27234372
165497,0.03871304
165500,0.03463654
165511,0.049560286
165513,0.09462469
165515,0.27792585
165521,0.009048715
165522,0.09610394
165523,0.050041467
165530,0.09183217
165537,0.026830176
165538,0.0156014245
165539,0.05438411
165545,0.024208112
165550,0.028610397
165551,0.057761244
165552,0.0564901
165557,0.033585712
165558,0.065471016
165560,0.022263553
165574,0.21694307
165576,0.2855466
165587,0.024842745
165601,0.006431609
165605,0.013231784
165606,0.010414303
165607,0.029639143
165624,0.1168777
165632,0.03969077
165633,0.05858583
165634,0.06463464
165646,0.01652989
165649,0.020605171
165651,0.080101624
165661,0.0493122
165666,0.11360082
165669,0.047633752
165674,0.06088962
165685,0.14254518
165687,0.034235936
165692,0.04454205
165721,0.1391499
165726,0.14529856
165748,0.024602147
165749,0.08903084
165752,0.024712717
165755,0.044719096
165758,0.026219387
165761,0.021994932
165762,0.028005987
165780,0.023012722
165781,0.025467781
165789,0.092229374
165802,0.0062329187
165806,0.045371957
165817,0.037943125
165822,0.34724525
165837,0.011757686
165840,0.16584083
165846,0.006035619
165853,0.011906929
165864,0.3481632
165865,0.020595912
165868,0.092672184
165869,0.048002496
165871,0.050591335
165880,0.023893567
165887,0.07356612
165904,0.057050925
165907,0.028233016
165910,0.08259387
165915,0.09565724
165917,0.03597864
165918,0.21003684
165919,0.038010612
165923,0.059467584
165931,0.016027674
165932,0.03383105
165934,0.44887632
165939,0.054657236
165944,0.107317224
165951,0.44948244
165955,0.014432869
165959,0.09937125
165966,0.105701074
165970,0.055415787
165975,0.010407636
165977,0.009491911
165990,0.29514346
165997,0.027578613
166003,0.05036108
166008,0.009656833
166020,0.045964725
166025,0.02448151
166033,0.054845266
166038,0.035418294
166042,0.04107388
166049,0.008497158
166071,0.008549725
166091,0.11272853
166093,0.21989793
166095,0.039861664
166104,0.012783289
166107,0.028357347
166108,0.017103994
166110,0.018505467
166112,0.10146227
166135,0.05473154
166136,0.01591683
166138,0.096723475
166153,0.29942435
166155,0.14148223
166158,0.03505942
166164,0.11194905
166186,0.10526451
166191,0.09078542
166196,0.012436387
166197,0.11035104
166202,0.079063244
166215,0.009328715
166230,0.034479327
166243,0.15681085
166244,0.070978165
166255,0.011540942
166258,0.07858465
166263,0.13428548
166271,0.0684533
166283,0.028041467
166286,0.024456339
166291,0.029254809
166294,0.1197419
166303,0.10447065
166306,0.06486699
166309,0.020653255
166316,0.15181924
166317,0.020623516
166321,0.14441763
166331,0.03746822
166349,0.04446579
166374,0.008876652
166387,0.004287866
166393,0.023174435
166400,0.03183071
166420,0.0051892577
166446,0.014964745
166449,0.051245645
166452,0.033648126
166495,0.024920583
166501,0.034672845
166514,0.069888584
166515,0.052256368
166521,0.06323136
166525,0.020631868
166529,0.034256067
166536,0.09519712
166542,0.013941406
166543,0.14394201
166545,0.02488223
166550,0.038698953
166560,0.040318944
166567,0.03044807
166570,0.033664495
166573,0.17149593
166582,0.18450965
166583,0.26942146
166590,0.015495556
166594,0.08595498
166618,0.45635638
166623,0.08629311
166626,0.07860616
166641,0.077170335
166654,0.0085391775
166682,0.10548619
166685,0.034840178
166688,0.051898975
166692,0.06696524
166701,0.040663637
166702,0.16626236
166705,0.032176107
166713,0.024216082
166733,0.016903173
166734,0.032130536
166738,0.0946749
166739,0.010595269
166740,0.016511638
166755,0.13102554
166761,0.2848363
166764,0.055400427
166773,0.027122356
166774,0.041758183
166814,0.03459504
166819,0.2853318
166834,0.18182
166841,0.18608
166848,0.10597031
166857,0.09963151
166858,0.006693637
166873,0.025038002
166889,0.017849782
166890,0.009499531
166891,0.053861905
166902,0.09307195
166908,0.03391463
166916,0.06345925
166920,0.030278085
166922,0.026565354
166926,0.024993896
166928,0.04025266
166930,0.29825827
166931,0.015104069
166932,0.011942307
166937,0.010091367
166941,0.023474794
166944,0.020248558
166960,0.09568746
166972,0.045995064
166973,0.06879595
166978,0.027889345
166984,0.110932134
166994,0.03262294
166995,0.039471626
166996,0.0070076794
167001,0.02950302
167006,0.05430877
167007,0.053380907
167037,0.21539429
167041,0.040566612
167051,0.17758189
167052,0.05881577
167054,0.061159004
167057,0.04204797
167058,0.06707161
167059,0.020356396
167060,0.019919537
167066,0.0076201065
167077,0.035891492
167078,0.03479286
167080,0.099792115
167089,0.11400135
167090,0.073577434
167091,0.053411093
167096,0.04418439
167105,0.0811415
167121,0.026707584
167128,0.034433052
167131,0.27113974
167139,0.066203825
167140,0.22699934
167149,0.05266823
167152,0.42904916
167153,0.17130442
167163,0.1323505
167167,0.06416602
167171,0.012986433
167178,0.03156275
167179,0.04849694
167182,0.028567381
167187,0.02160477
167192,0.05713765
167208,0.050748117
167212,0.10158488
167217,0.0376424
167230,0.063780054
167236,0.007230901
167238,0.13891017
167239,0.024809133
167257,0.1466485
167260,0.09519194
167264,0.05122403
167271,0.034754865
167273,0.08318511
167276,0.12538753
167283,0.070662335
167295,0.025268592
167296,0.1873901
167299,0.1106271
167310,0.006925212
167313,0.13955687
167323,0.027800152
167328,0.2780358
167329,0.072334655
167333,0.039670955
167349,0.038951136
167351,0.02603274
167359,0.040480502
167363,0.0297235
167371,0.015400052
167384,0.09571222
167387,0.077533856
167389,0.024267768
167393,0.01962599
167401,0.037240174
167427,0.030823767
167428,0.015714709
167433,0.061060198
167434,0.03235079
167437,0.078804836
167438,0.021032402
167454,0.04695672
167475,0.012816598
167480,0.02466618
167491,0.03130558
167494,0.052761924
167495,0.032596022
167503,0.031155122
167521,0.052522816
167529,0.03979042
167530,0.016758196
167550,0.034473103
167554,0.05270294
167557,0.15316655
167562,0.062128663
167566,0.05263827
167572,0.37294823
167573,0.19584258
167578,0.060178213
167592,0.14450887
167597,0.02607348
167621,0.053187966
167622,0.014882535
167631,0.113355055
167637,0.40038183
167638,0.025455259
167645,0.049673963
167648,0.38747782
167697,0.19142994
167698,0.014618218
167701,0.024046157
167708,0.016034037
167714,0.037949756
167717,0.28991568
167727,0.020162923
167737,0.022684775
167746,0.10559288
167751,0.04584223
167753,0.053563047
167755,0.031343818
167771,0.061477486
167805,0.08059332
167811,0.041937802
167815,0.043015126
167829,0.013022346
167830,0.04246176
167834,0.054180548
167841,0.1294691
167846,0.030132886
167851,0.6431548
167871,0.009713823
167890,0.047220584
167898,0.009376854
167901,0.0047729407
167902,0.021229804
167907,0.11827816
167911,0.023439856
167912,0.012585863
167916,0.0802323
167917,0.013321468
167928,0.10951239
167940,0.049868517
167947,0.07212151
167948,0.07581399
167953,0.012145294
167957,0.067734234
167958,0.0719494
167968,0.009996785
167970,0.04750202
167977,0.017706078
167980,0.031751256
167993,0.108425684
167994,0.16908821
167998,0.05900878
168000,0.15866098
168006,0.065928005
168011,0.04878007
168012,0.017043391
168013,0.0453764
168022,0.01004204
168026,0.13788012
168032,0.017795203
168046,0.07521983
168054,0.17713706
168071,0.082046956
168078,0.22378418
168092,0.044097655
168093,0.1033465
168097,0.025304338
168105,0.12327032
168107,0.07042756
168108,0.07948667
168115,0.21973135
168127,0.053877406
168133,0.18635799
168135,0.022811946
168162,0.018509153
168163,0.026856666
168165,0.2443003
168169,0.032900818
168171,0.123068124
168174,0.026261624
168175,0.2814877
168186,0.027755614
168202,0.027552364
168204,0.022627635
168208,0.031181976
168229,0.063656986
168239,0.045284778
168245,0.034086663
168276,0.015771084
168309,0.108885095
168313,0.14575551
168322,0.020826561
168323,0.0051754317
168326,0.1324202
168331,0.06772591
168349,0.1104217
168384,0.03610852
168398,0.017656377
168403,0.011935688
168405,0.18971328
168416,0.009697493
168418,0.080787934
168420,0.075502805
168422,0.023872985
168436,0.07982172
168438,0.026446002
168443,0.017502692
168444,0.031989187
168446,0.017030846
168454,0.07613288
168459,0.03224385
168462,0.05903671
168472,0.040772445
168485,0.005875267
168496,0.1625582
168503,0.039029017
168515,0.026905917
168516,0.041970212
168520,0.16095647
168521,0.073119804
168531,0.008966689
168542,0.07011394
168548,0.04551319
168551,0.011653143
168575,0.017089235
168580,0.03962989
168588,0.07379838
168593,0.02780695
168614,0.04027679
168615,0.020869542
168622,0.018149512
168623,0.052724406
168634,0.007305043
168645,0.21472377
168651,0.19732848
168683,0.044778883
168691,0.19294652
168708,0.095376864
168716,0.06300711
168718,0.03957036
168720,0.11634828
168722,0.19691615
168731,0.11076661
168736,0.06658664
168738,0.06658657
168747,0.038646657
168751,0.12945418
168752,0.09744209
168753,0.015727062
168774,0.22648516
168782,0.024649346
168788,0.006637638
168790,0.06938121
168791,0.10524064
168793,0.1463374
168796,0.07968223
168802,0.06870686
168803,0.05812798
168810,0.21859159
168817,0.014130244
168820,0.23785494
168823,0.06210726
168827,0.09225029
168828,0.07536265
168831,0.10467845
168842,0.08452415
168845,0.019221602
168855,0.055225827
168856,0.10554654
168861,0.03606168
168876,0.0120799625
168897,0.106126264
168899,0.014368499
168913,0.17112625
168915,0.018018866
168916,0.060709376
168929,0.12810636
168930,0.0075476407
168933,0.19440947
168954,0.069744945
168957,0.18026589
168959,0.014891415
168960,0.0629193
168961,0.10108444
168968,0.056206465
168969,0.08812352
168994,0.04751048
168995,0.08263967
169003,0.014108352
169004,0.336465
169008,0.034808714
169009,0.08518469
169014,0.05676874
169030,0.008835387
169048,0.039222687
169061,0.21258622
169070,0.26097086
169092,0.0066297976
169117,0.13379909
169118,0.36416513
169121,0.071540914
169123,0.048607692
169124,0.16010736
169137,0.123235576
169138,0.012340273
169143,0.006744312
169165,0.08589152
169166,0.11741302
169167,0.13445698
169168,0.049010467
169175,0.0060387724
169184,0.038078185
169195,0.031892426
169196,0.010412367
169197,0.09611166
169202,0.49414065
169204,0.09672149
169212,0.0703987
169214,0.18926097
169218,0.4214729
169239,0.02330885
169248,0.0130723845
169252,0.032667167
169254,0.2396855
169257,0.08756317
169264,0.24237107
169267,0.040719535
169269,0.22432072
169278,0.044045124
169297,0.051527012
169299,0.111709446
169301,0.14338464
169306,0.020121709
169323,0.094021246
169328,0.120293714
169330,0.0529439
169331,0.010260556
169346,0.09400151
169348,0.051071886
169350,0.06756186
169353,0.018364223
169355,0.17056273
169364,0.31081396
169365,0.035281725
169367,0.010627915
169370,0.029291725
169378,0.094076484
169385,0.0024294609
169387,0.11374663
169389,0.028048934
169395,0.18426087
169412,0.042962108
169426,0.3599137
169427,0.060407862
169432,0.031037511
169436,0.19642447
169453,0.033816848
169455,0.16886942
169457,0.07139122
169458,0.01955716
169461,0.05876147
169467,0.045462124
169470,0.022678683
169477,0.028544772
169481,0.03508267
169483,0.14749645
169490,0.15687501
169491,0.023343876
169495,0.02568398
169504,0.08739465
169514,0.019121023
169517,0.12399489
169523,0.017406335
169528,0.19466576
169534,0.027979689
169535,0.013544451
169537,0.03426449
169541,0.07249448
169546,0.019233882
169549,0.01168233
169554,0.2508586
169561,0.014422386
169571,0.00881158
169580,0.33805573
169597,0.012214684
169598,0.015781583
169625,0.10539624
169626,0.12148909
169627,0.08096127
169628,0.031707283
169629,0.13146374
169658,0.04287061
169659,0.066605076
169668,0.048954137
169669,0.10922446
169673,0.021062158
169674,0.022359474
169676,0.17016827
169677,0.1107493
169678,0.050108142
169680,0.050852
169695,0.13683403
169698,0.08867412
169710,0.218497
169719,0.017168613
169720,0.05493218
169722,0.036776017
169735,0.09535434
169745,0.022577683
169749,0.06756814
169754,0.031546947
169760,0.046798047
169772,0.03869608
169773,0.016815871
169780,0.029640712
169788,0.019541765
169793,0.055671018
169809,0.114569336
169810,0.033720616
169824,0.0060125147
169831,0.07079289
169833,0.09208175
169836,0.01741997
169859,0.058168992
169864,0.60132855
169872,0.025441142
169895,0.19674782
169911,0.005580698
169914,0.05891281
169960,0.1527939
169961,0.27849835
169964,0.035248987
169974,0.027943783
169988,0.02358125
169989,0.0061144326
169995,0.01655029
170007,0.021199437
170026,0.05108045
170030,0.29373097
170033,0.1409996
170041,0.2252784
170043,0.011913686
170048,0.01791247
170050,0.023135649
170051,0.041683692
170056,0.101193696
170072,0.44053406
170076,0.030708252
170080,0.1284903
170101,0.030541694
170102,0.030143864
170107,0.13662024
170115,0.07122867
170119,0.022100579
170128,0.05711948
170129,0.009352479
170134,0.43990955
170136,0.09984109
170139,0.023370422
170140,0.09176259
170143,0.21026576
170148,0.4179002
170159,0.060541816
170163,0.0697328
170164,0.12719345
170173,0.019960517
170178,0.064674355
170179,0.020343816
170199,0.11932497
170203,0.018222371
170207,0.057885524
170211,0.026417907
170217,0.012055245
170224,0.014739372
170225,0.06709748
170255,0.13159384
170258,0.050777066
170259,0.03820095
170262,0.036639705
170278,0.044889294
170284,0.05161956
170285,0.14911053
170292,0.014624442
170293,0.069055736
170301,0.07597119
170302,0.23998098
170305,0.20018841
170309,0.07119435
170310,0.032819558
170326,0.066394456
170327,0.01158904
170328,0.05210109
170329,0.04908295
170330,0.03712867
170331,0.0246867
170337,0.029581228
170340,0.13402905
170341,0.014470521
170343,0.088473216
170361,0.06235867
170366,0.058921818
170376,0.06842048
170382,0.2907381
170396,0.019393763
170400,0.0896837
170403,0.12565671
170409,0.12237628
170410,0.012969373
170421,0.082811914
170425,0.011837264
170427,0.013630461
170428,0.038803447
170435,0.016994445
170438,0.011709943
170442,0.06162737
170446,0.08419225
170461,0.015725268
170473,0.17909189
170477,0.058993384
170516,0.019778576
170517,0.022720436
170522,0.06347771
170523,0.051120196
170534,0.03127123
170535,0.081643514
170538,0.10359653
170549,0.05303804
170556,0.03518351
170563,0.051238354
170570,0.054865774
170580,0.11223746
170582,0.017708939
170584,0.10765345
170585,0.020488942
170587,0.03576673
170590,0.07056965
170598,0.04808134
170599,0.049762826
170601,0.03158389
170612,0.20085363
170617,0.044315785
170620,0.070394665
170629,0.034543198
170647,0.2098453
170651,0.026069231
170654,0.038400427
170657,0.1182678
170662,0.034692362
170707,0.04830808
170719,0.102729395
170722,0.097335376
170723,0.10578254
170731,0.17203008
170735,0.060862646
170750,0.03399511
170769,0.07452408
170770,0.053480264
170776,0.15418166
170783,0.021548687
170789,0.1894693
170800,0.10916642
170809,0.10491303
170810,0.03330783
170811,0.08121705
170827,0.00502928
170842,0.029947551
170854,0.0824707
170857,0.11495457
170865,0.160861
170867,0.011936373
170869,0.087376446
170870,0.10235732
170878,0.05878438
170881,0.12161515
170910,0.0831894
170913,0.16664706
170919,0.057510205
170932,0.041983724
170939,0.21552773
170947,0.06721144
170950,0.12324572
170953,0.13080777
170954,0.051773656
170970,0.051934354
170972,0.03193759
170973,0.10318591
170980,0.036294702
170981,0.041245155
170983,0.09579049
170998,0.07162469
171001,0.08535869
171004,0.031175502
171020,0.032543886
171023,0.010362409
171026,0.017445836
171060,0.07149268
171061,0.04584342
171065,0.03950709
171077,0.035166156
171081,0.011122275
171103,0.30205923
171110,0.04785596
171114,0.018763015
171118,0.011217185
171119,0.06711588
171120,0.066296935
171137,0.097421855
171147,0.027380805
171153,0.15211663
171156,0.11981267
171158,0.046638835
171163,0.058446225
171169,0.03166962
171170,0.090668
171172,0.025648683
171173,0.026001025
171176,0.031348124
171181,0.035000876
171182,0.12931564
171191,0.024124114
171193,0.09085346
171195,0.13002093
171198,0.014915875
171205,0.021794103
171212,0.20441063
171237,0.09254744
171241,0.013500658
171262,0.061869733
171263,0.041511204
171266,0.04497189
171274,0.043878864
171290,0.048886605
171291,0.15583873
171297,0.012262147
171307,0.019709673
171311,0.25466096
171320,0.053226188
171322,0.0046953317
171328,0.033432335
171337,0.01839084
171346,0.017216174
171348,0.13419525
171354,0.045211457
171358,0.036028117
171359,0.012682355
171360,0.06762915
171369,0.036259294
171379,0.04070446
171384,0.042323496
171388,0.14068773
171390,0.043048527
171394,0.009153036
171395,0.08954421
171399,0.08655675
171403,0.016388161
171422,0.00981629
171423,0.011017066
171469,0.048160035
171480,0.06643549
171487,0.012443698
171497,0.07233806
171502,0.18970485
171503,0.006577768
171506,0.078883864
171521,0.01360028
171530,0.037357535
171540,0.045718953
171541,0.07679483
171544,0.04580838
171551,0.07262036
171582,0.1808388
171587,0.017713793
171597,0.10590114
171603,0.054641787
171610,0.041196007
171614,0.010160239
171619,0.030160366
171621,0.030844038
171625,0.012875112
171626,0.058801077
171638,0.02173813
171642,0.033929974
171658,0.034400273
171674,0.07527354
171677,0.062703624
171684,0.02782746
171685,0.15775162
171686,0.03173709
171695,0.005926435
171702,0.03611765
171703,0.010446929
171704,0.041570105
171705,0.019695416
171706,0.024512738
171709,0.009284342
171712,0.022024369
171716,0.032684255
171730,0.06726593
171748,0.016001698
171757,0.14211708
171767,0.022472462
171768,0.20154198
171771,0.07664166
171775,0.016882135
171778,0.10716658
171780,0.30295822
171781,0.030660981
171785,0.030903175
171786,0.11606297
171789,0.033726886
171802,0.0071114893
171803,0.04395146
171812,0.16666073
171862,0.021831417
171864,0.10212351
171891,0.25716877
171892,0.04394703
171913,0.016052132
171914,0.31932166
171922,0.09471202
171927,0.056952793
171933,0.06404878
171934,0.0140744485
171943,0.08710583
171945,0.12915838
171960,0.03522746
171964,0.022987498
171975,0.053609364
171994,0.102959804
171996,0.15129048
171997,0.0148981875
172000,0.059107564
172029,0.007976829
172038,0.05085673
172039,0.057840746
172043,0.034120046
172046,0.022516657
172048,0.021473225
172049,0.054922126
172053,0.05282347
172054,0.13440014
172058,0.08294666
172060,0.020405104
172061,0.0045936173
172067,0.05841338
172072,0.035319213
172073,0.05745926
172098,0.05097647
172100,0.047518708
172101,0.072233304
172113,0.2522766
172144,0.022330277
172147,0.03146948
172149,0.056688253
172168,0.05848922
172169,0.030615551
172175,0.025076665
172197,0.04656619
172200,0.19137417
172205,0.13536958
172207,0.03635063
172210,0.04236776
172261,0.059968226
172279,0.04582342
172294,0.036701508
172300,0.00696096
172301,0.10442675
172310,0.032895036
172351,0.0073103905
172353,0.019377533
172358,0.0043914276
172374,0.09675167
172380,0.12078928
172384,0.023230247
172400,0.07524322
172403,0.057295315
172408,0.123583026
172411,0.011499511
172420,0.009339053
172426,0.4514306
172433,0.05782231
172434,0.052834775
172442,0.049697977
172443,0.18018128
172452,0.07168942
172454,0.04459895
172456,0.1566592
172460,0.03529961
172470,0.02225096
172479,0.17029412
172481,0.022570232
172483,0.01438723
172484,0.24965917
172485,0.03393528
172486,0.09953532
172493,0.03752992
172494,0.04378777
172497,0.0921067
172504,0.017774245
172518,0.14174826
172523,0.048879165
172527,0.048397545
172533,0.0392535
172536,0.028593246
172540,0.04295913
172541,0.0402221
172543,0.030364765
172545,0.12816897
172547,0.022009708
172551,0.028594932
172556,0.11851536
172562,0.029704966
172570,0.0377213
172574,0.04181211
172575,0.058632232
172599,0.007064879
172611,0.20389615
172612,0.046783626
172616,0.018121934
172623,0.0727029
172627,0.0224246
172635,0.18616919
172643,0.02743274
172644,0.012940953
172652,0.07210728
172656,0.029027974
172661,0.02282522
172664,0.021215623
172672,0.056322455
172678,0.051841456
172680,0.033417393
172683,0.026388194
172684,0.1287131
172690,0.01916996
172695,0.0416457
172696,0.013442684
172701,0.02445234
172713,0.08180227
172714,0.009879631
172731,0.012990601
172738,0.014074593
172761,0.02347241
172767,0.16395786
172770,0.26272708
172771,0.013498289
172799,0.008642813
172800,0.0785971
172804,0.22279683
172805,0.015971174
172820,0.022990668
172829,0.22216149
172831,0.08303272
172833,0.04677799
172843,0.013845973
172853,0.030136295
172855,0.028212612
172856,0.11988182
172857,0.009558163
172863,0.007640095
172877,0.03249911
172881,0.051793266
172895,0.04098002
172896,0.030627511
172910,0.0050936574
172922,0.009046916
172939,0.11702687
172942,0.1329382
172945,0.048698958
172948,0.027412565
172949,0.1396993
172953,0.00787557
172967,0.23904982
172993,0.034176603
172995,0.03546044
172996,0.15129232
172997,0.018570118
172998,0.091112
172999,0.03718493
173004,0.046631414
173006,0.20937793
173007,0.12484049
173013,0.06556722
173016,0.055489376
173020,0.22610101
173030,0.11972354
173048,0.035030127
173056,0.01748598
173066,0.0275361
173079,0.077960394
173107,0.09094062
173109,0.014827532
173127,0.02340889
173128,0.04331315
173130,0.03153332
173137,0.027768962
173157,0.025102533
173160,0.08239437
173168,0.023125026
173193,0.008331558
173197,0.23482928
173215,0.008817104
173216,0.07740213
173227,0.0103613045
173236,0.10614167
173237,0.032199644
173247,0.058149874
173250,0.25689012
173259,0.075439125
173277,0.08602523
173285,0.03882105
173286,0.015538614
173299,0.07631471
173310,0.25128266
173312,0.11352068
173313,0.03226456
173320,0.040581588
173330,0.1387403
173333,0.038029056
173351,0.053634543
173370,0.35602582
173372,0.03492151
173381,0.08187258
173386,0.013045141
173387,0.124315
173388,0.0897154
173393,0.013297823
173394,0.18956496
173403,0.011539652
173467,0.042876698
173469,0.1851586
173475,0.06732902
173476,0.020797804
173477,0.007033435
173484,0.09473764
173485,0.03185066
173488,0.084688045
173491,0.03202828
173520,0.006654952
173522,0.2921363
173535,0.04373993
173539,0.07382142
173549,0.012466966
173552,0.02317029
173565,0.11434793
173586,0.028103402
173587,0.037690986
173588,0.018733239
173595,0.03325432
173606,0.13619947
173620,0.07960694
173623,0.062980935
173629,0.03722245
173647,0.032181896
173649,0.014150378
173650,0.052966297
173652,0.02058495
173654,0.12147785
173665,0.026798517
173667,0.2786547
173685,0.09145146
173710,0.20412722
173711,0.0984554
173713,0.05939799
173718,0.06826623
173743,0.016279064
173744,0.059372712
173762,0.12035099
173768,0.07902104
173769,0.30575818
173770,0.03304448
173773,0.17080544
173779,0.048194256
173780,0.020982265
173781,0.102549255
173783,0.061733786
173795,0.054875422
173800,0.38403878
173812,0.006106637
173823,0.0328593
173834,0.061794642
173874,0.033360682
173891,0.030374896
173904,0.1147355
173909,0.03013757
173925,0.014652464
173941,0.06045813
173942,0.009450768
173944,0.06656981
173955,0.02375926
173959,0.03996098
174000,0.06788673
174004,0.03937483
174006,0.014842013
174008,0.086323306
174012,0.02729225
174017,0.07320119
174020,0.022000698
174044,0.03696894
174051,0.015951065
174052,0.053736553
174059,0.058468215
174060,0.016955813
174061,0.026836246
174063,0.05602883
174068,0.059993513
174069,0.0723042
174072,0.06388307
174074,0.019270133
174091,0.022460649
174092,0.06141594
174098,0.12076295
174105,0.08184596
174107,0.02734957
174110,0.010815383
174121,0.013457876
174126,0.049710285
174153,0.020237193
174156,0.039613154
174160,0.036102697
174173,0.010106021
174183,0.009905436
174185,0.012263776
174188,0.13568628
174198,0.019112023
174206,0.02428453
174207,0.017959623
174211,0.034193583
174239,0.1050811
174260,0.17256626
174261,0.039235573
174262,0.2328554
174264,0.019838829
174271,0.19593124
174275,0.33524683
174277,0.038328897
174286,0.009829401
174301,0.010345924
174312,0.13566074
174314,0.034951434
174322,0.072585426
174323,0.09283828
174325,0.11064781
174326,0.06149232
174327,0.027642097
174334,0.14014779
174360,0.009666764
174362,0.13116886
174367,0.026977677
174371,0.028309556
174372,0.04335125
174384,0.015349162
174390,0.08591481
174391,0.027978005
174396,0.011063659
174412,0.06711245
174423,0.3929331
174428,0.13503075
174429,0.24892491
174438,0.032168422
174481,0.026640398
174483,0.115068026
174484,0.00464844
174485,0.22030368
174488,0.034918386
174497,0.019043474
174509,0.1703253
174513,0.074253455
174514,0.0946813
174520,0.048827145
174526,0.05524709
174532,0.016603561
174536,0.04648089
174537,0.027420752
174538,0.20567587
174539,0.11798891
174540,0.037742455
174549,0.010218295
174551,0.041163012
174563,0.17473006
174574,0.23506472
174575,0.21453907
174586,0.005200033
174590,0.05250948
174606,0.13205674
174607,0.16201474
174609,0.020915728
174610,0.0983775
174630,0.13279006
174631,0.017604554
174661,0.027335318
174665,0.014644211
174666,0.026983056
174677,0.025860535
174690,0.02408992
174700,0.012975826
174702,0.041029777
174703,0.013752406
174713,0.019212054
174721,0.022302732
174726,0.018422555
174729,0.03959311
174741,0.023561714
174742,0.20563686
174754,0.031893082
174757,0.012957128
174782,0.3075465
174795,0.07911948
174805,0.017262772
174806,0.036923934
174809,0.028363192
174810,0.042144928
174829,0.005815252
174830,0.12315701
174832,0.027537312
174836,0.104518436
174839,0.027006965
174843,0.032115042
174854,0.0539157
174861,0.054815464
174863,0.04027567
174867,0.026026862
174871,0.06860348
174887,0.012875184
174890,0.07169248
174897,0.010387765
174901,0.10274743
174903,0.008654857
174912,0.01323927
174913,0.07429474
174920,0.15521795
174922,0.28365174
174924,0.12852871
174925,0.02733584
174928,0.042561643
174938,0.06650424
174939,0.019443356
174943,0.022250388
174950,0.12078181
174954,0.04602409
174955,0.015386175
174957,0.060570717
174965,0.025825297
174966,0.04900768
174967,0.12611434
174977,0.14920187
174983,0.028444886
174986,0.08269371
174987,0.03749335
175012,0.1646865
175015,0.05033167
175025,0.022513822
175027,0.063593015
175029,0.026945183
175056,0.15446606
175075,0.13418397
175081,0.08876125
175097,0.10029928
175128,0.066769324
175129,0.015378253
175138,0.04504915
175169,0.078367606
175183,0.13851632
175211,0.01775555
175212,0.048550323
175215,0.027987376
175223,0.041585837
175225,0.019681916
175233,0.030245146
175250,0.016083002
175253,0.01721698
175257,0.012195862
175260,0.016581362
175261,0.024315162
175264,0.017330553
175284,0.18845451
175288,0.012235644
175295,0.024966327
175309,0.050865784
175310,0.0481741
175313,0.16254906
175334,0.02506275
175337,0.018544825
175346,0.0061280904
175347,0.049068764
175349,0.026879596
175350,0.07792323
175351,0.044549868
175367,0.20743138
175369,0.083552755
175371,0.12541945
175372,0.0308636
175392,0.20489834
175400,0.016937263
175402,0.014908395
175403,0.13703416
175407,0.1314006
175408,0.035118006
175414,0.07613221
175431,0.026191283
175435,0.032263443
175442,0.0076010805
175454,0.021153862
175456,0.023806704
175457,0.041115254
175464,0.05213064
175465,0.0449345
175477,0.016628742
175488,0.043182693
175495,0.049984876
175499,0.09136413
175500,0.046323773
175515,0.063639045
175519,0.015190482
175520,0.05042665
175531,0.016908389
175534,0.02986853
175543,0.14430276
175566,0.0138418125
175568,0.014175265
175573,0.03306627
175574,0.0683388
175576,0.062981345
175591,0.041970607
175593,0.029797679
175605,0.28456697
175609,0.08091332
175617,0.005944974
175624,0.46171755
175629,0.026427262
175633,0.0115419645
175645,0.11837132
175649,0.006932093
175650,0.020337991
175653,0.052777417
175659,0.008334777
175660,0.009282732
175661,0.023154883
175664,0.04757389
175665,0.04299912
175677,0.04297708
175682,0.18798216
175684,0.14488804
175687,0.033558145
175690,0.06157935
175706,0.014867532
175722,0.05976517
175724,0.029861035
175730,0.114630416
175731,0.007212301
175737,0.034680117
175743,0.09234794
175745,0.19072989
175758,0.0664831
175768,0.06889814
175769,0.035199232
175773,0.0062991153
175775,0.054783866
175794,0.015181582
175798,0.08539421
175809,0.15898049
175818,0.034681905
175830,0.006216727
175835,0.009112427
175840,0.14564165
175864,0.02993917
175875,0.030364906
175890,0.016305024
175892,0.025057878
175914,0.029058754
175930,0.22834516
175935,0.06411686
175955,0.009950041
175958,0.04740817
175959,0.020539397
175960,0.10359979
175964,0.016235894
175968,0.0100857485
175986,0.11701834
175987,0.120050766
175997,0.025090395
175998,0.14681762
176003,0.037731133
176004,0.061773967
176021,0.059224237
176034,0.100701004
176035,0.10499671
176043,0.2136136
176045,0.114178084
176051,0.04215081
176052,0.018159917
176059,0.01000534
176067,0.038722456
176073,0.17450932
176076,0.014760249
176077,0.009795881
176085,0.014625067
176088,0.062370807
176095,0.02334842
176118,0.16949058
176129,0.098754086
176177,0.032906402
176183,0.036856584
176206,0.08275025
176218,0.012891582
176240,0.02890789
176253,0.01594993
176260,0.16588473
176275,0.069232315
176285,0.037552577
176288,0.055680633
176289,0.08201792
176290,0.085537024
176297,0.03479869
176300,0.07828406
176301,0.07531084
176319,0.025764192
176322,0.04228804
176337,0.011074291
176346,0.08821791
176347,0.13089009
176352,0.075025685
176358,0.013766907
176359,0.13961174
176365,0.078084104
176371,0.018889463
176403,0.06721023
176419,0.07829091
176428,0.024470625
176429,0.21848609
176430,0.047901955
176432,0.042619135
176437,0.069718376
176440,0.027687626
176441,0.1762632
176450,0.043453585
176454,0.08084177
176459,0.039767858
176460,0.061993826
176467,0.028992528
176472,0.4814015
176482,0.09363446
176483,0.57098275
176486,0.024746712
176487,0.044087708
176494,0.03635491
176497,0.021777967
176500,0.0530557
176509,0.094470866
176511,0.06380258
176512,0.03337908
176522,0.04169295
176525,0.072511666
176526,0.15597072
176537,0.040906828
176538,0.058542307
176572,0.02306893
176573,0.06212886
176574,0.12206853
176579,0.07413867
176580,0.07396736
176592,0.21210645
176601,0.024688944
176603,0.036876198
176605,0.04712281
176606,0.013485119
176615,0.027198555
176620,0.09107833
176634,0.04409639
176635,0.023760261
176638,0.026821425
176639,0.026278948
176641,0.06141111
176661,0.037951734
176668,0.12458066
176669,0.06046674
176683,0.08307446
176688,0.017422752
176700,0.07209667
176702,0.02308164
176705,0.060275722
176709,0.03291893
176710,0.115772694
176720,0.10271911
176726,0.004665218
176731,0.049939267
176732,0.06564991
176733,0.064745784
176734,0.03626959
176736,0.10963605
176741,0.015662583
176756,0.021332303
176785,0.032642342
176790,0.008560313
176793,0.025188085
176820,0.1588812
176827,0.04985601
176828,0.011904444
176839,0.1427143
176848,0.018190894
176850,0.06786874
176853,0.018693363
176866,0.006289744
176867,0.028309282
176875,0.051287927
176883,0.14751744
176888,0.11789841
176890,0.22749886
176898,0.1416016
176917,0.074163504
176925,0.05278329
176929,0.026612032
176934,0.14100356
176938,0.25418785
176953,0.081129625
176957,0.15507759
176970,0.019882098
176997,0.050843254
177029,0.080313556
177030,0.01768288
177031,0.068215884
177032,0.111277916
177047,0.040329535
177048,0.011303929
177051,0.07039855
177055,0.016503176
177060,0.033424947
177064,0.16073616
177065,0.009434369
177069,0.15196961
177076,0.17951691
177085,0.030482437
177087,0.05056295
177105,0.04596368
177126,0.031971477
177133,0.02790051
177141,0.012490665
177146,0.059620228
177156,0.14540455
177179,0.02090437
177187,0.37420756
177192,0.14256507
177203,0.06737918
177228,0.09783013
177229,0.05661095
177249,0.038653716
177250,0.13800864
177253,0.04545352
177260,0.04410288
177262,0.05791632
177270,0.040860586
177275,0.10971283
177284,0.06617312
177285,0.1509647
177314,0.10632372
177319,0.08311542
177325,0.020484965
177327,0.07755672
177339,0.04653056
177344,0.082965955
177378,0.050485604
177384,0.03519554
177385,0.026805537
177386,0.020283198
177387,0.029354583
177405,0.04148249
177423,0.0870012
177424,0.008880773
177425,0.026838154
177430,0.13657252
177435,0.029424187
177447,0.05235006
177448,0.030008253
177449,0.009231119
177451,0.03079964
177460,0.21065438
177479,0.019275166
177489,0.014811562
177504,0.019949792
177505,0.090269715
177511,0.11518711
177524,0.036554746
177526,0.02177245
177535,0.010484431
177558,0.03579455
177562,0.10721477
177569,0.025779294
177579,0.030044807
177580,0.030584624
177583,0.012009376
177584,0.14456782
177585,0.056216594
177605,0.12523486
177606,0.022218734
177618,0.08178465
177639,0.42729002
177649,0.008423927
177656,0.036736034
177657,0.026324939
177661,0.086395994
177665,0.021133307
177669,0.045202482
177680,0.1685041
177688,0.39838225
177689,0.04496209
177694,0.016779117
177696,0.19577144
177700,0.037766594
177705,0.06168454
177710,0.048951738
177720,0.013201417
177728,0.04160706
177729,0.06458544
177731,0.04455886
177733,0.065456375
177749,0.037783347
177751,0.0708524
177767,0.083806686
177776,0.05850051
177780,0.17992263
177783,0.019456603
177785,0.13481386
177791,0.026526535
177797,0.03867472
177798,0.029090187
177799,0.009275745
177802,0.03354378
177803,0.10126553
177805,0.015937464
177820,0.007350317
177824,0.03653016
177825,0.035556037
177829,0.014299849
177839,0.08690773
177861,0.018520474
177865,0.049872592
177867,0.028625203
177875,0.12660234
177876,0.29092523
177878,0.06844769
177883,0.026021626
177886,0.008552603
177891,0.08165562
177892,0.06431859
177902,0.033506833
177904,0.14130114
177931,0.046603896
177939,0.011459697
177944,0.09900327
177946,0.042786792
177959,0.07459206
177977,0.07243406
177992,0.18031357
177993,0.19719052
178005,0.03799298
178008,0.02770443
178009,0.034046102
178012,0.12274352
178015,0.015422626
178018,0.018538347
178037,0.07870841
178050,0.010112444
178058,0.09702287
178060,0.016987676
178064,0.31685948
178074,0.048574604
178077,0.07538842
178094,0.044917148
178095,0.06860229
178096,0.10387217
178107,0.038501672
178117,0.0184128
178146,0.015484066
178154,0.09495298
178160,0.05687813
178164,0.03948261
178172,0.01483638
178174,0.1389364
178182,0.2509434
178184,0.1097729
178196,0.06920384
178223,0.08506091
178225,0.05663124
178226,0.07185727
178240,0.13382044
178242,0.050189182
178250,0.095920675
178268,0.020069951
178282,0.04042746
178285,0.14293037
178288,0.030965198
178290,0.004072543
178295,0.023195364
178312,0.007938877
178317,0.031903595
178342,0.20005369
178343,0.033410307
178344,0.040959205
178346,0.01708599
178353,0.15321116
178356,0.38425422
178358,0.013139592
178359,0.042489007
178362,0.22484396
178380,0.036974516
178387,0.028622944
178391,0.14024818
178395,0.11209454
178408,0.14001712
178415,0.0063333795
178421,0.008673513
178424,0.12308474
178428,0.12764741
178432,0.029967455
178433,0.048976332
178436,0.057804804
178442,0.035965487
178453,0.018672569
178459,0.050051384
178467,0.049207676
178472,0.104681514
178491,0.01346642
178499,0.037636217
178504,0.057529826
178506,0.09728676
178509,0.033407196
178517,0.019867161
178525,0.038892042
178530,0.0759519
178531,0.15799901
178537,0.052184965
178553,0.09116065
178557,0.024951331
178565,0.05158478
178566,0.032787155
178579,0.019794649
178586,0.052663364
178589,0.07301831
178592,0.0797111
178610,0.005293864
178620,0.040352825
178621,0.014622972
178622,0.08850424
178643,0.018102221
178665,0.02536363
178671,0.049350712
178675,0.026134426
178692,0.05676669
178722,0.033200387
178723,0.025764916
178726,0.078451015
178731,0.14787088
178737,0.053099677
178739,0.035986397
178745,0.0066993176
178766,0.025081806
178771,0.055195868
178775,0.023581166
178785,0.039899897
178789,0.11750212
178790,0.031936947
178792,0.15613155
178804,0.013919811
178817,0.04981653
178821,0.036077864
178825,0.04685008
178830,0.057636786
178831,0.19005154
178832,0.16763799
178847,0.03863486
178853,0.06709935
178856,0.13049805
178867,0.03386839
178868,0.0140771875
178881,0.028963426
178887,0.024650685
178888,0.21596205
178908,0.04929518
178909,0.086135745
178942,0.08162446
178943,0.35973987
178946,0.02488603
178947,0.24383129
178950,0.13213259
178958,0.08513486
178976,0.025749296
178986,0.016330743
178989,0.007721522
178995,0.1548516
178996,0.08803623
179006,0.08183104
179025,0.05927665
179034,0.06654565
179038,0.16461338
179043,0.010606186
179050,0.03179679
179051,0.047602125
179076,0.2776017
179077,0.025298256
179091,0.06726249
179092,0.07871825
179111,0.04160093
179128,0.051846076
179132,0.09361421
179137,0.047068506
179138,0.06434061
179146,0.049941294
179148,0.0706653
179149,0.028134728
179150,0.018275948
179155,0.017556187
179164,0.04710856
179177,0.014125454
179178,0.025953282
179182,0.114117086
179184,0.007681012
179186,0.13938482
179191,0.1356256
179194,0.062412184
179201,0.033280645
179210,0.00534337
179211,0.03231388
179212,0.13546087
179216,0.095713206
179229,0.01891494
179235,0.025012156
179236,0.03807915
179241,0.055496868
179244,0.064709485
179249,0.06649183
179256,0.25274906
179260,0.10317062
179262,0.17606388
179264,0.05586578
179268,0.03782639
179272,0.019529559
179280,0.023287151
179287,0.030379975
179288,0.024279809
179290,0.011368593
179295,0.019448072
179298,0.07060192
179306,0.018832522
179307,0.02225445
179310,0.39598253
179314,0.020328581
179317,0.083353
179319,0.06723968
179327,0.014169681
179336,0.06930741
179342,0.01803781
179344,0.28931615
179347,0.015627863
179357,0.03681779
179368,0.08242696
179413,0.034387946
179425,0.04703497
179435,0.032532867
179447,0.031938203
179449,0.008972122
179458,0.017206527
179460,0.029467454
179475,0.17395271
179486,0.098475665
179493,0.017803164
179499,0.029477954
179501,0.0284131
179508,0.06428633
179511,0.026049418
179513,0.05645392
179519,0.05920615
179537,0.027491705
179550,0.016355433
179559,0.049738243
179560,0.022879438
179578,0.07076056
179583,0.013834077
179590,0.013761503
179597,0.011789181
179599,0.019988328
179602,0.11198543
179609,0.0047876546
179621,0.08515514
179624,0.09290756
179625,0.01724074
179630,0.014518472
179640,0.024628358
179641,0.02062871
179644,0.008466501
179649,0.044019282
179650,0.16981545
179652,0.08011333
179653,0.0705189
179660,0.098199435
179662,0.034287732
179673,0.25173107
179678,0.024844939
179679,0.051819302
179686,0.007964184
179721,0.011382987
179733,0.09731236
179736,0.2260452
179737,0.011502476
179748,0.13113186
179750,0.31887162
179751,0.05219217
179752,0.06051188
179753,0.02586146
179765,0.023342783
179768,0.047172103
179798,0.0131649915
179827,0.028607357
179837,0.019147428
179838,0.05191561
179851,0.059106138
179868,0.11511803
179875,0.06329502
179876,0.011110748
179882,0.062203363
179883,0.034066495
179894,0.013320948
179905,0.059994254
179907,0.087551
179919,0.024026483
179926,0.02153791
179936,0.026672201
179941,0.06835314
179945,0.058627687
179951,0.27976936
179960,0.024071794
179967,0.022265062
179980,0.17073469
179985,0.15192091
179997,0.025816824
180001,0.05922485
180007,0.023496002
180011,0.19604822
180017,0.02806442
180027,0.049147457
180033,0.057549722
180036,0.24306859
180037,0.049419314
180041,0.22744149
180042,0.3850825
180050,0.327354
180059,0.014630766
180066,0.013533103
180067,0.06162626
180085,0.017423633
180092,0.04781478
180099,0.02387243
180101,0.115613416
180115,0.06551492
180122,0.08087675
180126,0.032965124
180127,0.021932619
180140,0.04854906
180141,0.011029257
180158,0.058187243
180163,0.16904756
180178,0.015782198
180189,0.014634671
180198,0.035882782
180201,0.22865479
180202,0.08713849
180209,0.087561555
180239,0.089836545
180244,0.046572685
180270,0.01036351
180271,0.066688724
180286,0.020531163
180287,0.016982706
180291,0.03935659
180293,0.030278988
180296,0.06869997
180297,0.05402921
180305,0.017255628
180318,0.040521007
180319,0.05144211
180322,0.010516397
180323,0.027864082
180331,0.037639525
180365,0.015938131
180368,0.10630789
180369,0.043794516
180382,0.04551892
180387,0.02439328
180388,0.41672668
180389,0.05463825
180398,0.032941516
180399,0.013030604
180402,0.060275126
180406,0.052054245
180407,0.017221589
180408,0.10083655
180413,0.059694856
180416,0.02608626
180420,0.02441173
180429,0.20624748
180430,0.52351946
180431,0.026276857
180438,0.022213655
180441,0.00897675
180448,0.103592925
180453,0.011454393
180478,0.27669996
180480,0.100054234
180510,0.033271488
180524,0.078906305
180534,0.009164962
180537,0.32380027
180545,0.02724242
180550,0.073906995
180559,0.012162703
180583,0.035665814
180587,0.0181026
180594,0.09365068
180597,0.1413926
180598,0.15065746
180599,0.08395039
180601,0.08725485
180624,0.06724759
180625,0.33022916
180634,0.03631624
180647,0.013334649
180652,0.09509125
180656,0.15126048
180664,0.044070687
180666,0.17839758
180674,0.03684432
180679,0.042885184
180685,0.04480765
180692,0.071120135
180698,0.034663893
180699,0.02367527
180700,0.022823498
180702,0.032345355
180710,0.039835684
180736,0.031605475
180739,0.0740475
180741,0.067973495
180743,0.13958095
180747,0.010259858
180754,0.079840966
180755,0.04045994
180756,0.014408938
180768,0.035431176
180773,0.04190732
180775,0.096512295
180784,0.108849935
180787,0.043243464
180795,0.030726796
180796,0.040116396
180799,0.01664451
180811,0.03693121
180813,0.05098913
180827,0.055549152
180828,0.021191685
180833,0.05738461
180834,0.04416671
180847,0.033458408
180852,0.15052725
180853,0.02160525
180854,0.02432079
180855,0.0790127
180856,0.061872397
180858,0.01615827
180859,0.2270335
180867,0.040477417
180868,0.049149893
180872,0.07013383
180873,0.033595886
180874,0.20432684
180875,0.0452821
180878,0.03354603
180888,0.049655877
180889,0.018078713
180891,0.018058388
180902,0.019462785
180907,0.21667802
180913,0.028706834
180916,0.035095256
180954,0.030301468
180962,0.037876543
180963,0.0098010525
180967,0.11229702
180971,0.18530089
180975,0.036354683
180985,0.052654058
180991,0.021910576
181009,0.028967584
181012,0.009848378
181015,0.06972758
181034,0.06455637
181064,0.1517881
181071,0.085356586
181083,0.039054375
181084,0.02873351
181085,0.028689818
181088,0.053065296
181098,0.16437739
181110,0.1795909
181111,0.047784418
181112,0.0050197802
181114,0.13609011
181117,0.16507883
181157,0.016042517
181160,0.112426005
181161,0.08977794
181165,0.09713306
181179,0.30801865
181186,0.092558816
181196,0.071587496
181197,0.32992506
181204,0.040899776
181213,0.047765013
181214,0.3848969
181221,0.050450455
181224,0.022998327
181226,0.033163004
181236,0.1299911
181256,0.50272274
181257,0.016022958
181279,0.05105264
181282,0.042676385
181285,0.06074411
181288,0.027729018
181289,0.1532958
181290,0.016103351
181298,0.008996416
181299,0.0598636
181307,0.027377358
181312,0.20188454
181318,0.032405816
181322,0.05448894
181338,0.073675744
181340,0.017785829
181342,0.004037052
181344,0.1048113
181350,0.044731896
181373,0.06702441
181374,0.11645358
181375,0.017571844
181379,0.08625349
181381,0.011240846
181385,0.11682941
181388,0.014787817
181392,0.030179229
181393,0.10628664
181425,0.005436436
181465,0.03656599
181481,0.041512065
181484,0.061209843
181494,0.024993924
181501,0.025557423
181507,0.013862579
181521,0.06000111
181524,0.014176251
181538,0.14172988
181540,0.016245492
181547,0.13500938
181551,0.043139625
181555,0.07290735
181561,0.052651647
181564,0.027169906
181567,0.095728226
181599,0.04877516
181602,0.21399702
181612,0.06619918
181613,0.04437948
181615,0.061638825
181621,0.021057513
181622,0.06756941
181629,0.041104652
181630,0.013706318
181633,0.061610445
181635,0.12864235
181641,0.024351452
181643,0.15522018
181644,0.0945152
181649,0.036378507
181659,0.032625724
181660,0.02208802
181665,0.18436491
181666,0.11342999
181672,0.14745772
181682,0.059859455
181693,0.13816367
181697,0.090615846
181703,0.01217731
181704,0.019926755
181720,0.03640607
181722,0.026516698
181732,0.054295152
181733,0.041280467
181736,0.04287983
181737,0.029107906
181747,0.029785598
181758,0.27236074
181764,0.029654553
181770,0.061404333
181774,0.09323126
181783,0.13704322
181788,0.025589969
181789,0.20595703
181804,0.09179293
181809,0.03747523
181821,0.08230285
181836,0.012900954
181863,0.03076101
181867,0.035216514
181868,0.1485609
181871,0.06067503
181904,0.34821072
181931,0.019222196
181932,0.023613594
181941,0.023044242
181944,0.13109145
181958,0.05699308
181971,0.02988106
181986,0.030347794
182002,0.01616607
182007,0.022660127
182012,0.021460846
182022,0.012440037
182031,0.064018
182050,0.07964452
182053,0.075660706
182071,0.04652175
182072,0.08858438
182073,0.052894343
182102,0.026760457
182106,0.026361307
182116,0.01312
182117,0.12419163
182118,0.007238206
182124,0.077991284
182125,0.09948337
182145,0.042020716
182150,0.07328886
182154,0.030325606
182167,0.042107426
182179,0.12329156
182181,0.033277646
182183,0.029501127
182218,0.022977106
182225,0.01257337
182226,0.13835219
182266,0.12549223
182272,0.03238394
182275,0.0929238
182295,0.09586937
182305,0.008971546
182312,0.060759183
182313,0.02013907
182327,0.011802555
182337,0.035866536
182340,0.004950064
182341,0.043204892
182342,0.028111713
182345,0.04082125
182353,0.0077928375
182355,0.024572127
182371,0.016141796
182376,0.013200827
182381,0.010680131
182382,0.008084609
182384,0.060191546
182387,0.10258141
182412,0.016308313
182419,0.1252361
182432,0.06626254
182438,0.053284377
182448,0.45282692
182450,0.08174101
182465,0.012718241
182468,0.017087016
182474,0.057461523
182483,0.03258202
182484,0.0907718
182485,0.01618284
182486,0.05451212
182489,0.14163715
182500,0.028658781
182501,0.041211255
182504,0.2932153
182514,0.017604126
182524,0.03492636
182525,0.05129315
182533,0.03229734
182536,0.058581505
182539,0.041232005
182550,0.025365883
182553,0.065583825
182568,0.029192066
182571,0.060040727
182573,0.03256112
182580,0.037184197
182615,0.050579745
182618,0.016774988
182624,0.02123996
182644,0.022721956
182686,0.3368426
182687,0.07277813
182695,0.45560336
182718,0.08945339
182726,0.06744216
182735,0.06526657
182742,0.047578894
182747,0.0677183
182748,0.038055196
182752,0.031184364
182761,0.21438414
182800,0.017022675
182802,0.10232492
182807,0.08949446
182816,0.06811622
182818,0.024505692
182826,0.06879438
182836,0.008278493
182840,0.21181509
182841,0.09486266
182846,0.052070484
182862,0.04133009
182864,0.06625101
182871,0.121693425
182878,0.11029991
182880,0.105664454
182885,0.012138412
182893,0.018162185
182894,0.12581424
182895,0.025869101
182901,0.085251905
182907,0.15213382
182921,0.07629873
182952,0.018125705
182964,0.14142743
182966,0.33402532
182980,0.020871442
182985,0.24339312
182989,0.088145785
182994,0.051276144
183035,0.19965117
183037,0.23470484
183042,0.016265936
183049,0.044906523
183050,0.008340099
183051,0.015221236
183062,0.009408269
183063,0.02467998
183064,0.021508563
183076,0.10419
183078,0.14803094
183086,0.024304748
183089,0.05931677
183091,0.060226977
183097,0.020143658
183104,0.011789275
183118,0.17638233
183119,0.11219163
183134,0.087147474
183142,0.16087863
183157,0.024971796
183162,0.02310013
183180,0.021248106
183193,0.18071544
183213,0.0354055
183216,0.15378909
183223,0.03214746
183226,0.062641606
183264,0.01654073
183273,0.122053385
183278,0.010231392
183282,0.071358494
183283,0.07577152
183286,0.029949717
183288,0.019322857
183299,0.104709186
183310,0.011707682
183315,0.104015335
183332,0.015881808
183336,0.05080067
183341,0.045470826
183342,0.022925103
183345,0.011178895
183347,0.037624836
183360,0.04754089
183362,0.012268912
183370,0.045698583
183379,0.0071033193
183386,0.13386436
183410,0.093582965
183417,0.023570942
183419,0.032522056
183421,0.07171784
183425,0.31088498
183427,0.0853965
183433,0.10539725
183434,0.10258298
183438,0.04396163
183439,0.027698476
183440,0.12680934
183450,0.05127754
183451,0.11239148
183453,0.013732758
183454,0.01920515
183455,0.14204684
183457,0.0146632
183463,0.1443079
183475,0.01964096
183478,0.11024153
183480,0.046829257
183490,0.009811694
183494,0.13547337
183503,0.028387165
183512,0.34121183
183517,0.13032396
183530,0.08498931
183532,0.011528595
183533,0.01712826
183536,0.011920328
183545,0.034549307
183549,0.013861627
183550,0.02469317
183551,0.15450303
183555,0.05235751
183560,0.04425884
183585,0.023264458
183591,0.027262615
183592,0.020719867
183603,0.33214447
183610,0.03810121
183628,0.16835546
183644,0.024753911
183646,0.2863469
183649,0.018047262
183656,0.08002272
183658,0.36653072
183688,0.0075072516
183690,0.02046255
183691,0.0534343
183697,0.16678996
183709,0.080809414
183711,0.10991128
183714,0.13420802
183725,0.038756043
183736,0.055480395
183742,0.006387816
183772,0.053073972
183776,0.09650016
183787,0.039304838
183792,0.18738762
183793,0.09549095
183799,0.31096363
183816,0.046223897
183818,0.24618396
183832,0.018077977
183836,0.03347262
183839,0.023086581
183840,0.025233863
183855,0.019664759
183857,0.060626525
183863,0.07188832
183866,0.033645857
183876,0.069570646
183878,0.2461743
183897,0.012613571
183902,0.080162466
183915,0.010887656
183925,0.22233887
183936,0.039667964
183939,0.03718593
183951,0.009753369
183956,0.02603244
183957,0.024566226
183974,0.015010946
183982,0.12533057
183994,0.03107874
184008,0.049256522
184013,0.22782546
184016,0.047251314
184019,0.015681576
184024,0.049635034
184025,0.04980737
184038,0.005600078
184045,0.023848278
184056,0.040188223
184060,0.055633653
184071,0.019808589
184073,0.036544483
184074,0.022236103
184077,0.013174963
184105,0.14118269
184106,0.06080102
184133,0.08224553
184154,0.43908235
184163,0.014603836
184165,0.0864795
184193,0.14583091
184194,0.03800798
184195,0.01026475
184202,0.12298135
184226,0.53468394
184230,0.042016186
184231,0.20378795
184234,0.06259394
184238,0.020311663
184248,0.022645747
184257,0.019694537
184268,0.033987243
184282,0.0129820695
184291,0.061778333
184294,0.022774862
184295,0.32988957
184304,0.03431975
184309,0.030591806
184318,0.052624933
184325,0.037747607
184329,0.022461507
184330,0.013216103
184333,0.22759637
184337,0.0080238115
184338,0.08288103
184340,0.011808629
184341,0.05010324
184347,0.09788172
184354,0.050879568
184355,0.028745767
184372,0.026167972
184384,0.07912221
184385,0.026420679
184386,0.009932779
184389,0.10392282
184401,0.01418559
184405,0.04666495
184431,0.24170712
184450,0.020455766
184453,0.54381967
184470,0.024630953
184471,0.024390351
184486,0.0916994
184488,0.017686201
184489,0.01555321
184497,0.054256175
184508,0.038742375
184509,0.04386378
184516,0.05436267
184525,0.115225196
184526,0.025118794
184531,0.031131396
184557,0.0418198
184576,0.015962701
184589,0.009750551
184605,0.016491756
184613,0.16087681
184630,0.03119235
184635,0.030365303
184636,0.0124189835
184643,0.015003363
184645,0.033300977
184653,0.034174312
184655,0.053185686
184656,0.04115239
184660,0.052908383
184716,0.058275253
184736,0.015738698
184758,0.08465652
184767,0.059380155
184770,0.1063611
184773,0.015672533
184776,0.059731863
184792,0.04683495
184812,0.02536863
184820,0.029565096
184829,0.018898025
184831,0.12130222
184832,0.039772328
184834,0.015893782
184847,0.11878112
184848,0.04471628
184858,0.014587869
184866,0.020415762
184869,0.060818613
184870,0.057125486
184873,0.013400759
184874,0.021354921
184876,0.08358168
184879,0.20997313
184880,0.02524006
184885,0.023772044
184896,0.0144521985
184916,0.25218186
184918,0.039437886
184919,0.044186916
184921,0.07632867
184936,0.044760156
184944,0.17112191
184956,0.11919684
184963,0.10023496
184964,0.009462735
184965,0.070836976
184972,0.10656095
184977,0.068969205
184982,0.033707187
184988,0.24322657
184992,0.03744394
184994,0.009750974
184998,0.20896527
185017,0.009760431
185024,0.012033882
185032,0.12129054
185037,0.03711395
185040,0.008706799
185043,0.04949133
185048,0.02743988
185059,0.068523064
185076,0.14396054
185083,0.013464867
185090,0.09172631
185099,0.03946474
185101,0.01127777
185106,0.0438633
185121,0.17675912
185125,0.21593368
185126,0.16719465
185127,0.11518225
185153,0.046764653
185167,0.23817973
185171,0.09598595
185178,0.05928367
185180,0.027562447
185181,0.01215492
185183,0.06845025
185186,0.1130713
185187,0.11090714
185188,0.016838802
185189,0.03815445
185194,0.110444754
185207,0.02702102
185209,0.017958388
185210,0.06919121
185212,0.011810844
185220,0.07559109
185221,0.07218693
185230,0.15957248
185231,0.05501317
185245,0.012330431
185249,0.038682275
185262,0.012890423
185285,0.18357013
185286,0.08174243
185288,0.023521496
185296,0.03232562
185298,0.32820034
185299,0.009614577
185308,0.01820472
185311,0.025708906
185313,0.031785652
185314,0.06225276
185332,0.053654004
185337,0.026464012
185338,0.03292141
185339,0.027524041
185341,0.08791943
185342,0.0184097
185344,0.025303924
185349,0.07456456
185362,0.03522519
185363,0.06291213
185394,0.01457164
185410,0.06300635
185418,0.015187173
185423,0.08047526
185428,0.067344114
185442,0.15171921
185447,0.107992336
185450,0.038784288
185454,0.0079865735
185475,0.14752507
185481,0.0394106
185483,0.03225217
185485,0.09695216
185496,0.01018499
185504,0.016421814
185505,0.0051182364
185512,0.04016191
185515,0.010622496
185534,0.04220812
185536,0.019637058
185538,0.030934753
185552,0.01353057
185569,0.036525115
185576,0.01683092
185578,0.074046
185581,0.098007955
185584,0.015461266
185585,0.025047608
185586,0.10035426
185592,0.045899935
185604,0.009133294
185606,0.012732541
185607,0.11455408
185618,0.0934184
185622,0.087841034
185628,0.09015694
185629,0.017454224
185634,0.053594984
185637,0.15599021
185638,0.015179921
185640,0.12331035
185641,0.009702591
185645,0.037441667
185646,0.19314678
185647,0.01207102
185662,0.03698761
185669,0.067769684
185675,0.008767436
185687,0.019772083
185688,0.07849097
185689,0.059844147
185690,0.05847287
185697,0.03005533
185710,0.0946786
185733,0.01626605
185740,0.10081194
185806,0.051264115
185812,0.24559961
185824,0.029622471
185825,0.037455093
185826,0.15427399
185827,0.2478116
185828,0.017395891
185837,0.033578612
185859,0.045940995
185861,0.036609616
185872,0.02459062
185874,0.036651928
185891,0.08595272
185893,0.06283149
185897,0.066697456
185900,0.025977843
185910,0.04643959
185919,0.006605792
185932,0.037394505
185937,0.10998757
185939,0.02077176
185965,0.02859913
185968,0.038993973
185971,0.022501983
185978,0.10336763
185980,0.029644232
185981,0.04252455
185982,0.04862818
185991,0.028757311
185997,0.02135251
185998,0.041217595
186014,0.015504833
186021,0.019289888
186025,0.070170745
186034,0.03890927
186054,0.044165734
186061,0.1055638
186065,0.044081036
186066,0.04022199
186070,0.059772838
186080,0.0363267
186085,0.02847533
186094,0.1997075
186110,0.14547063
186113,0.01520959
186116,0.02743746
186127,0.008294983
186129,0.07502653
186135,0.034480914
186139,0.32842842
186151,0.033936772
186153,0.06420428
186156,0.0072186952
186158,0.024248656
186159,0.014858874
186166,0.10317754
186168,0.027455464
186169,0.0832273
186170,0.009202689
186179,0.0062728776
186188,0.024868438
186210,0.007005659
186227,0.020934876
186229,0.09523091
186230,0.08129878
186249,0.02825617
186254,0.014404362
186264,0.012702503
186265,0.051649448
186273,0.013447112
186276,0.03586095
186289,0.024165256
186296,0.11145147
186308,0.011775201
186309,0.025153697
186310,0.026357673
186316,0.022482118
186321,0.030115902
186333,0.046741165
186346,0.06269251
186391,0.09025298
186398,0.09249739
186407,0.027014403
186411,0.037337728
186415,0.014883205
186426,0.18483613
186444,0.010450662
186448,0.20192423
186453,0.09986374
186456,0.004125565
186460,0.01834332
186461,0.03535455
186473,0.08265714
186489,0.16929205
186490,0.12584257
186491,0.077422306
186492,0.018953674
186493,0.054182235
186503,0.07007775
186505,0.120096035
186506,0.012253873
186508,0.00912318
186524,0.076316774
186526,0.03411261
186536,0.014965849
186539,0.04239403
186543,0.02062593
186558,0.11804609
186568,0.0915407
186573,0.13211355
186587,0.06816837
186599,0.027977278
186609,0.3562181
186610,0.010508881
186612,0.037290458
186632,0.21243382
186634,0.040308032
186649,0.05916238
186652,0.089703046
186660,0.0416411
186668,0.18653958
186674,0.10410122
186675,0.03779348
186679,0.04530963
186682,0.035254396
186683,0.021286968
186695,0.44706082
186696,0.015003778
186704,0.073976226
186709,0.13013916
186714,0.08017539
186723,0.008308212
186726,0.22048043
186728,0.13125047
186729,0.018088369
186731,0.088038035
186737,0.07317072
186742,0.013922036
186743,0.014840514
186745,0.109729156
186747,0.015471671
186750,0.06315271
186769,0.026808994
186771,0.123693265
186787,0.046922594
186796,0.08567952
186802,0.29388168
186811,0.03324823
186812,0.04732874
186815,0.04352552
186840,0.030819586
186842,0.38650674
186853,0.1410538
186859,0.11740492
186878,0.04730404
186885,0.06035802
186890,0.019093376
186906,0.15778641
186916,0.022281257
186927,0.023304306
186928,0.057056095
186931,0.17261238
186934,0.030166581
186938,0.19247444
186943,0.16421044
186944,0.19229761
186945,0.109440334
186947,0.030348377
186952,0.04470293
186953,0.043299813
186960,0.13009188
186962,0.043385696
186991,0.010378666
187001,0.38042343
187017,0.048206985
187019,0.0766049
187024,0.023459686
187035,0.0067696227
187037,0.08995844
187056,0.009759745
187057,0.026572065
187058,0.21330903
187065,0.07242445
187066,0.20705731
187069,0.0175942
187070,0.036126316
187074,0.020399194
187085,0.02959878
187087,0.039347704
187100,0.050098598
187117,0.08552955
187158,0.14479609
187159,0.015025302
187162,0.090477295
187164,0.020441463
187167,0.045232207
187168,0.013673398
187171,0.025415884
187184,0.13695547
187194,0.052037273
187208,0.060611807
187211,0.13789584
187220,0.03543626
187224,0.045411963
187242,0.065681785
187259,0.015151405
187260,0.04767132
187267,0.16611391
187280,0.27614534
187287,0.02269393
187291,0.02572497
187296,0.014094954
187301,0.07266952
187315,0.15887536
187319,0.03236979
187326,0.1516811
187328,0.09922676
187329,0.025007505
187330,0.028895097
187335,0.04376757
187339,0.023912849
187340,0.11469838
187353,0.05909175
187356,0.029144192
187367,0.15750206
187383,0.04422178
187388,0.043740798
187401,0.043049026
187415,0.025783222
187422,0.02230411
187439,0.21700954
187440,0.09785599
187442,0.4741716
187447,0.028139919
187448,0.03416914
187451,0.052040763
187468,0.0118659055
187475,0.050955355
187477,0.09441561
187480,0.019742763
187498,0.16147658
187499,0.020822715
187516,0.0041659474
187524,0.013570884
187534,0.031507388
187552,0.029074518
187577,0.048248846
187584,0.023076786
187585,0.02965349
187603,0.035218224
187608,0.018282477
187625,0.017062375
187637,0.07253808
187639,0.12137017
187641,0.010478065
187652,0.03794006
187684,0.023061402
187689,0.022040393
187698,0.057264302
187708,0.008885735
187716,0.019162003
187717,0.04335046
187719,0.025641207
187720,0.15698986
187743,0.08501392
187749,0.1194171
187762,0.046076942
187763,0.058303703
187772,0.101254635
187786,0.023883054
187787,0.024825355
187809,0.04505066
187826,0.09654712
187828,0.016753452
187829,0.019145789
187833,0.02578697
187847,0.049801905
187852,0.038682424
187862,0.08623065
187867,0.055193655
187868,0.14219855
187870,0.08355736
187871,0.021797158
187879,0.15256019
187894,0.07158858
187895,0.037495952
187899,0.038922694
187903,0.14182329
187915,0.02185828
187919,0.08483014
187941,0.021373995
187942,0.07263692
187944,0.029647669
187947,0.0664403
187949,0.19958737
187950,0.021211818
187952,0.05351106
187964,0.30591378
187967,0.01815419
187977,0.043316845
187983,0.08709171
187987,0.052986305
187988,0.03538188
187990,0.019116886
187991,0.17445077
187998,0.08002593
188014,0.0560485
188017,0.03029234
188021,0.08835902
188032,0.009638681
188039,0.0849852
188040,0.03043215
188044,0.06299813
188045,0.029183595
188054,0.05808869
188069,0.024052272
188070,0.13771471
188081,0.019032111
188092,0.16374217
188106,0.098672435
188108,0.04966974
188117,0.014435392
188120,0.019118903
188130,0.045755967
188133,0.102108315
188136,0.030306954
188151,0.01123124
188153,0.041684464
188158,0.009527155
188171,0.010981809
188175,0.05074
188192,0.06952868
188194,0.057632152
188198,0.0760371
188199,0.063985825
188228,0.12426763
188232,0.02193928
188233,0.05227942
188234,0.008491315
188245,0.019789973
188248,0.054641828
188254,0.055103265
188261,0.030201653
188262,0.041160397
188267,0.029146478
188276,0.009598277
188281,0.39832264
188282,0.05436124
188295,0.010165857
188309,0.018210517
188313,0.13039646
188324,0.038062032
188327,0.06485199
188328,0.04343805
188329,0.071326375
188336,0.061590035
188337,0.051319655
188350,0.047959857
188389,0.08597066
188399,0.011716773
188413,0.027532658
188415,0.05274866
188421,0.007346007
188438,0.10947947
188449,0.41058335
188466,0.04081155
188470,0.005854818
188486,0.027553255
188492,0.034435183
188507,0.030072603
188511,0.0276549
188521,0.13728714
188540,0.22960427
188542,0.069314234
188551,0.27440777
188557,0.018812453
188558,0.035763368
188561,0.06334902
188563,0.1865182
188565,0.036633983
188577,0.033121042
188586,0.06928971
188591,0.04089413
188594,0.045859586
188614,0.072004676
188622,0.02302491
188626,0.024707127
188632,0.12665729
188635,0.07909019
188639,0.05050189
188645,0.13470568
188646,0.2762326
188647,0.056872096
188653,0.034933858
188659,0.057579163
188677,0.16656771
188694,0.045784343
188695,0.008456587
188696,0.0063716383
188707,0.016061407
188714,0.031311758
188715,0.14021075
188722,0.23012751
188724,0.030689389
188729,0.02631906
188734,0.027419074
188739,0.36410943
188746,0.035289794
188747,0.02815679
188768,0.030558027
188770,0.03684807
188772,0.028567776
188787,0.013977439
188792,0.037033495
188793,0.019040477
188808,0.03577872
188828,0.09581542
188848,0.03557515
188851,0.061521202
188856,0.060696837
188862,0.088628374
188875,0.27629614
188876,0.23636098
188878,0.0536252
188880,0.00994596
188890,0.11593344
188900,0.04658646
188914,0.043711904
188928,0.08230479
188936,0.0046118107
188946,0.021293066
188947,0.021332089
188948,0.084935114
188949,0.013068381
188950,0.044076134
188980,0.017816551
188982,0.1632844
188988,0.36892357
188990,0.09061223
188992,0.05617469
188993,0.024590159
188994,0.038575634
188997,0.019460438
188998,0.18688154
189009,0.025781821
189018,0.032046173
189022,0.03908439
189034,0.014519939
189045,0.01802352
189059,0.17126141
189062,0.03885219
189075,0.16291113
189086,0.011299943
189087,0.040245917
189107,0.04403282
189113,0.028967919
189144,0.048283312
189148,0.029549552
189199,0.05813413
189201,0.051317297
189202,0.0065211644
189207,0.2983081
189213,0.028801054
189214,0.10971774
189224,0.016244235
189230,0.024519734
189251,0.03774896
189252,0.06379915
189255,0.011651221
189256,0.03838267
189257,0.023774588
189260,0.010503216
189261,0.1424585
189262,0.020555077
189263,0.027025523
189272,0.023355948
189282,0.01045932
189284,0.15424453
189294,0.048378304
189304,0.069476396
189314,0.1190603
189317,0.24165449
189333,0.01106943
189337,0.053427342
189347,0.015225004
189355,0.014703261
189357,0.049899906
189366,0.18094093
189374,0.0864128
189379,0.05084155
189388,0.08921682
189397,0.03237239
189418,0.09336841
189453,0.018856926
189458,0.023971349
189460,0.06514837
189481,0.02707025
189482,0.09613966
189483,0.13354966
189490,0.06678166
189491,0.015111101
189492,0.05739593
189511,0.046351895
189512,0.018917082
189518,0.04555136
189519,0.16841285
189531,0.04253291
189541,0.2417907
189550,0.09068898
189551,0.07151748
189559,0.28192315
189564,0.016911006
189573,0.04777999
189585,0.035460327
189587,0.102005824
189605,0.030552518
189612,0.019739449
189633,0.025362877
189640,0.020372383
189641,0.19509947
189643,0.028177544
189650,0.082623415
189652,0.03874867
189656,0.10348351
189661,0.05294284
189663,0.07927354
189684,0.04489875
189688,0.044546492
189711,0.12668523
189729,0.06309409
189747,0.086698234
189761,0.113708064
189773,0.02772425
189774,0.017222485
189779,0.09101894
189780,0.028523969
189796,0.016040634
189799,0.13816845
189800,0.045245275
189807,0.05996814
189808,0.022548432
189826,0.118161075
189836,0.0212817
189843,0.033832967
189845,0.08451492
189852,0.1451446
189853,0.19497031
189855,0.011063559
189866,0.029573524
189886,0.03675577
189888,0.018922249
189902,0.097244374
189907,0.21962425
189910,0.026922727
189922,0.017439062
189924,0.04402497
189933,0.03048074
189935,0.04454798
189939,0.021698654
189951,0.35979143
189965,0.029730054
189966,0.07409693
189977,0.029417677
189989,0.02230097
189990,0.08007719
190002,0.031780705
190006,0.3541525
190008,0.016245933
190009,0.16379082
190021,0.025654707
190058,0.04717163
190061,0.07344897
190069,0.028633699
190072,0.0837981
190078,0.09619746
190109,0.09563412
190112,0.13441563
190117,0.07218861
190132,0.018308025
190133,0.09656801
190153,0.04620696
190164,0.019884784
190167,0.011918952
190169,0.20751739
190179,0.18282533
190184,0.03419099
190188,0.015259538
190199,0.03300234
190200,0.084681615
190201,0.028884064
190227,0.07449137
190229,0.012705398
190245,0.018019179
190272,0.08241484
190274,0.016782178
190281,0.08038829
190282,0.14171688
190290,0.091958635
190299,0.13763182
190301,0.052934136
190304,0.07394076
190306,0.013934703
190311,0.09520998
190341,0.030065686
190354,0.018201603
190364,0.016343217
190368,0.07204832
190375,0.16237617
190383,0.04405145
190384,0.02774897
190387,0.021588622
190388,0.2176302
190392,0.26559928
190394,0.23281571
190405,0.11541536
190406,0.14003536
190412,0.02004939
190413,0.19356374
190431,0.03354406
190452,0.02202854
190454,0.03941944
190461,0.12033347
190475,0.04047016
190489,0.19097887
190507,0.040794317
190513,0.008165867
190515,0.23628359
190516,0.018482348
190522,0.012028509
190523,0.14938994
190526,0.09326624
190533,0.0060001654
190537,0.07334145
190542,0.011358533
190545,0.15155075
190548,0.015850285
190555,0.08320022
190561,0.030097017
190562,0.017505277
190566,0.012446606
190581,0.063197754
190590,0.012740617
190591,0.12251858
190593,0.035142254
190612,0.046221975
190617,0.051331412
190618,0.06810063
190619,0.1199433
190643,0.12310822
190647,0.06631682
190663,0.015412224
190664,0.018097116
190678,0.022314083
190691,0.0048231347
190697,0.022342829
190698,0.028374063
190701,0.15504526
190702,0.28292528
190713,0.02499203
190739,0.024465827
190744,0.0870904
190756,0.029901968
190767,0.20170571
190777,0.041071437
190808,0.029236618
190825,0.031996217
190830,0.06697379
190844,0.08004088
190855,0.081330515
190860,0.094870076
190861,0.049936295
190865,0.024107246
190884,0.061290056
190886,0.06740779
190887,0.07728449
190893,0.17805041
190899,0.037287652
190900,0.026526874
190901,0.047260597
190903,0.015259229
190909,0.036255952
190911,0.39860937
190916,0.053522494
190922,0.040253274
190926,0.0121715125
190927,0.03153158
190929,0.04468311
190931,0.12001567
190948,0.022581236
190954,0.0048495685
190957,0.012353699
190965,0.007040692
190978,0.15391947
190986,0.094173916
190990,0.058677804
190993,0.06603385
190998,0.026065739
190999,0.020340715
191028,0.04269014
191033,0.013341263
191042,0.24148871
191076,0.007200527
191114,0.03858896
191137,0.34202653
191138,0.060060948
191140,0.042289022
191141,0.013515247
191143,0.040248007
191145,0.06764646
191161,0.17637126
191167,0.028022798
191192,0.035265427
191199,0.06916861
191200,0.013743517
191205,0.032856777
191206,0.01829777
191214,0.020412361
191217,0.0078008017
191222,0.031343993
191224,0.017791694
191232,0.24396248
191238,0.025585998
191243,0.03010271
191247,0.06771596
191250,0.021437276
191266,0.043279584
191278,0.018535718
191279,0.014672084
191282,0.14107575
191287,0.040559966
191290,0.054688483
191291,0.11542784
191296,0.09596857
191301,0.04760177
191304,0.02107267
191305,0.014838186
191306,0.18644355
191324,0.17205244
191359,0.026002835
191360,0.051299203
191362,0.008917589
191371,0.11967733
191379,0.11732374
191394,0.013345344
191413,0.152389
191430,0.01001056
191435,0.029373351
191449,0.034945972
191452,0.014049009
191464,0.10681864
191465,0.014799076
191466,0.06012535
191469,0.13647412
191490,0.19852686
191494,0.22465038
191498,0.20670308
191506,0.20011121
191508,0.024030555
191509,0.02034709
191515,0.19405845
191524,0.018819064
191548,0.05968283
191562,0.009737272
191568,0.06271328
191596,0.12938783
191609,0.033156794
191619,0.013725715
191624,0.0758761
191628,0.008784422
191630,0.06843413
191648,0.14301774
191649,0.07280859
191654,0.02774962
191655,0.0066902936
191659,0.062979385
191674,0.110073395
191675,0.0067143845
191680,0.042823482
191681,0.014857506
191684,0.03675265
191686,0.0042872815
191721,0.24651234
191722,0.036057405
191726,0.06365449
191727,0.014252099
191732,0.08284449
191735,0.014800092
191738,0.1610398
191745,0.23084281
191746,0.047388114
191751,0.064712554
191761,0.13975681
191772,0.01605944
191785,0.060973376
191794,0.013875687
191799,0.026138037
191806,0.109325126
191807,0.013071701
191809,0.1790703
191824,0.12506016
191826,0.08772259
191834,0.10103552
191837,0.021411704
191841,0.07786205
191845,0.008109912
191847,0.16922642
191850,0.042494763
191869,0.06647336
191873,0.012981049
191876,0.021316629
191878,0.16492607
191880,0.020291733
191881,0.09337438
191883,0.075498946
191898,0.092890285
191907,0.03831303
191910,0.018340714
191918,0.025346473
191920,0.08085909
191923,0.06512465
191942,0.039222952
191943,0.09086004
191951,0.063034676
191952,0.015224983
191958,0.05844706
191963,0.2219134
191971,0.17129491
191992,0.18528892
192000,0.18593258
192001,0.10609314
192008,0.031646054
192018,0.014777818
192029,0.010391741
192030,0.032593068
192031,0.012127063
192043,0.05748279
192045,0.061615136
192052,0.1096125
192056,0.008185727
192071,0.0709903
192082,0.018770592
192088,0.013332704
192103,0.008167033
192105,0.076751925
192119,0.030471504
192144,0.102235444
192151,0.028332721
192158,0.023238363
192163,0.015057798
192172,0.14091001
192176,0.021033777
192177,0.04731528
192212,0.034191906
192221,0.34560838
192223,0.24159491
192224,0.10547463
192238,0.051172346
192239,0.046833985
192252,0.26438037
192259,0.044792663
192268,0.0203757
192274,0.039786022
192276,0.113472916
192277,0.036768038
192289,0.018873015
192296,0.073077224
192308,0.09610994
192309,0.006745804
192315,0.0147063695
192322,0.14080891
192324,0.06737089
192343,0.14043388
192345,0.021174764
192367,0.048253763
192375,0.021154597
192382,0.085523374
192389,0.024779156
192390,0.14747348
192391,0.0950306
192423,0.030814115
192427,0.034474425
192431,0.04430595
192433,0.010990358
192451,0.03577585
192453,0.041489467
192455,0.031030258
192468,0.021522025
192469,0.031142931
192474,0.01364931
192481,0.0516887
192482,0.024442986
192483,0.016428841
192486,0.10437567
192490,0.08338591
192491,0.13009596
192494,0.053338744
192507,0.007128509
192508,0.020225532
192509,0.19397657
192525,0.13126509
192526,0.083266675
192528,0.014194528
192535,0.02095951
192545,0.29171544
192548,0.05326997
192572,0.41068214
192594,0.052515604
192607,0.01653644
192625,0.082524136
192626,0.046332214
192631,0.02190391
192632,0.07494723
192636,0.017785829
192637,0.030723196
192655,0.021325694
192657,0.010352855
192674,0.11148389
192675,0.018708093
192680,0.09917764
192682,0.07766828
192686,0.07057035
192698,0.112557866
192703,0.019463075
192705,0.008459974
192717,0.031215757
192720,0.028745485
192721,0.057645693
192722,0.03799104
192728,0.012480728
192734,0.014590784
192739,0.02797271
192740,0.12424406
192752,0.02386051
192761,0.015035976
192770,0.0057763783
192780,0.051076632
192782,0.064165115
192783,0.23828164
192789,0.035939615
192796,0.00932433
192800,0.028078074
192802,0.055543672
192811,0.07759786
192812,0.015773756
192815,0.023221172
192838,0.15841153
192861,0.010813821
192868,0.03248297
192872,0.04116942
192876,0.051757764
192877,0.042416234
192897,0.13778488
192898,0.028065193
192903,0.0649687
192904,0.095588684
192905,0.011329692
192911,0.29932234
192920,0.04743641
192921,0.03072183
192922,0.17362784
192942,0.03706121
192946,0.14929387
192963,0.05521142
192978,0.09819896
192979,0.096652366
192981,0.106007084
192991,0.045626394
192995,0.05329823
192998,0.19174887
193019,0.05543173
193027,0.0120903
193028,0.021670649
193032,0.01698425
193036,0.04295955
193044,0.019496957
193046,0.029641248
193049,0.014317212
193050,0.034087393
193054,0.024150124
193057,0.025187885
193060,0.3012808
193075,0.01631692
193088,0.005916796
193091,0.021494944
193112,0.048574537
193122,0.019191466
193123,0.05193778
193128,0.032638125
193133,0.02035771
193143,0.09729873
193150,0.19512865
193151,0.0146836005
193160,0.3660604
193180,0.18525639
193198,0.01809889
193204,0.14586496
193207,0.036690276
193210,0.27365103
193225,0.015149897
193232,0.071020156
193248,0.028473465
193249,0.21944821
193262,0.020654272
193270,0.054373767
193273,0.09499403
193275,0.02527081
193286,0.013209719
193289,0.14609754
193290,0.023605943
193311,0.25152904
193321,0.027868712
193322,0.022557449
193340,0.037696928
193349,0.02039181
193368,0.10037611
193369,0.023916606
193375,0.0072244653
193385,0.14907782
193389,0.012023121
193394,0.03589846
193396,0.037069704
193398,0.012053086
193402,0.051532958
193409,0.0079205
193421,0.023342751
193426,0.009120396
193430,0.015405316
193436,0.11852514
193437,0.038430028
193440,0.017531736
193441,0.14371713
193449,0.030383736
193462,0.009957376
193464,0.017887207
193468,0.014432319
193474,0.01065445
193475,0.02357592
193479,0.14099975
193484,0.1095917
193488,0.024679307
193496,0.008508072
193507,0.06348983
193510,0.09969111
193512,0.011395835
193514,0.014152818
193515,0.11167973
193516,0.08448676
193520,0.007644467
193522,0.12361414
193541,0.022534305
193545,0.0154835135
193549,0.029008675
193554,0.061914455
193558,0.15747763
193568,0.0143302735
193569,0.3187217
193579,0.03643353
193587,0.039456714
193589,0.048085343
193613,0.029902877
193642,0.14464967
193643,0.040895335
193647,0.024509307
193648,0.02491525
193663,0.061689172
193664,0.23208784
193665,0.04536623
193672,0.05192517
193675,0.27460152
193686,0.14209636
193692,0.058393594
193706,0.019177968
193725,0.020393677
193726,0.06449249
193727,0.03463337
193733,0.025398768
193738,0.18343706
193739,0.022822948
193745,0.0783548
193759,0.038287204
193767,0.026443867
193774,0.14692204
193776,0.0116713075
193777,0.40647385
193787,0.2517987
193789,0.048640747
193793,0.026907459
193805,0.006777203
193808,0.012850821
193816,0.018674072
193817,0.02152805
193821,0.11916378
193831,0.09519507
193832,0.029458169
193874,0.13028494
193879,0.033285376
193882,0.04219887
193910,0.020280411
193915,0.045335107
193916,0.10635397
193921,0.19888733
193924,0.09915944
193926,0.00731309
193927,0.047104836
193949,0.014127327
193954,0.1406426
193966,0.20044371
193970,0.057248764
193971,0.03988976
193975,0.038502567
193980,0.06339572
193982,0.18809801
193983,0.09203427
193987,0.025335474
193997,0.013925676
194000,0.10526794
194013,0.045398332
194014,0.2517248
194026,0.03150662
194039,0.032936413
194042,0.023131652
194054,0.07455843
194057,0.22963251
194058,0.019196754
194068,0.022809627
194071,0.08026954
194073,0.028855711
194075,0.061095323
194093,0.0085457
194098,0.21394017
194105,0.0252552
194106,0.2550102
194110,0.034752782
194128,0.05268418
194137,0.036062386
194149,0.026312396
194150,0.027031522
194155,0.12432638
194157,0.052066494
194158,0.04894357
194164,0.028530363
194165,0.061977427
194166,0.009637283
194170,0.037383497
194171,0.017713958
194177,0.052077908
194187,0.03924612
194188,0.016986178
194213,0.05811476
194229,0.21044481
194230,0.047448896
194241,0.004888666
194243,0.058147483
194244,0.034515522
194276,0.01454669
194279,0.011638532
194280,0.034574922
194281,0.07635991
194291,0.03056261
194293,0.22273873
194306,0.013384113
194307,0.034184624
194308,0.03626851
194310,0.22444354
194314,0.043746192
194326,0.24661253
194330,0.10775303
194338,0.020431655
194366,0.12469189
194370,0.014771008
194371,0.026485274
194379,0.011158709
194382,0.06724364
194383,0.15880379
194395,0.16976401
194402,0.019776495
194406,0.018654006
194408,0.2047835
194413,0.035742458
194414,0.035962842
194419,0.036043
194423,0.14693958
194424,0.07313635
194429,0.04151851
194436,0.059774432
194468,0.05927244
194469,0.017214786
194478,0.047036845
194480,0.3178156
194484,0.04457112
194505,0.0789121
194514,0.021130547
194516,0.016255058
194523,0.14890468
194526,0.019989882
194533,0.034926392
194534,0.038389854
194536,0.050827727
194548,0.054095365
194552,0.23997004
194558,0.07903301
194561,0.08845959
194563,0.022159914
194569,0.11083665
194581,0.28656068
194586,0.029941268
194590,0.01162566
194598,0.04833618
194600,0.01653207
194603,0.044095226
194604,0.010670154
194605,0.037131745
194607,0.108945794
194610,0.06767088
194620,0.014750052
194627,0.11309286
194650,0.14983122
194652,0.030015655
194659,0.03593982
194660,0.054173607
194662,0.0138623575
194665,0.03891704
194675,0.0875326
194677,0.03883179
194679,0.014351897
194691,0.22439376
194696,0.02664223
194713,0.08236477
194716,0.078391984
194717,0.018249083
194725,0.019314291
194732,0.02516948
194737,0.116897404
194738,0.1429157
194769,0.05386082
194791,0.021136062
194802,0.092869245
194806,0.05677571
194810,0.0140651865
194812,0.045050055
194813,0.058650866
194816,0.016723912
194827,0.033061977
194844,0.009062802
194856,0.01787478
194860,0.0128971115
194866,0.029333593
194867,0.03367402
194877,0.11181266
194879,0.13475624
194880,0.020783983
194881,0.024780229
194887,0.015108546
194900,0.020730617
194906,0.040911533
194907,0.05998394
194908,0.12693627
194914,0.0488
194934,0.26905876
194955,0.08603485
194956,0.07037173
194965,0.020376828
194966,0.0643299
194980,0.056383986
194985,0.111770496
194986,0.070191406
194995,0.03610374
194999,0.01640234
195000,0.053155523
195010,0.074185
195013,0.15182787
195044,0.041123763
195048,0.028536854
195050,0.64048314
195051,0.12647226
195055,0.093598254
195070,0.039375793
195074,0.27227092
195075,0.19681606
195077,0.1605642
195081,0.036925256
195088,0.014893549
195089,0.0089067565
195091,0.013225167
195096,0.23316383
195100,0.07176823
195103,0.08560805
195116,0.023035144
195117,0.08678819
195129,0.09868476
195151,0.007523462
195158,0.07708597
195164,0.049001735
195176,0.10140574
195186,0.0794348
195187,0.18705699
195198,0.025895461
195201,0.021837916
195207,0.034558166
195214,0.11336489
195215,0.033774875
195234,0.042259034
195235,0.01479501
195239,0.025870286
195240,0.07252103
195253,0.08822212
195255,0.0069691953
195280,0.012792373
195291,0.008999133
195293,0.046851013
195300,0.03545024
195306,0.026041545
195307,0.056828644
195322,0.052271295
195326,0.14651357
195330,0.009620154
195341,0.08053673
195343,0.08948432
195367,0.027839817
195369,0.06378737
195371,0.016101614
195372,0.016892163
195389,0.047397047
195415,0.030026205
195435,0.05319333
195439,0.027052788
195440,0.017159313
195444,0.01413605
195447,0.04198093
195450,0.00927259
195451,0.034796406
195456,0.063362405
195457,0.08548602
195461,0.1849113
195462,0.115696765
195463,0.011556641
195466,0.07413294
195468,0.013533059
195469,0.055035334
195489,0.014405593
195495,0.036393426
195496,0.08034354
195504,0.11947211
195505,0.089566484
195506,0.06359463
195511,0.0416048
195518,0.022984061
195519,0.08359578
195529,0.011823016
195531,0.029253175
195546,0.027778713
195547,0.015476544
195552,0.017974608
195577,0.028882748
195579,0.031525094
195588,0.041362733
195597,0.03836529
195607,0.004573706
195617,0.017700696
195626,0.038182475
195632,0.23894893
195634,0.23714691
195635,0.017072877
195645,0.07037811
195648,0.020524256
195674,0.14164978
195691,0.009529329
195695,0.24419406
195703,0.109062165
195710,0.0918671
195711,0.03296755
195727,0.061815064
195729,0.030649183
195734,0.038298625
195739,0.058073934
195740,0.011668232
195746,0.40578687
195750,0.21257833
195769,0.21476752
195772,0.098674364
195785,0.006646677
195789,0.14852974
195793,0.0416345
195801,0.051721957
195803,0.023266656
195810,0.18163125
195818,0.06807204
195819,0.30885527
195823,0.058944542
195828,0.10161571
195836,0.03677489
195843,0.027928075
195858,0.07720854
195876,0.06917225
195890,0.06931776
195891,0.03007933
195900,0.084761515
195905,0.04639848
195910,0.0678219
195911,0.07997389
195912,0.06956941
195917,0.06849297
195918,0.26114714
195923,0.27646726
195937,0.11194054
195940,0.41561875
195945,0.016786646
195946,0.02793707
195948,0.03576475
195955,0.027684815
195957,0.15215106
195958,0.0280061
195959,0.34232086
195970,0.009090315
195974,0.0077449097
195979,0.16141999
195990,0.11083588
196004,0.09701497
196007,0.1002962
196012,0.14782067
196019,0.039833184
196029,0.19725385
196034,0.06137097
196042,0.023200998
196066,0.21839222
196067,0.12500024
196071,0.010957774
196074,0.1761908
196075,0.023284463
196079,0.0127989985
196080,0.40520167
196082,0.038687706
196083,0.030042097
196085,0.21503629
196115,0.042813174
196118,0.12557572
196128,0.04571313
196149,0.042042423
196150,0.033138894
196162,0.11581848
196194,0.18653455
196198,0.012842536
196204,0.027051093
196206,0.031669497
196210,0.3121278
196220,0.054137554
196221,0.0226321
196230,0.011148492
196236,0.06405801
196242,0.1828985
196256,0.16198692
196261,0.2529638
196274,0.022549745
196281,0.02420475
196303,0.0061275074
196305,0.18061022
196322,0.034640573
196343,0.008778159
196346,0.076780446
196354,0.04278151
196357,0.03728791
196359,0.012812556
196360,0.14556356
196361,0.036304593
196364,0.39409328
196371,0.010791432
196375,0.03267875
196377,0.018977683
196378,0.032805517
196381,0.022731772
196384,0.015879037
196385,0.11651831
196388,0.13916546
196394,0.34175363
196400,0.33226952
196401,0.1134214
196404,0.12778716
196411,0.051285185
196436,0.09229728
196443,0.06328847
196444,0.1027801
196446,0.1975326
196475,0.14144012
196476,0.17632611
196486,0.018615237
196489,0.16787007
196492,0.05681813
196498,0.11690144
196500,0.006595968
196505,0.10028198
196507,0.028083507
196510,0.04770427
196514,0.020385593
196530,0.03833405
196544,0.0069882986
196551,0.060030174
196578,0.018800437
196585,0.111832626
196587,0.031308085
196588,0.13529038
196594,0.120199755
196598,0.02966611
196605,0.013004439
196618,0.019757278
196619,0.05096704
196623,0.14426935
196624,0.021420667
196643,0.030969804
196649,0.041948896
196650,0.0074441894
196656,0.0061940057
196663,0.21296713
196667,0.1178162
196669,0.120271556
196681,0.14332877
196717,0.034557194
196726,0.1731187
196728,0.024101442
196729,0.035034206
196731,0.029011374
196736,0.024554098
196738,0.020311877
196745,0.09499903
196747,0.03518458
196748,0.027392771
196753,0.017488038
196757,0.039037067
196760,0.0736242
196777,0.47283396
196788,0.054877333
196799,0.04004928
196808,0.031075085
196819,0.013242404
196825,0.028707914
196826,0.07727604
196834,0.01898989
196841,0.13538826
196847,0.07039825
196849,0.038514018
196851,0.05256406
196867,0.0535375
196884,0.03344979
196889,0.1689259
196898,0.043482684
196901,0.0069752703
196917,0.06258217
196930,0.05586319
196936,0.04953315
196956,0.0052216044
196959,0.01213096
196962,0.03950909
196963,0.05466395
196971,0.15151504
196972,0.14157161
196977,0.032060552
196984,0.010320176
196985,0.23212925
197010,0.33191207
197029,0.082429
197040,0.07715563
197058,0.09750336
197060,0.031402815
197064,0.27871725
197075,0.028861102
197083,0.123581916
197102,0.193654
197103,0.17007026
197107,0.056860883
197129,0.041295473
197135,0.029031038
197140,0.010389795
197150,0.040595017
197152,0.029766414
197153,0.048241388
197154,0.014905125
197156,0.17145067
197166,0.027283462
197167,0.02372724
197177,0.058473464
197178,0.038670734
197187,0.050292198
197191,0.022290258
197205,0.2738981
197206,0.1305848
197219,0.14602146
197224,0.008153811
197245,0.08760522
197246,0.048145548
197273,0.13452764
197275,0.016061082
197278,0.0617986
197288,0.053042527
197290,0.04225442
197294,0.0498566
197295,0.055509478
197311,0.039608363
197314,0.13437705
197320,0.10689809
197321,0.26222232
197324,0.13964513
197327,0.03407813
197332,0.028799048
197333,0.17734237
197335,0.025185559
197348,0.009594447
197362,0.13759436
197363,0.22249162
197368,0.014599135
197378,0.08160145
197381,0.1243827
197384,0.026788762
197386,0.046768177
197393,0.08391249
197396,0.03589377
197400,0.019375376
197408,0.015330874
197412,0.0557578
197413,0.1665583
197415,0.032144077
197418,0.14450261
197427,0.012968262
197443,0.18514328
197448,0.08097194
197449,0.019383093
197470,0.07888194
197478,0.06420599
197482,0.10770898
197488,0.04654504
197491,0.047539625
197495,0.02808364
197498,0.054044873
197502,0.11788932
197507,0.24499686
197509,0.09517113
197510,0.07060456
197512,0.0771422
197513,0.016409218
197524,0.042724136
197525,0.04391885
197529,0.3218525
197533,0.009324203
197534,0.13525212
197540,0.09880867
197541,0.026716068
197559,0.013759064
197566,0.03272944
197582,0.020319706
197585,0.06363345
197587,0.0724116
197595,0.0764359
197598,0.013709045
197601,0.020113422
197603,0.029965037
197607,0.05900951
197611,0.14729156
197625,0.10933495
197631,0.03377439
197633,0.052176595
197638,0.08377556
197640,0.04550919
197644,0.008665395
197645,0.011895642
197646,0.09831296
197650,0.023451768
197657,0.055866446
197664,0.049499508
197668,0.036182117
197681,0.05462275
197682,0.13327509
197693,0.07841792
197695,0.06687145
197699,0.21178204
197709,0.019712368
197711,0.100704245
197715,0.015596587
197716,0.10965739
197722,0.1191812
197728,0.060109813
197729,0.046596024
197730,0.086924754
197744,0.014161651
197768,0.028839292
197770,0.0281871
197775,0.3004318
197788,0.022458524
197795,0.043613944
197806,0.2604945
197808,0.059375346
197812,0.102142416
197813,0.009014016
197822,0.019257287
197827,0.018274853
197828,0.03753433
197836,0.10030184
197857,0.020230642
197862,0.14385483
197872,0.021065244
197892,0.030184546
197903,0.041140314
197907,0.11244354
197908,0.039291453
197916,0.063056074
197921,0.050797537
197924,0.01871413
197930,0.07727851
197934,0.10280968
197942,0.036662493
197945,0.20705761
197958,0.018471202
197959,0.015814094
197967,0.10204529
197969,0.31394708
197978,0.22983496
197999,0.021010775
198001,0.24373774
198004,0.02678502
198007,0.050607756
198019,0.055581536
198020,0.04602539
198024,0.059415963
198026,0.123059615
198038,0.025209894
198044,0.024210561
198050,0.20380044
198054,0.1727103
198055,0.050275356
198082,0.037194867
198094,0.031572416
198095,0.026342422
198099,0.12964128
198101,0.08793608
198102,0.02324351
198114,0.09753149
198125,0.053824205
198127,0.03920645
198128,0.041286465
198137,0.010819342
198141,0.0217366
198142,0.09366505
198155,0.09795981
198179,0.08503672
198181,0.23335809
198184,0.031292927
198185,0.039899167
198186,0.05559526
198187,0.11963145
198193,0.010166107
198197,0.0357683
198209,0.009621191
198221,0.093261644
198225,0.047906153
198229,0.10965086
198237,0.09252978
198239,0.389004
198247,0.04032912
198253,0.07957669
198272,0.009239899
198279,0.015977982
198282,0.019955596
198284,0.01966417
198285,0.017339814
198287,0.03947733
198294,0.071941614
198309,0.030569203
198312,0.12847571
198315,0.034164563
198323,0.051066317
198331,0.03470074
198333,0.21310055
198359,0.047644485
198370,0.045668636
198378,0.034271855
198379,0.07685915
198381,0.0066387034
198383,0.02135957
198384,0.0811117
198385,0.04221764
198420,0.15368252
198421,0.09763652
198425,0.08515194
198427,0.07843531
198429,0.01278367
198437,0.024240477
198445,0.021993112
198452,0.025162168
198454,0.02361963
198487,0.014338876
198523,0.08756425
198528,0.13617167
198530,0.23853397
198539,0.02124081
198540,0.06307469
198547,0.031257104
198566,0.03666332
198568,0.019304773
198569,0.062604226
198595,0.013777108
198600,0.027453402
198614,0.033703234
198617,0.03254561
198619,0.54837126
198627,0.06543869
198640,0.0076964153
198655,0.12289327
198664,0.093461126
198665,0.009813176
198666,0.19463861
198670,0.038606543
198673,0.16081354
198680,0.03375392
198689,0.044238098
198690,0.09430587
198702,0.024182133
198703,0.011443044
198704,0.17046802
198714,0.22462113
198715,0.13170424
198717,0.014553137
198718,0.020564124
198720,0.23205654
198721,0.013886654
198730,0.026746197
198739,0.07086526
198754,0.025940895
198761,0.042522028
198772,0.007816965
198774,0.02037669
198775,0.11444945
198779,0.050751623
198783,0.013229145
198790,0.09596439
198794,0.09515622
198798,0.16048183
198799,0.042320367
198802,0.24876091
198806,0.042644624
198847,0.038452268
198854,0.2500254
198858,0.07477794
198859,0.18912956
198865,0.04891773
198872,0.026041375
198874,0.04281929
198878,0.069143124
198883,0.06785559
198884,0.043012388
198891,0.050608896
198899,0.091340184
198907,0.034182113
198916,0.08051369
198917,0.16518836
198934,0.0133317625
198937,0.00901903
198938,0.016590595
198941,0.14482896
198957,0.06757244
198966,0.022356963
198984,0.02489073
198997,0.0020871458
199001,0.10021635
199003,0.066986084
199009,0.0556729
199011,0.009889236
199013,0.027583415
199015,0.007904154
199024,0.05805957
199026,0.039467115
199027,0.24440691
199029,0.03540595
199030,0.041206546
199041,0.02275571
199048,0.109293096
199057,0.028019123
199058,0.015489731
199062,0.0186273
199067,0.008097012
199070,0.07595486
199075,0.015363191
199076,0.013952443
199092,0.07894828
199096,0.029872414
199104,0.09664225
199114,0.04971595
199115,0.010123357
199117,0.08000865
199126,0.08498277
199131,0.07715691
199141,0.027637403
199145,0.016386062
199150,0.14654768
199151,0.02650013
199153,0.012823465
199166,0.021110386
199167,0.06504955
199177,0.108571686
199182,0.016516577
199183,0.23804736
199185,0.007704151
199212,0.02499504
199213,0.07868444
199222,0.16351016
199229,0.030218694
199230,0.033325016
199242,0.4243365
199243,0.010329702
199246,0.04057409
199247,0.07965263
199249,0.044685908
199262,0.11628992
199263,0.021979779
199275,0.018750219
199276,0.064334795
199287,0.032061994
199298,0.021962866
199304,0.05993563
199307,0.014427579
199311,0.060094647
199316,0.015028266
199320,0.101002835
199321,0.11824302
199325,0.025028309
199326,0.15813224
199327,0.069209225
199334,0.016382895
199344,0.24346703
199345,0.046392947
199352,0.10011006
199364,0.13348465
199378,0.057117563
199379,0.03417695
199387,0.036772296
199405,0.06933244
199418,0.25849968
199424,0.04032551
199425,0.01807981
199432,0.031669375
199433,0.08327419
199442,0.11948045
199446,0.028130138
199457,0.01834049
199458,0.013487092
199477,0.04576859
199522,0.04044054
199525,0.2580964
199533,0.06164951
199536,0.04355178
199537,0.01906865
199550,0.18487562
199560,0.028058134
199564,0.22424555
199575,0.11672414
199580,0.009975528
199586,0.018764542
199597,0.027045358
199598,0.06151807
199604,0.02422597
199608,0.11863032
199609,0.14073831
199616,0.011633526
199625,0.08351025
199648,0.20560709
199650,0.027486416
199655,0.00992707
199663,0.015739664
199670,0.030973068
199673,0.070617154
199685,0.06013531
199696,0.04038747
199703,0.061217144
199704,0.030646855
199706,0.030097833
199727,0.02884376
199740,0.08704338
199746,0.12300677
199764,0.055120457
199766,0.09166064
199785,0.015334431
199786,0.023464274
199795,0.071040384
199797,0.055614647
199803,0.37066695
199804,0.10372402
199810,0.12448413
199815,0.023917733
199822,0.026105572
199824,0.028688477
199828,0.055095017
199833,0.12734228
199840,0.08980692
199844,0.027397003
199846,0.051580355
199858,0.13512327
199862,0.07574056
199865,0.06440768
199866,0.06349745
199869,0.037183147
199870,0.032714866
199871,0.019352777
199878,0.02912379
199889,0.041247837
199891,0.06796467
199898,0.0137717575
199903,0.009116139
199904,0.018520275
199924,0.082033865
199950,0.014003112
199954,0.027227987
199956,0.018851452
199962,0.14778729
199965,0.32839617
199971,0.029671464
199972,0.07886472
199988,0.20727225
199995,0.10118941
199997,0.036907982
199998,0.054742806
199999,0.026826432
200011,0.084368736
200012,0.007832824
200016,0.013120234
200019,0.0042529167
200030,0.029325245
200031,0.061910287
200032,0.015283789
200038,0.1381778
200043,0.042381316
200044,0.13100393
200045,0.12776542
200053,0.18441482
200057,0.021288907
200061,0.020724718
200064,0.05992091
200071,0.21939607
200084,0.29664868
200085,0.023636868
200086,0.08984335
200093,0.09513952
200095,0.0633651
200105,0.017223824
200111,0.014569484
200116,0.29974264
200125,0.31697124
200126,0.054778114
200157,0.04803
200173,0.19027871
200181,0.06618556
200185,0.028053515
200187,0.019646369
200193,0.041014217
200200,0.11331668
200202,0.014272217
200206,0.11102604
200207,0.013986314
200216,0.008344293
200229,0.07611343
200234,0.0036656794
200241,0.06565316
200244,0.015401945
200258,0.14717326
200262,0.06221136
200268,0.23777595
200277,0.04098988
200286,0.006408216
200293,0.10456947
200299,0.32582894
200306,0.01752488
200335,0.02651482
200358,0.03575856
200366,0.023329094
200367,0.019737959
200370,0.021825442
200373,0.17519717
200374,0.029232686
200383,0.11453458
200387,0.052050583
200390,0.110354014
200391,0.034721624
200421,0.26542768
200437,0.0736552
200442,0.022097379
200447,0.021674586
200460,0.0463257
200463,0.12625454
200467,0.12499061
200487,0.021782335
200488,0.062410817
200490,0.039478824
200493,0.0704238
200494,0.035125498
200501,0.087424144
200506,0.034122616
200516,0.011791226
200518,0.050017897
200520,0.12616192
200523,0.09382845
200524,0.08697452
200525,0.04033729
200534,0.06741361
200538,0.07287775
200552,0.037251554
200556,0.018381715
200557,0.10149437
200567,0.032271434
200568,0.05749567
200570,0.032229286
200572,0.087964155
200576,0.017140716
200585,0.10661195
200587,0.11063498
200588,0.07240448
200593,0.10956243
200594,0.03838659
200595,0.042092152
200603,0.27578872
200615,0.03759686
200624,0.08438732
200631,0.2970987
200632,0.013360138
200636,0.026776252
200638,0.02569987
200641,0.023627995
200650,0.067784674
200653,0.031212274
200657,0.053672533
200668,0.12690738
200669,0.02608615
200670,0.023598531
200676,0.121390305
200697,0.013882208
200710,0.09365956
200720,0.038982045
200729,0.008137638
200749,0.06021595
200753,0.19179256
200755,0.07252793
200756,0.07026421
200757,0.09610608
200768,0.068399265
200776,0.013813619
200799,0.17356879
200801,0.009793406
200810,0.119170785
200823,0.057303913
200832,0.24021551
200836,0.02870715
200838,0.010703978
200864,0.17624165
200867,0.04394589
200869,0.023895636
200873,0.05462109
200876,0.033197504
200881,0.025514144
200883,0.016513294
200890,0.0690799
200895,0.047747165
200897,0.020591643
200899,0.033888742
200900,0.03461029
200907,0.044411536
200912,0.019437967
200926,0.080939315
200930,0.14984708
200971,0.004695831
200974,0.018883305
200979,0.03038229
200998,0.060966045
201008,0.15787052
201018,0.102181934
201026,0.0254514
201043,0.025758734
201049,0.016508749
201050,0.055816658
201061,0.08566832
201062,0.017657576
201072,0.0167032
201076,0.06300242
201077,0.050513495
201081,0.124692425
201084,0.21206398
201089,0.049667872
201092,0.005698656
201109,0.035431698
201110,0.13030972
201116,0.013513262
201122,0.08306222
201135,0.12793632
201143,0.011243357
201153,0.014602874
201159,0.080071814
201165,0.024661312
201187,0.15618119
201197,0.034773335
201218,0.11969619
201219,0.22363596
201231,0.021211477
201234,0.013577908
201243,0.018622281
201246,0.07400612
201254,0.10371487
201256,0.024313867
201262,0.39553425
201263,0.052920952
201272,0.27778354
201273,0.017144999
201281,0.08167099
201290,0.020476228
201294,0.041283604
201296,0.007889196
201320,0.0074355835
201332,0.02598212
201342,0.058514208
201343,0.03314916
201347,0.06377349
201350,0.028820185
201351,0.11118527
201362,0.15156731
201363,0.07073407
201368,0.108673505
201373,0.016171988
201375,0.024420284
201378,0.030485399
201386,0.060946062
201387,0.013391565
201390,0.3218241
201393,0.096563
201409,0.03320564
201442,0.0354631
201444,0.09651698
201447,0.16255921
201451,0.0136888735
201474,0.117218725
201481,0.033540457
201491,0.016430905
201498,0.028744947
201499,0.119292155
201501,0.11731125
201502,0.025213469
201516,0.025717847
201517,0.024587534
201524,0.054284763
201526,0.2825817
201528,0.009064301
201532,0.025145039
201543,0.30206043
201544,0.06919516
201546,0.07921137
201552,0.033911332
201554,0.08888263
201556,0.057601742
201557,0.017215375
201559,0.07724483
201575,0.04247936
201592,0.16828495
201593,0.22703478
201600,0.053034753
201630,0.08995752
201631,0.09866593
201635,0.013359629
201638,0.035039566
201642,0.038836718
201645,0.0065473304
201660,0.010900774
201663,0.07183335
201665,0.008594317
201674,0.024446847
201675,0.023775807
201677,0.0528581
201688,0.22389242
201698,0.05527653
201706,0.019763693
201709,0.010281491
201710,0.15560195
201718,0.06459794
201720,0.0947452
201727,0.12703408
201730,0.027948232
201732,0.023926675
201733,0.042292472
201736,0.05761325
201738,0.025186397
201744,0.16607217
201747,0.21376437
201751,0.09619717
201766,0.22471026
201777,0.021064473
201778,0.038262393
201785,0.26679197
201804,0.03292106
201808,0.08851599
201813,0.35600662
201815,0.007318104
201820,0.020053223
201825,0.03226482
201830,0.02052171
201838,0.009455274
201839,0.12851901
201845,0.048238654
201849,0.009189026
201850,0.014935211
201853,0.019798461
201856,0.037207566
201873,0.06798066
201875,0.019046659
201906,0.07173538
201907,0.08913005
201908,0.03916163
201909,0.048162002
201911,0.117359996
201927,0.03220671
201928,0.027274156
201937,0.036432594
201943,0.0706898
201946,0.06478208
201948,0.028262785
201949,0.06594109
201955,0.012362906
201962,0.05401526
201977,0.019914366
201996,0.01825386
201997,0.17932743
202004,0.032832768
202005,0.014740826
202006,0.09252151
202010,0.015254015
202020,0.055059437
202029,0.33567354
202033,0.050446197
202034,0.05789266
202040,0.18876322
202045,0.0117927315
202048,0.009644413
202055,0.02681846
202058,0.020566884
202062,0.030223606
202073,0.085895136
202078,0.024634153
202079,0.15200792
202080,0.06856727
202085,0.07045044
202090,0.032910943
202092,0.14043193
202114,0.020941615
202124,0.019827275
202133,0.04065084
202136,0.0497685
202150,0.013569883
202156,0.0060677626
202159,0.061852776
202165,0.024013076
202167,0.13947375
202168,0.042257596
202169,0.089260496
202170,0.1662504
202204,0.015183231
202209,0.0132443225
202216,0.08148306
202220,0.03536797
202228,0.0287015
202229,0.015231431
202231,0.063636966
202232,0.008190532
202234,0.29659578
202252,0.15942295
202253,0.05161145
202272,0.01199489
202273,0.039956663
202292,0.011474399
202300,0.024209475
202302,0.049436796
202311,0.007878894
202316,0.017566035
202318,0.12754327
202324,0.08574591
202343,0.07996912
202344,0.04866401
202349,0.010422754
202351,0.10298416
202355,0.007111284
202379,0.10424072
202407,0.011763001
202409,0.08169883
202410,0.032721493
202422,0.074932486
202423,0.17017911
202435,0.058624357
202437,0.22286683
202438,0.107691206
202439,0.06588219
202441,0.076478496
202444,0.008070793
202446,0.11037654
202450,0.09812647
202455,0.040103287
202457,0.02672111
202461,0.114129476
202463,0.12844108
202473,0.012873239
202478,0.036487203
202484,0.2709016
202490,0.053230856
202491,0.027067192
202492,0.2967333
202497,0.1847661
202508,0.08078715
202509,0.06511398
202510,0.021528106
202511,0.10027062
202514,0.007168919
202524,0.032108024
202527,0.07483789
202547,0.1019455
202554,0.018565686
202557,0.08850474
202568,0.08627219
202573,0.038435377
202587,0.027747432
202599,0.027182398
202610,0.0536087
202613,0.07154917
202618,0.1733723
202621,0.021783412
202645,0.07622631
202646,0.010726644
202649,0.10285455
202653,0.09825838
202655,0.038494185
202656,0.057367224
202659,0.12057401
202661,0.061693497
202681,0.060664188
202688,0.06353958
202691,0.007818578
202692,0.0034378292
202697,0.33321762
202698,0.12932386
202717,0.055302653
202720,0.11333469
202724,0.09490472
202725,0.06376666
202734,0.11138998
202740,0.013109477
202743,0.016065009
202746,0.010825927
202760,0.02654182
202761,0.01870915
202765,0.028127624
202769,0.1291942
202785,0.04421362
202793,0.08647793
202796,0.029108714
202805,0.008293119
202816,0.05440102
202823,0.11482072
202825,0.057653923
202829,0.01188194
202830,0.083960116
202848,0.07065718
202861,0.08777095
202862,0.107712895
202863,0.02411708
202879,0.08424229
202889,0.012906955
202894,0.22997014
202895,0.034321666
202897,0.013292861
202899,0.022275783
202900,0.073185675
202907,0.034641508
202927,0.09769789
202945,0.037031285
202951,0.047280677
202955,0.025470652
202960,0.01922113
202967,0.07888155
202972,0.061571024
202982,0.080530286
202993,0.019963678
202996,0.012994154
202998,0.01954606
203008,0.026696455
203026,0.13434969
203038,0.17454036
203044,0.039054118
203054,0.01910612
203070,0.3065893
203075,0.023641782
203082,0.041276716
203089,0.029554758
203090,0.01635726
203098,0.18676351
203108,0.0506534
203109,0.028002745
203113,0.0628054
203123,0.01542479
203124,0.005477134
203128,0.11390407
203129,0.2055361
203131,0.16859382
203142,0.05153947
203154,0.020567913
203175,0.06119109
203176,0.073207304
203183,0.032256186
203185,0.014491589
203195,0.085247606
203201,0.10264073
203205,0.11095692
203218,0.035673983
203241,0.015703201
203244,0.098498665
203245,0.04467237
203253,0.31562287
203259,0.050608248
203264,0.5462655
203276,0.049617007
203283,0.068268485
203286,0.014769955
203288,0.032380983
203290,0.045491267
203298,0.083796635
203300,0.068316974
203312,0.11139154
203318,0.033423644
203331,0.120228834
203337,0.0043951296
203339,0.03749098
203344,0.014945198
203348,0.14877118
203349,0.0095999995
203350,0.04012612
203358,0.22943251
203366,0.052544814
203371,0.024465265
203377,0.10768731
203399,0.02626867
203402,0.058722556
203407,0.17439581
203410,0.051510062
203421,0.10052493
203428,0.028631948
203431,0.115049385
203433,0.091204606
203459,0.033251226
203460,0.23748246
203462,0.1401989
203470,0.036804322
203475,0.1723644
203476,0.03163698
203496,0.19658762
203518,0.014367143
203547,0.030862266
203549,0.043342244
203550,0.029386686
203552,0.0059876447
203561,0.031168062
203564,0.1014296
203567,0.030461961
203575,0.046934064
203590,0.048908457
203591,0.007977962
203605,0.058478326
203606,0.022544343
203640,0.03661565
203643,0.47736195
203647,0.101541236
203648,0.02533849
203669,0.036043976
203671,0.013234044
203692,0.024608282
203695,0.0998608
203706,0.023533283
203713,0.092854835
203730,0.028366612
203736,0.044266082
203745,0.18421906
203751,0.09604126
203753,0.026257982
203755,0.02255044
203762,0.06977735
203769,0.03248193
203774,0.030411016
203796,0.022169176
203799,0.02621247
203806,0.020776514
203807,0.14680757
203810,0.020569246
203816,0.09214341
203821,0.4268281
203822,0.027080432
203850,0.08145175
203854,0.009403142
203862,0.069713056
203868,0.052758303
203869,0.02374008
203870,0.037809636
203876,0.01861042
203878,0.02539695
203889,0.032090582
203897,0.01762066
203905,0.20548251
203914,0.0722951
203915,0.067415655
203950,0.022468193
203956,0.012021014
203957,0.028609311
203973,0.06586833
203975,0.010057628
203980,0.047720917
203997,0.03889806
204001,0.0634901
204008,0.05220294
204017,0.035909895
204020,0.07992791
204021,0.03808752
204026,0.047165103
204027,0.019493306
204043,0.013026179
204047,0.023405476
204055,0.023952618
204059,0.02452862
204060,0.087877415
204061,0.009751678
204073,0.051009838
204076,0.15223661
204086,0.07675553
204088,0.019543104
204102,0.2930697
204116,0.052929904
204117,0.04804966
204121,0.08690499
204129,0.010318614
204139,0.12528771
204148,0.017899673
204149,0.09939925
204175,0.014653985
204181,0.12327848
204183,0.017758785
204187,0.056360014
204193,0.14886342
204194,0.050225973
204195,0.009409824
204196,0.087374866
204202,0.03683415
204206,0.007860123
204207,0.06095853
204214,0.022555752
204222,0.06490771
204226,0.009685961
204227,0.08853086
204228,0.08907054
204231,0.06298219
204232,0.2169311
204235,0.251188
204237,0.0061133406
204239,0.016175881
204242,0.02588824
204254,0.025422009
204255,0.091757044
204259,0.03149234
204268,0.034844458
204280,0.006060991
204282,0.1042324
204307,0.009943556
204314,0.08507818
204318,0.039515194
204321,0.035096638
204330,0.020465925
204335,0.08461404
204339,0.21543372
204344,0.013243064
204350,0.19058906
204371,0.011949956
204372,0.034550052
204374,0.09633207
204383,0.036448866
204392,0.15790981
204403,0.005088421
204409,0.017296325
204416,0.050399654
204417,0.030584022
204437,0.07859453
204440,0.014545186
204445,0.0105275065
204446,0.043013528
204449,0.2090533
204468,0.039951533
204504,0.045901384
204506,0.013386846
204536,0.028586593
204539,0.13873963
204601,0.01897686
204614,0.06998846
204616,0.21171297
204618,0.15859106
204623,0.026752032
204630,0.15863866
204636,0.051245656
204639,0.012724949
204642,0.062481202
204644,0.024922103
204648,0.011367013
204662,0.022440655
204673,0.018179873
204674,0.10510184
204681,0.0054305918
204682,0.028201465
204683,0.11895719
204689,0.08460781
204690,0.10758522
204707,0.09127417
204728,0.051388714
204736,0.21786658
204740,0.017892912
204749,0.05869226
204756,0.029447807
204771,0.015314441
204778,0.0171112
204808,0.009614251
204822,0.17629632
204827,0.1372272
204831,0.07068956
204836,0.023678502
204837,0.007117357
204843,0.055953473
204846,0.014026715
204847,0.016523449
204850,0.02547148
204852,0.015873099
204854,0.043264914
204856,0.1940688
204857,0.06289523
204863,0.07460549
204870,0.016352847
204885,0.053724457
204895,0.06941979
204905,0.037857518
204911,0.075026624
204927,0.046935484
204929,0.0539209
204941,0.12118276
204959,0.034631535
204962,0.07876608
204965,0.37636343
204970,0.1408128
204971,0.037825666
204972,0.14393984
205000,0.09255108
205011,0.025861833
205013,0.016020974
205014,0.36139885
205019,0.034964547
205043,0.036235433
205045,0.14926715
205054,0.0127845
205066,0.039274123
205069,0.09214058
205070,0.024959557
205071,0.07803996
205073,0.062131513
205077,0.05454691
205078,0.0515518
205088,0.01895651
205104,0.051079582
205107,0.0143341
205117,0.050298918
205118,0.014542008
205128,0.15214086
205134,0.012664676
205140,0.013492456
205141,0.2933984
205142,0.0056917975
205153,0.47657564
205158,0.023898907
205169,0.011463857
205170,0.06327367
205183,0.012504812
205184,0.049516667
205197,0.027734565
205199,0.051032107
205204,0.0064445264
205208,0.026881127
205209,0.014632683
205210,0.10109703
205216,0.028560253
205219,0.17945531
205222,0.058974504
205225,0.011436303
205235,0.0739623
205236,0.03367147
205241,0.00536917
205244,0.01637377
205251,0.111256436
205252,0.09891039
205258,0.015766777
205262,0.051202785
205264,0.012956622
205274,0.1810702
205277,0.04258594
205281,0.014404693
205306,0.01563035
205307,0.073492676
205323,0.08224952
205336,0.17457278
205337,0.27298555
205360,0.13350385
205363,0.022627028
205365,0.025915572
205367,0.12589361
205368,0.02380614
205375,0.015687017
205403,0.04928142
205411,0.046129316
205415,0.035785936
205429,0.038731687
205434,0.094653696
205445,0.022092594
205463,0.058732744
205471,0.03859728
205472,0.13872522
205479,0.13198578
205480,0.034321133
205493,0.10225663
205503,0.08853187
205508,0.017726175
205524,0.08582888
205525,0.025975477
205526,0.021103224
205533,0.026956482
205542,0.0116567565
205545,0.06595765
205552,0.027120028
205561,0.0441978
205563,0.014159701
205564,0.07724679
205565,0.017350273
205566,0.015860263
205569,0.07804874
205579,0.022476792
205585,0.14173737
205587,0.012966126
205588,0.036508616
205591,0.02315311
205594,0.22661687
205600,0.09414984
205608,0.027153563
205613,0.01813565
205618,0.07395621
205619,0.003287908
205623,0.006221345
205627,0.29916227
205628,0.17105727
205635,0.009046378
205638,0.0153462
205640,0.12646048
205641,0.30353257
205642,0.35093522
205643,0.019310696
205646,0.06780176
205655,0.16012216
205672,0.016480561
205678,0.041179877
205681,0.025901206
205682,0.01617711
205690,0.010655551
205693,0.021614011
205695,0.039760217
205724,0.008222924
205738,0.013830179
205741,0.04279117
205744,0.027318234
205750,0.010047074
205751,0.14233093
205752,0.014472969
205766,0.043756265
205773,0.10368379
205775,0.036074042
205776,0.011450555
205789,0.117012456
205793,0.04041768
205797,0.010092826
205798,0.03168411
205802,0.008795518
205806,0.037478875
205807,0.024970567
205815,0.05424414
205819,0.0109695215
205821,0.020323409
205822,0.039648153
205831,0.065710925
205832,0.044138648
205836,0.02506647
205843,0.08200579
205862,0.045887563
205863,0.034367654
205866,0.050485216
205873,0.030613562
205877,0.042005263
205879,0.04972879
205880,0.010085363
205886,0.10738317
205898,0.18358813
205903,0.030277183
205907,0.03734771
205908,0.057873614
205909,0.024481101
205930,0.0077997246
205931,0.015163171
205932,0.026463097
205951,0.014808138
205957,0.47195736
205960,0.039913636
205987,0.08272031
205994,0.23955093
205995,0.08801826
206006,0.048553202
206007,0.017851822
206013,0.020115906
206020,0.016624253
206030,0.012090961
206035,0.0078472225
206038,0.007003069
206039,0.081955336
206061,0.016491586
206066,0.0572404
206068,0.0828609
206071,0.11900881
206076,0.094093464
206077,0.040423736
206091,0.03337487
206097,0.042551596
206101,0.043190517
206145,0.121457964
206147,0.024886904
206163,0.015904691
206171,0.025381543
206173,0.21547392
206174,0.28705746
206197,0.048924655
206198,0.04662885
206209,0.055647872
206211,0.033002835
206213,0.021393307
206246,0.25388303
206252,0.038856104
206253,0.13528581
206254,0.09153237
206257,0.054856513
206270,0.026405964
206283,0.010022773
206290,0.076751694
206291,0.02083443
206292,0.14905423
206307,0.041293796
206315,0.019820103
206319,0.18785745
206324,0.108835965
206326,0.1526065
206338,0.11277377
206339,0.010527149
206354,0.017594669
206359,0.031075036
206374,0.09970855
206377,0.03826962
206395,0.074630365
206403,0.016076718
206410,0.12292015
206413,0.04789864
206414,0.021454483
206418,0.08283124
206424,0.07836112
206427,0.017367037
206428,0.040248193
206429,0.08932566
206430,0.0343256
206447,0.017882958
206451,0.036671184
206465,0.13187045
206477,0.066514
206484,0.04091134
206497,0.010240243
206517,0.017238973
206533,0.017973782
206542,0.14180805
206557,0.06098815
206563,0.021141596
206564,0.13675131
206565,0.023951331
206582,0.0640918
206593,0.26044074
206605,0.2502371
206606,0.026692733
206621,0.035427935
206639,0.03949451
206640,0.054479927
206641,0.015123369
206645,0.03585509
206656,0.123023815
206666,0.05050388
206679,0.05433601
206681,0.037097435
206684,0.085840635
206686,0.019756831
206687,0.017340593
206697,0.06692914
206700,0.03232944
206702,0.05192588
206703,0.02226434
206708,0.032163702
206710,0.054479655
206721,0.0866013
206723,0.04486184
206735,0.05203165
206739,0.10302247
206742,0.042685635
206744,0.27805588
206747,0.1965149
206752,0.00924692
206774,0.02978969
206776,0.21186115
206792,0.032420106
206799,0.06787847
206805,0.028373597
206806,0.18335599
206809,0.05199652
206812,0.057997443
206814,0.0068663815
206830,0.018783126
206831,0.016651971
206878,0.16716695
206905,0.013001569
206908,0.1022574
206910,0.053953506
206917,0.036662653
206920,0.17351499
206927,0.040810637
206933,0.022864716
206945,0.068482965
206968,0.035255194
206987,0.035883542
206989,0.0063309465
207017,0.23496269
207027,0.009795298
207029,0.07324798
207030,0.13826282
207035,0.048274647
207040,0.12258359
207043,0.17015204
207054,0.07708119
207055,0.017511813
207059,0.04116898
207060,0.011440742
207062,0.03152238
207071,0.11499849
207073,0.35992247
207079,0.017983153
207100,0.023835268
207107,0.027325647
207129,0.03772991
207132,0.095991075
207139,0.05003442
207148,0.049252927
207153,0.03624902
207163,0.070257984
207164,0.020207591
207168,0.02405981
207171,0.005806368
207173,0.2567302
207174,0.010333647
207181,0.028524438
207182,0.035975944
207198,0.08234895
207201,0.016366921
207213,0.109905265
207234,0.05953068
207238,0.037119754
207256,0.046454217
207257,0.14332046
207264,0.267207
207268,0.3532787
207275,0.074415594
207291,0.03257769
207296,0.02149561
207304,0.15575637
207308,0.027427811
207314,0.082256936
207324,0.08214519
207332,0.047671027
207333,0.10217923
207339,0.026842944
207349,0.025405368
207351,0.11084511
207359,0.12528382
207361,0.0092722615
207365,0.028621063
207369,0.016936375
207372,0.036031414
207377,0.036239237
207380,0.00999093
207394,0.017855603
207412,0.1404158
207423,0.046977073
207426,0.008437944
207427,0.25846115
207428,0.036206227
207430,0.44544387
207437,0.04719169
207440,0.09738994
207455,0.023542134
207456,0.03622444
207471,0.053680427
207476,0.038987603
207483,0.014033753
207497,0.031515233
207506,0.020961363
207515,0.15650961
207529,0.04456838
207533,0.075595185
207534,0.0064569926
207541,0.04742526
207560,0.01810498
207561,0.1542643
207570,0.024304604
207600,0.04000249
207630,0.14566356
207633,0.22981972
207634,0.006584115
207635,0.019430637
207660,0.012747883
207682,0.010193031
207684,0.05082064
207687,0.029594086
207706,0.17142783
207708,0.08989678
207713,0.07951017
207714,0.045089703
207718,0.0056694616
207721,0.053506255
207724,0.046382498
207727,0.014791722
207731,0.033437002
207732,0.03679684
207734,0.02063369
207739,0.038209286
207744,0.073754475
207787,0.07202228
207792,0.056988724
207801,0.018397465
207811,0.1060283
207817,0.10572936
207818,0.20596229
207819,0.020615745
207830,0.027396893
207834,0.13406862
207841,0.23830353
207844,0.1149211
207849,0.06650732
207856,0.018959075
207865,0.01779032
207867,0.07940427
207873,0.16393907
207882,0.15769705
207887,0.021237295
207888,0.04639333
207889,0.010896132
207907,0.0067707542
207921,0.18557464
207922,0.017801022
207928,0.07656621
207930,0.14473844
207940,0.014006055
207941,0.033524804
207956,0.03574536
207960,0.012607783
207961,0.12589873
207968,0.050951943
207971,0.034851998
207972,0.066426486
207975,0.039333943
207976,0.14893748
207979,0.22086169
207997,0.17585772
207999,0.40896115
208008,0.04559562
208027,0.08373499
208030,0.024431454
208033,0.34514952
208035,0.08577217
208040,0.021555953
208052,0.03808617
208067,0.0168804
208090,0.010153547
208100,0.018197384
208102,0.0173394
208110,0.05574297
208117,0.014431844
208119,0.047017813
208123,0.13425447
208127,0.6179547
208136,0.014948849
208139,0.0034920934
208140,0.019648682
208144,0.07393147
208149,0.025037961
208156,0.09340358
208166,0.11691108
208168,0.07942523
208170,0.33715087
208172,0.107540995
208178,0.06357341
208193,0.026238482
208195,0.012352128
208211,0.020563114
208213,0.050654836
208229,0.06274881
208231,0.16679914
208235,0.008808773
208238,0.05999311
208240,0.057418667
208249,0.01298477
208262,0.044324517
208263,0.0692291
208270,0.050946698
208288,0.031585626
208292,0.06687788
208302,0.040809907
208303,0.11492297
208312,0.009052364
208317,0.03875922
208322,0.08839713
208331,0.06560655
208336,0.048464514
208337,0.09073997
208339,0.10963505
208346,0.15061489
208353,0.03637203
208358,0.01975248
208359,0.053671937
208360,0.0126837455
208370,0.06778154
208373,0.009198994
208390,0.021746377
208391,0.12239268
208394,0.042342734
208396,0.022292653
208397,0.03472569
208398,0.076408036
208400,0.06231992
208410,0.049489897
208420,0.025363373
208421,0.21151575
208431,0.32710025
208450,0.024153598
208451,0.16212238
208455,0.051155988
208478,0.06811861
208479,0.025545929
208482,0.02609872
208502,0.14658666
208516,0.029468324
208518,0.016257461
208534,0.08034711
208550,0.015122055
208551,0.011798217
208566,0.03419671
208567,0.044470582
208575,0.11717906
208576,0.025446985
208588,0.029942354
208590,0.0668837
208595,0.016881555
208619,0.053844873
208620,0.017218586
208627,0.25976035
208629,0.033359587
208642,0.029944787
208645,0.022293227
208661,0.015233264
208662,0.0054106326
208679,0.013113808
208681,0.019410124
208689,0.06469339
208696,0.01943335
208701,0.025470236
208707,0.14807229
208719,0.03702132
208720,0.073947325
208730,0.058665533
208748,0.01804273
208753,0.08380161
208755,0.03581006
208769,0.039278332
208775,0.0793107
208785,0.024166819
208796,0.034816325
208806,0.024588311
208815,0.12306694
208830,0.01843945
208833,0.08899826
208837,0.014677612
208842,0.02140495
208860,0.012789718
208874,0.05214864
208886,0.030320015
208897,0.01993708
208898,0.12464191
208905,0.143811
208907,0.039506197
208924,0.06904527
208925,0.106887765
208933,0.041633997
208941,0.028745556
208948,0.004878942
208960,0.016008899
208962,0.036788005
208963,0.021995999
208965,0.014502489
208973,0.020551762
208974,0.04869688
208986,0.04806276
208992,0.018098662
208995,0.121011525
209001,0.0201324
209006,0.04202728
209012,0.022123154
209022,0.049296364
209055,0.1724803
209056,0.08031637
209057,0.073637456
209060,0.03480331
209067,0.015539483
209071,0.04949616
209078,0.011447829
209080,0.018692872
209094,0.018236166
209097,0.012898446
209098,0.0914378
209101,0.024605002
209108,0.011371938
209109,0.058349144
209111,0.011376287
209116,0.15137775
209117,0.4970571
209121,0.020244492
209126,0.013209526
209127,0.025329204
209141,0.018143643
209142,0.057819612
209159,0.023818647
209164,0.2740805
209168,0.32873204
209177,0.0871334
209197,0.0646787
209202,0.13107853
209209,0.008845541
209211,0.030628642
209233,0.0736037
209234,0.040030316
209253,0.07378295
209260,0.03822194
209263,0.04177598
209268,0.03204405
209275,0.05377331
209288,0.0897661
209298,0.19169202
209305,0.06632768
209326,0.09702796
209340,0.09898447
209352,0.21225676
209362,0.06332102
209367,0.046858072
209369,0.023848867
209377,0.038932193
209387,0.046826005
209392,0.046784528
209393,0.018003428
209420,0.011453535
209423,0.12206612
209457,0.06064696
209458,0.06862618
209470,0.06544299
209479,0.16253713
209483,0.061506327
209488,0.3756104
209489,0.020672593
209497,0.031122528
209504,0.030990237
209510,0.075270355
209513,0.011181357
209547,0.014831601
209549,0.03833136
209556,0.022005172
209561,0.11791203
209565,0.1829752
209591,0.11701392
209595,0.09535629
209596,0.1115267
209608,0.060048692
209628,0.03220902
209643,0.073979005
209645,0.1751143
209651,0.037618257
209659,0.06280589
209660,0.03731945
209661,0.1729039
209665,0.04435696
209682,0.015088423
209687,0.17124894
209689,0.039425723
209699,0.036556885
209705,0.092026025
209707,0.030496456
209713,0.03745707
209717,0.022542404
209718,0.085168496
209723,0.12465916
209727,0.023517665
209729,0.012022396
209739,0.037160426
209741,0.19970632
209744,0.21382096
209748,0.11531859
209749,0.028405717
209758,0.019969197
209761,0.04388257
209764,0.12279578
209772,0.023652934
209773,0.10910017
209794,0.02231873
209795,0.19014618
209814,0.059929613
209828,0.14214265
209838,0.050514434
209839,0.11951638
209845,0.19996922
209855,0.02373226
209862,0.023482528
209869,0.05193279
209872,0.043479368
209879,0.1462229
209881,0.03999936
209882,0.32083848
209893,0.25656295
209913,0.1134309
209918,0.050073054
209920,0.17337362
209921,0.032296654
209929,0.16782805
209943,0.12669016
209957,0.022414463
209960,0.03834517
209962,0.051758066
209969,0.057698343
209980,0.066073634
209986,0.02189971
209989,0.08924252
209990,0.040751863
209991,0.02581385
210007,0.027901111
210016,0.044771053
210018,0.017090283
210019,0.027830802
210020,0.010899242
210036,0.016520923
210050,0.03281094
210080,0.03532996
210084,0.025283605
210089,0.19630295
210104,0.05275298
210129,0.044317357
210135,0.019987693
210137,0.05592271
210140,0.08087556
210145,0.009940341
210146,0.063017234
210147,0.034788623
210152,0.0046620327
210157,0.023341315
210158,0.06301352
210164,0.02888543
210170,0.024314178
210171,0.019556876
210173,0.24040207
210174,0.1049709
210176,0.10649973
210190,0.012140912
210191,0.18953077
210195,0.26806715
210196,0.016115708
210201,0.023520965
210211,0.06382088
210231,0.030498216
210239,0.14026687
210241,0.04759358
210242,0.010435731
210255,0.09977913
210278,0.108374685
210283,0.010297346
210284,0.07016544
210304,0.013193909
210307,0.04920608
210330,0.030990962
210332,0.034788158
210350,0.22517103
210379,0.020682879
210385,0.051526956
210401,0.057142656
210405,0.037853643
210413,0.32059035
210414,0.09340984
210415,0.12310206
210419,0.11903549
210429,0.021304475
210467,0.20485091
210481,0.023443213
210482,0.017949047
210492,0.036891334
210502,0.19898564
210523,0.02613123
210525,0.15444657
210529,0.14845659
210538,0.016454265
210543,0.027214427
210549,0.04840249
210551,0.03979791
210555,0.08891956
210558,0.069141574
210591,0.08796474
210597,0.20037262
210599,0.029578121
210610,0.025109174
210616,0.10631175
210618,0.024650378
210622,0.2698544
210639,0.13692275
210645,0.013719042
210650,0.010948176
210672,0.021220254
210676,0.05204286
210683,0.052067716
210697,0.30918473
210701,0.012522253
210706,0.05181859
210712,0.08624979
210717,0.05603308
210728,0.13708413
210729,0.031208012
210730,0.0571479
210731,0.036087085
210733,0.17857334
210735,0.045288675
210742,0.012887869
210748,0.00940922
210749,0.12037806
210758,0.040684324
210767,0.09466971
210769,0.06542151
210777,0.110940784
210789,0.007843975
210791,0.020966198
210794,0.007492522
210811,0.059809715
210814,0.009792745
210821,0.040696055
210833,0.047928624
210835,0.0074217664
210859,0.018712755
210862,0.05043923
210870,0.023281263
210886,0.013614807
210893,0.025171287
210901,0.016725363
210906,0.12858723
210913,0.06417866
210953,0.0344245
210961,0.08169487
210962,0.37974095
210966,0.056491267
210983,0.090832844
211000,0.16477574
211025,0.11316321
211036,0.019296067
211043,0.11272632
211062,0.19733228
211076,0.042457215
211085,0.04553501
211096,0.023020437
211097,0.120796226
211098,0.16638072
211103,0.014798861
211108,0.089865185
211131,0.03926472
211135,0.13534461
211139,0.013953572
211146,0.03154684
211150,0.008519858
211158,0.030042881
211170,0.19984527
211177,0.097702384
211183,0.16386026
211187,0.14872742
211191,0.0070104147
211194,0.19280699
211196,0.16834332
211203,0.009622258
211209,0.12102865
211210,0.09347406
211211,0.08116291
211232,0.038128942
211244,0.24765144
211263,0.015544706
211264,0.15457559
211270,0.0580183
211278,0.014484128
211292,0.017595164
211293,0.042861186
211295,0.029565465
211296,0.08522491
211308,0.067258194
211310,0.045325562
211312,0.11369117
211325,0.024814257
211326,0.027091818
211330,0.055354934
211333,0.02116666
211341,0.033867173
211342,0.005815398
211350,0.026050726
211355,0.103375934
211357,0.14849009
211358,0.045576684
211362,0.045202315
211377,0.013831643
211378,0.2634822
211379,0.082234144
211384,0.07252687
211395,0.16988796
211398,0.030055434
211399,0.010647832
211417,0.02961253
211419,0.1401218
211420,0.06396063
211439,0.11544452
211442,0.01701331
211451,0.017970046
211457,0.04670157
211469,0.081630625
211483,0.029972361
211505,0.0700815
211508,0.049145926
211509,0.13194512
211510,0.05162363
211526,0.06212465
211547,0.026641358
211548,0.0671272
211550,0.013617004
211551,0.042048585
211553,0.15441586
211562,0.050801653
211563,0.015493478
211564,0.15540086
211565,0.0632267
211571,0.3577655
211572,0.32186478
211577,0.032182947
211580,0.08389229
211609,0.019130915
211625,0.057822492
211635,0.30426657
211646,0.036095444
211660,0.03757178
211670,0.23192792
211672,0.028273597
211688,0.024882311
211694,0.013128918
211696,0.059330598
211711,0.18037261
211718,0.027006907
211732,0.036105692
211735,0.026400266
211736,0.061549716
211740,0.08537873
211741,0.01076759
211746,0.022942342
211751,0.013519697
211754,0.07115946
211770,0.03594443
211771,0.059448488
211787,0.11873132
211788,0.07619077
211802,0.055183053
211804,0.04000194
211810,0.11398752
211832,0.059823405
211839,0.0641697
211860,0.031002892
211863,0.15764906
211866,0.021858491
211869,0.04959447
211872,0.043268915
211894,0.04469066
211901,0.026787607
211902,0.11750662
211903,0.051295098
211946,0.030518524
211950,0.09521542
211959,0.05921133
211964,0.052330643
211965,0.032922354
211979,0.028277718
211983,0.14371103
211986,0.06868835
211987,0.015633652
211988,0.030431952
211999,0.00997582
212002,0.03454687
212004,0.023432905
212009,0.062426295
212015,0.033695098
212023,0.026814923
212048,0.035391256
212055,0.023931034
212067,0.016453013
212079,0.008860875
212080,0.021387568
212083,0.02036286
212085,0.118257955
212088,0.03315786
212089,0.045580965
212092,0.023805797
212097,0.08799467
212124,0.01609967
212132,0.01627986
212136,0.07779327
212144,0.030647973
212145,0.13756864
212167,0.02543557
212174,0.25124338
212175,0.021106161
212187,0.22098278
212191,0.018715605
212194,0.14782265
212238,0.038553543
212242,0.028671421
212245,0.10086145
212258,0.034612004
212262,0.031694602
212277,0.015051922
212283,0.016901994
212287,0.0669419
212288,0.1049243
212289,0.028743485
212293,0.036346443
212296,0.110911705
212300,0.11825841
212303,0.10936848
212326,0.03206963
212327,0.047525257
212328,0.008429051
212329,0.015218356
212339,0.039819717
212340,0.051421363
212343,0.018112382
212360,0.008390877
212389,0.06646806
212401,0.11519532
212407,0.013583428
212409,0.06716135
212422,0.033889327
212424,0.20184873
212440,0.046071578
212441,0.18170343
212443,0.022819668
212448,0.022497028
212472,0.069434464
212478,0.067688115
212481,0.03253367
212493,0.064116776
212508,0.042012844
212511,0.012796451
212525,0.024284478
212531,0.044657174
212533,0.002839496
212555,0.03280936
212592,0.06055366
212610,0.03130548
212621,0.084676296
212629,0.11326971
212635,0.052200664
212636,0.014642284
212637,0.06843186
212643,0.05615237
212648,0.033193294
212654,0.2560862
212655,0.16452515
212660,0.05247316
212661,0.03094877
212664,0.084086545
212669,0.012333922
212670,0.032264717
212674,0.17305349
212676,0.34461984
212690,0.018670412
212691,0.051271267
212696,0.023473596
212710,0.16290376
212712,0.011842898
212716,0.03856017
212718,0.057459816
212720,0.085847616
212723,0.0313311
212730,0.018669471
212740,0.009157175
212747,0.045120552
212763,0.058784615
212773,0.011129787
212775,0.031852126
212776,0.05987172
212777,0.1882962
212781,0.08777599
212782,0.34263846
212785,0.026882356
212786,0.075644016
212795,0.014374962
212800,0.11486687
212818,0.0877649
212834,0.037377227
212837,0.06714598
212841,0.05028638
212842,0.018321866
212847,0.1090429
212848,0.017949056
212851,0.043883342
212865,0.022454299
212866,0.012709682
212874,0.066214114
212880,0.020209683
212894,0.04667816
212897,0.04098005
212912,0.035556708
212913,0.021854524
212916,0.054678243
212917,0.01699336
212933,0.027288392
212935,0.03771687
212936,0.04772782
212950,0.137524
212957,0.019079003
212958,0.107225426
212961,0.050982192
212962,0.02853776
212963,0.09189727
212964,0.13298872
212968,0.068448566
212969,0.0678078
212976,0.014395036
212978,0.04599975
212983,0.06698647
212993,0.2126248
213004,0.013693999
213008,0.016065016
213014,0.0072381
213018,0.06668776
213021,0.042775154
213024,0.05733566
213045,0.054056697
213054,0.023386948
213059,0.15793142
213076,0.023588544
213095,0.039149456
213096,0.040254794
213100,0.006650654
213101,0.11743735
213109,0.036249045
213111,0.012791699
213116,0.006791881
213133,0.27648175
213140,0.08643742
213141,0.047176547
213143,0.30606908
213150,0.011984559
213152,0.030194292
213158,0.032210484
213159,0.02370353
213166,0.024880426
213167,0.28873348
213170,0.19255462
213178,0.06742901
213179,0.005103567
213189,0.073137544
213196,0.0537168
213201,0.011378169
213203,0.017889861
213204,0.03311083
213205,0.025723243
213206,0.05008812
213207,0.17817572
213208,0.02057896
213212,0.011446141
213214,0.018711468
213220,0.010760659
213240,0.02069689
213244,0.03281083
213263,0.3091342
213264,0.077534825
213265,0.012129479
213270,0.02701567
213283,0.06496715
213287,0.05348171
213292,0.10296124
213295,0.118907765
213299,0.1900149
213303,0.04099331
213307,0.0436438
213308,0.023840766
213312,0.11099371
213313,0.015328384
213316,0.021258615
213317,0.06566794
213338,0.079981625
213357,0.061682597
213368,0.16342242
213374,0.04230884
213375,0.053771142
213386,0.14941223
213390,0.024797957
213393,0.011140761
213401,0.06631874
213423,0.06163839
213430,0.042150773
213431,0.04018597
213447,0.01351168
213465,0.055446435
213468,0.022401938
213473,0.105761126
213475,0.06712832
213476,0.023606464
213482,0.013741959
213493,0.093180664
213531,0.0761771
213534,0.02736759
213542,0.020734612
213546,0.048503175
213569,0.026612524
213570,0.039651286
213588,0.014753567
213591,0.022021443
213595,0.01725825
213597,0.050991204
213598,0.06847572
213604,0.09940339
213622,0.045192543
213623,0.24742097
213633,0.02295421
213639,0.01256205
213641,0.023307174
213649,0.058695424
213671,0.041206423
213675,0.03441495
213679,0.06796387
213680,0.03398863
213684,0.07268723
213685,0.014110648
213689,0.009063351
213691,0.43136656
213693,0.035997014
213712,0.029919386
213717,0.0110478345
213734,0.12193476
213739,0.26272848
213765,0.029500473
213775,0.017952645
213776,0.10715251
213804,0.3913135
213808,0.017732536
213818,0.17416193
213821,0.027010385
213829,0.046577398
213836,0.12539734
213838,0.027386433
213843,0.02497608
213854,0.033209696
213859,0.12223603
213862,0.35974836
213874,0.080235325
213878,0.1606082
213886,0.0066609886
213888,0.025592515
213892,0.030310612
213910,0.034036357
213921,0.09772099
213926,0.066856235
213928,0.011661031
213935,0.008070962
213949,0.036020417
213957,0.076058805
213959,0.022856424
213967,0.027172206
213974,0.01791783
213975,0.040372152
213983,0.06769367
213984,0.02478118
213998,0.059984654
214004,0.04357424
214006,0.026698465
214008,0.03079586
214014,0.026161948
214015,0.0342558
214034,0.0154190995
214059,0.02547673
214067,0.0067956806
214077,0.026892407
214078,0.033619896
214079,0.07087876
214085,0.07498921
214088,0.11838586
214099,0.033198737
214138,0.015521052
214141,0.0066708582
214152,0.058775317
214154,0.006219441
214155,0.025451645
214177,0.06505796
214188,0.04212726
214192,0.067341685
214207,0.049840786
214217,0.04196176
214219,0.10690306
214228,0.06357227
214229,0.03945496
214233,0.06314899
214236,0.072481014
214242,0.0153075345
214249,0.0089769615
214263,0.019451335
214264,0.0076151644
214265,0.054272413
214268,0.04943488
214281,0.026536616
214282,0.014918272
214295,0.05120905
214311,0.013309328
214315,0.03943712
214325,0.023028448
214334,0.08107808
214336,0.044112545
214337,0.020016644
214342,0.19103175
214344,0.09445146
214349,0.04505177
214355,0.015245364
214356,0.038445182
214358,0.031811796
214363,0.02104912
214364,0.012015578
214371,0.1023376
214377,0.50228995
214379,0.02637664
214383,0.068162635
214406,0.0024901065
214407,0.11767059
214411,0.061072066
214415,0.06485854
214418,0.23186308
214419,0.01647003
214421,0.023417408
214430,0.015004547
214436,0.02126059
214463,0.191317
214472,0.07516495
214474,0.26789075
214476,0.03323316
214478,0.016171245
214481,0.08257773
214484,0.019769154
214488,0.12344693
214491,0.16260341
214505,0.06288908
214507,0.033867378
214510,0.043021377
214518,0.04508562
214523,0.18028505
214539,0.04080028
214542,0.05214249
214544,0.051842313
214553,0.03351591
214554,0.101886965
214561,0.0644305
214563,0.07649478
214566,0.030306
214581,0.019574262
214587,0.030158259
214588,0.052290987
214589,0.083269335
214593,0.23978274
214620,0.09254404
214630,0.059970483
214643,0.046214715
214644,0.15831724
214647,0.028512422
214654,0.010400375
214657,0.022294134
214658,0.02077482
214662,0.023465376
214666,0.096895
214680,0.0178474
214685,0.022125727
214693,0.015677566
214701,0.025937827
214705,0.019164747
214706,0.06878938
214719,0.037967127
214721,0.38196033
214724,0.030901754
214741,0.027181668
214769,0.05753165
214777,0.00740817
214780,0.05432073
214786,0.029372578
214789,0.036370933
214797,0.048537564
214804,0.064991675
214808,0.15241148
214810,0.23509571
214828,0.11925152
214830,0.04954339
214835,0.15030953
214844,0.026803628
214859,0.34307188
214861,0.016501628
214863,0.025436817
214887,0.015044876
214898,0.016226953
214906,0.046121135
214913,0.022475118
214915,0.060084697
214937,0.020932212
214944,0.11960556
214948,0.08152636
214970,0.104710594
214976,0.08572673
214999,0.13076507
215000,0.23174681
215016,0.02382723
215024,0.012707067
215029,0.33606702
215033,0.43202946
215037,0.21325839
215054,0.013748456
215057,0.036992006
215064,0.03214391
215074,0.036959603
215077,0.15045041
215082,0.03060696
215096,0.026705043
215101,0.01917786
215103,0.017393185
215109,0.10275487
215124,0.13445814
215142,0.116981626
215143,0.041875552
215145,0.027925046
215157,0.018229129
215159,0.010524398
215161,0.05194061
215166,0.03442129
215177,0.0942935
215186,0.05645139
215194,0.045668334
215196,0.026967477
215204,0.095064335
215211,0.04482987
215230,0.07603818
215241,0.01639808
215256,0.110429145
215257,0.055446807
215266,0.14491107
215267,0.018153584
215268,0.008492849
215278,0.12029857
215280,0.50903684
215318,0.17169972
215326,0.027830698
215331,0.06181847
215337,0.008641502
215344,0.03241854
215346,0.04116482
215348,0.08297522
215351,0.0069632707
215358,0.09045954
215360,0.081204206
215367,0.020449223
215369,0.06059264
215383,0.012115854
215395,0.18458803
215407,0.05479016
215408,0.04205153
215412,0.021131031
215433,0.020284899
215454,0.1023551
215463,0.11911343
215488,0.0036777242
215508,0.069115214
215512,0.005772357
215516,0.12573901
215525,0.17127499
215531,0.05154918
215534,0.15697822
215537,0.017841158
215539,0.008827136
215548,0.013457743
215554,0.040251113
215556,0.020106144
215559,0.225695
215560,0.03304225
215563,0.015777629
215564,0.017797112
215569,0.09406896
215574,0.4714798
215586,0.08709182
215594,0.09601592
215608,0.02837551
215614,0.020649305
215623,0.1200298
215628,0.068555534
215637,0.33433378
215638,0.18779607
215649,0.032854147
215651,0.023397896
215653,0.021687634
215678,0.047069084
215708,0.029045774
215711,0.09733822
215733,0.03853226
215739,0.0107559655
215742,0.011490972
215756,0.059322167
215772,0.06436553
215775,0.19947754
215791,0.023778873
215796,0.19913054
215803,0.06763814
215805,0.023742486
215807,0.015355568
215829,0.024644962
215855,0.017360155
215856,0.100520454
215860,0.07339854
215861,0.05946389
215877,0.021795537
215883,0.069941424
215889,0.06272913
215897,0.021586535
215898,0.019310055
215901,0.039471645
215908,0.070022956
215910,0.7066021
215911,0.012553938
215923,0.014307303
215928,0.027782185
215934,0.08898742
215936,0.2971495
215947,0.007968031
215951,0.016916404
215958,0.005751651
215959,0.06904536
215963,0.08331153
215968,0.18512276
215972,0.04349799
215976,0.04118427
215978,0.029818507
215981,0.032536563
215999,0.028597407
216001,0.2408325
216012,0.031654954
216020,0.14518997
216035,0.013861739
216038,0.21178979
216041,0.07646278
216049,0.06093878
216065,0.03936905
216096,0.407591
216110,0.019044735
216115,0.12807919
216121,0.036085766
216122,0.3532287
216129,0.024863467
216131,0.15720052
216138,0.07518865
216142,0.081674516
216143,0.033110533
216150,0.014025554
216180,0.03394209
216184,0.044903077
216189,0.02867227
216190,0.27817115
216197,0.012253378
216218,0.25108665
216219,0.067597196
216221,0.09495628
216231,0.028697435
216240,0.14012177
216272,0.04366734
216281,0.057896353
216284,0.033565152
216290,0.054101236
216297,0.057636473
216305,0.01870363
216306,0.016471913
216317,0.026312273
216333,0.015157397
216338,0.11842263
216339,0.14831291
216346,0.059938233
216349,0.3903157
216350,0.34446886
216351,0.032184176
216353,0.024141423
216355,0.042895842
216364,0.1241238
216387,0.09575276
216392,0.023427209
216393,0.20551684
216399,0.0064605875
216416,0.0172093
216433,0.016466731
216435,0.015115543
216442,0.12480994
216458,0.055208713
216461,0.26701197
216468,0.15702689
216469,0.033248268
216471,0.09242229
216473,0.10208834
216475,0.02574018
216496,0.048865233
216510,0.056187827
216511,0.08603671
216515,0.021623043
216516,0.11229821
216521,0.0081959255
216532,0.0204525
216548,0.013415999
216551,0.067282416
216560,0.0548975
216562,0.10285181
216563,0.03626996
216565,0.04021842
216582,0.027444325
216587,0.08240853
216589,0.032847658
216597,0.03128203
216606,0.019815324
216607,0.014012334
216608,0.18561067
216621,0.0292035
216622,0.022872664
216627,0.07796497
216636,0.05808549
216647,0.022750573
216655,0.15707296
216659,0.1730469
216666,0.15800333
216676,0.043938685
216677,0.053976677
216679,0.07812852
216681,0.046172544
216686,0.012756353
216687,0.078028545
216694,0.055439103
216697,0.014598176
216714,0.02631694
216719,0.08145137
216720,0.022697825
216721,0.030453688
216723,0.037203707
216740,0.15307508
216746,0.034780137
216747,0.02117671
216751,0.03001042
216758,0.08197202
216768,0.015785798
216778,0.072439194
216786,0.07601441
216801,0.19796856
216802,0.07905636
216807,0.015767843
216808,0.023630133
216810,0.041826114
216818,0.013869992
216823,0.052295525
216826,0.014559492
216827,0.009804501
216828,0.070545666
216840,0.3988498
216844,0.03791199
216845,0.10475973
216851,0.11149008
216857,0.0217864
216858,0.026944898
216862,0.013480191
216874,0.026610091
216880,0.017496355
216900,0.039881032
216902,0.050540876
216903,0.04063162
216904,0.029479997
216931,0.026491705
216936,0.046917338
216938,0.12866062
216952,0.07735261
216954,0.053527314
216955,0.025116587
216961,0.03303422
216981,0.19823535
216985,0.018251209
216992,0.04911534
216995,0.019899119
216997,0.010284733
216998,0.03632411
216999,0.030613484
217022,0.06979071
217034,0.046556037
217038,0.023003701
217050,0.06391209
217055,0.031985864
217064,0.068261586
217071,0.016068159
217078,0.07031216
217083,0.13999243
217084,0.008198849
217086,0.08157893
217096,0.13633078
217101,0.21927764
217109,0.23207729
217118,0.030493185
217121,0.080031395
217125,0.09951832
217130,0.21562494
217136,0.046118386
217137,0.07089994
217143,0.007223799
217148,0.050082523
217155,0.029650766
217162,0.016369784
217172,0.041696962
217174,0.031771135
217175,0.08540989
217177,0.041824117
217178,0.08296693
217192,0.035255224
217220,0.0106038395
217221,0.03322651
217223,0.016029494
217232,0.03553822
217243,0.03385159
217248,0.08092532
217250,0.055845942
217271,0.10969242
217283,0.015807118
217297,0.16100635
217323,0.075218186
217326,0.022670759
217334,0.032719344
217338,0.020071454
217341,0.25610968
217342,0.13137954
217355,0.008876358
217362,0.05165544
217366,0.11448935
217367,0.056000214
217371,0.03532185
217383,0.08034834
217401,0.08142516
217404,0.1183054
217419,0.026267286
217422,0.13689835
217423,0.008153429
217427,0.06136597
217429,0.018174404
217430,0.03216063
217441,0.073803484
217444,0.012048761
217465,0.019797193
217471,0.02408776
217488,0.03234058
217493,0.03177216
217509,0.15010893
217510,0.03889853
217511,0.19363056
217519,0.08399021
217522,0.078164175
217562,0.041221753
217574,0.042729814
217577,0.008507762
217579,0.12803215
217596,0.013759969
217602,0.010782742
217612,0.05756707
217632,0.041796207
217635,0.01649888
217636,0.1668256
217638,0.10751986
217639,0.08871735
217651,0.08070318
217652,0.02183021
217663,0.47019273
217669,0.028675616
217686,0.046651915
217699,0.039731164
217700,0.15967187
217703,0.039363947
217706,0.21935207
217714,0.108316764
217732,0.02082385
217736,0.05404008
217749,0.19769901
217763,0.009381026
217770,0.03572666
217771,0.03742893
217772,0.035028998
217776,0.029808734
217777,0.04295861
217778,0.23503785
217782,0.01034135
217790,0.067634925
217792,0.021617925
217793,0.07229718
217795,0.21617307
217796,0.031811494
217800,0.03540016
217804,0.024369704
217807,0.0074814586
217846,0.047734864
217847,0.13058968
217853,0.021732599
217856,0.02751345
217864,0.008494238
217867,0.08313284
217868,0.21561508
217885,0.13888969
217887,0.036155857
217889,0.035847697
217900,0.018613756
217903,0.012208943
217905,0.09286277
217909,0.03796264
217913,0.012628195
217944,0.04528955
217946,0.068864815
217954,0.10306
217956,0.05689187
217957,0.024404965
217961,0.3332254
217962,0.038062606
217976,0.030102244
217980,0.028114097
217981,0.020453755
218006,0.029476264
218009,0.025371548
218032,0.13167965
218049,0.020881051
218053,0.051762562
218078,0.04365154
218080,0.08565384
218081,0.028998202
218094,0.19215731
218098,0.036239494
218099,0.16423988
218100,0.10247334
218113,0.027493147
218117,0.038613908
218118,0.022961106
218119,0.03270294
218125,0.02689165
218133,0.041846894
218153,0.15007679
218165,0.036643222
218166,0.010121517
218177,0.015105984
218178,0.025162036
218202,0.03105474
218203,0.02179538
218207,0.12607512
218209,0.0865323
218236,0.022767637
218244,0.017693857
218247,0.07552
218250,0.037978582
218266,0.049647238
218275,0.10877891
218276,0.015728405
218287,0.076330155
218292,0.02294339
218298,0.14239785
218300,0.010463189
218320,0.026925286
218321,0.11982652
218333,0.0077940505
218347,0.028794054
218353,0.04671158
218366,0.035925034
218368,0.025351504
218369,0.030351771
218372,0.092288174
218376,0.052843787
218378,0.029961746
218403,0.06872929
218413,0.066505186
218418,0.033452764
218449,0.20182663
218450,0.10020018
218458,0.017007632
218464,0.04944138
218475,0.07928983
218476,0.11464179
218478,0.03499533
218515,0.025569977
218517,0.036384456
218518,0.08495485
218538,0.011325702
218539,0.1587604
218550,0.2549797
218551,0.016584147
218565,0.16112797
218580,0.024036411
218591,0.06413035
218598,0.004687254
218600,0.03184815
218602,0.06575703
218607,0.15279855
218651,0.042924885
218652,0.021154689
218656,0.34359184
218658,0.028693551
218669,0.10623932
218670,0.037163146
218671,0.033524785
218677,0.09042895
218680,0.03152504
218685,0.0073012225
218686,0.18545145
218692,0.054015037
218693,0.11203626
218699,0.21215612
218709,0.04582957
218729,0.039976258
218734,0.020860229
218742,0.035073925
218743,0.0046960493
218756,0.053386554
218772,0.12174987
218782,0.033351593
218786,0.021112747
218788,0.052190613
218796,0.050883148
218801,0.059461374
218812,0.03371945
218832,0.06347859
218834,0.08975605
218846,0.24627075
218847,0.29094195
218848,0.0063411025
218853,0.19143991
218865,0.043618992
218870,0.023017617
218873,0.026916225
218884,0.012820394
218893,0.09649885
218898,0.0059097097
218911,0.05903461
218933,0.077610895
218934,0.026177052
218939,0.013928395
218948,0.021211496
218957,0.18361963
218962,0.05377446
218973,0.020232216
218975,0.042771418
219000,0.0099255415
219001,0.031569857
219006,0.020008331
219027,0.11228282
219036,0.046235465
219043,0.097477935
219047,0.027070457
219057,0.030382235
219059,0.30888516
219062,0.030018168
219074,0.014122427
219085,0.008508278
219087,0.038181487
219095,0.06338334
219114,0.021232558
219115,0.044811774
219119,0.02927823
219140,0.04427445
219147,0.026940633
219170,0.02761209
219171,0.30137816
219174,0.08513462
219177,0.037017222
219180,0.0145485075
219195,0.008262583
219203,0.014046532
219207,0.059472814
219223,0.043217905
219229,0.10680826
219236,0.042469352
219238,0.0976
219243,0.034046855
219245,0.047607448
219247,0.23338044
219273,0.042475343
219278,0.17930315
219279,0.085002534
219284,0.04443384
219319,0.026300011
219326,0.06831418
219336,0.030444209
219344,0.070950985
219359,0.06464431
219360,0.0065021995
219364,0.04675315
219368,0.08045649
219376,0.026102295
219382,0.010274143
219388,0.039558638
219396,0.16170985
219398,0.17467748
219403,0.06435486
219405,0.029655077
219406,0.14188309
219410,0.043046337
219424,0.08133292
219446,0.012644913
219450,0.008266859
219451,0.08985315
219464,0.0204128
219465,0.01508575
219469,0.027678167
219472,0.13114892
219482,0.077480905
219506,0.03948232
219507,0.110296145
219516,0.11009723
219521,0.20776124
219564,0.3385987
219565,0.009220423
219568,0.015236025
219570,0.0042475285
219578,0.040027037
219579,0.20702761
219588,0.05334669
219593,0.081644535
219594,0.03082433
219601,0.018470874
219608,0.026671903
219616,0.054814354
219620,0.04947654
219621,0.03546203
219628,0.048143096
219632,0.086144686
219637,0.08568443
219670,0.055979434
219688,0.010096838
219704,0.038349528
219717,0.06599914
219723,0.08829604
219741,0.082907654
219772,0.091314524
219774,0.0637167
219775,0.04372915
219778,0.028802741
219787,0.0723775
219788,0.08482444
219806,0.09982161
219811,0.03843831
219815,0.021206174
219817,0.05096494
219835,0.025937766
219845,0.009264879
219848,0.01630462
219864,0.08006718
219866,0.026748028
219868,0.03867459
219870,0.05849959
219886,0.06283822
219908,0.037494566
219910,0.046830896
219914,0.057676427
219925,0.17069177
219935,0.2798545
219940,0.10150851
219959,0.043670036
219962,0.07281369
219975,0.018993149
219981,0.07441936
219998,0.05212647
219999,0.09377625
220006,0.057083968
220010,0.3620751
220012,0.014292007
220014,0.016330251
220018,0.021606486
220019,0.08549273
220021,0.05134041
220058,0.02467828
220060,0.18566677
220061,0.010980633
220063,0.04101829
220066,0.10400836
220070,0.020050514
220071,0.079347566
220082,0.043747257
220094,0.044292312
220107,0.05245161
220114,0.19625792
220120,0.025121415
220126,0.06883805
220143,0.01791929
220147,0.10007671
220157,0.05319463
220160,0.05941001
220169,0.033393543
220177,0.07653562
220181,0.024363633
220186,0.08614577
220189,0.025701078
220206,0.22999083
220221,0.03581585
220227,0.060287133
220228,0.13034822
220248,0.062414918
220277,0.12467152
220304,0.076694064
220311,0.03771596
220315,0.101880744
220316,0.06064984
220323,0.00991257
220325,0.030623633
220358,0.017670691
220363,0.036053024
220369,0.06864873
220370,0.024415001
220380,0.07153406
220386,0.13511194
220387,0.03324996
220393,0.009120254
220394,0.059098512
220412,0.09977444
220415,0.026513178
220416,0.34745285
220417,0.15075462
220418,0.025195204
220422,0.014838221
220431,0.026438091
220439,0.16500804
220456,0.011002861
220458,0.019627457
220468,0.013779881
220474,0.0497747
220479,0.05257731
220494,0.016628385
220501,0.11721339
220503,0.01286465
220511,0.010212182
220514,0.11487567
220516,0.3354421
220521,0.07324506
220530,0.032281194
220562,0.019297363
220565,0.01769859
220582,0.029119149
220594,0.02670292
220600,0.3226592
220614,0.07090219
220621,0.15372056
220624,0.10572083
220629,0.039624777
220632,0.048315447
220639,0.019905426
220655,0.011308389
220664,0.016254188
220670,0.01651059
220686,0.016101055
220699,0.06530372
220714,0.009952221
220729,0.08242862
220732,0.14672446
220733,0.015490079
220735,0.019191112
220740,0.019960906
220741,0.022412162
220747,0.18013397
220748,0.018900167
220749,0.07037741
220755,0.035955533
220764,0.047230408
220767,0.11973017
220772,0.10480622
220779,0.022964822
220781,0.05071375
220790,0.018157922
220806,0.042173304
220811,0.032515343
220816,0.045356575
220822,0.0235824
220827,0.25001058
220828,0.034617413
220829,0.068404846
220832,0.031143723
220833,0.117794104
220841,0.1147002
220842,0.087971255
220856,0.04433583
220874,0.14511469
220881,0.12696631
220882,0.05197449
220887,0.019054295
220893,0.025560172
220909,0.017078841
220916,0.03291005
220917,0.1941634
220918,0.070115946
220924,0.015277267
220931,0.047377728
220932,0.061865915
220949,0.02501439
220950,0.08938677
220956,0.015899831
220972,0.007987919
220994,0.020865522
221004,0.2677333
221008,0.080182105
221011,0.06916186
221030,0.00680865
221032,0.0268486
221035,0.0142529365
221058,0.08306477
221059,0.045829643
221075,0.075460725
221079,0.029807659
221080,0.033755593
221107,0.031760428
221116,0.27483973
221129,0.11514955
221148,0.036327172
221158,0.013188602
221165,0.036060564
221169,0.041584574
221171,0.07489559
221198,0.1333227
221202,0.052697558
221205,0.25183985
221223,0.058768764
221227,0.020474799
221228,0.009830079
221234,0.037530314
221242,0.048829183
221252,0.15547675
221256,0.12168561
221260,0.13186319
221261,0.06854545
221264,0.04075982
221267,0.05413648
221272,0.028163569
221284,0.14335546
221292,0.08213782
221311,0.041084625
221322,0.09236373
221327,0.038074255
221339,0.031412993
221371,0.014352725
221372,0.02112461
221404,0.06210998
221411,0.044263396
221438,0.03587763
221451,0.034423098
221465,0.08170322
221477,0.10570368
221483,0.020647325
221493,0.076204166
221495,0.014287466
221498,0.07130036
221500,0.19026206
221506,0.074908525
221513,0.090956785
221523,0.099932335
221528,0.023520982
221529,0.14754336
221530,0.017930465
221531,0.039647523
221549,0.024710562
221550,0.037653707
221565,0.16524431
221570,0.2090045
221573,0.0054692356
221575,0.031076306
221576,0.095788
221604,0.08268287
221615,0.047546513
221626,0.019859381
221629,0.14838313
221630,0.057445083
221636,0.03319129
221656,0.047912512
221659,0.020483082
221663,0.115548275
221665,0.03069512
221675,0.11653507
221676,0.01847937
221677,0.09536579
221679,0.032562867
221707,0.04056802
221712,0.09766851
221717,0.064326294
221725,0.06623731
221733,0.055289015
221741,0.026332187
221747,0.011502075
221762,0.05309426
221763,0.012823815
221770,0.04902156
221771,0.033239815
221787,0.0058536413
221793,0.0098517025
221804,0.012379039
221805,0.0031999394
221825,0.0633426
221827,0.21178973
221828,0.09622512
221829,0.012235372
221845,0.13771087
221859,0.03536657
221860,0.039923396
221867,0.30840015
221868,0.072161116
221870,0.17650466
221876,0.069508106
221884,0.12256773
221895,0.042100985
221911,0.05178247
221921,0.0489584
221931,0.07189742
221935,0.034695428
221955,0.07004042
221959,0.012184929
221966,0.045069885
221974,0.02073787
221981,0.060146306
222002,0.3062935
222010,0.013666119
222012,0.11289362
222013,0.08871248
222023,0.121371895
222034,0.06856718
222048,0.061482936
222052,0.19599819
222059,0.04555112
222060,0.03822448
222061,0.06435675
222067,0.023530519
222076,0.1929235
222081,0.1498151
222120,0.041602366
222121,0.10500328
222133,0.11362369
222149,0.12346167
222150,0.014881715
222153,0.040619433
222154,0.033482682
222159,0.03060998
222165,0.05830527
222167,0.013657677
222170,0.07195961
222178,0.13359179
222179,0.04437772
222188,0.04234108
222189,0.03747271
222195,0.14207827
222198,0.0883821
222224,0.015480141
222234,0.018282987
222254,0.06517464
222256,0.050980892
222264,0.03514842
222281,0.03731158
222296,0.41332945
222303,0.19777434
222309,0.027294626
222310,0.03972912
222313,0.15001623
222321,0.057863593
222322,0.027440388
222328,0.06804133
222333,0.05018525
222334,0.047167633
222338,0.015252961
222347,0.08911733
222349,0.031267516
222351,0.026227942
222352,0.07132546
222357,0.031842697
222362,0.0034912159
222381,0.2028038
222392,0.048695233
222401,0.09603221
222413,0.05800858
222422,0.026621684
222423,0.03858515
222430,0.05086674
222432,0.016269041
222452,0.028577564
222459,0.1567234
222473,0.025447274
222475,0.033846967
222481,0.08100214
222482,0.061946537
222489,0.011570048
222496,0.031488255
222505,0.07502612
222516,0.038250018
222537,0.0470251
222555,0.014967861
222566,0.04662563
222572,0.04790501
222577,0.059364334
222618,0.02902378
222619,0.006060276
222624,0.007946459
222625,0.01884983
222626,0.023673093
222629,0.025069471
222634,0.021027809
222636,0.122160256
222637,0.010012423
222641,0.0235401
222646,0.032384854
222648,0.12530822
222659,0.008149759
222663,0.0141006075
222665,0.018427767
222671,0.09341153
222674,0.03237087
222675,0.022307396
222707,0.08172205
222709,0.011787854
222711,0.075272866
222717,0.1162255
222728,0.16284932
222752,0.050638124
222753,0.03372549
222755,0.0108788125
222765,0.01602559
222768,0.06452425
222769,0.27330822
222783,0.1871905
222799,0.041606862
222821,0.014828208
222825,0.19704613
222837,0.19350982
222862,0.14688012
222863,0.06436674
222869,0.058384445
222876,0.07915431
222892,0.048357517
222898,0.046054646
222912,0.011215577
222920,0.04247314
222926,0.05631624
222934,0.12854858
222938,0.03960073
222945,0.10953441
222947,0.013123915
222966,0.15673833
222971,0.052025665
222994,0.02792418
223008,0.21538575
223019,0.018184653
223040,0.09600229
223042,0.1406908
223049,0.010811144
223051,0.0093696145
223056,0.042657375
223058,0.05201332
223064,0.032699987
223067,0.022989077
223073,0.21773435
223075,0.021914776
223078,0.03537527
223079,0.04100332
223082,0.11921097
223098,0.17393807
223112,0.014932013
223116,0.062298294
223121,0.121754155
223128,0.12479821
223135,0.05182468
223136,0.049637623
223144,0.008362304
223151,0.047127392
223157,0.050800577
223181,0.071137115
223190,0.059196297
223197,0.08600865
223205,0.02174176
223209,0.030281251
223221,0.28760365
223235,0.1981038
223238,0.025865948
223244,0.031528167
223258,0.025431467
223262,0.113138
223272,0.07423558
223288,0.084382296
223298,0.027867945
223310,0.074284784
223320,0.016070286
223357,0.23017691
223365,0.017846832
223369,0.018723074
223375,0.23044185
223384,0.011650595
223393,0.008229533
223412,0.023651369
223428,0.055096187
223440,0.3035031
223456,0.36519283
223470,0.0324589
223471,0.026515948
223484,0.020456709
223488,0.18956482
223489,0.020463498
223490,0.026362874
223492,0.02938784
223496,0.052527003
223503,0.008700734
223507,0.063265085
223518,0.06421423
223519,0.05010695
223521,0.017310832
223524,0.0051560705
223526,0.015895745
223527,0.13557565
223529,0.030548254
223534,0.018512953
223538,0.22109094
223547,0.019704768
223549,0.024054488
223551,0.10077636
223552,0.072018966
223567,0.026303193
223571,0.12486361
223582,0.022225536
223584,0.042826407
223585,0.19834374
223586,0.02529025
223588,0.010454519
223592,0.01764429
223594,0.021880517
223607,0.118769914
223608,0.00933736
223609,0.24868548
223610,0.009735148
223611,0.024831716
223635,0.034516457
223636,0.024331652
223638,0.08952292
223649,0.013760971
223670,0.10443915
223688,0.026049692
223698,0.03260049
223699,0.1584441
223716,0.060937654
223718,0.06436649
223720,0.0113392295
223727,0.017185235
223729,0.0061049154
223739,0.051156104
223740,0.032797135
223741,0.035469502
223750,0.027455032
223752,0.039759196
223764,0.06084955
223781,0.008692759
223783,0.1534047
223794,0.028627457
223808,0.035720516
223810,0.10188354
223814,0.06989372
223817,0.091481686
223830,0.19170134
223839,0.020329742
223849,0.17904663
223851,0.27760285
223854,0.03769167
223888,0.13390234
223914,0.08633773
223923,0.045843337
223925,0.048605025
223939,0.018338855
223949,0.042231575
223951,0.29275233
223952,0.1496918
223967,0.02620876
223971,0.32063845
223974,0.027764397
223978,0.09222057
223991,0.11631108
224008,0.01855357
224016,0.012447532
224024,0.031456064
224039,0.022372445
224040,0.08965576
224044,0.063766375
224047,0.027935488
224055,0.014267241
224061,0.090146735
224065,0.0401054
224079,0.05471162
224080,0.030201618
224089,0.027450409
224094,0.21603344
224095,0.14242963
224109,0.0945514
224111,0.023303578
224112,0.05835168
224134,0.23859638
224135,0.029497853
224138,0.09115478
224139,0.033870447
224158,0.045075025
224161,0.14672416
224171,0.040130924
224182,0.18349883
224191,0.06498344
224194,0.025418112
224195,0.038114704
224205,0.08435144
224206,0.08938386
224211,0.009539388
224213,0.017471021
224214,0.067537785
224236,0.09683416
224239,0.18798473
224241,0.2405677
224251,0.049123194
224259,0.059012387
224262,0.07043222
224263,0.034788303
224268,0.050814774
224270,0.029557502
224282,0.09982979
224300,0.019384103
224315,0.036628928
224319,0.031476084
224325,0.014222707
224337,0.03358029
224339,0.10556786
224343,0.008650653
224344,0.09802736
224347,0.09078601
224353,0.09906052
224363,0.03114324
224370,0.107414976
224379,0.020221654
224380,0.2679258
224393,0.03207758
224395,0.027065648
224407,0.05567819
224408,0.032453567
224426,0.058153648
224427,0.028507119
224428,0.012170246
224437,0.2606443
224444,0.0040164744
224445,0.11086187
224459,0.011299324
224473,0.43814337
224488,0.092837945
224490,0.13447945
224493,0.19106416
224494,0.084455416
224495,0.047626592
224499,0.027099835
224524,0.032921527
224528,0.01296052
224538,0.43720785
224553,0.08679695
224554,0.02092058
224575,0.04236653
224586,0.022460513
224593,0.03299538
224599,0.032373082
224614,0.010965274
224625,0.020213418
224626,0.03431754
224627,0.14289351
224628,0.047279183
224631,0.007901821
224651,0.10114143
224658,0.048430532
224664,0.01656901
224668,0.012259249
224673,0.060953047
224674,0.02466758
224683,0.035406146
224708,0.082344376
224748,0.055499904
224756,0.014285976
224757,0.052045166
224760,0.0077566924
224771,0.10514354
224772,0.046639968
224797,0.18863215
224823,0.12014061
224831,0.08453552
224841,0.018028412
224843,0.06491836
224844,0.1004463
224849,0.023033164
224855,0.13510558
224856,0.031826515
224864,0.021601759
224871,0.026419692
224876,0.13420206
224889,0.060493525
224896,0.028533634
224899,0.038302805
224912,0.012511597
224916,0.06789178
224918,0.03739407
224925,0.08217632
224929,0.04128697
224934,0.06896809
224950,0.14649908
224953,0.018541096
224956,0.10128931
224958,0.049799312
224960,0.07302732
224971,0.1711952
224975,0.04813972
224978,0.048237022
224986,0.032258056
224987,0.14015977
224990,0.028198725
225010,0.018498745
225041,0.030034542
225044,0.016490031
225045,0.047674872
225048,0.05953161
225053,0.09930792
225058,0.034363862
225075,0.03039871
225085,0.025927214
225103,0.018399343
225107,0.023446646
225114,0.03811773
225122,0.055950284
225130,0.024381304
225131,0.10881363
225132,0.025305972
225134,0.035678815
225136,0.019607063
225141,0.021907592
225145,0.03422242
225146,0.015887199
225156,0.021596983
225158,0.08446744
225165,0.058446575
225185,0.09493475
225194,0.041025247
225195,0.011409311
225223,0.08909651
225224,0.058011014
225231,0.058215562
225233,0.052365813
225246,0.17554356
225281,0.027549835
225286,0.044632677
225301,0.14897728
225302,0.020464176
225336,0.05830937
225347,0.05238612
225351,0.030598523
225362,0.025782948
225363,0.0142343715
225364,0.02310975
225370,0.0262022
225374,0.028091187
225375,0.045223568
225380,0.021984631
225381,0.021122435
225382,0.041291445
225392,0.061266612
225410,0.062494896
225425,0.07555203
225431,0.025844373
225456,0.00817336
225460,0.07398325
225475,0.07962535
225478,0.019854428
225483,0.11554411
225499,0.1886172
225514,0.43488067
225517,0.031224383
225524,0.2255136
225532,0.034514934
225545,0.07315728
225546,0.04680252
225550,0.017110793
225580,0.095204495
225581,0.07756898
225582,0.035000876
225585,0.10553765
225601,0.14123778
225612,0.06396705
225621,0.13829869
225636,0.06301722
225639,0.04439992
225650,0.010912457
225654,0.042369474
225664,0.02787253
225665,0.34764498
225666,0.018794673
225686,0.030340344
225689,0.02265682
225691,0.038425244
225721,0.00848552
225733,0.04347886
225739,0.039755113
225741,0.15512693
225766,0.018572643
225776,0.12244094
225788,0.030947873
225792,0.014420115
225803,0.055493977
225804,0.07090514
225805,0.28173223
225808,0.031484816
225819,0.034803852
225826,0.023074787
225832,0.08669585
225850,0.01887779
225851,0.068909444
225854,0.08124402
225858,0.03708032
225875,0.017729588
225884,0.026715394
225890,0.02643735
225906,0.030863702
225908,0.05023149
225910,0.08673603
225920,0.2582099
225950,0.086258866
225990,0.057755485
225991,0.019530859
226010,0.030538738
226011,0.009950892
226018,0.04256022
226029,0.07579977
226030,0.050843336
226041,0.027594544
226044,0.027073435
226051,0.04374972
226054,0.018661581
226085,0.12749241
226105,0.05677136
226116,0.32528275
226130,0.0997829
226131,0.06557234
226170,0.016714191
226171,0.06385301
226176,0.14875668
226177,0.057525188
226183,0.012127531
226187,0.056519575
226188,0.12110738
226190,0.12491911
226206,0.016695088
226213,0.04979082
226214,0.18607572
226226,0.017983144
226244,0.07082044
226245,0.009571954
226251,0.1167156
226258,0.012429398
226259,0.022334889
226265,0.04916076
226291,0.21785356
226294,0.03747186
226299,0.03256564
226300,0.033830248
226301,0.118360125
226302,0.15964964
226308,0.031277817
226309,0.039124757
226318,0.010094445
226319,0.07301102
226320,0.031301804
226325,0.08985
226334,0.06312977
226337,0.10666183
226348,0.07613466
226353,0.0026273583
226361,0.021304091
226387,0.16840123
226395,0.028654262
226413,0.018181494
226416,0.024151396
226427,0.013628404
226433,0.124076076
226447,0.1622999
226487,0.046007637
226495,0.105788656
226496,0.02319249
226499,0.019485196
226501,0.09686866
226505,0.028872753
226506,0.042313
226507,0.03346673
226516,0.009368981
226523,0.047122627
226527,0.08858573
226533,0.041905645
226537,0.055793382
226539,0.022101836
226551,0.13762465
226556,0.013843681
226557,0.041508313
226561,0.12047945
226565,0.029109808
226567,0.012740695
226590,0.033268042
226599,0.13236527
226639,0.120440684
226654,0.21464464
226664,0.03251893
226668,0.16251379
226677,0.07551013
226682,0.05487006
226689,0.032198727
226691,0.042410918
226698,0.031668294
226713,0.02183204
226720,0.04410852
226734,0.044090725
226735,0.0566392
226738,0.077280834
226742,0.0067522065
226763,0.008568715
226766,0.06119638
226772,0.017554263
226779,0.11646511
226780,0.06583118
226787,0.25504076
226790,0.36403832
226792,0.075033925
226797,0.059882537
226803,0.025268544
226807,0.057080004
226827,0.010378417
226828,0.03751772
226836,0.048646167
226837,0.0065576388
226838,0.12226052
226847,0.043884642
226881,0.17545035
226882,0.073193535
226884,0.034801874
226917,0.026249243
226921,0.06274476
226933,0.042428706
226938,0.20692094
226948,0.04262229
226952,0.045927424
226954,0.062898465
226965,0.013375275
226970,0.016393995
226977,0.29132202
226986,0.058393043
227005,0.032224726
227009,0.04652563
227010,0.031604134
227013,0.060289092
227019,0.035248436
227025,0.062162112
227026,0.022625262
227027,0.049028326
227029,0.020636035
227049,0.10065045
227053,0.034687508
227054,0.069761485
227058,0.026232043
227074,0.015972696
227099,0.014720112
227100,0.020112505
227109,0.0056351125
227111,0.03975131
227112,0.012651963
227125,0.2225205
227145,0.05424754
227148,0.07347294
227151,0.06563527
227160,0.12757517
227165,0.06493006
227200,0.12101675
227210,0.046273008
227213,0.053628035
227235,0.041377977
227242,0.051857598
227245,0.11139509
227246,0.008522799
227248,0.07716103
227251,0.056177657
227252,0.012171707
227258,0.026466157
227264,0.04438311
227270,0.067295164
227272,0.025716616
227274,0.024618624
227281,0.020398017
227290,0.045195904
227293,0.104782805
227299,0.086163886
227306,0.03663856
227323,0.018919962
227325,0.054936185
227326,0.052106563
227332,0.104704864
227336,0.03169049
227343,0.035210527
227344,0.011361548
227345,0.050032817
227348,0.16650493
227360,0.023220489
227376,0.02486898
227386,0.08058252
227392,0.059524
227393,0.042935453
227401,0.020114597
227404,0.14192505
227413,0.025496272
227420,0.11014683
227459,0.019103756
227460,0.0113879945
227462,0.03917454
227463,0.08773214
227481,0.041332886
227482,0.014764736
227485,0.18424128
227486,0.047758628
227493,0.060641505
227500,0.03863008
227501,0.036688153
227502,0.030227847
227506,0.09399059
227523,0.16276382
227525,0.04980245
227531,0.030181589
227532,0.22627209
227535,0.026025182
227542,0.05368773
227545,0.033593547
227566,0.040265158
227578,0.025196468
227585,0.24946216
227586,0.0077235494
227587,0.02065887
227590,0.027356466
227595,0.15509829
227596,0.025059702
227597,0.08727131
227600,0.17911193
227621,0.10411456
227637,0.054394413
227640,0.19455437
227649,0.1835963
227653,0.01700379
227674,0.06636413
227675,0.050178275
227680,0.068078026
227696,0.017835954
227701,0.4427835
227707,0.04009056
227713,0.11520488
227715,0.049100246
227728,0.08463287
227730,0.023157446
227731,0.0073634028
227732,0.030051278
227736,0.06371576
227739,0.05855014
227740,0.32455373
227741,0.21175247
227742,0.3490335
227745,0.03245263
227749,0.23567016
227752,0.013564051
227756,0.20491533
227769,0.039329126
227779,0.06736236
227783,0.088717
227799,0.03346299
227803,0.017508171
227818,0.054559086
227822,0.05208198
227823,0.01906433
227824,0.040803164
227825,0.02787429
227826,0.13310479
227833,0.03769276
227834,0.22129864
227837,0.06824143
227839,0.035342477
227856,0.06629815
227872,0.020823874
227876,0.03260712
227905,0.249602
227908,0.13968481
227909,0.30979067
227912,0.054204844
227917,0.034046784
227931,0.05634314
227936,0.06886508
227939,0.037667636
227941,0.015267442
227942,0.02659528
227944,0.024436269
227945,0.11786997
227952,0.078541555
227954,0.075791195
227968,0.0055330596
227975,0.019884571
227989,0.06112888
227992,0.032183096
227993,0.054002296
227996,0.033165097
227997,0.028982844
227998,0.015420439
228040,0.038371008
228044,0.023925187
228045,0.033409234
228046,0.0088327695
228051,0.031409893
228052,0.105004914
228053,0.025975997
228059,0.028249213
228062,0.043888267
228070,0.020561343
228074,0.057952195
228077,0.02892087
228078,0.056619946
228097,0.0327373
228099,0.057487916
228100,0.03499479
228102,0.30838376
228103,0.070141815
228104,0.14467481
228107,0.032880735
228117,0.034286667
228123,0.026167281
228125,0.017654277
228130,0.012846599
228134,0.030267699
228141,0.056203976
228153,0.12667108
228163,0.039419077
228164,0.015591565
228166,0.054949597
228168,0.13783921
228169,0.06935047
228183,0.14346255
228198,0.06083581
228199,0.053896055
228201,0.019842617
228207,0.055608023
228209,0.115801066
228219,0.031319056
228239,0.01040415
228248,0.03236367
228260,0.112313725
228268,0.5016309
228280,0.036042966
228282,0.0327385
228288,0.010701545
228289,0.063986026
228295,0.015461246
228296,0.07484747
228297,0.108416416
228298,0.008036259
228299,0.06345634
228301,0.004945287
228322,0.05971535
228324,0.06477232
228332,0.013223239
228334,0.047126845
228342,0.09590043
228351,0.022899946
228354,0.030078469
228355,0.012937725
228362,0.011731131
228375,0.024098502
228383,0.080655016
228389,0.040028922
228392,0.20371015
228411,0.03299723
228414,0.020410204
228420,0.04167815
228424,0.052994266
228426,0.10541134
228429,0.012485624
228447,0.22718963
228455,0.014247919
228458,0.05911796
228467,0.23910354
228472,0.0407986
228479,0.005647159
228482,0.055869002
228488,0.07060217
228489,0.26190737
228499,0.021278908
228501,0.0050690495
228502,0.018291565
228503,0.1371026
228509,0.009920051
228512,0.12812936
228514,0.029264383
228519,0.12693754
228530,0.009339239
228534,0.22161779
228536,0.010791432
228537,0.015358865
228538,0.09162754
228539,0.025156444
228557,0.08881379
228591,0.076874435
228592,0.03078688
228608,0.061816376
228609,0.050975062
228636,0.10964973
228647,0.04223805
228656,0.06971113
228657,0.03195561
228661,0.14104049
228663,0.050531052
228671,0.02516653
228682,0.15944223
228697,0.11958243
228698,0.04280788
228712,0.043094605
228713,0.026060903
228729,0.018341113
228730,0.088509224
228737,0.070924684
228744,0.015394196
228752,0.031115483
228761,0.38074282
228763,0.058319792
228764,0.0074352496
228770,0.014493755
228774,0.006982249
228781,0.015803427
228792,0.029147126
228794,0.20096292
228796,0.007473295
228799,0.040931765
228808,0.17380531
228809,0.078903966
228810,0.0361139
228813,0.024316164
228821,0.38431332
228826,0.026046928
228830,0.03400297
228831,0.038336676
228835,0.08142036
228854,0.017990602
228855,0.035387456
228863,0.08501045
228869,0.102616355
228872,0.14252566
228885,0.22088416
228888,0.028377067
228889,0.13313074
228890,0.03912855
228891,0.009334004
228894,0.08980766
228902,0.043458134
228907,0.037839945
228915,0.09352994
228918,0.036642727
228919,0.027429873
228933,0.044558287
228946,0.009348606
228947,0.039007794
228954,0.027694885
228956,0.13601996
228958,0.027620569
228969,0.11450279
228973,0.0470781
228978,0.004457241
228979,0.39494106
228988,0.022151422
228995,0.081514254
229019,0.052093588
229037,0.016425412
229041,0.03366736
229042,0.019891946
229046,0.023445085
229048,0.012094026
229053,0.016122475
229064,0.37446934
229073,0.02746778
229074,0.019930134
229077,0.13185945
229095,0.1958464
229100,0.11871593
229103,0.03218264
229104,0.061983053
229105,0.015877867
229107,0.008881944
229115,0.05758665
229117,0.20040947
229118,0.015590209
229124,0.1790637
229125,0.008282612
229130,0.10934701
229157,0.042889908
229162,0.014181383
229185,0.11051305
229195,0.02612862
229201,0.06865723
229202,0.013517389
229219,0.030489383
229220,0.034363404
229223,0.17759869
229224,0.053287588
229229,0.09950157
229233,0.026439575
229255,0.026503101
229261,0.09377029
229262,0.028082745
229271,0.1014487
229276,0.062089916
229277,0.034503553
229278,0.09954285
229280,0.046542842
229298,0.0059004533
229301,0.049810752
229316,0.117299326
229325,0.05077778
229329,0.028687127
229334,0.022935173
229336,0.110590465
229337,0.04858147
229342,0.018347735
229349,0.031984188
229357,0.05771
229369,0.24814767
229374,0.0264413
229402,0.0711011
229427,0.08896073
229452,0.09867263
229455,0.18678276
229459,0.14785632
229462,0.032778922
229482,0.023023257
229488,0.008968909
229496,0.064035475
229507,0.086481586
229508,0.020016411
229531,0.015885998
229576,0.02609059
229595,0.079596214
229602,0.0677029
229609,0.06458607
229610,0.41046375
229614,0.088768534
229615,0.12807685
229631,0.03692909
229632,0.04683819
229638,0.029132847
229647,0.0424987
229651,0.008594676
229659,0.066389605
229663,0.083372004
229671,0.0915828
229672,0.05954991
229675,0.029614994
229684,0.048512157
229687,0.08204918
229705,0.017002061
229711,0.014782164
229713,0.1324923
229714,0.053501204
229731,0.101300575
229738,0.11692661
229742,0.06321063
229745,0.03167562
229746,0.02221214
229749,0.11303078
229765,0.068509534
229767,0.0096344035
229779,0.12991153
229782,0.02670259
229802,0.12318887
229805,0.031220092
229810,0.3043
229816,0.02247104
229828,0.044692934
229838,0.04504197
229850,0.11495333
229858,0.054382272
229860,0.031135207
229877,0.0071521015
229888,0.022496067
229894,0.016938368
229898,0.09951069
229905,0.05255254
229912,0.22938144
229913,0.02280602
229921,0.14245695
229923,0.031604324
229930,0.012693758
229962,0.01949157
229963,0.12881093
229977,0.038912795
229984,0.014463755
229998,0.018165328
230012,0.02916326
230016,0.1744195
230020,0.03701837
230024,0.26791462
230037,0.03591905
230038,0.20885509
230040,0.0403188
230042,0.01665672
230044,0.07656233
230050,0.07597662
230056,0.01281029
230067,0.0322931
230076,0.0149003295
230077,0.07194311
230084,0.1294154
230098,0.038971223
230107,0.12895307
230116,0.041168775
230119,0.028645137
230121,0.05297602
230122,0.104971796
230135,0.1777402
230139,0.018853534
230179,0.01854444
230180,0.050818153
230185,0.007627502
230192,0.056452394
230203,0.22055407
230216,0.050423943
230226,0.06869394
230260,0.16877636
230268,0.15581651
230289,0.19716722
230296,0.019387258
230317,0.019136317
230328,0.13076583
230329,0.35041067
230330,0.027406864
230332,0.026171034
230338,0.030400965
230343,0.06953184
230344,0.06859659
230349,0.020249123
230369,0.017563632
230379,0.1802737
230391,0.02658281
230393,0.50907403
230394,0.025196081
230402,0.04218877
230404,0.22357821
230416,0.026019488
230417,0.17421716
230423,0.24919407
230427,0.039035473
230448,0.21128799
230449,0.029826302
230451,0.013076187
230453,0.030505668
230454,0.026006736
230457,0.2025313
230458,0.0619395
230459,0.15251586
230461,0.019298658
230464,0.055313494
230494,0.012049198
230517,0.01160622
230520,0.039019827
230521,0.070132986
230534,0.049636316
230553,0.04389485
230581,0.07168793
230585,0.042371564
230590,0.027583363
230592,0.04456587
230605,0.023729559
230610,0.016916776
230623,0.042875446
230628,0.10254713
230629,0.08574803
230640,0.030093957
230641,0.023179233
230642,0.017676469
230655,0.035847794
230656,0.03508234
230662,0.046192177
230675,0.07475563
230677,0.045289833
230688,0.0052003195
230709,0.181788
230716,0.006529879
230742,0.023430794
230748,0.12761548
230763,0.10228661
230779,0.08015362
230780,0.048581384
230781,0.22305737
230783,0.029741231
230788,0.10518086
230789,0.017647175
230792,0.01886199
230817,0.06905888
230820,0.022710025
230827,0.03551429
230828,0.06368391
230860,0.016698688
230864,0.07450784
230875,0.057221256
230878,0.012498983
230880,0.056339603
230929,0.042847894
230931,0.1868231
230934,0.12703225
230939,0.020317238
230940,0.03304351
230941,0.06623868
230942,0.40296918
230982,0.04911109
231028,0.01933789
231031,0.05638511
231039,0.12364239
231048,0.051259242
231065,0.04779712
231076,0.02088916
231079,0.02793556
231082,0.08505197
231086,0.021987898
231107,0.029873757
231118,0.10697834
231127,0.012048096
231134,0.013966074
231136,0.03744656
231137,0.10314417
231156,0.15312827
231160,0.2841016
231175,0.038715918
231177,0.045743395
231189,0.012552247
231191,0.3046741
231194,0.053369813
231198,0.055740714
231203,0.07605356
231211,0.039098047
231226,0.05174838
231245,0.057203323
231257,0.037540685
231268,0.10004353
231279,0.10065091
231290,0.11550766
231298,0.03298706
231299,0.013712094
231301,0.0392194
231306,0.011243814
231312,0.029636148
231314,0.13469955
231326,0.3908225
231343,0.07587449
231353,0.07886753
231359,0.10557914
231364,0.021149863
231387,0.080055416
231392,0.02728562
231409,0.049969297
231423,0.043471634
231427,0.011986015
231429,0.18221053
231433,0.05624298
231437,0.014441287
231448,0.008059281
231454,0.44155273
231460,0.063749015
231480,0.014485346
231496,0.0061742654
231504,0.18789634
231513,0.01387298
231516,0.0147922505
231523,0.019279188
231529,0.015456484
231532,0.022305835
231533,0.08079262
231542,0.0373207
231546,0.029334884
231554,0.010718252
231556,0.23759234
231561,0.03620585
231562,0.10314208
231563,0.020535287
231568,0.09091698
231589,0.010469368
231598,0.112677835
231616,0.026290836
231628,0.019238522
231637,0.022078026
231641,0.08016631
231656,0.22381425
231679,0.15285946
231682,0.3353116
231689,0.05017292
231690,0.05008927
231713,0.24632779
231716,0.027053516
231726,0.025175558
231734,0.13103448
231736,0.053273905
231742,0.010654526
231754,0.05476715
231757,0.019186724
231758,0.013926907
231761,0.039630726
231771,0.056161266
231773,0.02203041
231782,0.049536306
231785,0.11060133
231786,0.04309021
231789,0.017822243
231790,0.0130572105
231791,0.04707743
231804,0.043700945
231835,0.025735086
231837,0.009437003
231840,0.11947098
231845,0.1580126
231863,0.22878553
231867,0.11498361
231874,0.17541607
231877,0.03477628
231887,0.02560781
231892,0.03503543
231899,0.013371581
231912,0.5308655
231914,0.042088784
231924,0.109392226
231927,0.09162272
231935,0.030980114
231938,0.19802335
231940,0.4466672
231947,0.034228865
231954,0.014233936
231955,0.10346906
231956,0.0123560615
231969,0.012855564
231982,0.0077961525
231983,0.012173657
231984,0.025373334
231987,0.05982125
232006,0.010738166
232012,0.007982152
232022,0.014660314
232023,0.10954804
232028,0.03953275
232034,0.04028136
232047,0.041993544
232050,0.018093156
232054,0.051067658
232063,0.03257831
232066,0.01134332
232081,0.059508882
232083,0.07007141
232094,0.050761264
232103,0.0209449
232108,0.013988399
232110,0.045411054
232122,0.042678613
232123,0.006553269
232132,0.009711195
232148,0.2039679
232149,0.016983183
232152,0.2495046
232157,0.08943026
232164,0.07712569
232170,0.072439514
232172,0.04521635
232174,0.07227938
232177,0.09236222
232227,0.04474249
232228,0.014782699
232237,0.012338924
232256,0.08937482
232275,0.052824114
232278,0.04917752
232279,0.017331172
232282,0.026860023
232285,0.054400705
232288,0.019452669
232301,0.0714924
232303,0.017867113
232309,0.047331125
232325,0.07076112
232329,0.050020516
232331,0.008862195
232335,0.06457654
232370,0.106709145
232371,0.019088255
232372,0.019540971
232390,0.37937048
232391,0.012213545
232392,0.11366781
232410,0.027444065
232423,0.009994251
232426,0.09897886
232428,0.19354309
232450,0.0796701
232466,0.17438824
232478,0.08602273
232493,0.15973528
232506,0.118238054
232516,0.15532659
232518,0.077350184
232530,0.031001702
232534,0.02087089
232535,0.083159745
232541,0.01946829
232547,0.012014372
232552,0.017239578
232558,0.059297115
232559,0.009910834
232560,0.014267389
232566,0.099253744
232570,0.013240373
232575,0.057597294
232578,0.015943771
232590,0.0144287525
232615,0.053902887
232640,0.31672296
232643,0.02843227
232664,0.20167735
232676,0.031465862
232699,0.06300454
232702,0.020590743
232720,0.010176884
232733,0.015053457
232736,0.026375629
232738,0.02783746
232752,0.0058119833
232758,0.0131032895
232779,0.032666586
232784,0.11047199
232790,0.037119202
232799,0.07766019
232823,0.009256527
232824,0.018269008
232842,0.012520365
232849,0.023560276
232853,0.17697279
232859,0.043384388
232862,0.17067169
232864,0.009993524
232866,0.06858642
232869,0.021902291
232871,0.011722362
232876,0.034803595
232881,0.03077767
232898,0.07901614
232899,0.023396945
232914,0.07088947
232917,0.050317492
232923,0.040990684
232925,0.011720737
232942,0.18254669
232943,0.041042693
232965,0.015263328
232968,0.08318589
232972,0.013720442
232980,0.15885748
232999,0.0031597987
233013,0.07525295
233021,0.32108104
233022,0.01607089
233054,0.059112456
233059,0.085864946
233065,0.009132617
233071,0.08641608
233074,0.012533661
233093,0.00367946
233095,0.14907448
233102,0.017718945
233104,0.11027245
233107,0.015144633
233108,0.048012584
233109,0.1285695
233112,0.16158721
233113,0.010857094
233122,0.07047762
233125,0.07495672
233126,0.06012324
233170,0.039253436
233171,0.070893504
233172,0.21378554
233175,0.042761188
233179,0.028531786
233189,0.107480034
233223,0.041927584
233224,0.06303351
233228,0.03969274
233247,0.08210492
233249,0.05970337
233263,0.01124701
233271,0.03600684
233273,0.086614825
233301,0.013308481
233305,0.06442096
233310,0.07173074
233311,0.053548224
233312,0.049185194
233324,0.016193807
233326,0.08546498
233327,0.057112407
233335,0.088859625
233349,0.053063095
233352,0.23954426
233362,0.059115708
233373,0.042554274
233390,0.14350297
233393,0.13465068
233400,0.056383833
233401,0.2221742
233404,0.112330556
233405,0.041013118
233406,0.065984905
233411,0.0331514
233421,0.017392289
233423,0.02607795
233424,0.036307227
233427,0.05136213
233429,0.22395937
233431,0.032112103
233432,0.024343722
233438,0.02769876
233448,0.05113015
233450,0.018093184
233451,0.03665895
233453,0.069377795
233480,0.058713973
233482,0.03626824
233483,0.01597475
233489,0.32010067
233490,0.053692408
233496,0.2010647
233497,0.06188448
233508,0.15306811
233509,0.20479567
233512,0.027923616
233517,0.08795476
233526,0.14546773
233528,0.03396272
233544,0.045231756
233554,0.21952192
233566,0.1261656
233572,0.013299093
233575,0.027017875
233578,0.009872185
233582,0.36686972
233583,0.061136853
233589,0.07167154
233594,0.11212313
233603,0.10770199
233627,0.028411362
233632,0.09079324
233639,0.019543648
233651,0.07623732
233652,0.15168619
233658,0.014381991
233675,0.05862277
233677,0.039780412
233682,0.03503397
233688,0.13397248
233689,0.11978245
233692,0.023485126
233697,0.20986979
233704,0.07692499
233709,0.091978125
233711,0.10765816
233721,0.043630674
233729,0.011080857
233734,0.031950265
233744,0.010650772
233764,0.17710446
233775,0.07883678
233783,0.15697496
233792,0.03389359
233796,0.0498225
233797,0.05007564
233798,0.067458
233810,0.025967618
233818,0.081568874
233819,0.026789667
233830,0.024685172
233831,0.04182878
233838,0.02453622
233852,0.017621683
233854,0.035345785
233856,0.018218284
233858,0.031304695
233883,0.0110244
233888,0.020449677
233889,0.016353024
233892,0.0075987424
233893,0.01024088
233894,0.06788179
233895,0.21667576
233901,0.0067646676
233927,0.17767616
233928,0.028684502
233929,0.09136891
233960,0.0422922
233965,0.15170549
233970,0.04940145
233975,0.100078985
233981,0.09878042
233991,0.17150168
234012,0.03590198
234016,0.026783498
234024,0.019607553
234025,0.011076181
234027,0.14811128
234034,0.069511116
234035,0.0191328
234048,0.042340413
234069,0.01852448
234077,0.019414518
234086,0.04266987
234103,0.046240088
234110,0.06074998
234115,0.0557377
234126,0.036143754
234135,0.25942007
234136,0.022582153
234147,0.02459277
234151,0.028818827
234159,0.01091816
234163,0.034289803
234174,0.011603097
234186,0.014918602
234187,0.17242076
234192,0.033536676
234198,0.019537395
234205,0.03847994
234215,0.050382324
234220,0.07864012
234225,0.033293232
234227,0.012878804
234228,0.032776564
234231,0.12383168
234232,0.11741214
234236,0.056784727
234239,0.013439548
234240,0.09095897
234242,0.014581866
234262,0.042562738
234267,0.18108995
234283,0.027942397
234284,0.0436052
234286,0.014573235
234291,0.08208895
234302,0.053413358
234303,0.12123793
234308,0.016621603
234320,0.027744925
234326,0.089791246
234336,0.04963081
234340,0.22068092
234362,0.0041521583
234365,0.05728747
234371,0.026079807
234373,0.05515496
234395,0.004286447
234400,0.056123465
234404,0.05108872
234412,0.047454167
234431,0.09151114
234433,0.1940239
234440,0.12131859
234453,0.05257893
234454,0.060621105
234460,0.020238733
234470,0.13427071
234473,0.022632321
234502,0.12596394
234503,0.054705855
234507,0.28172886
234529,0.14287469
234531,0.008494415
234543,0.011065823
234550,0.1937925
234556,0.022680195
234560,0.065123975
234567,0.006943105
234580,0.08233288
234582,0.108816124
234594,0.025165029
234599,0.0833784
234604,0.014231473
234605,0.117490955
234611,0.029317942
234617,0.042833943
234648,0.037679303
234660,0.012044765
234661,0.059459936
234663,0.10574223
234664,0.015029233
234670,0.011837659
234671,0.13589066
234673,0.055481855
234687,0.17004888
234688,0.032371506
234690,0.090039946
234694,0.014841212
234695,0.0072134617
234704,0.194844
234705,0.019906648
234710,0.0973214
234718,0.06973205
234719,0.073418535
234732,0.057698224
234739,0.043760955
234755,0.22314446
234760,0.014099276
234778,0.024406258
234781,0.14181665
234786,0.106238276
234788,0.09944794
234789,0.012308007
234802,0.061404087
234809,0.7141306
234814,0.14560974
234823,0.027577622
234825,0.0275883
234829,0.023547469
234838,0.16146074
234847,0.03243801
234876,0.021573624
234908,0.33008295
234914,0.026774263
234917,0.046263807
234935,0.06585156
234936,0.04277702
234941,0.104909375
234942,0.121602535
234943,0.0776279
234946,0.0132144
234947,0.03582734
234960,0.04978814
234967,0.031535164
234980,0.09227315
234990,0.42329517
234996,0.020505216
234999,0.026849788
235002,0.03821026
235021,0.08080539
235025,0.19882526
235034,0.016648825
235037,0.041490756
235046,0.029656408
235051,0.04802635
235052,0.036671605
235054,0.01465276
235061,0.030000554
235066,0.023756098
235076,0.017244257
235087,0.009907741
235089,0.16441672
235091,0.10444061
235107,0.019638922
235118,0.02853078
235123,0.04756445
235134,0.024736691
235137,0.06343002
235146,0.014170089
235147,0.018990448
235153,0.011773315
235166,0.19952825
235168,0.072605394
235183,0.021919075
235187,0.01061013
235189,0.028537143
235202,0.14867741
235214,0.048886362
235215,0.009257782
235216,0.30041614
235219,0.18060666
235223,0.02518964
235231,0.08900021
235240,0.04501222
235252,0.025238289
235253,0.005472549
235254,0.041691598
235259,0.047873363
235270,0.03523742
235275,0.01887816
235283,0.06910193
235291,0.01608036
235306,0.00804879
235327,0.01773129
235337,0.09002652
235342,0.01520534
235356,0.015234587
235357,0.021958385
235372,0.03930082
235378,0.20617181
235386,0.017716141
235401,0.007482776
235403,0.017169071
235423,0.017871121
235424,0.017589856
235434,0.007023166
235435,0.020731311
235438,0.074855894
235451,0.02027876
235452,0.023323702
235454,0.09914325
235456,0.017528903
235459,0.025459018
235460,0.020044558
235463,0.26307696
235491,0.122963354
235492,0.10570645
235501,0.054046698
235505,0.071313545
235512,0.26386958
235519,0.096877106
235549,0.14595513
235592,0.024645332
235597,0.03711882
235601,0.029306568
235602,0.06732871
235612,0.005677758
235617,0.03346204
235622,0.017604234
235636,0.019422045
235641,0.024058238
235644,0.032350767
235645,0.047999702
235651,0.052782867
235664,0.027584514
235668,0.22519176
235677,0.010755954
235692,0.006977837
235693,0.023311762
235698,0.10172609
235722,0.2448201
235741,0.019911166
235743,0.2659809
235752,0.012718204
235757,0.07368017
235766,0.007236116
235768,0.057318423
235769,0.06381094
235775,0.015625032
235778,0.10076247
235782,0.28663114
235791,0.1038493
235792,0.06280112
235796,0.059968702
235797,0.091829926
235799,0.19695558
235803,0.11308696
235804,0.21673825
235809,0.053169828
235811,0.055194996
235812,0.014860046
235827,0.18365781
235837,0.014763648
235839,0.037287172
235850,0.26467997
235852,0.01962911
235854,0.07478771
235860,0.01701728
235862,0.04039431
235869,0.038413923
235877,0.023954226
235889,0.0693588
235890,0.20782347
235891,0.02176716
235893,0.045590434
235900,0.031037224
235901,0.031766184
235914,0.020324225
235915,0.27078366
235924,0.14561775
235950,0.055692367
235968,0.041408107
235977,0.07678765
235978,0.045082126
235980,0.062218346
235990,0.02756566
235999,0.016647069
236002,0.1720854
236022,0.0673007
236033,0.024266211
236034,0.04603478
236037,0.34576154
236038,0.11623341
236039,0.03388711
236040,0.013052301
236053,0.09690952
236064,0.0980073
236068,0.056928676
236069,0.079108134
236094,0.032565963
236107,0.037634663
236123,0.1419793
236143,0.022717012
236214,0.045457996
236215,0.016296523
236221,0.30650428
236229,0.112277456
236234,0.032681644
236236,0.029305346
236237,0.020231903
236239,0.06254055
236266,0.4358731
236271,0.026941678
236283,0.028727839
236286,0.010739508
236287,0.27298307
236289,0.0079884445
236293,0.024852578
236302,0.024013378
236303,0.08325186
236313,0.040646907
236324,0.026581395
236330,0.10412536
236332,0.070955575
236345,0.20859522
236350,0.055300437
236352,0.08511421
236359,0.01591161
236362,0.091697946
236373,0.024928156
236378,0.14403063
236391,0.016629048
236395,0.09592545
236412,0.058666006
236418,0.018000778
236421,0.02025265
236451,0.0705518
236454,0.013029232
236457,0.0096999025
236463,0.07295878
236469,0.017441045
236476,0.1308355
236485,0.07095359
236508,0.03287226
236509,0.062485766
236525,0.09550071
236527,0.14063922
236529,0.03806115
236555,0.10905819
236562,0.2566771
236568,0.21414983
236569,0.09700173
236580,0.05337363
236581,0.014395036
236583,0.10688963
236586,0.1010039
236594,0.053178407
236631,0.005302171
236632,0.03418393
236634,0.06985636
236638,0.032007743
236643,0.12320832
236648,0.12437795
236655,0.24642278
236656,0.02414312
236657,0.03351257
236663,0.06759407
236681,0.017479815
236683,0.022180805
236691,0.016037257
236698,0.069266215
236713,0.05178477
236727,0.18466869
236732,0.052417602
236733,0.026967254
236735,0.038188677
236737,0.004477047
236749,0.040626336
236750,0.02751264
236752,0.040978175
236765,0.044117518
236766,0.049616683
236769,0.03944674
236771,0.08897756
236774,0.09038194
236775,0.026688067
236790,0.13088268
236793,0.019017624
236797,0.23936632
236798,0.0137837175
236809,0.0446335
236821,0.05050533
236831,0.10897574
236836,0.025616892
236838,0.038443744
236849,0.03320844
236852,0.08772752
236860,0.11080931
236862,0.021376941
236865,0.053494915
236873,0.015897974
236885,0.019696664
236891,0.008149377
236894,0.02678745
236904,0.06538863
236905,0.016438467
236911,0.029903427
236939,0.015489382
236948,0.02460123
236950,0.011723798
236957,0.013277454
236965,0.020223256
236974,0.016661305
236975,0.017692516
236981,0.044666585
236985,0.015897028
236995,0.16335584
237023,0.060588717
237025,0.013678852
237038,0.023224859
237058,0.033008147
237060,0.021754593
237078,0.125314
237079,0.043576684
237080,0.20553896
237084,0.047369562
237086,0.0067566466
237087,0.017563788
237091,0.19453448
237092,0.039937023
237093,0.07797307
237094,0.07854486
237103,0.019459827
237116,0.041162044
237118,0.009184751
237126,0.0339203
237136,0.021112502
237144,0.13413447
237149,0.06346815
237150,0.16261423
237157,0.012968707
237158,0.014806114
237170,0.09692425
237171,0.01619575
237193,0.008226631
237196,0.033199284
237200,0.016364533
237248,0.11247306
237254,0.11946799
237256,0.04052545
237257,0.020344306
237267,0.03862697
237268,0.012443722
237269,0.012021761
237271,0.027789986
237280,0.01709929
237301,0.043785784
237304,0.13415353
237308,0.0080237845
237311,0.16133171
237334,0.032807726
237338,0.14201757
237344,0.060244374
237361,0.010230393
237362,0.044807803
237368,0.32348353
237369,0.0706754
237371,0.08588653
237373,0.06497701
237377,0.058016084
237378,0.0154010635
237383,0.06721006
237386,0.0085963905
237392,0.018825566
237399,0.024426766
237408,0.021277182
237411,0.06660254
237414,0.034365807
237417,0.03541451
237424,0.17309938
237439,0.018323805
237457,0.035585236
237458,0.016325044
237459,0.010178748
237471,0.041946348
237474,0.062154602
237475,0.034545034
237476,0.030038347
237490,0.04091682
237491,0.07342235
237495,0.16633703
237501,0.06817238
237512,0.08488561
237516,0.02086962
237518,0.036876757
237528,0.06852471
237529,0.1277741
237537,0.33641604
237543,0.032209866
237547,0.02742402
237552,0.024523778
237563,0.10144657
237585,0.089865886
237598,0.050116446
237606,0.017016029
237624,0.18513316
237632,0.013154457
237635,0.042983796
237640,0.044764943
237642,0.06425517
237647,0.0553303
237648,0.1425251
237651,0.15001117
237657,0.052739933
237663,0.088383235
237692,0.08180945
237701,0.095068336
237715,0.028532466
237726,0.019536061
237728,0.10751217
237731,0.012102968
237732,0.09475367
237746,0.032751273
237759,0.01098097
237768,0.012558277
237772,0.26705465
237780,0.27329698
237787,0.08833993
237792,0.15254138
237804,0.108436696
237812,0.018057905
237815,0.074319564
237821,0.019850664
237827,0.015286008
237845,0.18333687
237862,0.08226895
237869,0.037619088
237872,0.063765705
237900,0.37269908
237909,0.027451321
237917,0.032883964
237921,0.008692952
237951,0.18426694
237952,0.09495184
237957,0.0067985714
237960,0.065875344
237963,0.052880496
237973,0.010944459
237984,0.028319573
237990,0.1937087
237997,0.106739186
237998,0.12266623
238025,0.070069835
238027,0.0065860925
238052,0.015576421
238053,0.07812898
238054,0.22659351
238065,0.017732952
238066,0.019519571
238075,0.20661321
238082,0.043661017
238087,0.06842761
238114,0.050858736
238117,0.05118415
238127,0.060782738
238129,0.09450024
238133,0.029825496
238135,0.01772327
238152,0.048725482
238157,0.074314676
238163,0.011904389
238170,0.0141656855
238176,0.016663516
238180,0.18384269
238195,0.07623631
238198,0.04305549
238199,0.021345716
238206,0.19571936
238218,0.0420504
238219,0.039210312
238222,0.040095627
238224,0.008058461
238230,0.050953593
238237,0.047654282
238238,0.04997173
238247,0.08257041
238254,0.027492369
238256,0.010931614
238257,0.020383326
238270,0.11542743
238278,0.051420964
238279,0.10917445
238282,0.025817292
238286,0.012351012
238293,0.12545492
238298,0.013584591
238299,0.010852748
238306,0.24886943
238307,0.009155934
238308,0.018525425
238322,0.015512536
238327,0.05930923
238328,0.19563624
238330,0.01744684
238335,0.046049736
238347,0.049671646
238355,0.13912158
238356,0.20286898
238361,0.029891947
238367,0.028172877
238377,0.03543978
238413,0.010184423
238419,0.028496841
238436,0.030131556
238437,0.0723981
238443,0.022665977
238450,0.008072287
238452,0.010920277
238453,0.15447767
238454,0.25943074
238457,0.04850299
238467,0.06889848
238469,0.018465878
238470,0.017116722
238474,0.16557845
238478,0.11767381
238480,0.11785228
238492,0.015050282
238496,0.07319935
238500,0.021028383
238508,0.29151738
238512,0.025750246
238520,0.016806161
238540,0.029507818
238548,0.041974563
238549,0.019622283
238550,0.022869937
238563,0.025024766
238586,0.032559376
238607,0.011287727
238608,0.043529164
238615,0.055286042
238623,0.057560124
238627,0.027767295
238630,0.1283537
238635,0.060914952
238638,0.06605474
238642,0.009051064
238646,0.07656277
238656,0.038976803
238665,0.06587706
238674,0.041329876
238687,0.023319906
238702,0.096267566
238703,0.03237429
238705,0.06076813
238712,0.22001581
238716,0.04009337
238717,0.06464305
238718,0.0208827
238747,0.059117667
238754,0.2199357
238767,0.07586941
238793,0.012324114
238794,0.159273
238796,0.14481041
238806,0.031714663
238832,0.18446219
238833,0.060740393
238840,0.15833479
238850,0.0153471
238853,0.018012961
238855,0.021677949
238858,0.03341605
238867,0.38885933
238868,0.043307707
238869,0.22427349
238873,0.032954827
238879,0.092031986
238893,0.1497288
238903,0.035768554
238904,0.031544805
238906,0.16827177
238928,0.019113941
238933,0.11627631
238941,0.12159086
238945,0.036218677
238947,0.022623494
238954,0.037162844
238963,0.03170606
238986,0.101346865
239003,0.19257371
239018,0.018155394
239019,0.11829307
239020,0.09164504
239021,0.10391258
239031,0.04912521
239042,0.042231075
239051,0.020521618
239056,0.06315809
239058,0.018662179
239075,0.06549976
239078,0.014281941
239079,0.012407426
239081,0.0070022834
239082,0.10389163
239085,0.14280137
239100,0.047035336
239104,0.041448317
239120,0.06618893
239123,0.022519037
239140,0.13148604
239144,0.01319979
239145,0.114699595
239146,0.026369723
239153,0.013634834
239155,0.011874709
239161,0.09916881
239168,0.044746637
239177,0.08863727
239180,0.07483082
239193,0.014145005
239199,0.03508647
239206,0.04607844
239207,0.070665054
239209,0.03368375
239221,0.0828462
239225,0.024559252
239227,0.04092861
239237,0.03796292
239249,0.02252223
239273,0.577109
239282,0.016189234
239290,0.34084937
239298,0.024543742
239302,0.10851095
239307,0.25534895
239309,0.08612492
239314,0.08924889
239319,0.14561875
239328,0.018982742
239334,0.011711329
239343,0.03336375
239344,0.06805501
239356,0.035697963
239357,0.27207553
239428,0.022264771
239429,0.044955835
239453,0.004166579
239471,0.18431671
239479,0.04071999
239480,0.07926785
239485,0.023196384
239489,0.12782297
239518,0.2922015
239522,0.013895648
239525,0.11747395
239540,0.14513847
239567,0.0393227
239573,0.0653483
239574,0.034386702
239578,0.12360875
239587,0.04221215
239588,0.15685286
239597,0.04789406
239603,0.025009068
239612,0.03739031
239616,0.40418017
239617,0.07667918
239618,0.2644681
239631,0.15666679
239639,0.13696826
239644,0.048156578
239672,0.045891948
239680,0.075739026
239685,0.018498605
239687,0.018794233
239715,0.08202277
239722,0.11050049
239733,0.012047313
239746,0.009011874
239748,0.023859782
239760,0.18029849
239765,0.05449254
239766,0.13810612
239774,0.030833788
239775,0.018791648
239788,0.19053656
239795,0.08367205
239796,0.02150492
239801,0.07958794
239808,0.067273244
239816,0.0028005072
239819,0.005287721
239825,0.028165419
239832,0.12978655
239840,0.054623153
239845,0.014441057
239853,0.019874554
239862,0.054831006
239867,0.05955233
239873,0.09895045
239884,0.02578536
239920,0.031815585
239924,0.10717851
239937,0.019562991
239938,0.014647073
239948,0.047149096
239951,0.07598587
239952,0.043842316
239996,0.026498906
239998,0.06808008
240013,0.04848422
240027,0.08962383
240028,0.026103266
240036,0.14610472
240041,0.1335922
240046,0.03552147
240063,0.029770331
240076,0.022355258
240082,0.11304173
240086,0.06900464
240087,0.013731583
240089,0.16476752
240090,0.012770166
240093,0.4321992
240110,0.16473325
240111,0.04493629
240113,0.0067114243
240117,0.0206505
240118,0.0942622
240120,0.01888198
240125,0.13990399
240130,0.10834376
240131,0.36104587
240133,0.048200663
240138,0.2469434
240149,0.068637624
240161,0.032673445
240177,0.3158979
240188,0.029991215
240197,0.039024055
240204,0.15938789
240215,0.028055357
240257,0.02649735
240266,0.035645213
240284,0.032065842
240296,0.032605615
240300,0.016051069
240312,0.0056566945
240314,0.07228306
240320,0.0134624485
240321,0.1458706
240337,0.08169945
240339,0.07889239
240341,0.047295403
240342,0.086777255
240346,0.009655273
240348,0.08169828
240364,0.052919228
240378,0.013820669
240382,0.072686106
240387,0.01897778
240404,0.023014689
240409,0.01522978
240412,0.026281694
240413,0.26028392
240414,0.055035137
240415,0.026035717
240416,0.062029254
240427,0.014379152
240428,0.08855855
240438,0.08904346
240447,0.007629062
240489,0.21611956
240494,0.21752761
240495,0.11973064
240507,0.05850516
240526,0.060895335
240530,0.10234821
240531,0.14769149
240554,0.027741272
240559,0.044635087
240561,0.045341197
240577,0.0688843
240578,0.09505392
240585,0.07662177
240587,0.066898175
240594,0.12776367
240603,0.0106300255
240615,0.010949663
240629,0.032742303
240631,0.01355887
240637,0.017929439
240646,0.18995044
240649,0.05658655
240657,0.025103707
240664,0.14873894
240665,0.42037448
240668,0.037312318
240670,0.13861886
240685,0.10349259
240689,0.069529064
240702,0.011508409
240707,0.045002874
240709,0.09328487
240712,0.14541842
240716,0.046825938
240717,0.043942932
240725,0.015852077
240733,0.012762474
240742,0.17166407
240744,0.01715785
240819,0.10763705
240820,0.011252622
240826,0.10971777
240836,0.13054973
240839,0.02019388
240847,0.20281205
240859,0.15524885
240866,0.18887208
240868,0.026721377
240875,0.015777288
240878,0.017254846
240888,0.015036745
240896,0.08497924
240897,0.046316415
240898,0.17634536
240899,0.17437552
240900,0.036793128
240901,0.0970386
240902,0.029139256
240903,0.13148393
240904,0.039561428
240910,0.044816487
240916,0.042994566
240921,0.058462035
240923,0.08145985
240929,0.10185857
240930,0.049432755
240931,0.0070770215
240932,0.055716924
240938,0.103575855
240943,0.02085454
240948,0.010446338
240954,0.02095835
240972,0.010258295
240992,0.041358903
240993,0.064796
240994,0.07507477
241018,0.03136478
241026,0.019143457
241031,0.05388655
241052,0.023432747
241060,0.08316483
241076,0.13843513
241113,0.029611602
241116,0.13061063
241118,0.057474952
241121,0.03704658
241130,0.06354493
241142,0.0138413245
241146,0.028195277
241159,0.045137875
241160,0.01910851
241161,0.06322497
241163,0.33025053
241176,0.05008745
241187,0.031280294
241188,0.04341932
241191,0.12093292
241192,0.07838886
241198,0.43437696
241208,0.20081134
241210,0.024262536
241226,0.07267385
241244,0.026952017
241252,0.07991452
241254,0.020057261
241256,0.11287136
241264,0.09853802
241266,0.10185017
241267,0.06726844
241274,0.022239728
241279,0.024905078
241281,0.18195003
241284,0.015532633
241293,0.012518007
241330,0.044556715
241333,0.007589891
241344,0.28358588
241348,0.1968776
241359,0.0447053
241362,0.33362538
241372,0.0076635755
241377,0.010400709
241381,0.22136547
241390,0.017827652
241395,0.008271735
241397,0.026476558
241401,0.01413419
241402,0.2240035
241415,0.069498345
241417,0.049434163
241426,0.26641354
241432,0.023736289
241436,0.010027061
241444,0.01454375
241447,0.07981953
241456,0.038662124
241457,0.01575886
241464,0.04765035
241465,0.106121354
241469,0.035309464
241479,0.006986648
241482,0.051849578
241488,0.21096049
241489,0.04203781
241507,0.11903358
241509,0.019039836
241511,0.016309232
241520,0.017127128
241523,0.012748758
241536,0.04384083
241545,0.1118658
241574,0.013017071
241577,0.30005825
241599,0.20737968
241608,0.03858547
241627,0.012267531
241631,0.019137923
241640,0.0336458
241642,0.047534782
241645,0.01612638
241647,0.013585901
241649,0.12742311
241654,0.394323
241655,0.0441534
241657,0.04941633
241665,0.017990986
241671,0.06689962
241678,0.06738541
241683,0.05088523
241686,0.02231903
241699,0.0131734125
241704,0.12767336
241706,0.033166636
241709,0.016294023
241718,0.023077844
241723,0.110979214
241729,0.019155046
241739,0.108782254
241741,0.040304456
241752,0.1012056
241756,0.017455786
241763,0.017754534
241779,0.041378524
241793,0.010949798
241797,0.018732155
241804,0.059332453
241813,0.015344477
241816,0.07149289
241817,0.13572797
241821,0.011700418
241838,0.115129046
241839,0.056905154
241855,0.10312591
241857,0.03266647
241887,0.012136314
241888,0.016189227
241899,0.1626785
241903,0.029080402
241908,0.11284984
241914,0.019019233
241919,0.043617014
241933,0.06244457
241943,0.0102580385
241947,0.08231209
241957,0.048609566
241960,0.07738214
241961,0.025642242
241965,0.13200699
241971,0.041008536
241982,0.01864357
241990,0.034527067
242011,0.038095452
242022,0.009574798
242023,0.032996155
242025,0.16683468
242035,0.06157581
242037,0.054661732
242043,0.030828364
242067,0.017159771
242075,0.020880906
242077,0.00913357
242088,0.20771164
242103,0.037978675
242125,0.014817915
242134,0.269772
242143,0.10172712
242144,0.041666463
242148,0.0273515
242155,0.03138919
242163,0.012657319
242171,0.048617195
242182,0.07758175
242185,0.06915641
242188,0.12713116
242201,0.1624841
242203,0.016286802
242204,0.011452088
242208,0.12687244
242210,0.06416065
242217,0.0286319
242219,0.090793684
242222,0.06835427
242224,0.36532015
242229,0.086022444
242231,0.49347237
242236,0.16383989
242256,0.05340914
242264,0.046754256
242269,0.02655193
242280,0.08466561
242281,0.011630067
242285,0.1357429
242295,0.036743287
242302,0.20655699
242314,0.03066746
242319,0.12613304
242332,0.071731776
242338,0.03231123
242342,0.10407666
242343,0.14363773
242345,0.010633566
242354,0.04465104
242361,0.06834909
242365,0.11439918
242373,0.022073817
242378,0.052837633
242383,0.04973472
242385,0.105149664
242389,0.028844105
242397,0.10373692
242404,0.31316692
242406,0.08049222
242410,0.05977872
242436,0.027302697
242439,0.010506298
242440,0.41035005
242444,0.034659434
242445,0.13413177
242455,0.10932076
242477,0.05580662
242479,0.23863953
242484,0.04047751
242491,0.048913706
242492,0.0405261
242497,0.04310244
242498,0.024825117
242499,0.20522785
242500,0.11961628
242501,0.07247078
242502,0.10847395
242516,0.046937045
242518,0.057211462
242523,0.05398985
242525,0.035530124
242537,0.060117546
242549,0.011587882
242550,0.025885634
242553,0.0063043525
242554,0.015653418
242561,0.018819412
242566,0.2946788
242567,0.196704
242587,0.052099004
242598,0.07743963
242609,0.20912893
242611,0.03574973
242614,0.1582202
242617,0.2513138
242622,0.063402675
242623,0.060073
242629,0.01488282
242633,0.04831616
242636,0.18414445
242637,0.14470911
242642,0.045153636
242651,0.03497847
242655,0.021493236
242667,0.020742334
242668,0.011710734
242670,0.026532445
242681,0.018674761
242689,0.022174677
242690,0.400983
242692,0.124606006
242693,0.017854448
242699,0.03437939
242706,0.021459138
242712,0.17934811
242714,0.05918039
242715,0.012368241
242721,0.063057184
242725,0.006750477
242728,0.08237366
242740,0.015089017
242741,0.010827357
242762,0.10256243
242766,0.049939834
242772,0.026668115
242779,0.022920217
242782,0.017559363
242795,0.15088484
242796,0.025727078
242800,0.013025184
242810,0.053822767
242816,0.05715222
242824,0.07630656
242829,0.15063228
242833,0.019312633
242837,0.044563048
242851,0.06444035
242857,0.13507895
242858,0.06028877
242860,0.034720104
242874,0.044852175
242876,0.06516979
242877,0.009157348
242879,0.011898091
242890,0.135533
242897,0.01618918
242898,0.012715164
242904,0.0068198037
242916,0.0074585606
242920,0.081276596
242924,0.08501356
242930,0.06497854
242936,0.12206401
242938,0.013066559
242951,0.12550007
242952,0.11023119
242956,0.024668079
242970,0.2664104
242972,0.01647438
242973,0.026181642
242975,0.013272001
242979,0.13583088
242985,0.017140409
242989,0.008603797
242994,0.12779355
242996,0.23244186
243004,0.09533135
243013,0.0136160385
243015,0.04032053
243017,0.03653276
243022,0.0141915465
243075,0.21578714
243077,0.023853926
243089,0.02471274
243096,0.027622463
243099,0.012527614
243109,0.040628474
243110,0.036842622
243111,0.031711705
243112,0.08332941
243114,0.09071656
243124,0.27991
243128,0.47410482
243136,0.051517796
243143,0.044260994
243148,0.12908478
243151,0.013009379
243152,0.028668134
243163,0.049527448
243170,0.011839362
243173,0.019997614
243184,0.04743941
243187,0.037260097
243193,0.16435154
243206,0.1460202
243208,0.010318701
243236,0.013330302
243237,0.07267513
243241,0.024926644
243244,0.030935328
243251,0.06928033
243256,0.013695937
243257,0.035185754
243263,0.030448692
243265,0.044407904
243276,0.048718564
243283,0.06691205
243287,0.015497222
243289,0.17556375
243291,0.01596044
243294,0.029443637
243299,0.20261869
243301,0.16677213
243302,0.12291359
243310,0.07137785
243313,0.22291768
243334,0.17200138
243335,0.053050525
243345,0.026085937
243353,0.010484341
243369,0.07341095
243371,0.06219146
243375,0.059498277
243383,0.25008842
243387,0.008717534
243390,0.16548893
243398,0.004434584
243399,0.07159962
243401,0.026371423
243412,0.008475549
243430,0.033780213
243433,0.024359569
243440,0.041377172
243445,0.25074556
243475,0.06173264
243481,0.05785665
243501,0.21283239
243518,0.18164213
243528,0.033594746
243544,0.047732837
243550,0.027424414
243555,0.051666524
243558,0.092010245
243559,0.15712634
243569,0.11123826
243580,0.016690189
243581,0.009292744
243590,0.009574363
243611,0.016046582
243619,0.018396894
243643,0.066203006
243659,0.05284171
243664,0.031932108
243665,0.2829737
243679,0.019677944
243680,0.16653605
243681,0.027270392
243689,0.110123344
243699,0.08691696
243700,0.18464237
243703,0.032784585
243714,0.3838491
243734,0.020865675
243741,0.19899525
243747,0.027974166
243757,0.13274962
243764,0.24080616
243766,0.15295932
243770,0.05381411
243774,0.100093655
243777,0.020771978
243778,0.018309413
243783,0.116446234
243788,0.12676167
243801,0.07923928
243802,0.010021803
243805,0.36580703
243821,0.051284548
243828,0.019296717
243831,0.05020656
243838,0.18388931
243850,0.008693548
243861,0.03279257
243871,0.11281299
243873,0.03958646
243874,0.057403088
243875,0.028599791
243891,0.043118514
243893,0.1333225
243900,0.024703547
243907,0.14779377
243908,0.35502803
243916,0.2261992
243921,0.08925951
243943,0.032703973
243958,0.3784893
243963,0.17508245
243965,0.06664622
243968,0.037435338
243978,0.07232414
243993,0.056147505
243996,0.039623704
244004,0.24504887
244006,0.10228897
244045,0.06318384
244046,0.013765353
244047,0.02708188
244049,0.008430247
244051,0.08572169
244058,0.027516475
244093,0.013500003
244100,0.05543203
244102,0.1343177
244104,0.05317066
244108,0.013691191
244112,0.10327809
244114,0.043201838
244134,0.059311055
244136,0.03613374
244140,0.010846663
244151,0.012777021
244152,0.052875195
244164,0.0979669
244168,0.017939275
244173,0.028675532
244176,0.014682454
244179,0.02076935
244189,0.09998495
244201,0.061159473
244205,0.10475588
244212,0.101248994
244216,0.0154875275
244226,0.06358664
244228,0.038897462
244238,0.038847357
244246,0.025765657
244252,0.055733044
244257,0.020716537
244266,0.06365867
244268,0.11598812
244280,0.042094257
244290,0.04967536
244294,0.2550532
244295,0.096334696
244296,0.133826
244298,0.073241964
244307,0.07168784
244321,0.029629389
244322,0.043139823
244324,0.016088678
244335,0.030530717
244346,0.19906151
244364,0.02528696
244372,0.28456816
244377,0.12815064
244387,0.17023745
244388,0.14559291
244395,0.19005635
244396,0.014011325
244403,0.030521424
244416,0.04014383
244417,0.013540241
244420,0.04816289
244421,0.036704317
244428,0.04102567
244429,0.12910526
244432,0.08323652
244456,0.084852114
244460,0.052298915
244461,0.069995925
244464,0.011716458
244470,0.019755783
244475,0.12507874
244484,0.15524457
244487,0.013207426
244489,0.045246534
244498,0.07051667
244526,0.1187813
244529,0.22183843
244534,0.022300871
244536,0.08285253
244543,0.18403186
244545,0.04146202
244555,0.017768178
244560,0.14051764
244562,0.07032633
244570,0.11930839
244572,0.18053009
244574,0.090830855
244605,0.09440597
244612,0.045013513
244624,0.022178685
244631,0.009282438
244632,0.120441034
244643,0.0056665004
244652,0.05786285
244666,0.013995379
244671,0.021938225
244672,0.02073051
244683,0.03981867
244690,0.045309864
244696,0.014063568
244703,0.010262784
244710,0.049546063
244713,0.042601626
244719,0.023333909
244724,0.15472797
244736,0.069396086
244763,0.08487706
244764,0.1226372
244765,0.16921857
244767,0.052168917
244772,0.06949987
244786,0.03374857
244789,0.019546045
244794,0.020417426
244799,0.007177225
244810,0.011008679
244815,0.019476257
244830,0.015829686
244848,0.059258107
244852,0.009576376
244866,0.026816959
244867,0.1207387
244874,0.037895493
244887,0.028736297
244891,0.07401736
244897,0.37131542
244898,0.010986083
244909,0.06798908
244910,0.14482188
244913,0.081829384
244925,0.030012919
244928,0.06301404
244932,0.04163899
244942,0.033454932
244943,0.13221167
244949,0.073136546
244954,0.030646747
244971,0.051359016
244973,0.29489946
244989,0.21519558
245001,0.025687685
245012,0.039914817
245026,0.28126723
245030,0.024714299
245036,0.030665476
245049,0.22839023
245057,0.0180023
245062,0.062448587
245063,0.034726456
245074,0.03236634
245076,0.050301045
245105,0.04588173
245106,0.029533904
245121,0.024207493
245124,0.064267874
245129,0.014422427
245133,0.1481561
245138,0.027180558
245150,0.11428015
245156,0.07923229
245157,0.05034212
245168,0.12598132
245170,0.013903085
245177,0.03940615
245178,0.031880345
245182,0.013250519
245208,0.038727026
245219,0.28281617
245221,0.014769718
245222,0.019280577
245224,0.018383754
245225,0.018419623
245233,0.08122802
245234,0.03772006
245244,0.12089274
245253,0.39551377
245260,0.052293163
245272,0.032939024
245281,0.024862606
245296,0.2850049
245297,0.18501289
245303,0.024740666
245309,0.10285506
245313,0.006628457
245316,0.037941914
245328,0.025350166
245344,0.032047737
245351,0.052233227
245357,0.07247064
245367,0.02572782
245369,0.21998683
245376,0.07558517
245381,0.038534865
245411,0.09716388
245426,0.03809609
245428,0.0069102882
245430,0.10268692
245437,0.30869153
245443,0.010748641
245450,0.012696453
245452,0.048801146
245468,0.061475456
245481,0.027612777
245486,0.014254404
245496,0.03183853
245501,0.110073306
245502,0.039879717
245503,0.02297534
245564,0.27278766
245567,0.12311473
245568,0.17401211
245576,0.22788833
245577,0.05449329
245578,0.013354413
245595,0.033523034
245598,0.021133088
245604,0.04864506
245611,0.029764954
245615,0.12675291
245617,0.017528566
245627,0.031552207
245659,0.03735569
245661,0.04902866
245681,0.020281553
245687,0.064278215
245697,0.11080243
245708,0.03952893
245713,0.040485755
245717,0.014856823
245720,0.020430194
245721,0.09431793
245724,0.036657996
245728,0.054935012
245738,0.05811369
245746,0.024499089
245747,0.050836988
245748,0.047585387
245766,0.028574063
245767,0.15104622
245784,0.023694964
245792,0.026645511
245802,0.14068334
245804,0.016385816
245815,0.016304504
245820,0.057730887
245830,0.05953176
245834,0.023825735
245836,0.041912004
245844,0.059106745
245853,0.011390448
245862,0.02247233
245863,0.068707526
245882,0.11554401
245892,0.026655762
245906,0.08537834
245913,0.032175366
245926,0.013166037
245932,0.046351284
245933,0.0110630635
245934,0.049625847
245939,0.160817
245948,0.06501606
245955,0.023089774
245957,0.010325599
245967,0.05698202
245979,0.032785475
245980,0.054491777
245989,0.038153086
245992,0.04028019
245994,0.109693915
246006,0.026003426
246010,0.029428475
246017,0.13573037
246041,0.028669726
246045,0.03668543
246053,0.046870165
246057,0.028379507
246059,0.04777278
246061,0.027747279
246079,0.008291802
246082,0.027819052
246089,0.04723322
246091,0.014184856
246102,0.012290774
246127,0.32371375
246134,0.025032852
246135,0.05625941
246138,0.37622043
246143,0.023338236
246146,0.056235433
246148,0.037709832
246152,0.15349895
246155,0.02493066
246164,0.023814347
246171,0.106201924
246185,0.0115570435
246192,0.1631884
246200,0.10864035
246208,0.021330366
246210,0.026806962
246213,0.06706631
246214,0.13050576
246229,0.020782601
246242,0.018641723
246250,0.132076
246258,0.011651797
246267,0.21285498
246273,0.01721706
246287,0.010103536
246289,0.0461478
246290,0.08484773
246302,0.020960754
246303,0.04312046
246304,0.036239777
246312,0.09892643
246319,0.43357545
246321,0.071096025
246335,0.059017308
246337,0.04029991
246348,0.01921063
246358,0.015491928
246362,0.13243139
246369,0.0125576975
246374,0.061496213
246382,0.17039081
246384,0.053155404
246386,0.20366658
246390,0.059041955
246396,0.028264455
246400,0.05128234
246401,0.019927954
246405,0.068489
246415,0.07773991
246416,0.058196425
246418,0.10748559
246422,0.009929404
246423,0.029346624
246426,0.08852775
246429,0.14824025
246432,0.06821647
246444,0.08001095
246448,0.080221534
246455,0.17576379
246469,0.06823264
246482,0.010592425
246488,0.02452416
246489,0.13558069
246491,0.04312457
246502,0.01617434
246516,0.033603903
246524,0.080457196
246525,0.11216907
246543,0.12008759
246550,0.07159746
246554,0.06762221
246558,0.0077808234
246559,0.0657452
246560,0.08819723
246561,0.025993593
246562,0.017795978
246564,0.03485551
246585,0.41078678
246615,0.13109997
246618,0.035432804
246619,0.019783933
246621,0.1683405
246624,0.0127240075
246625,0.014685517
246627,0.09397848
246628,0.030233635
246631,0.05384329
246633,0.06952811
246654,0.03870879
246660,0.041277904
246665,0.12694006
246669,0.055034913
246681,0.019609006
246700,0.2436462
246705,0.03268606
246708,0.062750354
246711,0.12162008
246724,0.05419812
246740,0.019900287
246744,0.06554526
246745,0.2549439
246746,0.040692616
246748,0.02354072
246752,0.22934176
246758,0.102000825
246762,0.021860952
246765,0.046065994
246786,0.05852695
246798,0.039957706
246807,0.034575917
246816,0.12549275
246820,0.013647185
246833,0.014423138
246835,0.17419301
246836,0.095730565
246845,0.07198961
246849,0.03209456
246857,0.09939899
246861,0.019439971
246871,0.018173583
246872,0.09707204
246877,0.012792469
246879,0.0060996227
246894,0.240252
246896,0.01247715
246905,0.063304335
246907,0.07624229
246928,0.010318059
246935,0.0040498637
246939,0.062102627
246947,0.045021567
246951,0.03709162
246956,0.033858374
246972,0.103260726
246979,0.02021792
247003,0.029029569
247005,0.1191912
247006,0.024074722
247008,0.010730702
247014,0.13691157
247027,0.020314978
247032,0.08282443
247036,0.081944235
247080,0.053844273
247083,0.039278988
247086,0.024134083
247092,0.07360598
247098,0.032687444
247103,0.22398514
247105,0.026561694
247108,0.03238626
247118,0.23035417
247123,0.033507936
247129,0.09860543
247139,0.07335159
247147,0.056195803
247153,0.060566425
247157,0.03972819
247179,0.033012576
247190,0.08516255
247213,0.030451788
247220,0.02769784
247234,0.008408341
247260,0.016207272
247265,0.054285865
247269,0.20821294
247272,0.041366413
247277,0.025670938
247278,0.21446894
247280,0.021950107
247290,0.022224603
247296,0.029602207
247314,0.070510514
247316,0.0842919
247328,0.05878944
247332,0.034164153
247336,0.32320392
247340,0.10225276
247342,0.044878513
247347,0.031035392
247350,0.050956074
247351,0.017042393
247353,0.06759046
247354,0.033241406
247360,0.030018814
247371,0.034048963
247378,0.013118487
247394,0.049906757
247402,0.032407984
247406,0.052582666
247409,0.024859587
247446,0.046594545
247453,0.021885915
247455,0.11181259
247463,0.015162254
247484,0.011596985
247485,0.07013104
247492,0.09174725
247497,0.08887756
247510,0.031917494
247521,0.057606697
247527,0.080946006
247534,0.06531897
247537,0.056557752
247558,0.015783057
247559,0.015404217
247560,0.08782436
247567,0.08592114
247572,0.11021244
247582,0.016771652
247583,0.18586962
247594,0.029937267
247595,0.023091609
247597,0.03367686
247598,0.030948868
247607,0.10838303
247619,0.09812947
247632,0.13805537
247638,0.05254397
247639,0.13162939
247646,0.043449562
247655,0.023849817
247660,0.010555911
247672,0.079531595
247677,0.01044486
247682,0.014753538
247685,0.18450488
247690,0.04304603
247701,0.008579615
247708,0.3401497
247715,0.06416708
247734,0.054432098
247758,0.040758975
247761,0.021506054
247763,0.021698382
247766,0.038389377
247774,0.015745066
247775,0.10060242
247779,0.025189348
247781,0.042141505
247783,0.07538979
247785,0.03544944
247787,0.01038529
247793,0.019465314
247798,0.02500793
247802,0.074149
247805,0.02578656
247814,0.0084965965
247816,0.05346932
247834,0.01311002
247836,0.010020658
247844,0.16972616
247849,0.20328355
247852,0.0050989087
247859,0.031326275
247861,0.27598947
247867,0.040577814
247868,0.011554609
247883,0.03381383
247890,0.012481545
247892,0.35394207
247896,0.009714259
247897,0.015456644
247902,0.32249966
247904,0.032026667
247909,0.028588176
247910,0.041985985
247911,0.07110919
247929,0.057650644
247930,0.022035444
247935,0.009932976
247942,0.28934845
247950,0.045058858
247951,0.08144965
247972,0.08045101
247989,0.06284858
247993,0.06237186
247995,0.1120971
248012,0.030591374
248018,0.022220962
248019,0.10597227
248036,0.009390048
248037,0.07668389
248039,0.05726049
248040,0.13685064
248043,0.07510602
248054,0.023676367
248056,0.0340317
248068,0.22146152
248075,0.1237393
248085,0.024350572
248087,0.023406778
248089,0.03178964
248095,0.03294691
248105,0.07073408
248109,0.05345812
248115,0.043225825
248131,0.070436366
248135,0.104477435
248148,0.047710713
248154,0.17013699
248156,0.049453303
248165,0.100605115
248169,0.030020457
248173,0.006390388
248179,0.02240437
248187,0.01839929
248204,0.017456587
248207,0.07950144
248210,0.14338629
248212,0.09140097
248214,0.01943459
248229,0.036075808
248236,0.039444633
248239,0.065740116
248240,0.106417686
248246,0.024338331
248249,0.034876987
248261,0.042286213
248267,0.03160479
248268,0.04952416
248272,0.017326608
248276,0.05807871
248293,0.11346509
248303,0.052031368
248307,0.02529064
248308,0.12229917
248327,0.063746475
248330,0.017850803
248345,0.04838434
248355,0.02099562
248364,0.109714806
248368,0.10111107
248373,0.06940494
248375,0.115044355
248378,0.052828528
248390,0.02070125
248394,0.06924276
248405,0.014761165
248409,0.09505367
248411,0.0540985
248415,0.09623535
248416,0.029091371
248419,0.17417932
248421,0.012784554
248422,0.016289627
248424,0.018730486
248427,0.033807937
248429,0.32183692
248435,0.01362047
248452,0.041333597
248461,0.07012639
248467,0.019272787
248472,0.03245198
248473,0.0304058
248476,0.031404722
248488,0.24021411
248489,0.16828163
248505,0.02616945
248509,0.026765095
248510,0.07724671
248512,0.011327219
248524,0.26710594
248526,0.10368748
248528,0.027146323
248533,0.0129122725
248546,0.01991326
248568,0.017477218
248570,0.038083468
248579,0.05957481
248583,0.05567838
248585,0.009905591
248586,0.041478403
248596,0.006813263
248597,0.12579818
248601,0.019030575
248605,0.041930944
248613,0.023833869
248618,0.025512975
248622,0.054351818
248626,0.006124836
248627,0.016340014
248628,0.010304905
248635,0.0363851
248636,0.018414149
248644,0.03045202
248667,0.073234454
248675,0.029623663
248677,0.08076439
248693,0.1727538
248694,0.10241912
248699,0.008837493
248706,0.18285823
248726,0.06449703
248728,0.024265205
248731,0.08661964
248736,0.2962585
248738,0.32021338
248739,0.030882318
248744,0.22834316
248745,0.11194191
248756,0.017276075
248760,0.035580076
248767,0.30953407
248770,0.046301626
248772,0.06269195
248773,0.025314989
248785,0.012209898
248789,0.0231401
248791,0.039164007
248797,0.0244308
248826,0.0096738925
248853,0.039156463
248854,0.017593343
248856,0.06432918
248861,0.05818816
248869,0.08059074
248871,0.04824046
248877,0.023506777
248883,0.13327917
248891,0.010987206
248892,0.30556408
248905,0.023600454
248910,0.023486553
248914,0.024241425
248921,0.08063242
248931,0.14814134
248934,0.048185635
248951,0.0783051
248954,0.10250043
248961,0.011643502
248966,0.01786605
248968,0.13174081
248977,0.0105361575
248978,0.08254372
248986,0.19587018
249000,0.024441604
249005,0.06990061
249025,0.0053733094
249040,0.15809026
249045,0.019992499
249056,0.046258442
249057,0.004214157
249075,0.053721573
249084,0.049690567
249089,0.097709015
249095,0.25481158
249101,0.08298201
249113,0.02543596
249116,0.025681568
249118,0.05969462
249137,0.06966825
249140,0.021279385
249149,0.13079345
249151,0.029784894
249154,0.034143407
249155,0.050172504
249171,0.023271507
249173,0.22377732
249190,0.038362388
249191,0.01574999
249197,0.13289778
249205,0.3121882
249212,0.19131312
249228,0.065988235
249235,0.055359043
249266,0.015673408
249269,0.02301722
249277,0.13493526
249298,0.031562604
249305,0.13613312
249310,0.025108352
249313,0.091505766
249320,0.13492937
249321,0.006363896
249332,0.011476362
249333,0.052711785
249339,0.08910499
249343,0.18629083
249345,0.041047096
249347,0.057978585
249348,0.035076685
249358,0.0039493325
249370,0.32000414
249382,0.15342568
249397,0.011187728
249398,0.09701169
249400,0.16047002
249403,0.2555394
249412,0.10418108
249421,0.0538634
249422,0.018133994
249426,0.02510499
249445,0.030552391
249460,0.035661288
249465,0.007603321
249467,0.0065132026
249481,0.05814803
249495,0.03419668
249496,0.082369134
249505,0.025627606
249507,0.01727499
249523,0.04081763
249528,0.04303619
249532,0.08490919
249534,0.09042865
249540,0.027310973
249542,0.08310888
249557,0.04352851
249559,0.32524464
249578,0.01705246
249581,0.008344111
249588,0.12515555
249595,0.035466786
249603,0.08181131
249615,0.016136853
249630,0.045125686
249636,0.040967252
249640,0.054177586
249648,0.020124214
249657,0.02188247
249661,0.012448047
249664,0.014137259
249668,0.059050553
249677,0.057752106
249681,0.0593721
249687,0.07904115
249688,0.056671973
249695,0.35594594
249703,0.01976277
249705,0.05460424
249718,0.10687281
249719,0.08832797
249720,0.04878816
249726,0.009799832
249728,0.08997103
249742,0.021696322
249764,0.079179555
249768,0.056526985
249770,0.06371738
249774,0.020913867
249779,0.043923743
249783,0.03133343
249801,0.33050552
249808,0.030161766
249818,0.009627317
249820,0.20696035
249832,0.3603679
249839,0.022722341
249843,0.19609219
249845,0.0926719
249847,0.062479414
249878,0.16265997
249883,0.033055346
249895,0.072801575
249898,0.062293306
249906,0.087459184
249909,0.014662724
249913,0.04160655
249920,0.17220014
249921,0.0068738353
249928,0.20394816
249941,0.032073934
249951,0.007262207
249955,0.042005196
250020,0.03427161
250022,0.045486808
250026,0.07565425
250038,0.107620694
250045,0.073836066
250048,0.059093934
250049,0.061983332
250051,0.033486877
250056,0.08624626
250073,0.026171729
250085,0.007014854
250088,0.14337884
250091,0.037622005
250092,0.07145687
250093,0.018315168
250095,0.029554015
250098,0.21371713
250105,0.040767252
250114,0.4323832
250127,0.14885885
250134,0.08941533
250137,0.0062437532
250153,0.052180603
250156,0.079175346
250176,0.038045544
250188,0.04863353
250189,0.047655195
250211,0.095168956
250212,0.17628752
250217,0.009190255
250226,0.060458332
250236,0.45471224
250237,0.089339115
250246,0.035774313
250270,0.06924296
250276,0.0690058
250299,0.07415771
250311,0.004077673
250312,0.10469583
250319,0.028712697
250324,0.011504515
250331,0.021168098
250340,0.040859003
250347,0.015404123
250354,0.035379544
250358,0.11713632
250359,0.007572972
250361,0.29159597
250363,0.044440463
250371,0.0955575
250377,0.07107485
250381,0.022622589
250391,0.012101822
250415,0.020642547
250416,0.121066965
250430,0.33894745
250431,0.04868363
250438,0.094715744
250444,0.14234467
250453,0.12090067
250458,0.05520333
250462,0.2794669
250469,0.011965134
250473,0.019539801
250481,0.06857109
250498,0.1309937
250502,0.20516473
250508,0.09523074
250514,0.009786893
250521,0.023652077
250522,0.43701982
250530,0.014832116
250531,0.0084519265
250533,0.0053063505
250539,0.056313455
250541,0.03265888
250545,0.19035819
250557,0.2585686
250576,0.073185
250579,0.020323403
250585,0.2921343
250586,0.03295854
250591,0.13492142
250592,0.02609686
250596,0.017979683
250616,0.020454558
250617,0.011531193
250632,0.05726933
250636,0.036187585
250640,0.06666261
250657,0.10067684
250658,0.10062166
250661,0.02744827
250684,0.09248125
250685,0.031308975
250691,0.08521575
250692,0.02333937
250712,0.009600085
250713,0.009469776
250719,0.04433685
250737,0.057059586
250749,0.009511563
250772,0.035090543
250773,0.22124563
250774,0.06064896
250781,0.10024492
250783,0.018619148
250810,0.07286425
250814,0.026633147
250819,0.033473916
250831,0.032328315
250855,0.012945729
250867,0.16685672
250878,0.024546396
250887,0.007556522
250889,0.019350618
250890,0.039518103
250900,0.09154876
250904,0.04311303
250909,0.07908719
250913,0.04372658
250914,0.033277474
250915,0.11534255
250918,0.03124825
250922,0.18558258
250925,0.027271776
250939,0.10763726
250949,0.012995947
250956,0.028984321
250961,0.06314863
250963,0.097376294
250965,0.05263959
250968,0.014272063
250970,0.021132905
250981,0.059074476
250990,0.013579805
251001,0.089794815
251002,0.010225826
251011,0.17251639
251013,0.022129204
251021,0.01298713
251022,0.0479019
251029,0.015475274
251046,0.011205461
251047,0.032497834
251058,0.010010282
251063,0.075440004
251064,0.063324474
251073,0.2709833
251083,0.04925889
251085,0.1532962
251091,0.105668694
251096,0.03310935
251105,0.33859783
251115,0.09455767
251123,0.035029106
251133,0.047589913
251152,0.015896095
251165,0.07123009
251180,0.058348343
251196,0.22420886
251197,0.06092545
251214,0.009441172
251215,0.3471594
251217,0.12165153
251219,0.012783223
251233,0.020222936
251234,0.06165667
251245,0.009539713
251248,0.20966576
251255,0.009186621
251267,0.01225803
251272,0.047205728
251276,0.011988314
251288,0.0451156
251297,0.025608888
251298,0.055222157
251300,0.0619764
251301,0.034960426
251302,0.097642854
251303,0.15163052
251311,0.02042055
251314,0.05781396
251322,0.005104311
251324,0.11873351
251333,0.037339468
251336,0.07326036
251341,0.02124045
251346,0.03235715
251370,0.033319518
251378,0.053614724
251396,0.027874319
251401,0.13983922
251413,0.019549927
251422,0.025568856
251423,0.014397682
251434,0.09499805
251436,0.10230407
251443,0.044463057
251445,0.08468224
251455,0.027174765
251465,0.03253544
251470,0.028514385
251475,0.42790437
251488,0.037978403
251498,0.058310285
251504,0.0832614
251506,0.19515863
251530,0.08569125
251534,0.11507929
251538,0.19417968
251543,0.017445076
251557,0.06160833
251558,0.08800403
251567,0.0192984
251575,0.042375803
251579,0.016924836
251598,0.18283376
251599,0.035988692
251606,0.017387547
251608,0.03334901
251620,0.14073747
251624,0.03682363
251629,0.01697953
251631,0.04503259
251654,0.15870586
251671,0.023282288
251677,0.040097486
251682,0.052390717
251684,0.051631574
251689,0.051691636
251700,0.09294501
251716,0.041288603
251719,0.10834557
251727,0.025895853
251731,0.06905359
251732,0.033502314
251737,0.047160804
251744,0.029458337
251750,0.05933221
251754,0.1481553
251759,0.014727949
251761,0.33222142
251762,0.093319446
251765,0.021892598
251768,0.052704867
251770,0.024636801
251777,0.023377864
251786,0.0186624
251795,0.16168831
251805,0.056911744
251833,0.108266756
251839,0.030067736
251848,0.33365732
251851,0.03796337
251893,0.021805406
251909,0.010672802
251918,0.049587294
251920,0.04387136
251922,0.14719334
251923,0.1563547
251926,0.19179484
251933,0.01309598
251938,0.09227351
251948,0.05322287
251955,0.045974918
251956,0.07140684
251957,0.028536873
251964,0.02154497
251965,0.06295285
251966,0.02281852
251972,0.022896703
251980,0.011960833
252003,0.025417503
252016,0.041275576
252028,0.058886282
252032,0.02125867
252046,0.011358303
252054,0.0058046617
252060,0.07289333
252073,0.02198076
252088,0.012451917
252092,0.009507485
252096,0.094292216
252113,0.028593905
252115,0.008653025
252121,0.010211267
252133,0.098213054
252135,0.031317398
252145,0.09418039
252151,0.0037787633
252167,0.07899172
252169,0.096929036
252175,0.11071686
252189,0.09136217
252190,0.14300516
252191,0.08079662
252198,0.053416334
252212,0.0910671
252223,0.024584902
252224,0.10289425
252228,0.101908155
252253,0.014505461
252257,0.1305542
252261,0.048253182
252265,0.03963645
252272,0.1353908
252273,0.11143231
252286,0.38788447
252312,0.0063713933
252322,0.107940875
252326,0.10184166
252332,0.027470773
252345,0.0222956
252348,0.036932338
252354,0.038335707
252358,0.07660729
252364,0.08084397
252366,0.16984327
252369,0.093525104
252374,0.032700166
252382,0.03223094
252417,0.266129
252425,0.18657017
252426,0.04722333
252429,0.027733069
252434,0.2582737
252447,0.034991585
252450,0.020421203
252452,0.38550237
252460,0.018709451
252463,0.039886124
252465,0.06443204
252492,0.08046958
252493,0.25304228
252518,0.05250101
252522,0.15816358
252524,0.024673041
252531,0.023209747
252533,0.06518142
252540,0.0654473
252543,0.0393238
252544,0.037793107
252555,0.030125001
252558,0.07618384
252562,0.013698069
252565,0.17148505
252568,0.007147149
252569,0.018786162
252573,0.04038091
252582,0.01314079
252596,0.022837417
252599,0.01781021
252603,0.06573193
252606,0.024698133
252630,0.02612572
252636,0.030915547
252651,0.0566956
252653,0.004225861
252679,0.27648252
252682,0.123077065
252687,0.18192156
252713,0.017936166
252715,0.0044422075
252721,0.20512877
252726,0.025141725
252746,0.064892456
252754,0.018964946
252760,0.018036462
252762,0.35946926
252763,0.050098624
252764,0.11057177
252768,0.018256884
252773,0.04415711
252774,0.025467249
252782,0.1059353
252784,0.020621639
252797,0.03247364
252798,0.011803083
252809,0.08425524
252819,0.015714407
252840,0.048266158
252862,0.014594382
252863,0.12208084
252865,0.04727596
252870,0.048180368
252880,0.11421884
252881,0.052076496
252888,0.04948624
252889,0.070583664
252894,0.022661284
252899,0.037218478
252911,0.025823312
252918,0.006333833
252926,0.015598154
252929,0.08321368
252932,0.12082696
252939,0.0413384
252940,0.026430616
252970,0.013241051
252971,0.06587253
252980,0.1169313
252981,0.025254643
252986,0.024302376
252990,0.012225615
253004,0.04353498
253011,0.034202345
253015,0.008709626
253022,0.034800515
253032,0.021235272
253044,0.27442017
253056,0.019973133
253065,0.029279701
253066,0.042120308
253067,0.043076154
253079,0.017742407
253088,0.025159625
253098,0.059937548
253099,0.0927527
253112,0.022878837
253113,0.07957002
253133,0.064546175
253149,0.0156075405
253151,0.028927412
253153,0.055557992
253160,0.021523707
253164,0.039136633
253169,0.12865812
253177,0.017528828
253183,0.23991969
253198,0.082440734
253206,0.039035145
253214,0.21463491
253218,0.028970426
253224,0.021516496
253227,0.009899073
253231,0.028137865
253247,0.019680467
253251,0.03559239
253262,0.054176748
253264,0.102498695
253265,0.096202396
253273,0.042126346
253275,0.035627738
253278,0.012254827
253284,0.08466907
253298,0.047729954
253313,0.13435972
253317,0.01348401
253322,0.10498403
253326,0.042800818
253332,0.18240449
253338,0.030459844
253339,0.0066188686
253346,0.0062755677
253348,0.27330786
253350,0.019175667
253357,0.061219912
253363,0.06584957
253365,0.007782053
253369,0.03384454
253373,0.14684111
253378,0.025149237
253383,0.1592058
253392,0.04666837
253395,0.054309994
253398,0.01822215
253410,0.1426145
253419,0.037945796
253420,0.06579433
253421,0.1149645
253441,0.10976887
253442,0.029435253
253446,0.024930986
253447,0.20834875
253465,0.034859255
253488,0.11172774
253492,0.027472736
253499,0.33856407
253500,0.2536168
253501,0.036955487
253509,0.04143931
253521,0.019207355
253534,0.012373122
253544,0.02661063
253555,0.08633997
253557,0.048247304
253559,0.016669901
253583,0.1397069
253587,0.047955457
253589,0.06617403
253591,0.028677512
253596,0.026496174
253600,0.021017581
253605,0.023493621
253620,0.04903042
253628,0.020578299
253631,0.13100187
253634,0.010772508
253639,0.041957848
253641,0.1377725
253661,0.020559097
253672,0.05372378
253679,0.018241234
253683,0.06124761
253696,0.025626812
253706,0.029965451
253708,0.047172785
253712,0.021354245
253717,0.0200149
253720,0.060167544
253731,0.0759449
253734,0.13035032
253743,0.07605071
253744,0.032834455
253748,0.04758048
253754,0.07857712
253761,0.046715837
253787,0.074146576
253788,0.046078723
253796,0.24356742
253826,0.16299354
253829,0.07156024
253837,0.12987407
253841,0.13099883
253843,0.046777222
253844,0.09920568
253845,0.063259676
253849,0.0832264
253854,0.011387318
253861,0.029807381
253863,0.008463123
253875,0.09598553
253891,0.15975463
253894,0.10706611
253895,0.52996737
253918,0.11097125
253930,0.011660135
253939,0.044710573
253940,0.05932904
253945,0.0987492
253950,0.013286941
253951,0.006528234
253964,0.22060318
253967,0.027436176
253975,0.5318036
253986,0.025844498
253998,0.4488733
254017,0.058735862
254025,0.16859141
254026,0.02465725
254031,0.045855165
254035,0.03389433
254040,0.050283626
254042,0.018150834
254047,0.041042518
254051,0.29675245
254056,0.034857314
254060,0.12175493
254068,0.06200432
254073,0.20403126
254088,0.03201972
254100,0.028619243
254110,0.17669612
254115,0.017232794
254116,0.38616076
254125,0.056005713
254130,0.022732217
254135,0.13124493
254149,0.07089479
254161,0.032092508
254167,0.0739246
254176,0.07539535
254205,0.01349135
254226,0.014603608
254228,0.0886047
254238,0.00788786
254242,0.13124304
254257,0.33320484
254261,0.03831417
254280,0.046541
254295,0.017649349
254316,0.14010315
254325,0.21590461
254326,0.06345569
254327,0.021200094
254335,0.018502701
254342,0.077174954
254347,0.051851984
254355,0.060721505
254358,0.026194494
254359,0.020909235
254368,0.042506974
254376,0.0762796
254382,0.100786775
254383,0.11196077
254390,0.047672305
254392,0.08429568
254394,0.009667947
254400,0.006302564
254406,0.048923343
254411,0.01868078
254421,0.06064973
254435,0.22682397
254437,0.02858576
254440,0.013058888
254460,0.079623766
254470,0.03685049
254471,0.08072091
254472,0.0083545735
254483,0.2168153
254493,0.012938383
254513,0.014721309
254518,0.1407582
254520,0.12837176
254534,0.050674662
254537,0.10227301
254562,0.025903642
254567,0.025545325
254577,0.035834685
254578,0.09563654
254580,0.15528016
254586,0.039677687
254591,0.08928828
254593,0.019346176
254597,0.4631777
254599,0.01324112
254613,0.017396811
254629,0.086756505
254631,0.056726586
254633,0.040164404
254639,0.029585369
254642,0.04804375
254650,0.08963226
254659,0.020188596
254662,0.060075827
254671,0.07552459
254672,0.011837805
254674,0.11144857
254676,0.29591992
254679,0.017859967
254701,0.039542157
254722,0.009673203
254728,0.031928893
254742,0.012981661
254748,0.060277663
254750,0.010806056
254751,0.033698484
254753,0.08446869
254773,0.15784717
254783,0.01593327
254805,0.07181628
254806,0.10914599
254810,0.013301452
254817,0.040654503
254820,0.01738665
254829,0.123011604
254835,0.027008643
254837,0.09145999
254843,0.031787198
254850,0.03731363
254858,0.04233497
254861,0.023296654
254884,0.01517697
254885,0.16255796
254890,0.025990479
254910,0.13973653
254916,0.04073849
254917,0.016955081
254920,0.010144168
254926,0.021604419
254928,0.015349398
254930,0.044578116
254937,0.17523828
254940,0.012819163
254953,0.093230255
254956,0.008604335
254969,0.018116843
254982,0.09011178
254988,0.042479698
254998,0.040639833
255013,0.12214105
255017,0.025613368
255018,0.024845893
255029,0.05953936
255033,0.51444954
255035,0.11190929
255061,0.31626973
255067,0.0039729304
255068,0.036061652
255070,0.09738269
255084,0.012514991
255096,0.095135346
255106,0.004736931
255114,0.06618877
255117,0.018359765
255135,0.0918624
255142,0.03255737
255143,0.04495865
255146,0.13878445
255155,0.042080905
255156,0.14327097
255158,0.017049767
255167,0.039022688
255172,0.023032827
255199,0.014379511
255204,0.023999847
255206,0.08000704
255210,0.05081243
255226,0.027020054
255230,0.05158929
255253,0.046253182
255259,0.041107316
255260,0.04124675
255278,0.05638968
255288,0.03631685
255312,0.071666636
255317,0.020907024
255319,0.03963413
255320,0.13677768
255322,0.022592185
255332,0.2742062
255337,0.03675032
255344,0.012186669
255347,0.0624235
255348,0.020696841
255351,0.049800787
255366,0.054236885
255371,0.023790449
255372,0.008160593
255373,0.15918255
255377,0.051494732
255378,0.055810135
255405,0.06265908
255408,0.077084176
255425,0.09405064
255434,0.16196975
255441,0.024179231
255442,0.08850487
255451,0.13010786
255486,0.014837894
255490,0.42563403
255493,0.021182202
255501,0.08780125
255503,0.03401613
255515,0.055705875
255522,0.06892841
255526,0.023329433
255538,0.124863714
255541,0.033347636
255546,0.14683573
255549,0.004606099
255557,0.02486761
255564,0.18204772
255568,0.036094934
255572,0.027171148
255581,0.029073503
255585,0.010530706
255586,0.16721356
255596,0.098550096
255598,0.029581275
255600,0.08499185
255619,0.040335305
255620,0.016396647
255623,0.050241634
255631,0.053251326
255632,0.11781779
255633,0.062113427
255646,0.050564386
255647,0.0330759
255649,0.043338645
255659,0.04456337
255666,0.012960068
255669,0.047739826
255674,0.02059096
255675,0.017047875
255678,0.07407914
255682,0.32163826
255690,0.107803695
255691,0.012358034
255694,0.18490393
255706,0.031210149
255717,0.015801014
255720,0.0051353266
255723,0.06406044
255724,0.08099541
255729,0.010941213
255731,0.066300035
255733,0.010334456
255734,0.098618805
255738,0.042719554
255760,0.014639025
255766,0.0147927515
255770,0.026734676
255772,0.0062321597
255775,0.08368512
255776,0.037573755
255786,0.0150605785
255795,0.022066591
255797,0.060606763
255810,0.053574152
255813,0.022524849
255829,0.06803634
255830,0.02851108
255832,0.051608764
255847,0.024629034
255853,0.10844707
255876,0.036825467
255881,0.0046627144
255883,0.023648106
255891,0.059289172
255899,0.026548153
255900,0.115330674
255906,0.0811428
255907,0.132797
255911,0.11789448
255921,0.048915014
255925,0.1285742
255930,0.15030703
255941,0.008478543
255948,0.0099525405
255969,0.27552965
255973,0.20368138
255974,0.037047382
255976,0.083387636
255977,0.049713258
255978,0.008545687
255981,0.03876236
255988,0.05096443
255990,0.015878977
255992,0.21653377
255998,0.012169213
256015,0.08855513
256016,0.046069734
256036,0.045945376
256045,0.04045209
256050,0.09298389
256066,0.38066894
256076,0.19090301
256080,0.0130816465
256083,0.16060895
256086,0.009219505
256103,0.04974832
256108,0.013723306
256114,0.039373297
256115,0.08953595
256139,0.04749481
256141,0.024422279
256146,0.015079603
256150,0.02126624
256177,0.08604856
256179,0.04152227
256194,0.072939634
256195,0.07909924
256200,0.12493048
256204,0.06529166
256205,0.15288518
256213,0.041568805
256222,0.03130285
256224,0.033793297
256235,0.10669873
256264,0.011461345
256268,0.031864386
256276,0.08648036
256277,0.022301074
256282,0.020861683
256285,0.016667478
256293,0.01941401
256294,0.044977274
256296,0.1995603
256297,0.011500866
256315,0.026705166
256317,0.027243026
256334,0.29217368
256339,0.032918178
256342,0.39566568
256345,0.08441251
256348,0.13308127
256350,0.045956682
256351,0.022377098
256357,0.08731913
256375,0.2472044
256377,0.06747805
256379,0.018269122
256392,0.0074305353
256398,0.016678946
256419,0.096063055
256422,0.009441613
256424,0.014282632
256431,0.015653279
256432,0.050155822
256438,0.21117161
256459,0.009446328
256460,0.21739586
256506,0.29892868
256507,0.032923948
256511,0.04000111
256513,0.25266606
256519,0.020672187
256533,0.04065319
256539,0.055228002
256590,0.029610783
256606,0.20820406
256614,0.09644133
256642,0.05180659
256644,0.007585898
256653,0.12175825
256663,0.013672684
256666,0.07454199
256669,0.046223246
256678,0.029374793
256685,0.12655112
256705,0.01765502
256708,0.043593857
256713,0.053197477
256715,0.072013885
256718,0.031938843
256745,0.13030063
256752,0.04804749
256753,0.06804122
256754,0.030779852
256763,0.018822309
256772,0.0678338
256773,0.10197078
256774,0.31437823
256776,0.24185547
256783,0.069156274
256790,0.031917863
256801,0.19551724
256802,0.27611864
256803,0.07284003
256808,0.0130028725
256809,0.10102995
256810,0.09709458
256818,0.04092299
256824,0.022719907
256825,0.03265082
256826,0.010117753
256829,0.026517078
256834,0.04654552
256843,0.17973427
256866,0.20889899
256875,0.03510325
256876,0.04157698
256887,0.027540913
256888,0.057902336
256894,0.027708808
256909,0.038650513
256918,0.13088351
256927,0.0785766
256931,0.028304748
256933,0.06539606
256937,0.11554199
256950,0.08872273
256955,0.015967406
256962,0.051334735
256972,0.008153141
256985,0.08544912
256987,0.1454969
256993,0.009091293
257000,0.07535054
257017,0.01669072
257019,0.09483917
257020,0.1200559
257022,0.024678286
257023,0.03151094
257025,0.10255433
257050,0.032854192
257056,0.021199247
257060,0.12807643
257064,0.011386545
257066,0.0060459115
257071,0.0480061
257073,0.02653502
257076,0.011092844
257084,0.06561029
257088,0.07971365
257102,0.06349474
257118,0.048933007
257119,0.08889077
257120,0.02481345
257131,0.035994604
257145,0.17893636
257150,0.03894154
257154,0.12454701
257169,0.08716952
257192,0.10964862
257200,0.02142996
257204,0.02202865
257205,0.10199971
257213,0.032339334
257216,0.029249378
257219,0.03585188
257232,0.054401062
257234,0.011659646
257244,0.0722044
257251,0.020406486
257255,0.01960616
257260,0.017671669
257263,0.24907397
257267,0.07773572
257277,0.027821109
257293,0.018025465
257294,0.05963318
257304,0.018463168
257307,0.0047186245
257312,0.042934846
257324,0.10630469
257325,0.119888365
257326,0.031703845
257353,0.026747897
257354,0.013638939
257369,0.03649246
257372,0.026885169
257375,0.054953914
257388,0.10386279
257393,0.014876719
257395,0.022953399
257399,0.089186296
257406,0.056825005
257409,0.077230245
257437,0.09021861
257441,0.022018114
257442,0.09176773
257473,0.016574156
257476,0.026669526
257477,0.2518343
257483,0.39831492
257500,0.18952544
257506,0.091060825
257508,0.04503988
257511,0.21178113
257514,0.012740144
257527,0.19409019
257528,0.057257064
257545,0.037542902
257546,0.062338214
257548,0.027014062
257551,0.022285614
257564,0.06963998
257565,0.051031046
257567,0.059023667
257572,0.026110929
257575,0.052250333
257577,0.31079772
257578,0.016722327
257585,0.009228786
257589,0.12073884
257590,0.032417864
257594,0.024053676
257596,0.017640918
257614,0.15693498
257618,0.23533773
257624,0.14234343
257632,0.008329821
257638,0.032192353
257644,0.13831834
257650,0.028495744
257653,0.050458554
257660,0.37194657
257663,0.057167407
257665,0.12027517
257677,0.17201579
257678,0.027409552
257690,0.049146004
257700,0.055229545
257711,0.123406306
257712,0.14444886
257715,0.042742748
257718,0.003964879
257720,0.1021987
257740,0.20831513
257748,0.091321014
257765,0.11579564
257768,0.068725824
257777,0.0141643
257778,0.03368625
257785,0.06520373
257789,0.071021095
257794,0.038276967
257796,0.027759276
257821,0.03691144
257823,0.2803144
257832,0.026870146
257844,0.35157472
257848,0.08067524
257854,0.03206321
257861,0.14015777
257872,0.032217816
257875,0.037423853
257876,0.028798688
257883,0.014905208
257888,0.013768991
257895,0.08702161
257900,0.021569028
257906,0.009464849
257907,0.14181949
257920,0.2413088
257921,0.16997534
257926,0.03860973
257932,0.019592846
257940,0.010015273
257947,0.08091327
257953,0.10118066
257958,0.010299965
257967,0.14179002
257977,0.028760562
257986,0.019046454
258012,0.09771538
258013,0.09876414
258031,0.011815124
258034,0.018961487
258037,0.20116945
258051,0.13805027
258056,0.030132852
258058,0.028544271
258066,0.07739617
258074,0.042171597
258077,0.01143928
258090,0.08849222
258109,0.021878334
258114,0.016505884
258124,0.026325563
258127,0.12176931
258141,0.015359904
258148,0.05984948
258151,0.07969599
258163,0.024193821
258166,0.0235451
258169,0.017663963
258179,0.14020675
258190,0.13790782
258193,0.02519375
258207,0.33008283
258220,0.03749601
258222,0.08098834
258223,0.034738302
258225,0.009389161
258227,0.008453569
258231,0.073505
258233,0.29924235
258249,0.007568626
258255,0.024647884
258259,0.065285414
258276,0.018999442
258281,0.35737616
258302,0.028813062
258305,0.080461875
258310,0.07129649
258334,0.12167346
258335,0.056903973
258338,0.014113679
258345,0.00827762
258360,0.011821718
258363,0.04899743
258381,0.1128497
258384,0.026448978
258387,0.018058853
258400,0.10965122
258402,0.021294942
258406,0.1552672
258408,0.25133544
258432,0.0057541733
258443,0.009391637
258461,0.021913648
258488,0.08147765
258489,0.09678058
258508,0.076024234
258524,0.016256256
258527,0.0070096175
258545,0.0088535035
258549,0.094639495
258560,0.14045107
258565,0.06959689
258567,0.04307522
258575,0.07120279
258590,0.023698024
258591,0.044885494
258592,0.072326206
258603,0.13317639
258606,0.04535949
258610,0.07749632
258627,0.0346252
258631,0.009344839
258637,0.050849102
258638,0.024784591
258640,0.056589667
258645,0.0073127644
258651,0.04985426
258652,0.091585316
258653,0.04734076
258662,0.0946923
258663,0.014050086
258671,0.043225348
258679,0.02246369
258685,0.02505259
258686,0.22549362
258697,0.027764553
258705,0.28935453
258723,0.12268329
258724,0.015164866
258734,0.011468651
258763,0.07825178
258764,0.024300976
258771,0.03698129
258773,0.036611643
258782,0.07312449
258784,0.011866298
258790,0.05309957
258811,0.032205973
258817,0.044810478
258818,0.06673762
258832,0.17047696
258837,0.13007367
258841,0.19057395
258842,0.019169725
258843,0.07394212
258860,0.012307816
258875,0.022594923
258881,0.050837893
258887,0.007928083
258889,0.12577341
258924,0.10338944
258925,0.17102964
258948,0.023230031
258949,0.015839214
258963,0.08321277
258964,0.022751093
258966,0.37075233
258973,0.04975985
258974,0.007941334
258979,0.22435895
258989,0.080194324
258997,0.04041191
259001,0.037289858
259013,0.25564793
259018,0.04083974
259020,0.5204439
259031,0.03717428
259044,0.119456664
259050,0.12479344
259064,0.038100433
259078,0.077385716
259088,0.35283777
259124,0.013210868
259125,0.030851388
259135,0.04886644
259137,0.043554112
259146,0.031457845
259148,0.1947116
259168,0.08310621
259178,0.03928479
259194,0.03607419
259198,0.031720433
259204,0.02832431
259209,0.018184055
259223,0.023601085
259228,0.037041046
259234,0.43761963
259237,0.0137397675
259246,0.038980063
259247,0.019308886
259249,0.04201802
259264,0.042746697
259274,0.02845582
259281,0.119496465
259283,0.043505754
259284,0.044066813
259285,0.05180772
259286,0.024949718
259291,0.07704648
259304,0.014910264
259309,0.023497837
259322,0.015567915
259323,0.33472306
259331,0.043604217
259339,0.041779533
259344,0.035678994
259350,0.06152458
259353,0.01801631
259356,0.04265856
259365,0.14571017
259377,0.11413035
259397,0.01131901
259403,0.07883146
259411,0.012944906
259415,0.057266053
259420,0.123468675
259423,0.08899805
259424,0.018889785
259431,0.020388916
259434,0.06120887
259438,0.05515855
259439,0.04574505
259441,0.012685872
259452,0.036078904
259460,0.055134144
259471,0.03149941
259483,0.09152943
259494,0.023794794
259496,0.031273957
259500,0.10768415
259512,0.03872013
259526,0.02142477
259528,0.05290707
259548,0.01838476
259568,0.04774784
259593,0.10018888
259603,0.025705274
259611,0.008477512
259620,0.078938074
259621,0.3693724
259623,0.073883526
259633,0.024062626
259648,0.041704684
259678,0.02736726
259691,0.013643553
259693,0.035681784
259708,0.11044102
259720,0.051865462
259734,0.014306504
259741,0.048188522
259749,0.02263582
259750,0.009263049
259752,0.008364417
259755,0.038151678
259759,0.06485811
259776,0.03093154
259779,0.062443323
259790,0.10356806
259797,0.018770596
259799,0.034260537
259804,0.05960587
259807,0.08381244
259810,0.103460826
259811,0.15647411
259822,0.014960551
259833,0.022136156
259838,0.012064573
259844,0.11893017
259846,0.075912446
259848,0.023418112
259861,0.06388641
259867,0.015246632
259876,0.07343727
259880,0.020620223
259897,0.06931937
259908,0.16393484
259912,0.008678743
259920,0.047901846
259922,0.023132542
259928,0.03140224
259932,0.0033876528
259946,0.00831327
259962,0.11840685
259982,0.010967793
259985,0.02518635
259994,0.06872743
259996,0.22478299
260000,0.03615073
260007,0.33501965
260018,0.065757744
260021,0.061342884
260038,0.02508889
260051,0.27337092
260052,0.026094163
260070,0.028770033
260074,0.03475193
260080,0.029813701
260092,0.021775097
260097,0.010474971
260101,0.0066972687
260108,0.024961656
260117,0.04309851
260129,0.029728943
260142,0.01821845
260145,0.025120026
260146,0.0455513
260147,0.09681205
260148,0.20781454
260153,0.01584751
260156,0.016342526
260171,0.016992103
260202,0.003684328
260221,0.048370156
260222,0.07388252
260226,0.17569542
260227,0.10354135
260247,0.038033776
260251,0.019148458
260261,0.0103369495
260264,0.05966521
260266,0.019500006
260268,0.063807465
260289,0.032202885
260301,0.05201983
260316,0.03368648
260348,0.034040824
260359,0.091216974
260364,0.098654546
260391,0.109636195
260422,0.06489273
260435,0.03099548
260438,0.06179622
260446,0.011706992
260447,0.21276312
260458,0.0594851
260461,0.1563949
260469,0.050785504
260471,0.07322935
260482,0.17076781
260484,0.05011198
260487,0.13219136
260489,0.02939067
260500,0.1406603
260508,0.016185846
260509,0.12900393
260512,0.06342491
260525,0.02371417
260530,0.035809726
260533,0.041734453
260538,0.1686293
260541,0.2784957
260546,0.054862138
260551,0.012537049
260556,0.19294156
260561,0.015967444
260566,0.008935831
260572,0.035856932
260579,0.09010028
260582,0.13825451
260583,0.03675757
260584,0.06564985
260586,0.06443964
260589,0.044908322
260608,0.06650942
260632,0.025167983
260634,0.025400262
260635,0.08519922
260645,0.04200073
260659,0.024563678
260665,0.15179634
260673,0.085169815
260675,0.29689148
260676,0.036987107
260700,0.23827647
260721,0.23631938
260723,0.13734807
260732,0.012770773
260738,0.01464898
260748,0.051768534
260782,0.117220365
260806,0.040195223
260820,0.03257887
260825,0.08217407
260830,0.0346129
260844,0.07139502
260858,0.043734692
260860,0.07056371
260863,0.117566966
260867,0.024094248
260875,0.01817643
260877,0.35739663
260902,0.17939596
260910,0.02112245
260913,0.027101751
260923,0.05727762
260926,0.24897833
260936,0.027871367
260937,0.32596335
260948,0.13439783
260949,0.036361627
260959,0.09302268
260962,0.23510088
260986,0.085441984
260988,0.028793113
260992,0.12224219
260997,0.016465904
261007,0.059099797
261031,0.018030062
261039,0.06892217
261044,0.028377054
261055,0.053970166
261058,0.14648744
261069,0.03540402
261079,0.14588633
261084,0.0037563771
261097,0.17936239
261101,0.012585097
261111,0.20068139
261115,0.061364826
261116,0.19870795
261121,0.03157942
261124,0.07616803
261126,0.014087866
261132,0.024358533
261161,0.0074833184
261162,0.019556696
261175,0.021704748
261187,0.05464254
261191,0.042698774
261195,0.011848412
261197,0.12722613
261204,0.062847264
261231,0.03250869
261248,0.019399138
261263,0.06899943
261268,0.12606078
261273,0.097912855
261274,0.038735442
261277,0.13869303
261283,0.020874104
261293,0.047621176
261302,0.24328385
261309,0.03984006
261318,0.019953096
261340,0.15556571
261346,0.028262472
261355,0.025764395
261357,0.041890115
261365,0.052986473
261366,0.21805285
261376,0.020124858
261380,0.057910062
261385,0.4873139
261403,0.042039502
261416,0.13481829
261424,0.047642514
261425,0.06047137
261431,0.0063046333
261433,0.014716965
261435,0.08622925
261440,0.032998543
261450,0.014238453
261456,0.31909397
261464,0.17470713
261465,0.057836898
261473,0.023942795
261475,0.093847
261476,0.09346087
261480,0.010421691
261481,0.03194736
261495,0.02294835
261500,0.020144016
261506,0.021541812
261544,0.011600052
261551,0.012447871
261566,0.15641735
261573,0.08538881
261587,0.03137504
261592,0.02121711
261594,0.014221055
261626,0.022766538
261635,0.011080444
261649,0.013402285
261653,0.03556476
261660,0.09239228
261668,0.02851811
261669,0.042010397
261676,0.037240464
261688,0.043464784
261691,0.022870135
261699,0.021473367
261704,0.056612443
261718,0.26555055
261719,0.037234463
261735,0.015548173
261742,0.011130286
261746,0.1978936
261749,0.058136668
261759,0.095504455
261763,0.021920582
261772,0.02241928
261795,0.028774062
261798,0.03625876
261804,0.011809654
261806,0.040537287
261813,0.15963116
261814,0.033283398
261827,0.012324179
261835,0.011514535
261839,0.08186762
261840,0.06326606
261845,0.0136211105
261846,0.015845688
261850,0.028186264
261853,0.020591984
261870,0.1685739
261871,0.020327106
261883,0.11807608
261885,0.045851596
261888,0.055288423
261892,0.012815753
261895,0.02775801
261906,0.026763557
261912,0.22959772
261918,0.020170301
261926,0.046382688
261930,0.004205759
261947,0.033906598
261956,0.020463547
261958,0.05380423
261960,0.092378706
261961,0.18718237
261965,0.05860096
261967,0.36321238
261968,0.008119915
261974,0.06600191
261980,0.07742142
261981,0.07734732
261983,0.023709921
261992,0.04879449
261998,0.033525266
262002,0.0407792
262006,0.029088097
262014,0.0112318965
262017,0.035956394
262021,0.31269538
262038,0.07912627
262040,0.015179016
262043,0.034362935
262052,0.04342931
262054,0.022192856
262056,0.024830284
262058,0.021130992
262062,0.17332546
262065,0.14951557
262067,0.024543045
262070,0.05544288
262078,0.013815495
262084,0.035339102
262091,0.50344884
262092,0.10620273
262112,0.08267472
262114,0.014861437
262132,0.022946876
262140,0.37784806
262152,0.0925203
262159,0.018704377
262172,0.14432016
262180,0.023090458
262181,0.0434971
262188,0.24256298
262202,0.03372944
262206,0.0240225
262213,0.14241004
262227,0.07481201
262239,0.050845876
262243,0.03597254
262246,0.036965847
262251,0.030327497
262269,0.004302555
262272,0.02676833
262276,0.08877214
262277,0.07107156
262278,0.13630764
262281,0.015392786
262298,0.03983889
262308,0.01643597
262316,0.013066977
262320,0.015728058
262321,0.21736294
262337,0.12053847
262354,0.11849741
262362,0.016175402
262364,0.013020312
262365,0.02269231
262372,0.03572511
262373,0.05754714
262380,0.032245457
262392,0.07439031
262399,0.03812168
262407,0.12664305
262418,0.13993815
262429,0.12680893
262430,0.008050449
262446,0.23596784
262455,0.0052853283
262459,0.06279634
262475,0.021887325
262478,0.21695124
262492,0.04074957
262520,0.023609016
262535,0.09942573
262537,0.006648682
262538,0.06658992
262541,0.006062054
262554,0.19000658
262559,0.02355408
262561,0.058211915
262562,0.016074954
262575,0.11060461
262576,0.040124927
262579,0.015038941
262581,0.48152137
262590,0.06391125
262599,0.022898886
262607,0.037885666
262608,0.025125008
262613,0.081583545
262620,0.027400158
262621,0.41049123
262622,0.024553178
262623,0.19819932
262629,0.027413474
262633,0.023843646
262650,0.019351251
262655,0.1134561
262659,0.06828111
262660,0.13930137
262663,0.028798122
262665,0.031161534
262666,0.016476974
262679,0.06010828
262681,0.17562248
262702,0.034716886
262705,0.033962905
262716,0.027042825
262725,0.17148684
262732,0.02845979
262743,0.014354473
262749,0.066199936
262752,0.15261103
262756,0.056190327
262758,0.096590124
262772,0.11083353
262784,0.106823124
262791,0.036575034
262793,0.18672244
262802,0.14456315
262814,0.22063236
262817,0.038055457
262820,0.009569088
262827,0.04744113
262832,0.01904623
262845,0.016375314
262847,0.038668275
262859,0.067259155
262862,0.23466513
262864,0.03567432
262865,0.13352893
262887,0.008522517
262914,0.023842292
262939,0.028741654
262943,0.07033547
262958,0.110131025
262963,0.054582126
262970,0.028444896
262979,0.090955205
262986,0.024915028
263004,0.038254514
263015,0.015509201
263016,0.030945137
263028,0.1187098
263029,0.22122902
263031,0.0254795
263044,0.0362117
263046,0.07379904
263056,0.08441547
263059,0.04476897
263061,0.16500975
263077,0.056183867
263087,0.0415468
263105,0.107636064
263116,0.1371898
263120,0.045490038
263127,0.560812
263137,0.11548986
263166,0.017471684
263175,0.1336333
263184,0.051782217
263185,0.04312504
263205,0.044908546
263208,0.018206835
263210,0.24598765
263220,0.04021227
263224,0.09724043
263228,0.016820798
263240,0.022944966
263243,0.1198492
263288,0.03329909
263290,0.058167476
263306,0.013123464
263312,0.01371368
263319,0.014850731
263326,0.010073122
263331,0.03825147
263339,0.12155193
263347,0.01261805
263353,0.034586884
263355,0.05933515
263368,0.16474229
263408,0.046574466
263414,0.03592109
263421,0.021304501
263440,0.016638687
263458,0.025705634
263460,0.08773857
263475,0.046773676
263477,0.04821156
263479,0.04996174
263489,0.14358999
263492,0.13441825
263493,0.043697994
263498,0.03320649
263510,0.02547386
263513,0.057858393
263514,0.023544325
263517,0.08523598
263518,0.015346899
263548,0.022443188
263561,0.06888462
263564,0.033522826
263565,0.059092414
263576,0.011582226
263580,0.16337657
263582,0.012222068
263584,0.01109388
263593,0.4158273
263594,0.06398635
263598,0.025133833
263602,0.0802773
263611,0.016341293
263640,0.25561085
263642,0.057078015
263643,0.078379385
263646,0.044163782
263658,0.06230028
263664,0.011713311
263683,0.011149516
263703,0.04673666
263705,0.0552867
263709,0.010746572
263715,0.008322245
263728,0.04074164
263732,0.031381596
263735,0.05302349
263748,0.07545029
263750,0.014172972
263751,0.06638424
263759,0.03824458
263763,0.012862918
263765,0.0078073363
263780,0.027696665
263783,0.06568441
263786,0.20400473
263794,0.02391933
263799,0.013086283
263802,0.11147694
263803,0.087619476
263820,0.15175217
263846,0.114222385
263857,0.01712879
263858,0.03233804
263860,0.09318151
263864,0.08688777
263870,0.00974425
263879,0.05090367
263881,0.029670577
263882,0.012475693
263895,0.041513506
263909,0.24319974
263918,0.04760896
263940,0.04111065
263945,0.010267051
263946,0.10777167
263947,0.05124471
263948,0.035933916
263962,0.08790404
263972,0.19182555
263974,0.01119179
263981,0.034934912
263984,0.04262981
263992,0.38070577
264001,0.026162604
264007,0.10496237
264010,0.008399825
264011,0.1081016
264015,0.007413923
264023,0.09068235
264030,0.052320533
264033,0.01466863
264037,0.012966998
264043,0.02496754
264044,0.06841773
264045,0.35383415
264050,0.020233463
264055,0.07271356
264059,0.012667019
264060,0.22141078
264062,0.054199588
264069,0.036691133
264077,0.032406334
264078,0.014218876
264087,0.020595936
264094,0.17962094
264095,0.20526549
264112,0.06367791
264113,0.10505186
264131,0.015663795
264145,0.015851304
264148,0.03021697
264157,0.1358579
264161,0.017299332
264173,0.16177772
264188,0.022954276
264195,0.074186586
264198,0.11563093
264199,0.010914531
264207,0.028630262
264209,0.03216009
264226,0.0075306725
264227,0.066563755
264243,0.11469004
264246,0.51064026
264252,0.011932274
264254,0.051108398
264259,0.052392256
264274,0.022931552
264280,0.28243878
264285,0.028196312
264299,0.030793773
264331,0.025111323
264334,0.018247887
264338,0.028302835
264341,0.013869763
264344,0.087038554
264347,0.33441252
264350,0.05167838
264360,0.013243674
264365,0.050221063
264367,0.026372967
264378,0.07309865
264381,0.1732887
264397,0.038052734
264401,0.059236005
264405,0.02010697
264417,0.08543943
264422,0.05197474
264423,0.10743836
264424,0.03170326
264436,0.4269169
264441,0.017787153
264451,0.032606084
264453,0.06827382
264457,0.026730387
264460,0.01911708
264464,0.11404477
264469,0.10989067
264485,0.01248168
264491,0.031419463
264505,0.026615534
264535,0.11282032
264538,0.08027591
264541,0.013208053
264544,0.017146805
264545,0.07682033
264549,0.10749758
264557,0.07825833
264563,0.07704643
264569,0.0057786987
264574,0.06895205
264587,0.11620821
264608,0.03239871
264610,0.15600422
264621,0.023423119
264627,0.13370802
264642,0.090225086
264644,0.014407334
264655,0.039221082
264660,0.06918375
264667,0.11710778
264691,0.064497225
264694,0.070817396
264695,0.01836917
264700,0.02042147
264709,0.009205864
264712,0.07443519
264714,0.020042669
264722,0.028322617
264728,0.016455205
264742,0.037170216
264744,0.028233694
264748,0.013128071
264760,0.05542122
264763,0.21839395
264771,0.07208774
264773,0.012812026
264782,0.41186684
264786,0.07186631
264787,0.060295437
264809,0.04687943
264811,0.035664305
264822,0.043036897
264823,0.114045136
264831,0.02826936
264834,0.110516496
264841,0.028377527
264848,0.050600152
264849,0.18125318
264863,0.3593637
264867,0.011892335
264874,0.08631474
264875,0.017530676
264877,0.057487983
264897,0.16057017
264900,0.16155624
264906,0.011107705
264909,0.08876601
264913,0.010658844
264922,0.030801915
264924,0.028461576
264927,0.15721013
264935,0.026036737
264938,0.28106105
264968,0.019591326
264975,0.094683014
264979,0.0168026
264989,0.033986248
265001,0.09487209
265009,0.14133371
265014,0.044441555
265016,0.026531147
265027,0.22669831
265049,0.020167036
265061,0.21751072
265062,0.023199962
265068,0.01454453
265072,0.054446727
265100,0.049155366
265105,0.025395548
265106,0.03953954
265110,0.021178326
265123,0.04902437
265126,0.309542
265131,0.15526609
265134,0.061844982
265144,0.038391896
265146,0.25310734
265154,0.10413603
265164,0.055008598
265170,0.046638135
265172,0.008045467
265173,0.017995236
265178,0.042995106
265187,0.110182986
265191,0.04601548
265194,0.4810637
265216,0.0261387
265228,0.016471395
265231,0.010118044
265232,0.0527333
265233,0.031322196
265242,0.09391596
265243,0.033750717
265246,0.03163513
265259,0.2277918
265265,0.2910362
265266,0.016619397
265268,0.22740558
265280,0.023713833
265287,0.006094936
265297,0.05125235
265298,0.14960307
265300,0.05793841
265301,0.04085063
265305,0.26619822
265307,0.017178264
265314,0.031094199
265320,0.018037139
265331,0.038988493
265333,0.07012513
265336,0.019418757
265337,0.097182065
265344,0.04495246
265346,0.0035015745
265371,0.015825467
265380,0.04170642
265386,0.014677853
265389,0.04075967
265409,0.10211249
265414,0.043675583
265415,0.027571209
265419,0.010538847
265422,0.017332941
265457,0.0404296
265461,0.08420875
265463,0.111205496
265468,0.20053062
265474,0.18111181
265478,0.02626763
265480,0.3814255
265488,0.07089991
265493,0.047894407
265510,0.10716681
265519,0.093029134
265521,0.17956834
265529,0.045578837
265533,0.11316084
265577,0.039463226
265591,0.08793126
265596,0.3153502
265607,0.03085698
265618,0.105524905
265619,0.031150755
265620,0.013101176
265628,0.120660566
265661,0.036836877
265669,0.022375174
265680,0.075054295
265707,0.13213329
265714,0.058157984
265716,0.015841702
265717,0.19468945
265718,0.075955816
265723,0.11555797
265730,0.05146449
265732,0.017250018
265744,0.20603521
265751,0.09418926
265760,0.16342434
265777,0.08494618
265783,0.070354745
265791,0.07912803
265792,0.02918477
265797,0.0724684
265798,0.019364763
265806,0.049906373
265815,0.021541478
265816,0.1679432
265821,0.02295682
265833,0.009757657
265854,0.020488814
265856,0.06535447
265858,0.023257334
265862,0.24970281
265863,0.077538915
265879,0.1200132
265881,0.018102242
265894,0.08247682
265895,0.59919363
265896,0.038297012
265898,0.072744414
265900,0.09188238
265907,0.011909432
265910,0.121871054
265917,0.0325507
265941,0.10329294
265955,0.03704088
265957,0.10036453
265961,0.025217459
265966,0.0073229973
265969,0.14183809
265974,0.06743041
265976,0.03439097
265979,0.15503913
265985,0.03752143
265988,0.073879726
265990,0.06537007
265991,0.039306313
265993,0.033396672
265995,0.24585757
266009,0.14752048
266010,0.025671463
266014,0.19392093
266020,0.08897808
266022,0.08102797
266029,0.10097998
266045,0.024382558
266057,0.36243597
266060,0.13633107
266065,0.035077516
266071,0.02520457
266072,0.010070805
266074,0.022470666
266076,0.03411803
266089,0.04772974
266091,0.018176885
266097,0.09252788
266099,0.06550985
266106,0.12326908
266117,0.04277331
266120,0.04080738
266129,0.022940699
266132,0.05667512
266139,0.20731384
266140,0.03989056
266141,0.043037746
266146,0.2076171
266149,0.03192787
266159,0.02828132
266165,0.01771726
266171,0.17698248
266173,0.04549363
266177,0.17460212
266179,0.025160711
266186,0.012817859
266210,0.19214723
266227,0.04023917
266266,0.019735487
266291,0.037079554
266319,0.17868571
266321,0.016209926
266323,0.011749063
266329,0.036782026
266331,0.06617778
266333,0.17163329
266334,0.056626085
266338,0.034509152
266340,0.03701055
266344,0.08805965
266354,0.01104954
266359,0.039991364
266362,0.063622676
266364,0.02586297
266365,0.1078739
266379,0.03601319
266380,0.047345974
266387,0.014371525
266393,0.031048635
266396,0.014519523
266406,0.018795319
266418,0.16520439
266424,0.019915525
266440,0.07886614
266442,0.022171613
266444,0.0381287
266453,0.10626354
266455,0.032627936
266461,0.012209857
266462,0.022179533
266465,0.04209862
266466,0.10904799
266468,0.5950824
266471,0.053785965
266479,0.025323302
266499,0.134106
266536,0.2111475
266543,0.040576022
266544,0.03074062
266556,0.06164603
266561,0.018737331
266573,0.08885191
266578,0.060982995
266590,0.10979016
266596,0.063915916
266624,0.15915114
266629,0.035168413
266635,0.010015259
266644,0.007213055
266650,0.03885903
266659,0.06886884
266666,0.0336415
266668,0.03735235
266674,0.14659019
266680,0.06067522
266686,0.14624925
266714,0.092169784
266730,0.016211022
266734,0.17528372
266740,0.2736075
266745,0.01939576
266749,0.058668375
266750,0.014483766
266751,0.14849915
266752,0.10450862
266753,0.021028893
266759,0.08275576
266763,0.02141591
266766,0.020069744
266783,0.038753375
266805,0.011313519
266812,0.027356809
266813,0.12797791
266816,0.05596255
266819,0.023028482
266820,0.40136462
266833,0.03347765
266842,0.031513758
266847,0.044623315
266848,0.013310805
266865,0.09284607
266867,0.08530375
266874,0.0464659
266885,0.03396271
266888,0.016106403
266890,0.1137989
266932,0.074219935
266941,0.12825164
266942,0.030691922
266948,0.015930258
266959,0.011527959
266977,0.015151421
266983,0.012929671
266984,0.060693115
266999,0.1379021
267000,0.09374598
267023,0.24373466
267031,0.058036204
267035,0.029931528
267046,0.03906156
267050,0.032254953
267058,0.033068348
267070,0.032787587
267079,0.042188942
267080,0.042963393
267093,0.0644798
267094,0.059994414
267102,0.006282958
267107,0.01945424
267108,0.047824614
267113,0.035073206
267127,0.048500624
267136,0.03255539
267143,0.01467775
267155,0.1860734
267180,0.010971787
267182,0.017568791
267184,0.017969886
267192,0.055439144
267195,0.14325233
267220,0.027453957
267228,0.012046162
267237,0.07026282
267241,0.06639208
267242,0.2857736
267247,0.08718511
267259,0.09501498
267260,0.123077035
267265,0.0510157
267269,0.111135185
267272,0.03459256
267275,0.016870053
267282,0.12587264
267284,0.48028237
267294,0.05210879
267298,0.021419203
267304,0.17090902
267316,0.1877686
267324,0.034994967
267327,0.077310205
267333,0.015725046
267338,0.02835838
267341,0.064421214
267342,0.041795664
267344,0.073829465
267345,0.19589475
267347,0.01747783
267361,0.18553118
267374,0.024488105
267379,0.06287316
267380,0.02075018
267382,0.033077437
267394,0.046882622
267403,0.13458782
267405,0.08615649
267412,0.017687138
267421,0.16544206
267437,0.05782565
267438,0.040319193
267443,0.008926764
267446,0.024760297
267460,0.21514335
267466,0.13165961
267469,0.0080795325
267474,0.036952052
267488,0.026285846
267490,0.023739647
267496,0.27257812
267499,0.043320756
267501,0.085578404
267518,0.06894032
267522,0.21092434
267524,0.034506492
267532,0.03350384
267535,0.15732087
267547,0.024546653
267550,0.009352126
267559,0.062023543
267581,0.021164246
267586,0.05228548
267588,0.1902409
267592,0.05061744
267597,0.032516047
267600,0.013516416
267608,0.014152793
267620,0.043129914
267625,0.079948336
267628,0.059106953
267633,0.05258312
267639,0.03492048
267649,0.061550107
267659,0.11676993
267662,0.08450917
267671,0.034564275
267672,0.0102498885
267677,0.033565924
267679,0.14074421
267682,0.036153384
267687,0.107740074
267689,0.013632238
267690,0.029583372
267707,0.14373803
267709,0.01466754
267716,0.012571742
267738,0.02532606
267744,0.07267428
267752,0.01180977
267754,0.18308078
267755,0.2702816
267757,0.038791925
267758,0.079255216
267767,0.2288648
267771,0.02564057
267808,0.16621654
267815,0.14604846
267833,0.13429445
267841,0.0366269
267843,0.038301233
267847,0.024699826
267857,0.009845941
267869,0.13164544
267881,0.21178703
267887,0.04649962
267890,0.015318161
267892,0.17415693
267895,0.063891456
267899,0.091257066
267906,0.02964683
267912,0.095347755
267917,0.13162118
267927,0.014393784
267930,0.01798302
267934,0.060499508
267950,0.019289048
267965,0.046473313
267966,0.024095599
267976,0.015089634
267998,0.027974712
267999,0.015412688
268012,0.036240544
268013,0.10077338
268014,0.012138002
268020,0.02477308
268028,0.17190917
268032,0.069777995
268039,0.04103321
268041,0.026337652
268046,0.032018088
268059,0.069417596
268064,0.082028516
268066,0.034963336
268073,0.20267856
268077,0.018167552
268085,0.016793849
268090,0.09845061
268109,0.1796473
268139,0.055305943
268151,0.05937941
268153,0.04228718
268155,0.2565607
268163,0.036645014
268166,0.010841011
268185,0.010281064
268189,0.027245117
268190,0.023511536
268192,0.049744237
268211,0.09025319
268213,0.034963995
268214,0.016709099
268220,0.036163792
268225,0.03613722
268227,0.106919676
268230,0.022817956
268247,0.21525012
268250,0.079612285
268268,0.053630155
268269,0.020256646
268271,0.1358084
268274,0.04582363
268280,0.09625869
268291,0.11267614
268299,0.024465572
268301,0.044306938
268306,0.02356216
268307,0.06432248
268310,0.022734739
268317,0.20762616
268328,0.021809764
268329,0.0034287581
268337,0.11121324
268338,0.015792439
268357,0.0076008355
268363,0.059487086
268373,0.008298694
268380,0.06739731
268386,0.05326989
268394,0.016033322
268407,0.013570184
268411,0.091158636
268417,0.027236097
268421,0.36926004
268422,0.08915909
268426,0.09951772
268427,0.07024881
268439,0.24529023
268445,0.023982853
268446,0.027715508
268459,0.040958088
268465,0.1038153
268466,0.05174596
268495,0.025600707
268497,0.042225745
268504,0.13918036
268508,0.10597542
268513,0.140771
268525,0.027151963
268545,0.047335535
268546,0.02268401
268550,0.02075286
268568,0.0199093
268570,0.23981035
268590,0.018861607
268591,0.14538527
268602,0.02902917
268609,0.039713375
268616,0.02512259
268623,0.10055732
268645,0.1788275
268652,0.11813507
268668,0.08649673
268685,0.009329802
268707,0.038755722
268711,0.09455
268714,0.030463975
268736,0.02840555
268746,0.31586698
268747,0.021232126
268749,0.0964876
268760,0.0723792
268761,0.008287036
268764,0.2197978
268781,0.014827344
268790,0.07137571
268799,0.017560966
268809,0.06118697
268814,0.049210455
268817,0.043901585
268822,0.005840625
268827,0.04997803
268828,0.060893666
268829,0.08507748
268845,0.03588929
268853,0.017377945
268859,0.008687686
268900,0.007345044
268911,0.019191999
268913,0.1618382
268917,0.1814397
268930,0.074162945
268934,0.022370689
268935,0.10704607
268938,0.033500794
268948,0.020952564
268950,0.049177356
268958,0.015820269
268975,0.028807491
268982,0.04900377
268983,0.050087035
268997,0.03926793
269009,0.0295902
269012,0.07595497
269017,0.1460669
269031,0.06853218
269038,0.21574956
269041,0.10022501
269045,0.06198172
269050,0.020146096
269056,0.016721772
269058,0.023125095
269060,0.044089045
269067,0.16984779
269082,0.038502425
269098,0.14581253
269105,0.024879273
269117,0.11604889
269123,0.15543857
269128,0.033343017
269143,0.06743577
269149,0.08804475
269162,0.21509366
269168,0.045860484
269172,0.17148168
269175,0.23511302
269189,0.038502637
269194,0.02099958
269197,0.03197675
269204,0.07937878
269211,0.02164288
269217,0.11851505
269222,0.046178125
269227,0.03612021
269228,0.040571947
269232,0.048110757
269250,0.104965396
269251,0.011057508
269257,0.2271576
269262,0.010098253
269263,0.07200868
269267,0.027919093
269275,0.085583106
269276,0.02238895
269279,0.01397792
269293,0.3225607
269300,0.09939289
269305,0.05597463
269309,0.030640481
269317,0.13458766
269352,0.27405468
269377,0.13785033
269378,0.03990686
269389,0.05115805
269392,0.045854963
269394,0.03265472
269402,0.17480794
269408,0.0071207876
269410,0.010998903
269417,0.05772029
269421,0.17605555
269462,0.052235145
269481,0.017277574
269488,0.2505729
269489,0.030216992
269491,0.09897637
269495,0.023522247
269503,0.0063252226
269510,0.087884344
269515,0.1650951
269522,0.030318342
269523,0.03814265
269536,0.022316737
269537,0.04005315
269549,0.015862867
269571,0.1773952
269576,0.016957983
269587,0.13469148
269595,0.04546406
269601,0.05020398
269610,0.33279386
269618,0.032934804
269620,0.106278375
269623,0.015233593
269637,0.05288134
269642,0.02202016
269652,0.053387653
269655,0.018125031
269661,0.13839084
269663,0.07676646
269665,0.00883183
269666,0.10013471
269667,0.016368542
269673,0.036955107
269693,0.057108376
269701,0.043153945
269702,0.032061536
269704,0.2031484
269718,0.09089102
269727,0.012461079
269732,0.021609232
269736,0.06097624
269738,0.022481618
269741,0.016999861
269744,0.019213649
269749,0.18720669
269750,0.035997476
269758,0.054340933
269775,0.09848578
269776,0.04642002
269777,0.06837287
269789,0.012746874
269794,0.042150192
269797,0.041668702
269807,0.16712114
269813,0.021170564
269844,0.07957274
269848,0.07960327
269871,0.019818729
269877,0.017324334
269878,0.124879256
269887,0.028299287
269904,0.019871876
269913,0.24713656
269938,0.13567609
269941,0.1633105
269953,0.13945945
269954,0.023649108
269955,0.062647656
269958,0.122084305
269960,0.04461364
269966,0.04160293
269975,0.0417303
269978,0.04114015
269989,0.09097829
269993,0.01331737
269998,0.011551527
270001,0.14056008
270020,0.04922893
270023,0.07193513
270028,0.05350798
270048,0.032952428
270061,0.047559362
270062,0.10751649
270096,0.47043875
270108,0.023423761
270118,0.024228455
270120,0.117215
270122,0.027354456
270127,0.056962334
270131,0.06473136
270142,0.010558676
270146,0.029444927
270148,0.032373097
270152,0.0071857893
270165,0.006922832
270170,0.026094595
270188,0.015398446
270204,0.0944982
270235,0.042982582
270243,0.27348465
270254,0.08027237
270265,0.030777413
270270,0.09695047
270287,0.039912138
270295,0.024748387
270296,0.003688326
270302,0.033681266
270304,0.13135807
270307,0.020475497
270310,0.09836177
270317,0.022499876
270324,0.09547514
270326,0.053103
270337,0.009974878
270363,0.061630376
270371,0.020666245
270373,0.024766048
270375,0.027642546
270376,0.043564722
270379,0.015312221
270383,0.25576422
270390,0.02786124
270393,0.041455507
270402,0.022100553
270410,0.110984534
270411,0.025171125
270412,0.080002435
270415,0.032932997
270417,0.10694217
270436,0.17022827
270440,0.015021103
270449,0.015301597
270450,0.1362661
270457,0.14846604
270460,0.023206392
270461,0.014159873
270467,0.016154958
270473,0.08298942
270486,0.085867584
270488,0.03348846
270513,0.038305327
270518,0.112804666
270522,0.029191349
270526,0.0146016395
270532,0.027692106
270545,0.20746794
270548,0.106885985
270550,0.008630442
270562,0.12324931
270564,0.026290867
270571,0.03753184
270572,0.09976922
270574,0.047348995
270575,0.12165486
270579,0.033733346
270612,0.13106424
270613,0.15994205
270622,0.013797046
270636,0.025518548
270643,0.030446846
270644,0.0086283
270645,0.030292355
270658,0.089035384
270661,0.014929144
270665,0.067360274
270676,0.16183594
270685,0.04664294
270695,0.057204776
270712,0.040427998
270719,0.030609602
270740,0.028008942
270753,0.015139151
270756,0.0263611
270759,0.20853524
270760,0.021250606
270764,0.10102001
270767,0.024620833
270778,0.005302863
270782,0.10360149
270794,0.1315633
270795,0.17953424
270799,0.032186463
270807,0.07610485
270821,0.042161822
270826,0.027529577
270829,0.02098493
270831,0.025490388
270843,0.041153625
270844,0.16642436
270847,0.03498318
270854,0.009156146
270856,0.069948696
270861,0.02103359
270862,0.059667997
270864,0.061654393
270881,0.045255452
270883,0.09745327
270885,0.31546313
270888,0.02514494
270894,0.009214301
270906,0.0658957
270914,0.024291893
270919,0.03761975
270935,0.037994985
270945,0.084862374
270957,0.11310743
270966,0.037564684
270970,0.072928816
270971,0.13348931
270976,0.03603457
270977,0.3326854
270978,0.034148086
270979,0.057273258
270982,0.045987666
270987,0.08589791
270989,0.1078204
270991,0.058576446
270992,0.012170383
270993,0.013273119
270997,0.32785735
271010,0.25437418
271025,0.02982955
271037,0.070158936
271038,0.01543878
271054,0.020629812
271056,0.12336714
271065,0.026485955
271070,0.041862816
271095,0.020237371
271099,0.016284129
271102,0.0150172515
271103,0.08069908
271105,0.18611899
271106,0.06502066
271117,0.053110663
271134,0.12037932
271135,0.231422
271137,0.14934461
271145,0.1340623
271149,0.108654015
271195,0.035785835
271199,0.0797026
271200,0.29228666
271220,0.051871147
271233,0.06404471
271234,0.08227425
271236,0.09480808
271248,0.017843598
271250,0.27140054
271251,0.040079284
271255,0.050905824
271261,0.026921097
271269,0.030587416
271276,0.033676874
271296,0.29079315
271304,0.16181308
271314,0.010658739
271318,0.014457484
271322,0.016242992
271325,0.051883608
271354,0.04405514
271355,0.022785626
271359,0.027549643
271361,0.03469329
271363,0.40657622
271367,0.12538086
271368,0.047854155
271369,0.017044958
271393,0.47520944
271409,0.085147634
271415,0.028169118
271418,0.1425457
271429,0.07965094
271431,0.022189792
271432,0.24364586
271442,0.090201445
271446,0.06456777
271448,0.08899484
271450,0.23059873
271452,0.014464198
271460,0.07638815
271461,0.10452304
271472,0.04854035
271496,0.03178962
271515,0.040133514
271527,0.036700886
271537,0.040835086
271544,0.044898547
271562,0.06516886
271565,0.02525443
271566,0.13346216
271567,0.04507169
271570,0.20325541
271576,0.032830816
271582,0.1994125
271586,0.06070833
271593,0.03879868
271598,0.030697992
271606,0.03326188
271607,0.01663818
271616,0.13863233
271617,0.085925914
271624,0.022917952
271638,0.07085203
271652,0.02718337
271657,0.017981974
271662,0.036686372
271665,0.040510044
271667,0.028011778
271670,0.045204397
271675,0.045486145
271679,0.11611371
271682,0.08894291
271696,0.033584863
271699,0.007904416
271733,0.030256854
271739,0.019330712
271746,0.008863811
271753,0.07796794
271756,0.13005665
271762,0.05464099
271777,0.01477906
271781,0.014148569
271785,0.02736007
271786,0.041676473
271790,0.01482593
271801,0.14276455
271806,0.03310194
271807,0.08617194
271810,0.058938365
271811,0.034730095
271815,0.065116294
271847,0.015683085
271875,0.07130372
271878,0.062694654
271880,0.11803972
271883,0.037664223
271911,0.16249615
271912,0.048152395
271914,0.09543851
271922,0.07173009
271933,0.029145392
271945,0.085549705
271952,0.009584253
271954,0.05553642
271961,0.0521651
271967,0.012180574
271969,0.02750157
271980,0.06876723
271989,0.015387801
271991,0.07443279
272000,0.046605643
272004,0.14360896
272010,0.033418447
272013,0.195168
272029,0.13622609
272030,0.03627225
272031,0.025038786
272035,0.007090588
272040,0.23617491
272043,0.039730456
272055,0.11921318
272068,0.06243819
272075,0.22552629
272081,0.01271584
272090,0.030602463
272104,0.01467709
272116,0.02798397
272121,0.007701997
272129,0.025463415
272143,0.08524472
272146,0.033201255
272148,0.28918993
272152,0.21302584
272167,0.045203254
272180,0.040476907
272192,0.018677419
272201,0.03953886
272205,0.047316484
272209,0.14349358
272211,0.040238447
272228,0.049928468
272233,0.14187163
272235,0.1272646
272249,0.20394498
272267,0.059461374
272270,0.022892037
272276,0.029382123
272302,0.12830845
272303,0.017659992
272308,0.08118291
272309,0.1300007
272311,0.031885684
272313,0.015993696
272353,0.030352734
272366,0.072419934
272367,0.05232719
272371,0.022699518
272381,0.023169162
272404,0.09513725
272405,0.03713421
272418,0.0873639
272419,0.029721629
272425,0.037121613
272438,0.0452057
272444,0.07323212
272445,0.052898634
272462,0.01308127
272474,0.014932896
272478,0.056406174
272479,0.15005411
272480,0.05704189
272482,0.0206369
272511,0.25854304
272512,0.013458844
272516,0.031455643
272517,0.025956918
272522,0.037242122
272537,0.045433566
272555,0.030904513
272564,0.22819677
272566,0.027678732
272573,0.01718373
272575,0.017559288
272583,0.036061898
272593,0.042669352
272627,0.037233863
272628,0.11842564
272630,0.019391788
272632,0.015381308
272635,0.36982417
272636,0.021264741
272661,0.019407643
272669,0.02562224
272672,0.024600755
272681,0.23732519
272682,0.0697883
272691,0.043611825
272697,0.021113677
272706,0.05763987
272708,0.025722925
272717,0.03504903
272722,0.0140665695
272723,0.009364238
272737,0.005236874
272744,0.013400532
272752,0.30455264
272757,0.009299679
272760,0.044996064
272763,0.05440984
272768,0.022061374
272779,0.019185781
272781,0.15464169
272787,0.095885284
272795,0.103837274
272799,0.03940958
272820,0.13516285
272821,0.027186604
272829,0.15297331
272852,0.033552926
272863,0.09183971
272878,0.03918019
272886,0.017359331
272891,0.16903548
272903,0.070335865
272914,0.009404106
272928,0.075601086
272937,0.095650375
272938,0.1050029
272944,0.049933195
272965,0.14223592
272967,0.046898916
272969,0.10482424
272983,0.15139124
272998,0.20091832
273002,0.10077135
273005,0.021255376
273010,0.04185942
273011,0.027693069
273017,0.03852198
273021,0.28268033
273023,0.08424021
273027,0.074337475
273035,0.014134117
273047,0.16935574
273053,0.0127306525
273060,0.3269869
273062,0.029647263
273074,0.105703585
273078,0.015796367
273079,0.027487421
273087,0.072593085
273107,0.04784828
273109,0.008443295
273112,0.013220496
273113,0.07713001
273117,0.037660263
273121,0.23766392
273137,0.044959325
273156,0.028842218
273157,0.088577315
273177,0.17119385
273192,0.036689535
273193,0.011362855
273194,0.077711314
273198,0.09341783
273199,0.027144207
273206,0.049113225
273213,0.043888018
273235,0.028393926
273244,0.06946144
273247,0.1684638
273248,0.19728243
273254,0.025378687
273259,0.017743852
273270,0.028891845
273272,0.053656477
273287,0.01636072
273289,0.066667326
273294,0.011244084
273301,0.056223273
273304,0.07270073
273313,0.041250408
273314,0.055202603
273333,0.08922728
273336,0.2627228
273343,0.013174461
273353,0.027453486
273359,0.033920385
273371,0.020072492
273402,0.061482605
273415,0.012559719
273420,0.39520863
273424,0.031459272
273428,0.028916806
273429,0.014905145
273443,0.121944115
273457,0.011610554
273458,0.021555377
273467,0.07473086
273477,0.017767845
273482,0.05367603
273495,0.02826361
273496,0.013001447
273503,0.033210974
273507,0.075885996
273508,0.23001438
273510,0.023523446
273524,0.13821775
273552,0.02297119
273556,0.066050515
273566,0.045611
273579,0.0680174
273584,0.06183542
273595,0.0754484
273606,0.030381622
273623,0.06110832
273625,0.077337556
273638,0.18428652
273660,0.03149418
273664,0.032897834
273683,0.044877052
273686,0.026493413
273687,0.12790784
273699,0.16248904
273700,0.22178927
273719,0.017283736
273721,0.10086178
273728,0.049145736
273764,0.014334828
273770,0.027257245
273774,0.076098405
273792,0.09373671
273806,0.0076131034
273807,0.069183476
273818,0.027769811
273823,0.08675615
273835,0.35348675
273856,0.047269713
273861,0.018425496
273863,0.05323474
273864,0.115652665
273874,0.14429183
273879,0.17770314
273892,0.1113543
273895,0.13936606
273899,0.01889703
273900,0.09801091
273912,0.061752196
273921,0.020782543
273941,0.0388865
273946,0.015012984
273954,0.11455335
273956,0.01928104
273962,0.064007975
273968,0.09109905
273985,0.08279792
274000,0.185404
274003,0.01028501
274004,0.03406981
274006,0.042957406
274019,0.21566316
274022,0.23086753
274023,0.15769783
274034,0.13942716
274043,0.022435717
274052,0.09814964
274054,0.372435
274058,0.11059205
274063,0.096769355
274070,0.03199703
274072,0.04768692
274081,0.02991095
274108,0.21336026
274118,0.39718676
274125,0.062298767
274129,0.017238341
274140,0.06431711
274142,0.048117016
274146,0.02398434
274147,0.15246704
274155,0.0070172553
274163,0.052842375
274165,0.013041654
274174,0.018116139
274182,0.18778422
274186,0.03518518
274188,0.040983386
274193,0.11529599
274198,0.14871071
274216,0.014242751
274219,0.011619405
274225,0.1842273
274229,0.025218554
274248,0.024792643
274268,0.019719418
274274,0.015105219
274286,0.02057506
274289,0.05537896
274297,0.02540629
274302,0.026324976
274326,0.050105907
274346,0.037989408
274348,0.05541253
274349,0.02836814
274350,0.031462554
274353,0.022985652
274359,0.27285022
274364,0.009774668
274368,0.015252144
274373,0.043184754
274378,0.12935299
274389,0.011640299
274390,0.054629967
274391,0.008450133
274392,0.050839733
274396,0.20137338
274408,0.17773652
274409,0.03298703
274424,0.15872611
274453,0.16169073
274460,0.024546882
274465,0.08318902
274468,0.01729357
274481,0.1435736
274482,0.010522496
274484,0.020982947
274490,0.15285115
274509,0.011064405
274511,0.021947159
274515,0.09030595
274521,0.0505254
274523,0.13245076
274525,0.11507098
274539,0.02383144
274541,0.06309045
274574,0.13276237
274585,0.021366285
274587,0.158132
274594,0.09349988
274600,0.091707654
274605,0.060583524
274611,0.017348696
274619,0.12840097
274641,0.1257637
274666,0.09634829
274688,0.043994296
274690,0.086944774
274699,0.07371942
274703,0.06434064
274715,0.023441242
274717,0.06630897
274760,0.19883333
274774,0.10946627
274791,0.09369575
274801,0.020754803
274804,0.12985444
274808,0.17325959
274813,0.01899684
274815,0.08451856
274818,0.022191541
274820,0.021338426
274829,0.06853891
274847,0.33759806
274865,0.03824932
274870,0.026964013
274881,0.15045547
274890,0.10615823
274894,0.069318786
274902,0.039300505
274905,0.09049901
274911,0.029597221
274912,0.14987564
274914,0.013777115
274927,0.021247834
274931,0.01657823
274944,0.2677475
274951,0.14638443
274953,0.09929459
274954,0.02488116
274961,0.02577563
274965,0.114826865
274972,0.05695793
274978,0.031903148
274984,0.02019127
274993,0.031233622
274996,0.034551214
275043,0.0046268953
275048,0.047393236
275052,0.053753216
275059,0.035767388
275060,0.026105763
275071,0.033681694
275077,0.070840605
275078,0.06666301
275091,0.02236999
275098,0.12609369
275111,0.09491623
275120,0.17558548
275121,0.10377814
275125,0.030355638
275129,0.026018571
275139,0.019901136
275150,0.052188087
275153,0.04788672
275166,0.12137603
275185,0.11515693
275199,0.21440443
275201,0.03927589
275203,0.024934076
275216,0.11733398
275225,0.35591286
275226,0.02858595
275232,0.034788966
275254,0.036830187
275256,0.47732875
275272,0.115074866
275278,0.008527571
275280,0.050865155
275286,0.06647214
275288,0.016294466
275299,0.003440464
275306,0.17901188
275313,0.018942444
275314,0.06354859
275319,0.23305225
275324,0.10005252
275330,0.047026124
275334,0.0913884
275335,0.13732576
275337,0.10957334
275339,0.12044651
275351,0.02545369
275352,0.0724936
275367,0.03638846
275384,0.04053015
275392,0.018273441
275393,0.05070022
275408,0.09348766
275411,0.06959401
275413,0.32462224
275415,0.013378989
275416,0.03150169
275422,0.014546499
275424,0.026062766
275438,0.060037907
275440,0.059393995
275468,0.025636643
275469,0.0397289
275473,0.13298915
275482,0.074250974
275488,0.016647475
275502,0.07075554
275503,0.021583157
275511,0.065369226
275518,0.042559378
275520,0.011955791
275524,0.035202656
275531,0.11153177
275537,0.03265702
275558,0.049298346
275574,0.071975164
275576,0.07239935
275583,0.011475247
275588,0.13515793
275605,0.18797676
275612,0.0857428
275627,0.09241407
275633,0.03660599
275646,0.09635339
275647,0.08560954
275653,0.2197392
275661,0.08977685
275683,0.027318023
275688,0.019071633
275691,0.09126345
275713,0.072226144
275731,0.016352488
275735,0.20425808
275739,0.0074053197
275761,0.06842948
275762,0.039049804
275767,0.031114945
275768,0.19817737
275769,0.23902434
275774,0.025063245
275776,0.02953141
275783,0.022828607
275800,0.04773233
275805,0.12224139
275836,0.009988785
275842,0.058604717
275855,0.35421905
275860,0.01074781
275870,0.06886638
275884,0.19512391
275897,0.03247727
275899,0.00954889
275900,0.050171025
275906,0.071479276
275912,0.042900786
275922,0.1320449
275929,0.15181172
275931,0.12516782
275932,0.025535455
275936,0.21635434
275937,0.016520599
275947,0.12524973
275949,0.20939337
275954,0.11604393
275958,0.020440437
275966,0.16421759
275967,0.022401182
275970,0.18903825
275989,0.13577795
275993,0.07085553
275995,0.038990077
275998,0.04751465
276007,0.043641925
276011,0.043931987
276029,0.06969379
276047,0.01998114
276048,0.04857843
276050,0.09985776
276054,0.08302342
276056,0.032068294
276057,0.09449145
276060,0.016001396
276084,0.009110644
276089,0.0051935916
276118,0.013942148
276121,0.09769855
276122,0.10473981
276130,0.017918276
276134,0.112940215
276135,0.013514833
276142,0.19549695
276164,0.028500108
276195,0.11321966
276210,0.1673843
276235,0.03525936
276238,0.017569704
276242,0.021941181
276244,0.12725933
276247,0.027886922
276263,0.17513932
276306,0.19874558
276309,0.018226484
276319,0.071710065
276334,0.08360181
276338,0.0077518243
276343,0.016130798
276344,0.11550306
276345,0.010952395
276348,0.024345573
276359,0.034595642
276363,0.07148008
276365,0.041248016
276366,0.08999608
276373,0.04319876
276378,0.089252226
276386,0.057202935
276405,0.041705392
276419,0.010550962
276422,0.020762809
276430,0.08217491
276437,0.032555014
276442,0.099172935
276444,0.02129535
276446,0.030587338
276455,0.08857106
276470,0.022601306
276472,0.02016382
276475,0.15847588
276479,0.011339257
276484,0.016458971
276487,0.21864168
276488,0.23769267
276495,0.09881001
276497,0.16853715
276508,0.5026746
276509,0.07306182
276516,0.018430084
276521,0.0067863436
276525,0.085125096
276550,0.026298381
276560,0.043187983
276569,0.023752343
276584,0.0126591725
276603,0.017697405
276615,0.007066036
276617,0.027614389
276622,0.012453208
276625,0.047427047
276629,0.057637654
276642,0.037575383
276664,0.03172587
276674,0.024104694
276675,0.36979195
276678,0.06976506
276692,0.021171058
276693,0.016915055
276697,0.01902038
276703,0.062233415
276705,0.09182581
276717,0.06448807
276728,0.047427338
276744,0.060649905
276762,0.092415914
276764,0.023065725
276781,0.056340717
276793,0.058155004
276798,0.036126915
276800,0.05569276
276805,0.014895368
276824,0.0515758
276826,0.03588658
276848,0.1371252
276854,0.092903584
276862,0.22118616
276865,0.09731581
276869,0.027352026
276880,0.005412039
276882,0.05063579
276886,0.037834834
276889,0.057380717
276892,0.13674998
276903,0.009918675
276906,0.055706427
276936,0.009352664
276945,0.018312067
276956,0.03997495
276958,0.021622013
276963,0.008290324
276966,0.016658502
276987,0.020142933
276993,0.054476682
276994,0.013461315
277004,0.22200903
277015,0.014952591
277021,0.13540044
277024,0.01672253
277032,0.04142272
277054,0.10375612
277055,0.04240254
277061,0.022685347
277065,0.1865502
277070,0.070735164
277079,0.1351016
277088,0.035770997
277108,0.05406923
277114,0.054296337
277121,0.0446323
277137,0.08894195
277148,0.08944047
277158,0.16019487
277162,0.0652138
277165,0.28482813
277167,0.020232692
277170,0.05189435
277172,0.020606322
277177,0.036320053
277179,0.23378357
277182,0.035997856
277185,0.02154463
277191,0.078039646
277200,0.23409723
277211,0.016397286
277217,0.022133585
277221,0.066872984
277226,0.02865664
277227,0.06694338
277228,0.24776374
277229,0.032727532
277244,0.19681728
277271,0.017276684
277274,0.08344894
277282,0.016785529
277286,0.039133023
277288,0.09728444
277290,0.0067154947
277291,0.025981197
277296,0.010288622
277297,0.03968775
277320,0.05363163
277327,0.13992141
277335,0.1935106
277336,0.0363272
277338,0.05593066
277342,0.2025239
277344,0.022374418
277345,0.053568058
277349,0.025350578
277356,0.045652542
277370,0.059777178
277371,0.19917196
277379,0.11928674
277386,0.25407138
277390,0.1273001
277400,0.03804154
277401,0.1669749
277412,0.031172942
277413,0.09827916
277415,0.02467183
277417,0.19521481
277419,0.06541591
277422,0.14775488
277423,0.016286435
277425,0.019055825
277432,0.027779758
277438,0.022995932
277445,0.02499512
277447,0.12840535
277456,0.03864292
277457,0.029294198
277474,0.06896703
277488,0.043122772
277494,0.07910628
277501,0.06813871
277503,0.06553469
277510,0.048136037
277516,0.11467695
277521,0.12031332
277522,0.029749392
277530,0.026305182
277531,0.19932169
277536,0.08719801
277548,0.024149934
277550,0.046796173
277554,0.04164818
277555,0.05117884
277562,0.072008274
277565,0.08932395
277566,0.011873411
277572,0.09126101
277592,0.20245266
277593,0.017997049
277610,0.06831278
277621,0.037946746
277654,0.20809335
277668,0.014341277
277673,0.00929692
277675,0.02264982
277694,0.014541195
277697,0.29722354
277699,0.028007274
277700,0.010667496
277701,0.03247892
277708,0.07490942
277710,0.030652069
277717,0.13491182
277725,0.09468661
277731,0.056525167
277746,0.17737481
277753,0.03155341
277757,0.22444016
277764,0.033863235
277772,0.036288973
277775,0.17028746
277777,0.019943155
277787,0.033443037
277797,0.03321134
277798,0.054179642
277802,0.32167378
277812,0.049168684
277816,0.11373281
277820,0.0065164985
277821,0.020017833
277822,0.106707364
277838,0.075084046
277845,0.015017823
277846,0.02125363
277854,0.16952208
277856,0.10093177
277866,0.14632277
277874,0.06794025
277893,0.110748574
277900,0.031755008
277964,0.023671342
277970,0.016424619
277976,0.031083722
277983,0.03199389
277994,0.035268936
278011,0.056346346
278025,0.21252753
278045,0.13954236
278048,0.18047117
278066,0.008422562
278088,0.03929078
278098,0.040065236
278101,0.17158288
278113,0.0117659215
278114,0.06206829
278128,0.05018317
278152,0.07440643
278157,0.10688228
278168,0.10419056
278169,0.049652513
278174,0.03587899
278176,0.0076848436
278181,0.17302713
278185,0.100942135
278225,0.032592
278236,0.21816453
278242,0.01714511
278244,0.010927413
278251,0.046963498
278252,0.060046904
278272,0.16052592
278279,0.010333043
278287,0.20831396
278288,0.04026051
278309,0.055050135
278310,0.037822623
278316,0.035793297
278318,0.5844177
278320,0.027299816
278344,0.2617021
278356,0.20744492
278359,0.013132161
278361,0.03059433
278368,0.03980417
278372,0.03005836
278384,0.14306787
278388,0.02149612
278409,0.19303009
278414,0.044680644
278415,0.15154333
278416,0.024981376
278422,0.038052883
278423,0.31260744
278432,0.094953716
278436,0.047861878
278455,0.026263462
278461,0.23704417
278469,0.14558224
278482,0.10935265
278487,0.058843944
278493,0.055700343
278501,0.091511674
278508,0.18207355
278511,0.04986936
278519,0.015731853
278526,0.016861418
278530,0.13180304
278533,0.007567551
278539,0.12614928
278545,0.02514643
278556,0.05326492
278559,0.036220938
278587,0.024356732
278601,0.047663227
278603,0.06788197
278604,0.106379144
278605,0.03303805
278606,0.0177238
278613,0.049083073
278616,0.13653654
278618,0.053261902
278632,0.08488665
278633,0.11650213
278637,0.012983481
278645,0.09048567
278649,0.10027062
278653,0.21017283
278662,0.016269362
278673,0.108974256
278700,0.07388945
278703,0.077433884
278704,0.05036726
278723,0.03858486
278725,0.0395019
278730,0.06567451
278750,0.022797966
278765,0.056930672
278770,0.016578143
278779,0.028721785
278787,0.0372151
278791,0.010979551
278804,0.021511136
278807,0.065065995
278810,0.033126198
278812,0.030140156
278815,0.26223657
278821,0.054163795
278825,0.012609724
278832,0.03490319
278836,0.04649223
278838,0.11970078
278840,0.09285738
278844,0.07904664
278862,0.014538872
278863,0.031751517
278871,0.030524489
278875,0.011565283
278892,0.533532
278899,0.049869522
278903,0.07146711
278909,0.045035042
278913,0.3281218
278931,0.012607308
278932,0.053621404
278933,0.12265679
278937,0.024668181
278952,0.033374786
278954,0.016211167
278960,0.09877804
278967,0.049171437
278968,0.019733097
278972,0.15812576
278976,0.14533229
278982,0.05883602
278983,0.049485806
279001,0.083268225
279015,0.06733028
279018,0.08954707
279035,0.0814048
279040,0.08723525
279043,0.104947634
279046,0.034657665
279061,0.041031174
279063,0.03148948
279065,0.013415021
279068,0.027117774
279070,0.06052177
279074,0.2140352
279076,0.092769034
279086,0.009284468
279095,0.028143989
279107,0.08367088
279108,0.18410923
279109,0.0036321366
279110,0.07143617
279111,0.0325001
279129,0.025785157
279134,0.023976086
279137,0.04675857
279142,0.14356674
279146,0.008876119
279153,0.0047647147
279157,0.03449234
279165,0.017565984
279166,0.009178222
279172,0.061081566
279173,0.05808357
279174,0.122695915
279179,0.14693722
279182,0.011427832
279186,0.032330498
279187,0.021007556
279189,0.020480495
279201,0.041550208
279202,0.035060186
279213,0.012662547
279214,0.022550954
279217,0.015770804
279230,0.14939716
279232,0.08227594
279233,0.022015363
279235,0.041924085
279250,0.02333099
279252,0.017582344
279257,0.049572747
279265,0.036847383
279266,0.016998466
279279,0.051893566
279281,0.018465
279282,0.022879338
279285,0.059488848
279286,0.07780515
279297,0.035317212
279300,0.04463839
279318,0.022763213
279324,0.042644612
279334,0.04210365
279335,0.048116162
279336,0.081906125
279341,0.08287561
279342,0.37559116
279353,0.032696765
279357,0.0940589
279371,0.14473037
279376,0.02754726
279391,0.032066856
279392,0.013941151
279402,0.08226795
279406,0.15575987
279408,0.06600827
279434,0.043453228
279439,0.011470808
279448,0.028508505
279450,0.058858134
279456,0.025835171
279461,0.058891255
279466,0.010960792
279470,0.05228141
279471,0.008195088
279493,0.059166357
279500,0.015614825
279506,0.012509376
279512,0.07016241
279519,0.0627809
279533,0.014700449
279549,0.028976055
279551,0.30387935
279556,0.013444948
279557,0.039604038
279558,0.11811808
279566,0.09288241
279592,0.053794548
279595,0.13882807
279604,0.09805581
279608,0.016795715
279614,0.07195999
279618,0.07901847
279622,0.10518032
279648,0.15059921
279652,0.03744208
279653,0.07976572
279679,0.02457203
279690,0.044945735
279691,0.11332367
279694,0.19967346
279698,0.04592713
279702,0.013811281
279712,0.034105945
279713,0.08947807
279715,0.008265685
279725,0.03308465
279727,0.09308602
279733,0.03106457
279742,0.082320996
279748,0.054990556
279754,0.016889011
279756,0.10711875
279776,0.03829161
279778,0.1385152
279779,0.016453754
279782,0.071481965
279793,0.027397562
279794,0.015433092
279804,0.34976017
279810,0.012127794
279817,0.36772972
279828,0.041561175
279830,0.05001509
279831,0.10604421
279834,0.10231893
279835,0.030219784
279840,0.019641005
279847,0.026304353
279852,0.042976316
279854,0.055821396
279856,0.053758286
279859,0.08048084
279862,0.015122878
279876,0.05075191
279878,0.10474717
279889,0.012760881
279894,0.03433199
279897,0.0281045
279903,0.043943934
279904,0.04973688
279906,0.036121048
279909,0.2527512
279922,0.28120852
279925,0.027593795
279939,0.2298438
279940,0.034577835
279942,0.06546444
279948,0.016623223
279952,0.0056254966
279960,0.020084402
279968,0.026676737
279969,0.06408692
279977,0.35683772
279980,0.10679662
279994,0.06459621
279997,0.123425655
279998,0.24415025
280007,0.099808134
280009,0.111559324
280010,0.32744914
280020,0.06708463
280021,0.05205944
280022,0.07343114
280052,0.0332421
280058,0.017352061
280074,0.07136508
280076,0.016411174
280085,0.2628299
280091,0.043383587
280095,0.022636103
280107,0.17160392
280116,0.08925955
280140,0.08057176
280144,0.09442297
280156,0.06870931
280177,0.005791311
280191,0.015133586
280205,0.03200245
280226,0.11066934
280230,0.27203557
280234,0.018054182
280264,0.029420624
280274,0.020873163
280298,0.018652845
280299,0.06250849
280300,0.11280838
280301,0.051956795
280308,0.007466444
280317,0.034030676
280319,0.08104558
280322,0.019741455
280342,0.016073972
280348,0.16846597
280350,0.052751582
280353,0.11283956
280366,0.033537682
280372,0.083215095
280374,0.004224567
280376,0.32931727
280381,0.01826313
280384,0.015083469
280388,0.0142068975
280397,0.18684721
280401,0.011519958
280409,0.10257918
280413,0.011936654
280422,0.17564598
280424,0.052501295
280426,0.100401066
280429,0.13695706
280430,0.11932301
280435,0.028982159
280444,0.025166094
280450,0.095432706
280455,0.22684997
280459,0.014733964
280462,0.05867774
280466,0.1720856
280470,0.028604176
280473,0.049523138
280517,0.07790258
280524,0.20076425
280527,0.019349596
280531,0.01635482
280548,0.025191199
280558,0.53916365
280563,0.03552853
280598,0.11732436
280599,0.2827303
280603,0.016241673
280607,0.037102647
280610,0.1933974
280612,0.0777456
280625,0.032515787
280631,0.022546805
280650,0.09984262
280653,0.5588576
280657,0.044772323
280669,0.017320462
280675,0.045333147
280679,0.10109404
280685,0.0057287468
280691,0.055950087
280693,0.016688224
280706,0.07416136
280714,0.013792407
280719,0.2396657
280724,0.04519494
280725,0.029812334
280737,0.07642428
280738,0.07941515
280744,0.0133442255
280746,0.16134071
280760,0.08550382
280772,0.13001259
280777,0.08528092
280784,0.022088652
280785,0.046435267
280791,0.045740046
280793,0.016770812
280794,0.020807182
280800,0.06194426
280805,0.02148995
280806,0.035815284
280815,0.18653046
280823,0.008830545
280831,0.022517731
280832,0.04372214
280841,0.04169175
280845,0.051623914
280846,0.021090653
280854,0.023510598
280857,0.008756499
280861,0.040541686
280862,0.13038805
280867,0.04617802
280877,0.048305776
280879,0.06410804
280890,0.02575353
280891,0.084292
280903,0.4904862
280916,0.018680513
280929,0.02329207
280934,0.08828699
280941,0.08519939
280947,0.03782986
280962,0.048507184
280963,0.12045863
280966,0.04160672
280967,0.023711836
280971,0.32145795
281005,0.01307172
281007,0.037182976
281008,0.019911664
281009,0.034454715
281016,0.025005458
281024,0.09828918
281039,0.10722921
281045,0.0049888054
281054,0.1488926
281055,0.07946126
281056,0.09201961
281068,0.09054139
281092,0.056153104
281094,0.010749138
281118,0.22015366
281133,0.01323904
281137,0.030837597
281164,0.110766865
281176,0.015668752
281177,0.019055927
281184,0.037864737
281187,0.12188699
281192,0.016468113
281195,0.16314161
281220,0.03139461
281222,0.09668505
281227,0.016149774
281234,0.025953325
281251,0.028294817
281278,0.024264626
281298,0.25499198
281303,0.21499024
281306,0.1907814
281314,0.02423715
281320,0.014356099
281322,0.04957279
281337,0.048216835
281347,0.09505365
281357,0.019861147
281362,0.028696803
281365,0.04563443
281366,0.014028364
281367,0.038660586
281373,0.018995423
281376,0.033893418
281400,0.16771372
281417,0.007942126
281420,0.008398034
281422,0.05458845
281435,0.037633315
281439,0.011749582
281448,0.04267053
281451,0.07208214
281453,0.017779948
281482,0.025197575
281494,0.09520867
281514,0.044139914
281515,0.022072626
281542,0.08940707
281556,0.06124804
281568,0.043209713
281592,0.03510179
281593,0.0062250374
281607,0.10597598
281613,0.036266543
281618,0.16861716
281620,0.08370176
281628,0.18215892
281629,0.053674363
281633,0.038359396
281634,0.03559951
281642,0.038609453
281643,0.042055316
281653,0.096497625
281661,0.020857433
281671,0.050303563
281675,0.04436164
281684,0.043287776
281692,0.17568924
281697,0.016845608
281730,0.058064964
281731,0.06405145
281734,0.060765006
281737,0.029030561
281750,0.14045617
281752,0.08498221
281764,0.05669492
281782,0.062372714
281791,0.01844352
281793,0.08278478
281795,0.053138245
281824,0.046699904
281831,0.05173784
281845,0.026878178
281848,0.014568971
281854,0.03215505
281855,0.068918884
281867,0.060185548
281873,0.017830417
281875,0.014530608
281876,0.18727162
281881,0.008495889
281905,0.019968763
281906,0.09493602
281907,0.013468484
281914,0.08464006
281929,0.017293377
281936,0.18447429
281938,0.005751274
281940,0.0135051105
281941,0.0431939
281950,0.0132346675
281954,0.02019093
281955,0.08629977
281956,0.074017935
281957,0.036646876
281968,0.16671947
281972,0.15251958
281974,0.036872804
281987,0.016844267
281996,0.10588782
281998,0.034109935
282002,0.029974172
282004,0.046776097
282005,0.03127954
282020,0.067471944
282021,0.10615705
282041,0.13942146
282045,0.087551214
282046,0.008978575
282048,0.06357696
282056,0.09350043
282063,0.023467677
282068,0.07705097
282072,0.04463336
282100,0.040191628
282104,0.071298935
282105,0.031283814
282106,0.019167162
282108,0.03643021
282114,0.17803094
282132,0.043833174
282133,0.010061426
282136,0.031586554
282145,0.20121801
282146,0.20504914
282150,0.051500786
282151,0.029736234
282152,0.13465463
282157,0.24804421
282165,0.018621305
282167,0.014111962
282178,0.026389005
282179,0.04314622
282204,0.020663576
282208,0.025204297
282218,0.034938343
282221,0.3205463
282223,0.021948198
282226,0.012074985
282230,0.034870222
282232,0.071441
282235,0.01918037
282236,0.07455196
282239,0.072643004
282246,0.014210657
282250,0.30181074
282259,0.020584488
282270,0.017874125
282272,0.008618587
282282,0.17884819
282292,0.060056724
282306,0.03245232
282311,0.033158705
282317,0.11904273
282318,0.035151195
282331,0.024036098
282338,0.105088785
282349,0.042482004
282350,0.20538872
282355,0.016565105
282359,0.3017308
282382,0.03184177
282396,0.11408751
282399,0.03452234
282408,0.032797974
282421,0.043296646
282427,0.029123548
282437,0.011491974
282446,0.025410317
282448,0.006958087
282453,0.013755433
282456,0.113374665
282457,0.14220709
282465,0.16077976
282476,0.15442498
282478,0.08356779
282482,0.024988677
282485,0.13140093
282492,0.08568628
282498,0.048037454
282503,0.011322259
282512,0.12296567
282521,0.22833516
282531,0.29853857
282548,0.035618857
282582,0.012450604
282585,0.034022886
282605,0.02002726
282618,0.028245315
282633,0.009336377
282642,0.10713816
282645,0.16747972
282647,0.08641952
282649,0.039723143
282654,0.057691537
282661,0.07745138
282667,0.008336606
282668,0.12685616
282678,0.03820107
282679,0.111949444
282687,0.028310604
282688,0.014563064
282691,0.035885077
282702,0.010674011
282709,0.03010134
282712,0.051951706
282715,0.24144067
282726,0.008063071
282735,0.019485047
282737,0.017347388
282746,0.19325556
282751,0.0047697257
282754,0.49768144
282758,0.15352634
282773,0.42704538
282787,0.015773505
282794,0.031253416
282812,0.006637364
282822,0.2357427
282827,0.1362797
282836,0.01712667
282841,0.019897586
282854,0.12647878
282862,0.029188095
282873,0.14760205
282890,0.05521513
282900,0.16391282
282906,0.044368714
282910,0.100424245
282915,0.008381714
282929,0.008820471
282933,0.019069612
282944,0.11162692
282945,0.051325526
282950,0.0059086764
282954,0.018324057
282960,0.009585435
282961,0.07850672
282962,0.013187727
282965,0.109894514
282971,0.1446938
282974,0.014850047
282975,0.021352824
282979,0.02570957
282984,0.106808215
282990,0.20600165
282998,0.06672186
283005,0.14868447
283013,0.22393608
283018,0.15854977
283029,0.18449941
283032,0.01251987
283036,0.05889835
283041,0.30288342
283046,0.22731157
283050,0.023078753
283057,0.07153831
283065,0.04829474
283069,0.20875412
283074,0.017505243
283076,0.048032563
283077,0.046778265
283089,0.050370064
283090,0.024032932
283094,0.05400471
283110,0.051871985
283118,0.13741353
283127,0.009825642
283130,0.02786255
283139,0.1676934
283143,0.06944589
283144,0.16027737
283146,0.020850107
283150,0.03955476
283161,0.4611299
283177,0.13397136
283180,0.02212595
283184,0.019640652
283191,0.06101907
283193,0.02212871
283196,0.09987471
283199,0.094771095
283202,0.13474159
283205,0.027571797
283213,0.032634087
283216,0.022440583
283218,0.04728521
283220,0.026789911
283227,0.16765375
283233,0.052381814
283248,0.0708231
283250,0.09563938
283261,0.047889106
283264,0.03918377
283267,0.08615825
283269,0.02115859
283271,0.016152592
283282,0.0919572
283283,0.024637287
283290,0.035033617
283295,0.042792555
283298,0.020238312
283303,0.33503684
283309,0.024949579
283310,0.018121896
283314,0.057794224
283317,0.013796831
283318,0.018266749
283323,0.12517737
283327,0.08289225
283328,0.07453158
283336,0.16013846
283340,0.051177092
283344,0.05243152
283345,0.22646046
283360,0.03380299
283361,0.010780214
283383,0.15875682
283387,0.0505454
283390,0.021440517
283412,0.03041842
283426,0.024744073
283429,0.16589361
283433,0.03629973
283437,0.040911652
283438,0.008586842
283461,0.03617404
283466,0.014128643
283477,0.024564205
283479,0.029265046
283483,0.032622054
283484,0.026047358
283486,0.034145437
283500,0.030120863
283512,0.12857494
283515,0.028492782
283517,0.47574672
283519,0.023751946
283523,0.05429044
283528,0.11248635
283555,0.09543341
283565,0.04212271
283572,0.06245237
283576,0.025550025
283586,0.26712728
283590,0.042250134
283606,0.059304625
283615,0.013914451
283619,0.08998151
283632,0.20407552
283635,0.04115304
283636,0.02232466
283641,0.16559473
283642,0.010384932
283647,0.0076609934
283667,0.014308938
283683,0.054551583
283684,0.07940867
283687,0.04212142
283691,0.05204768
283693,0.14624093
283701,0.019141335
283702,0.04614455
283711,0.15401384
283713,0.36710656
283726,0.037723377
283730,0.036086217
283736,0.036263667
283737,0.071118735
283740,0.024940846
283748,0.037041843
283750,0.12208213
283756,0.011265297
283757,0.028556688
283774,0.25537667
283776,0.11816661
283784,0.11644388
283790,0.26372072
283796,0.0193687
283806,0.04365828
283816,0.006814963
283825,0.109367445
283827,0.047092542
283835,0.010902235
283839,0.19202241
283843,0.050644074
283874,0.42563754
283880,0.029368866
283881,0.19368088
283882,0.47961092
283887,0.02209415
283891,0.055161078
283893,0.039859775
283895,0.024972087
283900,0.14091131
283906,0.03992386
283938,0.011469019
283943,0.020273553
283953,0.25773442
283958,0.11227575
283961,0.006109402
283972,0.019371273
283973,0.033192378
283986,0.15208085
283990,0.008004414
283994,0.21378769
284000,0.016907342
284002,0.09505312
284003,0.0385666
284035,0.14007895
284049,0.011088975
284055,0.010811919
284060,0.022524565
284061,0.11523738
284069,0.13187672
284072,0.052718688
284075,0.124234095
284087,0.06823657
284093,0.021914905
284095,0.018809227
284096,0.09395937
284106,0.03379705
284109,0.04085189
284112,0.08914104
284126,0.087922946
284152,0.029694777
284155,0.027184216
284157,0.023249432
284159,0.050798744
284194,0.03792792
284207,0.05708234
284211,0.017204374
284220,0.19125956
284232,0.07382839
284239,0.196553
284246,0.025792178
284257,0.08070055
284259,0.015406864
284272,0.08608226
284277,0.057566784
284279,0.3140503
284283,0.07971575
284294,0.031524453
284298,0.015789969
284305,0.113481216
284309,0.020846413
284311,0.027701134
284315,0.007831764
284338,0.22377369
284340,0.11157039
284342,0.13941431
284344,0.024250653
284348,0.02148197
284361,0.05951111
284373,0.0103110345
284380,0.2500971
284408,0.013307674
284422,0.013072298
284423,0.07660747
284427,0.06743645
284433,0.23056039
284442,0.01717315
284462,0.09357409
284481,0.12609065
284487,0.024275944
284492,0.014616076
284495,0.054736312
284499,0.27093384
284503,0.021590006
284506,0.07816165
284507,0.009967823
284511,0.39098346
284512,0.103600584
284513,0.012063442
284520,0.1571064
284537,0.01902583
284557,0.1692656
284560,0.040310867
284571,0.07099125
284573,0.39851013
284574,0.009192282
284575,0.030226726
284576,0.073383994
284578,0.04981786
284592,0.02893499
284606,0.29350945
284609,0.054055147
284614,0.008655325
284627,0.016985524
284630,0.0604059
284633,0.0092605725
284647,0.05987448
284650,0.048528258
284655,0.09545335
284661,0.007276619
284664,0.014478853
284668,0.0065082116
284682,0.046101052
284683,0.09844854
284691,0.029509861
284692,0.17724974
284695,0.03143725
284751,0.16823374
284785,0.04076755
284796,0.0077099344
284797,0.0202408
284799,0.02353707
284805,0.025536822
284811,0.01590095
284844,0.021797067
284856,0.28066754
284861,0.020114794
284864,0.04413023
284866,0.064306036
284867,0.029698817
284871,0.021981442
284873,0.02601106
284888,0.21864264
284895,0.0045758686
284906,0.032259043
284907,0.08724755
284908,0.030352151
284914,0.024100324
284916,0.02867451
284920,0.07140511
284926,0.04187344
284934,0.030258749
284937,0.029259281
284949,0.0265312
284986,0.015087437
285002,0.06024205
285006,0.07195495
285007,0.10202325
285008,0.095276095
285016,0.01729747
285040,0.008698037
285041,0.005593329
285050,0.057661615
285051,0.0129686715
285059,0.04496502
285077,0.10426618
285078,0.24067794
285097,0.0071254526
285102,0.062279988
285104,0.01611118
285117,0.06580601
285119,0.05814179
285120,0.02919124
285122,0.081748694
285131,0.08520933
285137,0.009007714
285139,0.018923458
285147,0.015558612
285176,0.007916095
285177,0.06698018
285183,0.053850457
285184,0.018736564
285200,0.0060626925
285213,0.16900332
285224,0.10122082
285232,0.07588421
285245,0.20040138
285249,0.014329377
285253,0.02824403
285268,0.020092301
285276,0.015916403
285282,0.17048505
285284,0.20394766
285297,0.091123775
285304,0.042606432
285305,0.04188023
285337,0.030368807
285346,0.025758544
285349,0.0077344477
285354,0.10717187
285359,0.052416798
285366,0.14181548
285367,0.19078657
285368,0.17988911
285376,0.1059575
285382,0.010216679
285385,0.14851095
285389,0.0543681
285396,0.022537498
285398,0.06410849
285399,0.03215896
285403,0.09987692
285405,0.15399618
285407,0.14616214
285417,0.061988
285419,0.072733365
285431,0.010188962
285457,0.05424753
285462,0.13235371
285463,0.0055160737
285472,0.037649516
285476,0.017298652
285479,0.049041416
285482,0.06644688
285486,0.098322324
285487,0.050503228
285497,0.009903818
285498,0.07203664
285507,0.38462695
285509,0.01806893
285514,0.034899585
285516,0.018640611
285521,0.016762959
285525,0.0038706723
285528,0.02898465
285555,0.057712227
285559,0.05554035
285561,0.024774877
285562,0.22176418
285565,0.07455002
285571,0.019360922
285583,0.06063956
285588,0.24774985
285603,0.040281665
285612,0.053446434
285628,0.28564814
285635,0.036412217
285649,0.07669549
285651,0.020021949
285653,0.084376745
285662,0.05888885
285665,0.013186474
285678,0.03839113
285681,0.030061482
285694,0.13058472
285695,0.032678876
285701,0.012597114
285721,0.050597895
285730,0.08166541
285733,0.017159846
285743,0.06758642
285744,0.09938235
285746,0.052669764
285778,0.035656378
285784,0.040072184
285808,0.0057148957
285810,0.038985737
285831,0.07411966
285833,0.040272348
285841,0.02109894
285842,0.05071685
285844,0.11610366
285847,0.01774652
285853,0.010409964
285861,0.119224675
285863,0.042111147
285867,0.069875866
285870,0.46870738
285879,0.044999167
285880,0.011979896
285882,0.012287041
285893,0.005608688
285897,0.0949192
285912,0.04925479
285914,0.025812158
285918,0.10430336
285927,0.14417344
285931,0.05326751
285932,0.07085989
285962,0.049579978
285975,0.05142867
285978,0.09143202
285996,0.033084005
286000,0.086961605
286010,0.04003331
286011,0.0983819
286018,0.028108306
286033,0.0589022
286038,0.2450497
286042,0.030119965
286044,0.04576668
286047,0.013207165
286050,0.1880994
286052,0.031644072
286056,0.09540122
286058,0.020518443
286083,0.03578981
286088,0.12886684
286094,0.043502945
286107,0.1942414
286112,0.31572473
286124,0.012282198
286128,0.044448856
286141,0.090131715
286146,0.09078312
286147,0.048641298
286153,0.007572194
286163,0.03015897
286169,0.057170335
286175,0.07607419
286185,0.013325644
286194,0.029762663
286198,0.08612368
286201,0.017794361
286202,0.16009071
286213,0.07315048
286218,0.06112998
286250,0.013377402
286257,0.08594992
286264,0.07654649
286265,0.053460546
286266,0.019530175
286287,0.03916142
286292,0.009137783
286294,0.021812985
286295,0.13071778
286299,0.119600855
286300,0.092222385
286302,0.11560321
286310,0.04483674
286316,0.035894718
286332,0.08536414
286353,0.055932168
286354,0.02532057
286357,0.0205579
286375,0.012548276
286382,0.051650193
286389,0.09387614
286404,0.024286142
286405,0.061656576
286411,0.09360621
286412,0.046167295
286421,0.1405671
286423,0.034172386
286426,0.09164478
286433,0.051614296
286438,0.19312225
286441,0.050123725
286444,0.01297507
286447,0.022504915
286459,0.1622743
286473,0.06474403
286484,0.023375103
286485,0.33296177
286501,0.077124685
286502,0.037668068
286509,0.05123904
286511,0.29773104
286516,0.23652409
286547,0.2358421
286549,0.033162687
286553,0.029272625
286558,0.04077695
286566,0.028986882
286572,0.02578154
286582,0.01965883
286587,0.019707402
286590,0.049173523
286594,0.07416416
286598,0.020830218
286602,0.0457458
286608,0.10748198
286610,0.045161534
286627,0.039449945
286661,0.022365771
286664,0.074999
286668,0.019475734
286683,0.009813843
286684,0.014793613
286689,0.018469524
286696,0.06891126
286697,0.028962139
286703,0.18842375
286705,0.023124008
286707,0.028680345
286708,0.079560935
286711,0.035754867
286714,0.05577763
286734,0.04906962
286747,0.048106946
286760,0.0922596
286763,0.030592917
286772,0.02071205
286773,0.017753487
286791,0.030403733
286813,0.09193101
286814,0.025279509
286817,0.013536013
286836,0.03959284
286838,0.058972016
286844,0.034439776
286854,0.15372773
286856,0.06126897
286859,0.033082034
286864,0.018141722
286865,0.13493524
286868,0.10888181
286881,0.04923566
286882,0.07876064
286888,0.026194751
286890,0.43974918
286892,0.06531912
286895,0.03398324
286906,0.0555173
286924,0.02027109
286930,0.024204424
286931,0.06217134
286942,0.06551694
286955,0.016927859
286960,0.04776537
286962,0.043457154
286966,0.02833158
286967,0.003966876
286971,0.036372554
286983,0.0182133
286985,0.030822854
286986,0.14148821
286987,0.13483202
286992,0.11908537
287003,0.03235903
287004,0.008445623
287006,0.022249887
287029,0.042952575
287036,0.032497745
287038,0.09293501
287049,0.0199422
287050,0.009620154
287057,0.029613242
287065,0.011208857
287066,0.2700319
287089,0.12924263
287093,0.3228083
287096,0.13009505
287103,0.1527177
287104,0.04905955
287109,0.020267569
287133,0.38311157
287137,0.026009267
287141,0.32490718
287146,0.037955895
287148,0.00591881
287177,0.017635044
287184,0.015507921
287197,0.047381494
287204,0.09183019
287206,0.078697905
287208,0.030359048
287225,0.054253936
287228,0.014510526
287252,0.18807614
287260,0.017557858
287264,0.12436072
287270,0.05819101
287271,0.05604253
287272,0.011016438
287274,0.03487153
287280,0.014742502
287281,0.08320988
287290,0.030459898
287298,0.024175001
287299,0.0965767
287301,0.017371455
287314,0.035813358
287321,0.13980794
287322,0.020324044
287329,0.16174397
287331,0.06012497
287337,0.044179365
287349,0.055629782
287358,0.045477595
287370,0.16234472
287371,0.0339268
287376,0.006743852
287378,0.023662467
287386,0.14570996
287394,0.05112963
287397,0.027435794
287419,0.020289874
287428,0.035546113
287438,0.027100215
287439,0.049465925
287449,0.09431707
287450,0.019796671
287460,0.03731984
287472,0.08502475
287474,0.12354968
287483,0.02257465
287495,0.04825617
287510,0.029929928
287512,0.01356652
287530,0.023390811
287531,0.008631956
287543,0.07659679
287549,0.033043962
287564,0.16384166
287574,0.0338849
287580,0.041384406
287587,0.04052124
287594,0.021392418
287605,0.091037996
287617,0.08273149
287621,0.020396741
287626,0.035994258
287629,0.09440132
287632,0.15465504
287636,0.10087687
287644,0.10134662
287648,0.051133092
287666,0.06562467
287672,0.040723007
287701,0.093805686
287708,0.032585755
287718,0.053165775
287724,0.10456024
287726,0.015071786
287729,0.096022986
287732,0.07622001
287733,0.012371462
287734,0.21859619
287750,0.12098117
287755,0.040644415
287762,0.07733028
287764,0.018060502
287766,0.0132171055
287775,0.019286063
287781,0.02615509
287785,0.04748488
287789,0.053758394
287792,0.17653663
287796,0.006618787
287804,0.09786311
287822,0.037660863
287835,0.022724468
287840,0.066787355
287850,0.04697305
287851,0.026418054
287852,0.041387934
287858,0.07264748
287859,0.034527767
287860,0.08191163
287861,0.02711511
287866,0.019321892
287868,0.09286706
287873,0.1616793
287876,0.050398115
287877,0.027713377
287878,0.019733166
287879,0.1070036
287883,0.021723757
287888,0.008878867
287894,0.3763647
287895,0.026032664
287912,0.08614103
287915,0.077495225
287920,0.010983161
287922,0.029173179
287926,0.06348041
287929,0.083248936
287931,0.14131103
287936,0.041815758
287942,0.10188305
287946,0.1024676
287948,0.11154328
287963,0.15516496
288003,0.0075392844
288005,0.019949848
288012,0.057252344
288013,0.105304554
288026,0.01764162
288027,0.04443143
288031,0.04457697
288039,0.02115003
288041,0.14174496
288045,0.10755537
288065,0.11219648
288068,0.049327664
288079,0.06041405
288084,0.4985662
288111,0.1510617
288129,0.0626038
288138,0.36586326
288154,0.13344191
288167,0.013788775
288178,0.043041565
288184,0.02660131
288193,0.006095196
288203,0.16514432
288207,0.16501583
288223,0.15485978
288226,0.18278937
288237,0.04304381
288257,0.28026575
288259,0.034427427
288269,0.039321043
288273,0.01757378
288276,0.04626898
288280,0.059705727
288283,0.041603155
288291,0.069634795
288299,0.03214276
288305,0.032748405
288316,0.015142415
288322,0.0759437
288333,0.035238545
288337,0.073786214
288341,0.017502291
288345,0.031266384
288348,0.020248966
288350,0.061055716
288353,0.07881408
288372,0.039314352
288375,0.22256584
288395,0.030782895
288408,0.05647155
288425,0.033750236
288430,0.2169007
288433,0.037812836
288459,0.101194225
288462,0.06383746
288463,0.09002741
288470,0.050884116
288472,0.19130906
288475,0.042356797
288495,0.2770486
288517,0.17137296
288530,0.18801376
288535,0.07698904
288539,0.02245966
288540,0.020294823
288547,0.49699455
288553,0.083194256
288555,0.30161297
288556,0.036518514
288562,0.024391191
288564,0.014037336
288567,0.19458376
288576,0.027065748
288579,0.024755478
288580,0.16946699
288589,0.015438853
288596,0.16482048
288597,0.1103719
288599,0.02062707
288601,0.018637223
288617,0.01375762
288621,0.10137691
288635,0.027419519
288656,0.0055691195
288666,0.015353097
288670,0.21613276
288671,0.026175672
288673,0.040748462
288678,0.18346316
288693,0.21557584
288699,0.022598343
288706,0.16153128
288728,0.020106727
288739,0.06957487
288741,0.0425164
288755,0.02518092
288763,0.012026633
288766,0.043532357
288775,0.13472082
288780,0.009529949
288793,0.07903199
288811,0.032558467
288821,0.08271705
288829,0.13762249
288835,0.007792967
288836,0.047885407
288838,0.17005113
288851,0.040915295
288853,0.02857622
288854,0.021602912
288855,0.021358315
288876,0.02270367
288879,0.13736813
288884,0.16786072
288886,0.024479842
288891,0.050846856
288898,0.05018215
288911,0.18095265
288913,0.011174448
288927,0.025401061
288928,0.018348552
288931,0.07864983
288955,0.031109089
288961,0.028509574
288969,0.30682305
288971,0.055903018
288973,0.14881434
288982,0.03545605
288983,0.017651623
288986,0.06176913
288992,0.04452864
288993,0.01737109
288996,0.062226202
289007,0.13373902
289008,0.07970919
289014,0.05500235
289015,0.05505101
289016,0.059473146
289017,0.015839117
289028,0.029074755
289030,0.1530969
289040,0.03125658
289048,0.067413434
289051,0.105200216
289055,0.0037970017
289057,0.008537664
289062,0.1673703
289063,0.07609088
289069,0.062981896
289073,0.010672827
289074,0.0313337
289085,0.027470252
289092,0.023836628
289097,0.015277188
289111,0.06254975
289112,0.109078504
289116,0.0820116
289123,0.027238179
289145,0.31957966
289146,0.10773804
289158,0.088139996
289165,0.04868143
289166,0.06412105
289167,0.14379483
289170,0.18559016
289193,0.029553017
289198,0.039573353
289209,0.051220823
289211,0.02933999
289215,0.031042123
289220,0.035550438
289232,0.05932712
289244,0.07365617
289258,0.024974605
289271,0.031734165
289274,0.06936491
289312,0.124430686
289321,0.12395421
289325,0.108912885
289333,0.0313242
289340,0.06390431
289368,0.016545843
289375,0.11224861
289380,0.07755669
289381,0.019303568
289384,0.052148372
289403,0.023287248
289408,0.03770254
289416,0.0115444735
289463,0.06650316
289488,0.04482512
289495,0.15150799
289498,0.041210532
289499,0.0075622858
289515,0.019598288
289531,0.013626673
289541,0.06773089
289554,0.0202615
289565,0.03493687
289590,0.017856505
289596,0.13569497
289601,0.09504321
289602,0.020449877
289603,0.053636447
289608,0.04038907
289622,0.08542967
289623,0.02656681
289625,0.010914583
289634,0.037157796
289648,0.13332829
289650,0.010958068
289662,0.047073398
289667,0.23553798
289674,0.006509427
289682,0.010958202
289702,0.047342297
289706,0.013332014
289709,0.12719174
289716,0.12960917
289725,0.007437245
289732,0.04932753
289743,0.03798823
289762,0.0110039925
289766,0.051285308
289770,0.07020658
289775,0.13899107
289777,0.024950042
289783,0.027407799
289797,0.027352698
289798,0.014267991
289802,0.052091636
289812,0.06574758
289814,0.015045688
289819,0.024510304
289828,0.14719757
289831,0.06467601
289835,0.0636265
289844,0.046401113
289850,0.01753056
289851,0.08592116
289865,0.016304817
289869,0.07688538
289891,0.12437848
289907,0.034840636
289919,0.01541428
289923,0.07251306
289924,0.071286716
289927,0.05421468
289929,0.114504285
289951,0.022918327
289959,0.02895674
289964,0.07519639
289965,0.034693345
289966,0.033488475
289971,0.103656635
289988,0.07383915
289989,0.01848995
289995,0.28730512
290005,0.035177175
290013,0.14592847
290031,0.27069554
290036,0.11451584
290038,0.25407633
290041,0.14242177
290056,0.1286936
290058,0.06760391
290065,0.10477541
290069,0.050534163
290070,0.024786666
290074,0.11331167
290076,0.05585641
290082,0.074078485
290105,0.02098271
290111,0.009244819
290114,0.03043538
290116,0.055130653
290117,0.05354962
290128,0.14349127
290130,0.06707037
290139,0.049258497
290151,0.025507718
290154,0.017285833
290158,0.2239439
290180,0.15098436
290183,0.018050265
290190,0.06859072
290191,0.20945342
290199,0.07722404
290200,0.06980483
290202,0.02482633
290205,0.17694041
290206,0.01805928
290219,0.08705916
290227,0.012186209
290232,0.034211665
290233,0.20675355
290242,0.061172176
290246,0.024398994
290247,0.051240407
290257,0.07465565
290259,0.06618194
290260,0.06200211
290270,0.020975534
290273,0.054972447
290276,0.22351386
290281,0.2503581
290296,0.054575432
290303,0.026127748
290306,0.06755677
290331,0.02649994
290340,0.08566671
290349,0.061789326
290355,0.064459346
290365,0.081079096
290379,0.27074158
290389,0.012704854
290408,0.04219596
290409,0.09639318
290433,0.0662944
290437,0.041342787
290440,0.03745736
290448,0.03854916
290466,0.007913661
290467,0.023513196
290479,0.024892645
290490,0.12389498
290492,0.012441062
290503,0.055194188
290508,0.026778098
290524,0.063857116
290526,0.06912327
290527,0.0633502
290541,0.06568358
290557,0.05798391
290564,0.0653506
290572,0.021034304
290576,0.15512381
290588,0.029113945
290589,0.016408019
290595,0.049561713
290598,0.013680145
290605,0.09755838
290609,0.008130498
290610,0.039070282
290612,0.09469773
290634,0.024368048
290635,0.20592187
290644,0.38785532
290672,0.16156688
290681,0.038208105
290693,0.048944503
290695,0.022609465
290702,0.032166634
290703,0.009873995
290711,0.1920679
290713,0.18533584
290727,0.09431459
290730,0.024876365
290734,0.042454123
290745,0.06166379
290746,0.08649665
290751,0.03779093
290758,0.009292854
290766,0.09161963
290784,0.043185502
290786,0.007791705
290813,0.2164292
290849,0.096622206
290852,0.011170633
290881,0.37755284
290884,0.043339133
290885,0.054154184
290889,0.026598835
290911,0.042337205
290913,0.19838311
290923,0.036367167
290926,0.0076335897
290936,0.06831598
290941,0.078493424
290945,0.07820761
290955,0.018144082
290961,0.04452472
290964,0.030145613
290967,0.046512358
290970,0.020777397
290974,0.037131373
290976,0.022154743
290978,0.021693578
290981,0.008133767
290991,0.045692522
291005,0.020632964
291009,0.02338665
291011,0.07452062
291012,0.097782806
291018,0.24125469
291023,0.026147438
291028,0.07333188
291034,0.070542894
291038,0.02499118
291039,0.22903168
291041,0.15593915
291045,0.031035857
291048,0.06513425
291052,0.04319769
291055,0.018399192
291082,0.037425656
291085,0.06571711
291086,0.009105915
291094,0.034523055
291103,0.056266773
291108,0.04478346
291110,0.117827296
291113,0.04679681
291117,0.023195876
291124,0.083142295
291129,0.028206892
291142,0.081295125
291155,0.18980567
291157,0.105995364
291177,0.017737288
291178,0.020653833
291180,0.010020006
291188,0.5068014
291198,0.07665865
291200,0.012871972
291202,0.014637551
291207,0.0134496745
291218,0.012462224
291231,0.112263896
291232,0.03692937
291240,0.015897445
291241,0.12840001
291245,0.03365881
291256,0.012104387
291273,0.11333798
291274,0.08369408
291277,0.07621529
291290,0.16508599
291303,0.031192895
291310,0.029212816
291311,0.07656302
291319,0.17536621
291324,0.08332624
291331,0.10373296
291334,0.019074949
291348,0.20666295
291349,0.22331804
291359,0.033455014
291365,0.0090206675
291379,0.02771626
291396,0.009839441
291411,0.02543291
291424,0.044092663
291425,0.0078111016
291428,0.0936123
291446,0.10919167
291449,0.012784013
291461,0.087987475
291465,0.011181884
291480,0.10214025
291486,0.02794405
291487,0.019974507
291491,0.011846704
291499,0.008382577
291505,0.07056743
291512,0.1489002
291513,0.022297284
291521,0.02218197
291523,0.016387124
291543,0.13099705
291545,0.02968293
291546,0.17807265
291550,0.03308257
291552,0.019298652
291561,0.0428059
291579,0.040508885
291584,0.42339534
291586,0.024434239
291590,0.07283665
291592,0.70422935
291593,0.014548186
291599,0.05936822
291615,0.016279409
291617,0.007584588
291628,0.106100805
291654,0.06419416
291658,0.32606182
291659,0.023580497
291661,0.16930237
291671,0.10015099
291677,0.010390844
291689,0.08527678
291693,0.049550552
291695,0.03785182
291696,0.14518349
291697,0.033439223
291702,0.05842169
291711,0.011708846
291713,0.045086388
291715,0.07753208
291718,0.046810076
291733,0.01706619
291742,0.07511066
291748,0.032601114
291765,0.007935992
291771,0.044613935
291773,0.08337206
291788,0.02482395
291789,0.07411213
291796,0.16160454
291800,0.15389042
291817,0.015240418
291822,0.3531064
291840,0.34084737
291843,0.018060599
291855,0.16075693
291858,0.010011326
291870,0.052328397
291872,0.0070066545
291874,0.020655092
291883,0.023665007
291888,0.017133454
291894,0.07008373
291901,0.012455617
291928,0.18120559
291930,0.004971481
291949,0.011515067
291951,0.05179581
291953,0.017497282
291955,0.038111355
291963,0.3082124
291969,0.057241186
291980,0.082060546
292010,0.01497454
292022,0.03337804
292023,0.021794397
292031,0.03309345
292034,0.027110461
292043,0.03044166
292049,0.04486109
292055,0.072218895
292062,0.06832729
292070,0.03262011
292072,0.17860354
292073,0.008876577
292082,0.09083702
292096,0.06369682
292098,0.0468063
292116,0.053041283
292118,0.07539229
292126,0.15005933
292128,0.03819563
292137,0.09036523
292138,0.017931102
292142,0.10462737
292149,0.1747613
292181,0.16687238
292189,0.014616769
292191,0.029289616
292205,0.039162673
292219,0.039612062
292227,0.014597503
292231,0.11495628
292238,0.031043028
292246,0.024189865
292248,0.11705165
292259,0.037514705
292261,0.051919844
292266,0.06280516
292267,0.027678655
292272,0.0786689
292278,0.30527258
292281,0.021761334
292286,0.02762947
292288,0.13716853
292289,0.0237912
292304,0.03851082
292307,0.028688662
292319,0.043753833
292320,0.037888527
292325,0.076829344
292326,0.19571316
292331,0.013027374
292332,0.014717291
292333,0.012565795
292334,0.030520594
292337,0.032818507
292338,0.08756361
292342,0.016377902
292347,0.025061851
292350,0.052370135
292355,0.011227296
292360,0.010304735
292362,0.0068608015
292363,0.07589024
292364,0.008590975
292383,0.068784356
292397,0.11421758
292409,0.09196516
292417,0.072468944
292426,0.013404491
292428,0.04624465
292439,0.17444463
292443,0.092112646
292448,0.03131563
292451,0.016521374
292452,0.036051847
292456,0.01048823
292460,0.021981413
292463,0.03322327
292464,0.17205247
292476,0.07791306
292480,0.053649068
292483,0.018711621
292493,0.031297427
292501,0.18230921
292506,0.024418246
292508,0.018501272
292513,0.08682198
292525,0.05662851
292533,0.053172454
292540,0.1388637
292541,0.007402828
292544,0.009731076
292549,0.049017146
292550,0.03731772
292557,0.057683077
292558,0.012846817
292562,0.029229648
292564,0.009643174
292583,0.13338123
292612,0.031827807
292618,0.021305624
292623,0.1988149
292631,0.010996278
292633,0.16627067
292641,0.02951104
292643,0.028416226
292649,0.023983832
292650,0.04541572
292651,0.066143334
292655,0.04561511
292659,0.064179294
292677,0.016503802
292693,0.01960439
292697,0.042885642
292700,0.07980146
292702,0.086232886
292710,0.006134335
292727,0.20054154
292731,0.10146755
292732,0.05177883
292734,0.012633505
292735,0.014286801
292737,0.020998973
292739,0.0664282
292741,0.025695818
292767,0.008681446
292778,0.015214169
292807,0.20205563
292813,0.14622259
292834,0.14150792
292837,0.0192929
292839,0.013434054
292844,0.05140795
292869,0.01584076
292874,0.008301379
292892,0.052096285
292894,0.035501268
292916,0.23408164
292921,0.20824416
292925,0.09717225
292929,0.16124295
292933,0.02781461
292935,0.04510011
292938,0.020707281
292945,0.1147324
292946,0.057348467
292953,0.106415704
292966,0.09387067
292968,0.03029667
292983,0.022565372
292988,0.08544528
292992,0.010476765
292997,0.04293027
293002,0.02011972
293013,0.021457026
293030,0.1837246
293043,0.2923919
293070,0.18762887
293093,0.007997302
293103,0.055097874
293104,0.006112999
293117,0.39134735
293123,0.048573654
293126,0.20598681
293128,0.011313503
293136,0.010904045
293142,0.026710715
293146,0.2298064
293149,0.24923204
293159,0.036733612
293169,0.027859814
293172,0.03691278
293175,0.024350708
293176,0.0667491
293192,0.009261759
293213,0.05257694
293218,0.069337614
293219,0.12497211
293224,0.12318994
293225,0.026939465
293234,0.06541077
293243,0.052778717
293249,0.021816714
293256,0.038656197
293276,0.18660471
293283,0.31260058
293295,0.03975164
293308,0.018642591
293309,0.062949
293316,0.023822594
293326,0.05871516
293330,0.00695554
293351,0.07574687
293361,0.015645081
293366,0.16289976
293376,0.072387
293377,0.024716115
293382,0.04961285
293383,0.08738911
293385,0.044720974
293402,0.12210188
293403,0.06721385
293405,0.020002007
293412,0.03569459
293430,0.035098195
293435,0.009376366
293438,0.012926318
293445,0.060190015
293447,0.10083625
293451,0.08548758
293463,0.013774686
293471,0.020649213
293482,0.072855
293485,0.028562432
293493,0.118271224
293496,0.023900207
293505,0.23431562
293507,0.042339854
293508,0.05820215
293518,0.032579683
293524,0.03491617
293527,0.057638124
293537,0.019161174
293542,0.08708153
293556,0.011967107
293560,0.10385399
293563,0.17899768
293565,0.006820514
293597,0.05634305
293603,0.024540838
293607,0.05072844
293621,0.03219096
293622,0.018569537
293623,0.124329045
293636,0.15587609
293643,0.042333495
293659,0.06801295
293678,0.028795807
293679,0.046391916
293681,0.05323687
293684,0.06239992
293692,0.025951203
293696,0.013429639
293733,0.01568014
293734,0.01758479
293745,0.043727756
293751,0.038866777
293770,0.20039165
293778,0.06911655
293789,0.008490753
293809,0.010454233
293815,0.009086818
293816,0.14763765
293819,0.082192555
293822,0.06027212
293846,0.23179005
293849,0.007280829
293850,0.028882345
293851,0.12668508
293860,0.016622186
293863,0.11060667
293881,0.09193851
293900,0.037345722
293907,0.03492033
293915,0.008928241
293931,0.010265197
293935,0.056611102
293942,0.034113314
293944,0.50847006
293967,0.036478158
293968,0.09337255
293971,0.0066868975
293972,0.067700684
293974,0.049944934
293976,0.09203682
293985,0.020822968
293996,0.33823085
294004,0.019730998
294007,0.16330443
294010,0.020941928
294013,0.058770224
294016,0.14875896
294018,0.17894368
294028,0.115905866
294041,0.049479097
294047,0.028143374
294055,0.03292375
294062,0.058291283
294069,0.03229947
294075,0.10964054
294091,0.01568625
294108,0.033883397
294116,0.062633865
294125,0.033967286
294129,0.021649428
294130,0.0039294343
294134,0.0070022205
294135,0.075708225
294136,0.07600876
294141,0.07115118
294160,0.009389143
294164,0.075095534
294184,0.112142846
294191,0.04650182
294195,0.039356742
294199,0.013317464
294208,0.37371644
294221,0.008794882
294225,0.081695855
294230,0.092194006
294236,0.13511999
294256,0.02763166
294257,0.005077799
294258,0.18081711
294282,0.035270903
294287,0.09043026
294290,0.01623137
294300,0.06054854
294302,0.013176327
294313,0.012427425
294314,0.11907772
294322,0.011757669
294336,0.061303455
294339,0.24371812
294348,0.05393614
294365,0.21863323
294373,0.11409362
294383,0.028273402
294403,0.021041231
294406,0.07063999
294417,0.4666095
294452,0.43390316
294463,0.12987846
294471,0.094020516
294486,0.017051637
294501,0.069092564
294504,0.11196583
294509,0.029471062
294511,0.030827878
294519,0.013454071
294530,0.09626353
294532,0.11603834
294547,0.11926876
294548,0.026654387
294554,0.01162936
294577,0.06253261
294578,0.018884338
294580,0.07559967
294583,0.06609917
294592,0.042084884
294595,0.024004506
294602,0.013473744
294613,0.10632876
294617,0.009929835
294631,0.18340853
294641,0.036188576
294653,0.14970252
294657,0.031597182
294661,0.20057471
294665,0.013365866
294668,0.014643612
294671,0.03517932
294682,0.02148818
294685,0.015296022
294688,0.08332648
294690,0.4789012
294698,0.06773768
294717,0.11668734
294724,0.024946379
294726,0.014256708
294738,0.09294544
294744,0.08220095
294758,0.07695154
294762,0.009769201
294776,0.08402301
294777,0.03418627
294807,0.075043954
294816,0.09682422
294821,0.010026469
294825,0.083497316
294834,0.019982869
294835,0.043619163
294836,0.05748864
294840,0.052809738
294842,0.25755775
294864,0.024159292
294874,0.06266565
294880,0.073255666
294881,0.019941337
294897,0.014591235
294898,0.04575497
294920,0.07600968
294923,0.059269443
294926,0.058836572
294937,0.06256535
294941,0.050188944
294951,0.18687399
294952,0.013283522
294953,0.0369667
294982,0.06802237
294989,0.050527573
294995,0.049745716
295009,0.15408196
295010,0.06283538
295013,0.034062736
295016,0.022406597
295022,0.07204137
295024,0.040622696
295040,0.1497342
295045,0.032131013
295047,0.051912066
295056,0.14087604
295073,0.14193232
295080,0.07533524
295093,0.035987135
295094,0.2083602
295095,0.041635994
295107,0.013254453
295116,0.045539424
295140,0.03322042
295150,0.19709334
295154,0.06130218
295155,0.06576923
295162,0.041998398
295163,0.024993744
295168,0.18010938
295176,0.016135983
295182,0.021118961
295183,0.11014421
295216,0.062421184
295219,0.032634147
295239,0.039520945
295246,0.017611219
295255,0.027396716
295257,0.115170166
295261,0.009925841
295263,0.025131186
295265,0.15043254
295274,0.17812738
295281,0.1226347
295286,0.04958909
295299,0.05843031
295304,0.010288981
295306,0.025911264
295321,0.028284695
295339,0.019758161
295342,0.015650215
295346,0.09858628
295348,0.06145967
295354,0.016274888
295367,0.07313891
295372,0.03813676
295373,0.021368105
295374,0.046121117
295387,0.020249903
295389,0.09743066
295396,0.08275102
295415,0.05006887
295418,0.03596996
295421,0.016653245
295425,0.014208026
295431,0.035519715
295434,0.030552002
295443,0.105588645
295453,0.022994835
295473,0.014349921
295476,0.038051426
295477,0.120962106
295488,0.123000495
295499,0.071611345
295504,0.004739085
295505,0.231843
295524,0.025510961
295529,0.024500785
295533,0.08193799
295534,0.016687183
295549,0.020836512
295565,0.022463685
295584,0.033698678
295585,0.027105866
295597,0.07026232
295599,0.10547278
295604,0.021071604
295616,0.059604313
295635,0.035836812
295637,0.0056106457
295670,0.010510047
295678,0.020590497
295701,0.049600624
295711,0.1385609
295713,0.13463715
295734,0.08643701
295739,0.026985697
295750,0.026468564
295773,0.31528017
295783,0.055217855
295787,0.014445184
295790,0.04907506
295795,0.025897818
295820,0.013896372
295821,0.03850081
295826,0.031448588
295836,0.05752239
295837,0.30258447
295842,0.053791672
295848,0.025946511
295850,0.0550892
295869,0.016206658
295871,0.09284698
295873,0.08672265
295879,0.020927824
295880,0.11232605
295892,0.023374476
295904,0.32971653
295907,0.022221915
295908,0.04790833
295913,0.042580433
295918,0.058059085
295921,0.1521107
295924,0.19676472
295949,0.021149017
295953,0.030670919
295961,0.010096061
295968,0.0765429
295971,0.09274384
295985,0.03254345
295986,0.07017224
295987,0.02384945
295993,0.09930397
295997,0.12982228
296005,0.08420166
296007,0.02766288
296012,0.12065218
296022,0.054875925
296024,0.008104464
296032,0.019381013
296034,0.0127090365
296062,0.010545687
296070,0.019520512
296074,0.018379984
296084,0.017213423
296087,0.022241587
296088,0.046335075
296089,0.19641447
296143,0.011024597
296172,0.02570082
296183,0.030337181
296185,0.0121800285
296194,0.045317117
296199,0.23650812
296204,0.09964569
296206,0.13686283
296209,0.10877392
296229,0.14450316
296239,0.0035536063
296253,0.05875517
296259,0.40673292
296264,0.010096352
296270,0.39833498
296273,0.10731917
296284,0.041433297
296285,0.17924334
296287,0.020330288
296288,0.039766226
296292,0.08425926
296300,0.046352178
296301,0.02285239
296321,0.2842926
296324,0.061878823
296335,0.12640618
296348,0.010272301
296354,0.021666644
296369,0.15173447
296376,0.106534384
296391,0.024010327
296393,0.017128445
296398,0.047710538
296428,0.084472336
296432,0.059057724
296433,0.02899464
296449,0.08585487
296450,0.061883986
296490,0.08013647
296498,0.08742961
296499,0.060525697
296500,0.068073146
296509,0.19062592
296514,0.02165653
296518,0.029350685
296527,0.010617846
296532,0.019158872
296541,0.02669663
296544,0.112938546
296546,0.008170437
296573,0.46238622
296578,0.041792065
296589,0.025316505
296594,0.14169262
296616,0.05161139
296623,0.03731307
296624,0.0469312
296632,0.01648305
296633,0.038237
296639,0.117272936
296647,0.043854903
296656,0.13248028
296678,0.0141324485
296679,0.051603597
296695,0.02424112
296696,0.31523097
296714,0.020286016
296721,0.047251638
296739,0.027488258
296744,0.21684514
296747,0.055029362
296758,0.11411355
296760,0.014275444
296766,0.040245015
296769,0.007466557
296776,0.027126344
296780,0.036958184
296782,0.0768355
296790,0.09632774
296795,0.060038913
296801,0.005545979
296803,0.1851084
296806,0.07512445
296811,0.05238351
296813,0.009761455
296818,0.21921563
296822,0.04847573
296839,0.038761105
296848,0.022357458
296863,0.09818539
296871,0.052755017
296872,0.20671445
296877,0.043880053
296882,0.19219297
296885,0.029841622
296903,0.22932616
296906,0.072912455
296912,0.016420228
296916,0.03286237
296922,0.041677862
296926,0.101597264
296927,0.028234102
296935,0.06142077
296939,0.026382217
296942,0.058822777
296954,0.121816985
296968,0.029375194
296971,0.020138497
296984,0.11927302
297004,0.0102409
297011,0.12282817
297017,0.034183826
297019,0.17893262
297021,0.01832058
297025,0.011354202
297033,0.05713932
297038,0.18624297
297042,0.40442914
297065,0.03037038
297089,0.024334842
297093,0.14069356
297098,0.0660341
297100,0.010412657
297111,0.10126251
297115,0.107367605
297121,0.08819076
297123,0.20595306
297129,0.026142364
297132,0.014023193
297139,0.05315268
297147,0.11027055
297148,0.3455455
297161,0.2246027
297167,0.015613051
297171,0.036989443
297173,0.011125874
297179,0.013341533
297189,0.18363175
297200,0.0054651108
297201,0.11531017
297220,0.06864079
297229,0.14443144
297234,0.017033586
297252,0.12767017
297266,0.11995049
297269,0.008861369
297276,0.076702796
297292,0.018115342
297300,0.11517736
297303,0.013798342
297305,0.08550973
297307,0.027266786
297313,0.055841323
297336,0.09215177
297340,0.15922403
297344,0.013886588
297349,0.013897177
297358,0.044227727
297363,0.084066845
297369,0.01913012
297372,0.012557816
297380,0.088402316
297384,0.0327575
297385,0.2238801
297389,0.01912346
297390,0.24948174
297415,0.04406792
297419,0.21748236
297421,0.22891632
297424,0.00950713
297431,0.038532384
297447,0.029225014
297456,0.025791302
297457,0.03838687
297463,0.06879605
297464,0.07241712
297474,0.030368073
297479,0.029935112
297480,0.19240434
297494,0.023907801
297495,0.0395089
297507,0.00835692
297514,0.08598895
297515,0.00821906
297516,0.10869372
297521,0.05594949
297534,0.032711502
297553,0.018889239
297575,0.058172334
297584,0.22709265
297586,0.017578604
297606,0.01830027
297630,0.033189546
297636,0.03388664
297646,0.041764364
297650,0.021461777
297651,0.054983515
297656,0.017792428
297675,0.044050574
297681,0.18616223
297699,0.015805762
297702,0.10923783
297712,0.09417722
297718,0.08471485
297730,0.080724746
297731,0.016262716
297745,0.012069911
297768,0.25810248
297771,0.040311556
297774,0.022722665
297781,0.01252877
297786,0.15534857
297798,0.07828059
297809,0.0608945
297822,0.023235513
297828,0.014681806
297840,0.029200148
297852,0.029904256
297859,0.008094607
297868,0.02826054
297883,0.043885928
297887,0.011918593
297896,0.08269593
297898,0.012791127
297917,0.16240722
297943,0.010131286
297954,0.1089037
297965,0.017074207
297992,0.011038222
297993,0.045825984
298001,0.10237847
298005,0.0689499
298010,0.007893803
298013,0.011843641
298014,0.20169349
298015,0.036118064
298025,0.24322535
298026,0.06539383
298032,0.09366667
298039,0.22936462
298049,0.045420434
298051,0.012174064
298058,0.040638458
298062,0.02004037
298070,0.14347792
298078,0.08882565
298084,0.274311
298108,0.18219315
298113,0.0483224
298115,0.15523453
298126,0.016100744
298131,0.011634819
298134,0.047725685
298135,0.11574169
298139,0.009156738
298142,0.030286515
298152,0.02761354
298154,0.025044179
298155,0.030506233
298161,0.24222729
298165,0.117390886
298166,0.2543905
298171,0.026152812
298179,0.032472193
298182,0.045077138
298187,0.01887525
298192,0.03310921
298194,0.03932263
298213,0.119604744
298215,0.1506947
298216,0.022668842
298217,0.018784726
298223,0.087799914
298256,0.036680166
298275,0.01001916
298277,0.055794295
298279,0.017437868
298285,0.07912118
298286,0.25074032
298296,0.011702165
298309,0.16036503
298312,0.045118578
298323,0.04562324
298330,0.007102361
298340,0.030060083
298341,0.009275735
298349,0.047056187
298353,0.022780122
298363,0.043744788
298367,0.015563851
298378,0.10346257
298380,0.056924783
298392,0.18764411
298395,0.06425163
298405,0.080051854
298426,0.18362318
298427,0.04026642
298444,0.025515217
298450,0.013863655
298458,0.008144489
298462,0.015880505
298463,0.0063839727
298479,0.021488696
298480,0.108708434
298487,0.038298625
298499,0.034285706
298500,0.059688557
298506,0.044264473
298507,0.0149436025
298512,0.061099157
298515,0.06607705
298517,0.027685637
298532,0.13795114
298533,0.047798183
298560,0.07176144
298564,0.042716086
298567,0.28050873
298568,0.035065494
298569,0.20881267
298570,0.28233796
298579,0.04449005
298583,0.023777865
298591,0.020899164
298593,0.11749184
298600,0.01189001
298609,0.017353972
298620,0.060805444
298622,0.06767685
298628,0.013499134
298633,0.07631906
298657,0.13534072
298669,0.040345993
298671,0.12511478
298677,0.04421528
298692,0.057111174
298703,0.023484774
298705,0.007779377
298711,0.020560166
298713,0.08930222
298757,0.09560344
298766,0.01021357
298768,0.15615918
298770,0.047864616
298776,0.30408612
298785,0.043251425
298787,0.020924143
298792,0.16325474
298795,0.037149686
298799,0.021958416
298806,0.16441321
298810,0.10101973
298818,0.12094042
298822,0.062629655
298823,0.028281
298834,0.022000425
298837,0.0646955
298841,0.021175964
298845,0.070580006
298852,0.050744213
298855,0.022279553
298858,0.12505963
298860,0.022525227
298861,0.021685746
298863,0.0074002184
298866,0.07873511
298873,0.14966245
298880,0.13055128
298889,0.017178431
298896,0.18962769
298917,0.13975695
298929,0.05151749
298940,0.023538457
298946,0.15195622
298949,0.011949388
298966,0.1360822
298984,0.049839728
298994,0.02504508
299004,0.34567663
299012,0.03083847
299022,0.13258463
299024,0.03254529
299026,0.014337468
299035,0.029761396
299036,0.016747318
299039,0.028190428
299061,0.12914044
299064,0.07812994
299067,0.10718478
299074,0.07503538
299075,0.01795425
299078,0.073699474
299109,0.13634257
299117,0.095952354
299121,0.020427553
299127,0.09833366
299134,0.16536024
299136,0.019293567
299137,0.13555853
299139,0.25389543
299168,0.013591787
299176,0.021193713
299184,0.12485011
299188,0.0774424
299191,0.14598767
299208,0.058044262
299229,0.03266686
299238,0.036524974
299241,0.12883036
299257,0.03947058
299260,0.036290515
299264,0.08288104
299279,0.061019886
299308,0.016057586
299310,0.031996917
299311,0.055089276
299317,0.11290146
299325,0.038964447
299329,0.062296778
299334,0.097849384
299335,0.103685245
299339,0.067088604
299351,0.065939024
299352,0.008653794
299365,0.11806795
299393,0.09245922
299400,0.02994255
299404,0.052729893
299406,0.06699525
299410,0.13782291
299413,0.060252987
299434,0.31575978
299448,0.04225797
299463,0.06943403
299464,0.10326602
299470,0.07623107
299480,0.052920356
299488,0.010902847
299496,0.08462405
299501,0.07294686
299504,0.22770627
299532,0.04345177
299536,0.035642795
299550,0.109346
299554,0.043186396
299564,0.06492127
299577,0.047964178
299581,0.036625426
299594,0.053204007
299632,0.014501078
299633,0.078796774
299650,0.34085009
299678,0.07891948
299682,0.04231713
299705,0.081774734
299719,0.069160245
299720,0.039035294
299724,0.0737521
299730,0.009469165
299750,0.027810497
299766,0.062473137
299774,0.09668445
299787,0.03538093
299817,0.025497723
299818,0.14916694
299826,0.029417828
299833,0.04795842
299845,0.080373205
299847,0.5328351
299850,0.086053394
299866,0.06736953
299869,0.0361889
299870,0.0506904
299874,0.01659875
299877,0.09186288
299891,0.10567946
299898,0.08859268
299900,0.09007583
299904,0.019280806
299912,0.03425222
299914,0.03154742
299919,0.01866011
299931,0.030666186
299934,0.07908634
299941,0.49262825
299946,0.020690255
299947,0.04797106
299972,0.119201116
299973,0.26301265
299975,0.06508323
299979,0.031320106
299981,0.024040846
299983,0.11858489
299985,0.0609434
299986,0.01770363
300011,0.14275692
300013,0.037439253
300028,0.016289063
300042,0.016861474
300043,0.12827851
300058,0.096682996
300073,0.035734423
300075,0.04782341
300087,0.009004254
300090,0.0485701
300107,0.041787617
300115,0.025469929
300119,0.012000435
300122,0.23114263
300125,0.06904225
300126,0.07631341
300137,0.4293405
300139,0.056994412
300145,0.10077876
300155,0.04944241
300169,0.012809909
300170,0.04328059
300175,0.020345189
300177,0.086698785
300186,0.020296277
300188,0.007782443
300194,0.023096815
300207,0.08050895
300210,0.11142951
300217,0.05795283
300221,0.009704851
300235,0.02228172
300238,0.0047793733
300240,0.23339629
300241,0.025538707
300249,0.00654166
300255,0.0539736
300259,0.0683802
300272,0.017268742
300274,0.10931494
300276,0.11076046
300284,0.01761805
300293,0.009165456
300306,0.018497964
300310,0.12817073
300324,0.08872935
300339,0.008492327
300346,0.01972186
300348,0.04197352
300354,0.0128694475
300356,0.015248357
300358,0.04181831
300363,0.039322026
300366,0.07250007
300368,0.031277157
300370,0.061439548
300385,0.10353168
300392,0.20260914
300393,0.034664076
300403,0.09857637
300411,0.046626933
300420,0.041450735
300421,0.03632749
300435,0.30908358
300437,0.055070087
300440,0.029243676
300443,0.060776833
300456,0.176161
300458,0.027811553
300459,0.06903201
300460,0.01781722
300462,0.06925758
300481,0.021966225
300486,0.16831501
300488,0.023523469
300503,0.095859826
300506,0.0776544
300517,0.036579475
300523,0.02024255
300525,0.012978288
300526,0.14071093
300552,0.03300599
300560,0.045742325
300570,0.0103868395
300583,0.07517068
300585,0.1112449
300587,0.07096305
300598,0.058835093
300600,0.024777332
300608,0.09766263
300612,0.015786244
300618,0.028205136
300621,0.08312289
300640,0.020969154
300641,0.090714775
300651,0.034624163
300653,0.022266781
300667,0.031739634
300678,0.016231041
300680,0.07301258
300687,0.025798857
300702,0.3815664
300717,0.042875327
300722,0.012826055
300723,0.021842234
300732,0.06863154
300752,0.040073827
300761,0.14336517
300775,0.09901772
300786,0.23327276
300787,0.01136563
300788,0.022640677
300789,0.07256315
300794,0.061161045
300808,0.123715214
300834,0.009702509
300842,0.06404725
300844,0.20554739
300850,0.050158482
300851,0.14510173
300854,0.01925503
300866,0.012277039
300867,0.019453764
300868,0.11497196
300882,0.12670428
300883,0.02731274
300891,0.057289347
300894,0.009683944
300901,0.1719449
300904,0.04780844
300910,0.1173294
300914,0.1207325
300918,0.07029063
300948,0.33141157
300954,0.059087113
300958,0.094805874
300959,0.023554366
300970,0.018938757
300971,0.0592731
300975,0.07258928
300981,0.03715904
300983,0.06190212
300993,0.53674054
300996,0.021061094
301001,0.0067546056
301005,0.045527298
301010,0.109222494
301021,0.62028575
301026,0.03362404
301029,0.02233226
301032,0.041647855
301061,0.12952228
301073,0.0094416
301083,0.060963847
301089,0.079497725
301093,0.15914473
301098,0.034668896
301103,0.054680437
301105,0.11889229
301112,0.23473872
301120,0.012464043
301122,0.01789726
301124,0.097648725
301137,0.02842169
301169,0.029655043
301173,0.061617054
301177,0.11956525
301179,0.008145567
301180,0.16118352
301185,0.021972999
301195,0.30806246
301199,0.044291526
301201,0.0364935
301206,0.05152819
301209,0.07507542
301210,0.030621974
301216,0.18814652
301224,0.25758862
301226,0.031028481
301227,0.04634068
301243,0.021363534
301246,0.015930325
301248,0.07411282
301252,0.008594472
301259,0.097390205
301260,0.02493946
301267,0.014403509
301268,0.04503943
301274,0.014570154
301281,0.016836861
301287,0.023338828
301288,0.0150456745
301299,0.014043277
301304,0.019438239
301325,0.064520985
301327,0.06321319
301331,0.23934364
301332,0.03035481
301336,0.038111445
301345,0.14073938
301348,0.013177611
301356,0.06700137
301358,0.0421626
301360,0.012662666
301364,0.054868385
301389,0.020990651
301415,0.015602201
301421,0.26250306
301422,0.034519352
301424,0.04825975
301426,0.018354151
301433,0.04685766
301459,0.3618118
301460,0.058113284
301478,0.033336893
301483,0.019919211
301493,0.015119121
301494,0.026346225
301503,0.04845264
301510,0.07890509
301516,0.010740303
301530,0.058449645
301531,0.026397655
301549,0.013904595
301550,0.056886014
301555,0.06612873
301573,0.040340666
301588,0.023513837
301593,0.08373386
301613,0.09060302
301625,0.16005152
301643,0.060532168
301650,0.0077058207
301651,0.069852345
301652,0.016137945
301653,0.08063739
301665,0.019512646
301684,0.032969046
301686,0.27112865
301694,0.0848111
301697,0.039976932
301698,0.0505869
301717,0.035741244
301725,0.013998603
301728,0.06669571
301734,0.01578054
301749,0.17091273
301761,0.15529011
301766,0.07629098
301775,0.10360344
301782,0.102642685
301784,0.074233316
301787,0.024793174
301789,0.18100314
301790,0.09174112
301804,0.09296699
301806,0.027003363
301817,0.031165887
301826,0.018214656
301837,0.059857402
301842,0.066240124
301848,0.015135354
301859,0.07510412
301860,0.023062568
301867,0.02916869
301877,0.008890864
301883,0.025335127
301902,0.042218994
301908,0.022084847
301916,0.019206448
301920,0.038625695
301921,0.025534632
301931,0.011865716
301939,0.0380352
301941,0.041125387
301943,0.008683084
301949,0.018678494
301955,0.1358202
301963,0.043657053
301968,0.02294803
301975,0.13515192
301988,0.052122876
302000,0.069742605
302005,0.015986072
302007,0.07356006
302016,0.27042738
302028,0.015421532
302038,0.021849332
302043,0.013297897
302051,0.019055676
302056,0.0074788327
302063,0.05161809
302072,0.0335536
302074,0.07152947
302080,0.025352977
302093,0.05804339
302096,0.06282024
302123,0.011323316
302125,0.009541349
302128,0.012296859
302145,0.14174181
302146,0.045231145
302160,0.083069615
302166,0.030256739
302174,0.03608931
302175,0.017232802
302186,0.1579026
302190,0.074349195
302202,0.054509196
302207,0.05480699
302211,0.02993055
302215,0.021716446
302216,0.050730158
302217,0.016138587
302225,0.4432099
302231,0.052089736
302233,0.01431796
302259,0.021363473
302263,0.06209869
302281,0.044747025
302285,0.023529932
302288,0.077267
302292,0.39199743
302303,0.1644532
302306,0.037932716
302309,0.06830323
302332,0.0132457
302341,0.008607377
302350,0.27961203
302352,0.11357551
302356,0.11496616
302361,0.021467766
302364,0.12526987
302373,0.0143962065
302378,0.05905699
302385,0.026701339
302389,0.056920238
302393,0.21855447
302403,0.0069813365
302422,0.009179853
302425,0.058003537
302431,0.2502647
302443,0.037946753
302448,0.01168473
302449,0.08127688
302455,0.16296403
302460,0.01527282
302462,0.05202338
302466,0.031286076
302467,0.123600915
302470,0.12033049
302472,0.04286171
302480,0.18760416
302481,0.0093503585
302491,0.06347953
302494,0.016435722
302503,0.14958605
302504,0.14109808
302507,0.1514022
302527,0.049988315
302571,0.09399787
302580,0.075185105
302583,0.03598841
302591,0.015792275
302601,0.039349187
302613,0.053366415
302621,0.03828133
302638,0.027841816
302639,0.17244884
302655,0.052714057
302670,0.04555528
302673,0.26039538
302675,0.050157633
302691,0.05038553
302701,0.023764005
302705,0.018741418
302727,0.029914258
302750,0.035953272
302751,0.047908284
302757,0.13167493
302758,0.16777377
302761,0.15319835
302767,0.087360285
302787,0.018226828
302797,0.015952189
302799,0.09813134
302800,0.04901756
302815,0.03162326
302826,0.28913358
302827,0.020830803
302842,0.014097101
302856,0.010899494
302877,0.023668593
302879,0.057222944
302881,0.021316623
302882,0.0700386
302885,0.069919385
302905,0.033950455
302911,0.009991322
302916,0.059758995
302919,0.24884976
302947,0.032992244
302957,0.065543115
302968,0.03284858
302978,0.09948337
302984,0.08154341
302991,0.011925603
303007,0.065440066
303010,0.035865515
303012,0.1332833
303013,0.36926168
303024,0.027563967
303027,0.058007967
303034,0.015213533
303036,0.11582756
303037,0.04775145
303050,0.024893392
303060,0.08727458
303062,0.024975767
303066,0.013705602
303068,0.16032833
303077,0.26355734
303080,0.055935323
303082,0.04807451
303083,0.044297997
303085,0.07405299
303087,0.05305034
303089,0.038738593
303103,0.011002633
303105,0.013884375
303106,0.060022656
303120,0.044746187
303121,0.01962052
303127,0.022834959
303130,0.020461328
303142,0.008837359
303162,0.068839215
303169,0.090547636
303189,0.025712093
303220,0.025270764
303222,0.1723167
303223,0.040195215
303227,0.02506063
303262,0.047932453
303264,0.016749501
303277,0.039298374
303288,0.009933825
303292,0.035283342
303294,0.15494111
303301,0.5383389
303312,0.11243012
303328,0.05494005
303330,0.011419189
303347,0.013666654
303354,0.014407036
303356,0.004040059
303362,0.02879326
303377,0.058731474
303386,0.07813212
303393,0.016232679
303397,0.033259057
303403,0.16281773
303413,0.0037622668
303416,0.058335625
303428,0.043809537
303429,0.063407674
303432,0.051270932
303446,0.14413011
303455,0.1256153
303464,0.04062853
303465,0.027148828
303473,0.07004402
303476,0.08666356
303479,0.06141674
303482,0.043292172
303484,0.0543776
303492,0.23657306
303493,0.092870414
303497,0.09263775
303498,0.049517494
303499,0.04923297
303509,0.015330068
303513,0.022150166
303524,0.0138916485
303525,0.22771794
303540,0.08105865
303544,0.017889844
303548,0.035367984
303551,0.04652686
303569,0.041042797
303584,0.063228324
303592,0.14331743
303602,0.112778135
303607,0.07518542
303619,0.045143463
303630,0.021748299
303643,0.5296176
303644,0.09928917
303670,0.09049931
303671,0.036768377
303678,0.07442975
303689,0.00962709
303698,0.0931011
303702,0.026701665
303704,0.033020195
303711,0.011818782
303727,0.037209317
303728,0.009076987
303741,0.10902784
303752,0.025064578
303755,0.018871259
303777,0.0151579315
303790,0.18382022
303798,0.034036826
303804,0.19013499
303812,0.042244647
303814,0.0864574
303817,0.34435636
303818,0.08383721
303848,0.03695355
303850,0.020588657
303854,0.035288613
303857,0.013556492
303860,0.02334929
303870,0.15715162
303877,0.022790877
303884,0.11882919
303893,0.0098809935
303899,0.02581515
303900,0.26571646
303902,0.08201141
303906,0.06854456
303920,0.15077026
303937,0.032141395
303939,0.021010706
303941,0.018418321
303962,0.093555875
303963,0.15592311
303971,0.03316092
303978,0.021325752
303980,0.12231572
303986,0.10014776
304018,0.14404574
304025,0.014728967
304027,0.019112296
304028,0.22159111
304029,0.031958055
304030,0.012396809
304035,0.045001715
304040,0.0682813
304058,0.08804736
304083,0.04438224
304089,0.33849365
304092,0.10657497
304093,0.08065519
304100,0.01089839
304121,0.03549928
304142,0.024795126
304154,0.040530268
304158,0.28653708
304164,0.0348654
304173,0.32562092
304175,0.022190187
304182,0.03425195
304194,0.033929795
304201,0.025689935
304202,0.031194191
304206,0.045494508
304210,0.058696706
304226,0.008500771
304237,0.013464197
304256,0.11576572
304257,0.01884857
304265,0.008507687
304271,0.10139405
304274,0.06499889
304286,0.06485027
304292,0.08613496
304299,0.029854415
304350,0.058985364
304352,0.016214285
304355,0.011843999
304360,0.027696216
304361,0.19084013
304363,0.04114403
304375,0.15264684
304378,0.007999006
304382,0.24358276
304385,0.2069435
304386,0.097022526
304387,0.09990605
304388,0.016071718
304391,0.08128518
304398,0.04426853
304406,0.017675178
304420,0.027952146
304431,0.06660591
304436,0.28594276
304438,0.015791563
304440,0.03330757
304441,0.023327699
304450,0.026943346
304451,0.24892335
304454,0.05368663
304462,0.17949744
304466,0.18297791
304469,0.19562393
304472,0.014473989
304475,0.2519136
304481,0.010811837
304483,0.036906406
304485,0.059845775
304486,0.015612253
304504,0.06846693
304505,0.03697562
304512,0.047176085
304516,0.16802698
304517,0.012498017
304528,0.025509436
304530,0.048416696
304536,0.0119482735
304549,0.022614693
304552,0.13089794
304554,0.12259169
304581,0.06215066
304593,0.03352726
304596,0.2281912
304604,0.035406373
304610,0.10043697
304614,0.032038335
304628,0.10327545
304629,0.02421495
304637,0.03322867
304644,0.0077308873
304654,0.07505564
304664,0.20855609
304676,0.03834936
304680,0.06859284
304687,0.0075738532
304696,0.14588206
304698,0.09940539
304700,0.057751853
304703,0.15369193
304704,0.017389975
304710,0.03746564
304717,0.08094551
304729,0.40294802
304732,0.03090933
304736,0.016468083
304738,0.04795374
304756,0.026942378
304771,0.010230311
304773,0.016701547
304776,0.05004457
304778,0.030368596
304779,0.11904449
304780,0.009547731
304790,0.08530379
304793,0.006283459
304805,0.2118462
304811,0.015393834
304825,0.04545229
304828,0.08700955
304829,0.07388927
304842,0.122174606
304851,0.10167475
304857,0.025504975
304884,0.07911604
304891,0.03361673
304897,0.06752595
304898,0.04651495
304905,0.024679406
304907,0.103438996
304917,0.027016746
304931,0.018035132
304935,0.011405455
304942,0.03890188
304954,0.14144458
304959,0.0043891952
304968,0.09932067
304971,0.040446077
304977,0.05069808
304982,0.025468657
304985,0.026039472
304991,0.017617844
304992,0.08509251
304997,0.05247318
305004,0.014830743
305008,0.017947854
305019,0.022323234
305020,0.15021218
305025,0.026379775
305037,0.04511839
305046,0.22228417
305056,0.013248293
305062,0.022429742
305064,0.19807328
305065,0.049515735
305076,0.065885484
305108,0.07622259
305110,0.028743958
305115,0.10312317
305121,0.29489055
305125,0.032931462
305141,0.022024509
305151,0.017441586
305159,0.02110987
305162,0.04351004
305165,0.015582477
305174,0.04371968
305178,0.06498526
305180,0.09076313
305182,0.043567427
305183,0.019342676
305194,0.027350675
305199,0.20731819
305210,0.055695467
305214,0.26217437
305215,0.04459986
305218,0.029626023
305225,0.013870162
305229,0.028440302
305231,0.0037045153
305233,0.016239565
305237,0.009594116
305260,0.012119039
305261,0.07545395
305278,0.049083672
305286,0.20926307
305293,0.017816577
305300,0.008544379
305301,0.15595946
305326,0.16402023
305334,0.023927225
305340,0.09413414
305348,0.036458023
305352,0.036526214
305359,0.05932908
305360,0.0058529316
305362,0.05839005
305383,0.007916113
305406,0.023021102
305408,0.09035761
305412,0.1320809
305413,0.0274443
305414,0.22553828
305417,0.019491522
305421,0.026377521
305422,0.030312652
305447,0.025069496
305448,0.1268111
305450,0.025949882
305452,0.04673765
305459,0.014754648
305460,0.050592158
305474,0.031571098
305475,0.024503289
305481,0.19629796
305494,0.05441772
305503,0.10013559
305507,0.016655914
305508,0.21793714
305513,0.10947239
305518,0.043731753
305523,0.08151801
305526,0.09821006
305529,0.029997557
305532,0.07622525
305543,0.14852527
305555,0.013680686
305562,0.018392168
305571,0.013497005
305578,0.10006445
305579,0.005552739
305584,0.024016568
305603,0.030621422
305620,0.31435734
305626,0.03361511
305636,0.06275919
305640,0.02627601
305653,0.037507534
305662,0.11448829
305663,0.03967376
305667,0.02202115
305683,0.058107752
305698,0.011842994
305699,0.07396125
305707,0.03915369
305717,0.21282607
305723,0.020765955
305735,0.031392556
305738,0.15790993
305746,0.031272415
305766,0.07238133
305773,0.0040224553
305776,0.01924232
305777,0.024943583
305809,0.02958196
305813,0.037921075
305816,0.030424824
305820,0.02674909
305826,0.0896921
305838,0.11864474
305839,0.036007587
305846,0.23941578
305861,0.05357321
305863,0.20197032
305869,0.02390685
305872,0.04654186
305876,0.010728678
305881,0.1417826
305887,0.030138198
305894,0.03887677
305898,0.014559655
305905,0.030040145
305908,0.018559132
305914,0.109530434
305915,0.012953062
305922,0.0093273
305938,0.16210406
305946,0.02452342
305956,0.029903874
305963,0.0412398
305965,0.018561617
305988,0.03448198
305990,0.03341313
305991,0.05410202
305994,0.028872157
305998,0.04813936
306003,0.019704768
306012,0.027362792
306016,0.048958458
306021,0.07313577
306025,0.05321756
306030,0.1979987
306047,0.014991424
306051,0.060507007
306063,0.13243826
306066,0.08081658
306069,0.0663642
306074,0.05353535
306091,0.035365317
306094,0.05844659
306095,0.012171748
306114,0.060390502
306116,0.008299087
306121,0.023750115
306127,0.11517161
306128,0.05486679
306133,0.023564039
306142,0.05398983
306144,0.042124163
306150,0.020098748
306153,0.015466639
306156,0.090671875
306159,0.26158282
306161,0.019417405
306173,0.04027373
306175,0.07188476
306193,0.14234059
306194,0.046907995
306198,0.11120106
306203,0.063189
306209,0.14452936
306212,0.025673289
306216,0.29468548
306233,0.015420889
306247,0.054047868
306264,0.045169245
306267,0.04163403
306293,0.022351295
306302,0.32893547
306305,0.011476459
306311,0.03206405
306345,0.04068493
306357,0.060381323
306368,0.010425415
306372,0.29710555
306378,0.13962246
306389,0.012074961
306398,0.07201047
306414,0.07187311
306419,0.085312776
306437,0.045819983
306438,0.06636321
306441,0.08359923
306443,0.08268443
306450,0.050599523
306464,0.05963866
306468,0.19816093
306469,0.0092836
306484,0.062683575
306527,0.04038385
306538,0.048160166
306547,0.13461821
306554,0.113261305
306557,0.1662931
306560,0.019019771
306561,0.04277782
306565,0.0058444003
306569,0.020881316
306576,0.0441768
306587,0.03059662
306604,0.057645753
306624,0.019484285
306625,0.16698566
306628,0.08338044
306647,0.09659493
306651,0.02964412
306658,0.06597975
306660,0.120629065
306664,0.037027348
306670,0.2599935
306699,0.08759547
306701,0.036119737
306712,0.027809562
306716,0.06003057
306727,0.02472953
306729,0.056947287
306735,0.010132574
306739,0.017301813
306756,0.13541064
306757,0.05777601
306767,0.0747414
306775,0.024123473
306795,0.018911894
306799,0.07155408
306800,0.016964208
306805,0.043597665
306812,0.021408012
306820,0.08262066
306840,0.17702436
306845,0.081452414
306848,0.012959269
306856,0.098400995
306862,0.082900494
306863,0.063893855
306868,0.24529459
306873,0.081688896
306876,0.122414306
306893,0.028924987
306896,0.11775325
306899,0.015680641
306907,0.13094403
306908,0.07074398
306917,0.089097865
306927,0.07344908
306930,0.011476963
306935,0.037170116
306942,0.03431058
306951,0.023388544
306961,0.050732467
306970,0.3491664
306972,0.17086926
306973,0.008092494
306976,0.016115027
306978,0.0668999
306990,0.08135956
306992,0.15147173
306995,0.008087091
307001,0.22366579
307004,0.34851816
307005,0.16818537
307006,0.014502986
307010,0.028797239
307011,0.11538787
307014,0.010897336
307016,0.059919752
307022,0.00844118
307027,0.15141281
307052,0.020494364
307061,0.05087593
307072,0.334599
307078,0.0072864387
307111,0.017415814
307112,0.032700874
307134,0.103614934
307143,0.05334062
307147,0.037787803
307148,0.07924746
307162,0.04966817
307166,0.0074142213
307168,0.057236508
307174,0.017590903
307177,0.013376936
307197,0.05492073
307198,0.17416953
307199,0.10474614
307205,0.040539697
307207,0.02235095
307210,0.0108408015
307212,0.015679235
307223,0.017330505
307224,0.009301893
307236,0.13090846
307241,0.07487196
307242,0.05086424
307259,0.075279124
307271,0.082938805
307274,0.041430827
307281,0.08426413
307288,0.04086514
307294,0.013155504
307302,0.08963238
307308,0.072746925
307313,0.093906075
307344,0.14669359
307350,0.106561944
307366,0.051715005
307372,0.013200659
307373,0.11117178
307374,0.024765085
307378,0.03320178
307384,0.05285368
307398,0.060211167
307406,0.16387999
307416,0.016834391
307420,0.08278054
307424,0.029985301
307427,0.06168113
307429,0.029711954
307436,0.0296665
307456,0.05312514
307491,0.059067365
307494,0.025751712
307496,0.036927756
307500,0.015311047
307504,0.059738383
307509,0.15930228
307511,0.22973804
307520,0.037522394
307527,0.011519659
307537,0.13511465
307539,0.04832494
307558,0.07114041
307561,0.051948547
307575,0.107957415
307577,0.044296045
307588,0.042305596
307636,0.061474156
307639,0.24576245
307641,0.010407868
307646,0.07459581
307653,0.15640673
307661,0.4788315
307669,0.09176284
307674,0.012418363
307678,0.03928438
307691,0.017774321
307697,0.01618751
307699,0.018992566
307702,0.010523211
307708,0.054716658
307712,0.079051465
307716,0.016402595
307729,0.027356867
307753,0.032059442
307765,0.4089868
307781,0.15388799
307787,0.060922805
307788,0.029307958
307798,0.051313236
307799,0.047966573
307800,0.065751225
307801,0.10962822
307804,0.009248218
307816,0.06915497
307820,0.006962935
307824,0.045511324
307828,0.0084675895
307832,0.072666064
307836,0.047896735
307842,0.045108534
307851,0.32484794
307856,0.0058538
307861,0.048765283
307879,0.036899853
307904,0.18959421
307911,0.044991154
307912,0.011319047
307913,0.3057155
307922,0.025146099
307924,0.044615224
307925,0.04795399
307929,0.051919084
307933,0.14630604
307945,0.028507357
307948,0.020834142
307961,0.14248681
307962,0.040269297
307963,0.043764617
307971,0.043480586
307983,0.055093605
307984,0.12967059
307988,0.085952364
307993,0.09895675
307994,0.047683183
308007,0.14407054
308008,0.04159137
308018,0.14842133
308023,0.005197498
308026,0.017787436
308028,0.035849337
308030,0.07327019
308034,0.122607514
308053,0.016214231
308065,0.09125685
308095,0.009176479
308096,0.11485336
308100,0.021330949
308114,0.029451659
308116,0.14828596
308120,0.035351947
308128,0.08410188
308132,0.025137974
308134,0.11146217
308140,0.047979772
308142,0.1422081
308164,0.020483268
308168,0.1653002
308169,0.17471373
308171,0.108576395
308176,0.023639398
308177,0.045130443
308179,0.014559581
308180,0.19554375
308184,0.02079801
308188,0.089663975
308189,0.0044026664
308190,0.034244716
308200,0.19597048
308210,0.04363151
308211,0.18586138
308218,0.075992405
308220,0.01880111
308228,0.01994968
308231,0.022054555
308236,0.028003594
308247,0.030040376
308251,0.06158949
308260,0.037067894
308266,0.02919574
308267,0.025585094
308280,0.19929597
308298,0.011581581
308301,0.014954558
308309,0.052557092
308312,0.14657743
308325,0.060878165
308334,0.22626701
308339,0.04486027
308346,0.09021162
308359,0.037915867
308360,0.03104748
308380,0.0630491
308391,0.06911968
308403,0.010000183
308408,0.05004726
308410,0.29710075
308415,0.2588453
308420,0.070629396
308427,0.032225225
308442,0.030513292
308447,0.2922929
308462,0.037820697
308464,0.040950105
308465,0.036074832
308467,0.1195312
308468,0.047544148
308476,0.025710931
308488,0.09134474
308498,0.019068303
308504,0.018741813
308507,0.010082216
308509,0.015751874
308521,0.03526644
308536,0.1069687
308537,0.02484702
308543,0.015290336
308547,0.053349033
308559,0.08827453
308565,0.079790264
308569,0.1114817
308584,0.012869137
308591,0.42060575
308608,0.026958503
308610,0.028893609
308613,0.024787392
308618,0.05382771
308623,0.018454118
308632,0.016481727
308636,0.07486183
308641,0.03434504
308643,0.018853782
308664,0.05805409
308678,0.015846401
308679,0.033055346
308691,0.015720995
308692,0.04363526
308701,0.03454129
308709,0.16512464
308711,0.15669425
308719,0.09440326
308723,0.03190496
308727,0.1482936
308732,0.034393653
308738,0.0046910886
308747,0.010255502
308749,0.020358486
308755,0.022197466
308756,0.123921044
308761,0.0057760035
308779,0.033741474
308780,0.14460732
308784,0.039388727
308789,0.09036838
308807,0.037482884
308818,0.337019
308819,0.0299505
308822,0.35754356
308827,0.021887926
308831,0.072420724
308833,0.027279925
308842,0.04202149
308868,0.026109492
308871,0.015415726
308881,0.009755478
308889,0.021681877
308892,0.051340956
308900,0.061910767
308903,0.016209973
308912,0.12130103
308916,0.022742258
308919,0.12077114
308920,0.033824775
308921,0.02364985
308928,0.0283905
308929,0.16544968
308934,0.133771
308940,0.07518738
308941,0.012095006
308946,0.036263425
308956,0.061594013
308958,0.013430112
308963,0.01557023
308965,0.04843598
308971,0.03597439
308977,0.031151434
308985,0.027648328
308987,0.059746
308995,0.066097125
309005,0.057650387
309007,0.21125466
309015,0.01171022
309016,0.08801333
309018,0.06678954
309019,0.07973483
309035,0.034074064
309042,0.07333889
309044,0.012405259
309052,0.10439502
309061,0.017519083
309064,0.043383148
309072,0.060030717
309075,0.052064974
309083,0.027508335
309099,0.1566956
309124,0.011576823
309125,0.082220204
309146,0.010500015
309159,0.013303491
309161,0.046380937
309168,0.13336436
309180,0.011753559
309185,0.07798828
309195,0.098688446
309198,0.014933289
309200,0.090540044
309202,0.044708386
309204,0.052986596
309213,0.10037157
309227,0.096522674
309234,0.019681487
309241,0.035202254
309242,0.044916105
309244,0.027842209
309246,0.09737883
309250,0.055877402
309251,0.119370595
309274,0.12643723
309276,0.034505084
309280,0.17156473
309298,0.24524751
309301,0.13839877
309302,0.0365804
309326,0.035346378
309335,0.08463919
309341,0.017534422
309343,0.06859042
309344,0.043890245
309354,0.04096776
309362,0.024235824
309399,0.0719119
309406,0.085464865
309409,0.08400899
309411,0.28562337
309418,0.4361977
309421,0.07419454
309435,0.034780707
309443,0.22300093
309455,0.064501226
309462,0.08055059
309473,0.06399511
309476,0.24601103
309478,0.014882437
309493,0.01237627
309502,0.089489214
309508,0.13265029
309526,0.14310935
309536,0.006064356
309544,0.0070737917
309547,0.11407204
309555,0.018543119
309562,0.04211961
309569,0.08471496
309574,0.07361178
309577,0.010948558
309578,0.15045078
309579,0.046753034
309585,0.029374046
309588,0.09376352
309603,0.05493102
309604,0.017207334
309617,0.07847565
309620,0.011407821
309623,0.013301095
309648,0.25164774
309665,0.07536668
309682,0.020372802
309694,0.038206022
309702,0.039595053
309711,0.011158957
309713,0.12219297
309729,0.016211335
309735,0.019722193
309744,0.07089574
309749,0.041154508
309750,0.017513158
309759,0.053106535
309761,0.046002667
309770,0.050726417
309776,0.04822725
309777,0.031821996
309789,0.01775273
309790,0.007504104
309800,0.10074688
309813,0.031085003
309814,0.0747533
309815,0.2264494
309825,0.031190746
309826,0.02450803
309829,0.015777161
309831,0.0051756995
309837,0.013283252
309846,0.052441377
309849,0.12457155
309855,0.025670756
309860,0.11463663
309879,0.03279042
309882,0.39787006
309887,0.054024618
309892,0.05872433
309895,0.062994644
309902,0.01192148
309915,0.053740922
309923,0.010502294
309941,0.25621343
309942,0.10967315
309945,0.023050662
309950,0.071448445
309955,0.05163917
309963,0.03150846
309964,0.030656151
309967,0.38331485
309969,0.066660136
309971,0.01616435
309978,0.09751591
309987,0.109676905
309990,0.13283354
309992,0.053097006
309993,0.08015868
310010,0.07438245
310012,0.03235959
310017,0.008077694
310018,0.025540784
310022,0.06653611
310031,0.028829884
310033,0.027826708
310034,0.05789083
310038,0.12634532
310044,0.19698262
310062,0.029211337
310071,0.015943
310075,0.034526497
310082,0.050713398
310093,0.1269242
310101,0.010706953
310106,0.010871493
310118,0.24942361
310123,0.025091976
310126,0.009246885
310130,0.036944702
310141,0.03541304
310145,0.21057521
310148,0.100931056
310150,0.0235443
310159,0.06428241
310162,0.024994005
310163,0.061055213
310166,0.008846641
310167,0.017938098
310170,0.06661647
310181,0.036198523
310187,0.050296877
310191,0.007126211
310192,0.03651306
310197,0.23796494
310200,0.02008895
310201,0.0910209
310203,0.007312453
310204,0.020401115
310213,0.037167136
310215,0.03311076
310218,0.16683541
310236,0.077594705
310238,0.017175196
310241,0.050881937
310245,0.25921103
310252,0.039330024
310259,0.05549854
310260,0.23124953
310261,0.01710021
310262,0.024370708
310274,0.027192084
310294,0.14732152
310296,0.17991835
310298,0.028916264
310306,0.049361214
310307,0.08912122
310316,0.013089418
310329,0.12473124
310338,0.08021299
310342,0.051057562
310343,0.06579471
310360,0.057470933
310362,0.52835596
310378,0.042786412
310379,0.021038465
310383,0.04539419
310385,0.10301425
310387,0.11833133
310388,0.022478024
310400,0.0144242775
310408,0.116757266
310414,0.14824916
310423,0.0071252733
310424,0.07712414
310428,0.10256309
310432,0.036456544
310456,0.021383546
310463,0.15526478
310475,0.06643012
310476,0.03861595
310482,0.03440296
310485,0.042305183
310490,0.020119766
310496,0.011276095
310505,0.10391104
310519,0.020125182
310546,0.14515577
310547,0.023354935
310553,0.108035
310555,0.011732591
310556,0.40025473
310568,0.007576625
310573,0.077417195
310574,0.027226439
310577,0.045084357
310580,0.046501007
310581,0.02194795
310583,0.064448535
310586,0.029072141
310591,0.04331551
310598,0.024887277
310606,0.05605421
310628,0.012248351
310634,0.06270889
310638,0.0747306
310646,0.010337545
310648,0.11184093
310654,0.018355671
310659,0.09927915
310663,0.06440686
310669,0.032687113
310670,0.062081475
310674,0.059443124
310691,0.0702914
310693,0.06259049
310702,0.015567264
310706,0.029407624
310709,0.01900143
310711,0.14448564
310720,0.14158373
310739,0.1476544
310742,0.08810632
310743,0.056533128
310752,0.061122026
310753,0.05994514
310757,0.48259827
310763,0.031476166
310764,0.033208393
310769,0.0067671034
310771,0.08324881
310775,0.006283643
310779,0.09956715
310781,0.06547211
310784,0.016481202
310793,0.10498405
310794,0.00985838
310816,0.17009999
310823,0.029571675
310837,0.06449376
310856,0.048931547
310865,0.046865486
310866,0.045017693
310872,0.058099568
310877,0.265598
310879,0.06463106
310883,0.023304718
310884,0.16905688
310908,0.011420945
310928,0.026775133
310935,0.013030187
310954,0.039083485
310964,0.17034729
310971,0.07008657
310972,0.099030495
310983,0.14642994
310988,0.0071546687
310994,0.04156756
311003,0.010437553
311020,0.035168488
311024,0.1313393
311037,0.034035753
311064,0.03409368
311070,0.013307918
311086,0.27879044
311087,0.06794164
311108,0.009366564
311110,0.020268828
311115,0.025074502
311116,0.27270582
311117,0.032312497
311128,0.08213089
311136,0.11807984
311146,0.01484935
311155,0.064704604
311157,0.035621166
311159,0.097993284
311170,0.1522057
311184,0.042331472
311199,0.012023228
311208,0.074602656
311209,0.028756173
311220,0.184369
311230,0.019512324
311233,0.009124425
311241,0.09805111
311261,0.014060473
311262,0.028074125
311268,0.025253505
311277,0.120851554
311296,0.10050694
311298,0.029363872
311310,0.15340894
311313,0.16985208
311316,0.069889344
311324,0.016030071
311327,0.033909917
311331,0.04165313
311335,0.013125223
311343,0.049626824
311346,0.033879284
311357,0.12988307
311358,0.011103233
311365,0.011504081
311370,0.046372417
311376,0.034632523
311380,0.13090777
311393,0.021568682
311399,0.045033198
311404,0.026196009
311409,0.013480445
311425,0.068088725
311436,0.03338181
311455,0.013290992
311459,0.127571
311475,0.14670944
311499,0.09744886
311509,0.010479133
311518,0.014895717
311535,0.04978855
311536,0.021499539
311540,0.05294995
311542,0.15631369
311552,0.25091094
311562,0.5452795
311580,0.0052576168
311583,0.088347286
311588,0.085090116
311595,0.018079998
311601,0.07100977
311605,0.054109056
311609,0.18298583
311612,0.07141427
311621,0.07582955
311623,0.00886335
311625,0.17482424
311636,0.023493296
311637,0.07328454
311646,0.07892079
311648,0.01917859
311654,0.05271151
311663,0.055856027
311676,0.08887762
311679,0.012449401
311683,0.08726187
311685,0.021570558
311691,0.025444813
311695,0.023838922
311700,0.025486872
311710,0.03367295
311714,0.02028259
311716,0.08931242
311725,0.040029865
311727,0.15646154
311728,0.019411119
311737,0.14922024
311738,0.031640973
311743,0.03304547
311746,0.012675096
311747,0.07058865
311761,0.16408297
311765,0.012956377
311773,0.01778358
311776,0.01817229
311786,0.20158415
311801,0.045208715
311820,0.030280149
311822,0.1874321
311829,0.024743404
311835,0.054223448
311846,0.045644265
311851,0.15093951
311854,0.031411454
311872,0.016291417
311875,0.01641309
311888,0.0596898
311916,0.08273833
311928,0.031537347
311931,0.039137945
311933,0.24538225
311934,0.011355251
311948,0.031640865
311949,0.1395369
311950,0.03659583
311952,0.089922
311954,0.12915964
311962,0.10976628
311965,0.027313367
311968,0.16153234
311976,0.081014015
311977,0.019383986
311983,0.051167574
311989,0.009729013
311996,0.1164578
311999,0.02106077
312007,0.31955487
312022,0.080285504
312023,0.031699955
312034,0.034963187
312042,0.018607428
312049,0.021204427
312077,0.0417679
312088,0.052536853
312091,0.07786511
312114,0.059921037
312115,0.0582064
312117,0.100357614
312119,0.13512802
312126,0.39341006
312127,0.01636609
312134,0.12715234
312164,0.01597619
312176,0.035677444
312178,0.013123605
312184,0.015344081
312185,0.20313509
312186,0.036376014
312191,0.025625788
312197,0.021068051
312213,0.37273324
312223,0.18925878
312224,0.18473761
312225,0.03893744
312226,0.08627648
312231,0.015854755
312239,0.1050777
312251,0.035338584
312271,0.0070451302
312278,0.026273599
312281,0.0035535067
312289,0.015735285
312291,0.025669472
312301,0.023595456
312302,0.03280193
312316,0.092536554
312324,0.025535446
312338,0.0063352194
312361,0.006003041
312363,0.16107611
312368,0.025811667
312382,0.007792362
312384,0.08007782
312390,0.024852602
312395,0.057938136
312396,0.07325261
312400,0.08600722
312406,0.058782034
312412,0.011390711
312414,0.0724425
312417,0.043902487
312425,0.09605349
312428,0.012936526
312431,0.09865134
312437,0.21499954
312442,0.022665111
312451,0.1496021
312460,0.042250417
312464,0.08663459
312466,0.00836686
312470,0.03459288
312473,0.12616175
312490,0.0309847
312493,0.11778329
312503,0.019424465
312509,0.21060836
312520,0.034234077
312528,0.012313092
312543,0.051990632
312544,0.05319246
312553,0.021778662
312558,0.012652601
312565,0.07404796
312568,0.12030709
312579,0.012290601
312581,0.10152475
312582,0.04018734
312596,0.11165711
312597,0.0136972
312598,0.022131765
312617,0.35242912
312627,0.10994345
312635,0.013877482
312637,0.15736549
312639,0.022710627
312640,0.18933971
312642,0.3328945
312651,0.056839302
312663,0.025541853
312668,0.062165268
312685,0.025820365
312691,0.031667568
312693,0.04418458
312710,0.04912863
312711,0.017754825
312712,0.013665664
312720,0.05237592
312746,0.21049954
312763,0.027771968
312770,0.07032837
312791,0.2582896
312795,0.017818812
312796,0.05428645
312797,0.10954432
312804,0.043540407
312812,0.019363586
312813,0.055605378
312825,0.030074773
312827,0.10217027
312841,0.053380966
312842,0.27402335
312845,0.021654647
312856,0.024532927
312866,0.019931601
312870,0.3016658
312879,0.056735888
312895,0.013591538
312901,0.054830205
312909,0.022284444
312910,0.025698576
312916,0.023313211
312926,0.04516092
312942,0.13136593
312946,0.08113942
312950,0.020282079
312952,0.04607533
312963,0.011139517
312968,0.18642978
312976,0.022493437
312980,0.12809077
312984,0.05882898
312987,0.051802494
312994,0.089203954
312996,0.08410263
312997,0.13539429
313019,0.02752489
313020,0.011277679
313028,0.036564972
313041,0.19838104
313045,0.036018826
313048,0.06284079
313052,0.1522156
313062,0.052048646
313063,0.06322511
313066,0.0303205
313071,0.07488769
313085,0.014631955
313099,0.30765092
313109,0.13299456
313131,0.006697214
313139,0.050995864
313141,0.023555757
313142,0.11785079
313145,0.15567935
313153,0.08902335
313157,0.015938856
313161,0.09695747
313165,0.06344617
313179,0.12078006
313208,0.15445484
313228,0.29249355
313236,0.032364402
313243,0.014139446
313245,0.039879195
313249,0.027213972
313275,0.015707003
313276,0.070780724
313280,0.042626638
313284,0.2698487
313285,0.038050458
313292,0.017718714
313297,0.055210825
313304,0.052741483
313322,0.020876588
313323,0.087299235
313325,0.005944545
313326,0.032020185
313334,0.02180262
313336,0.021119922
313337,0.1237869
313339,0.021996347
313340,0.04274944
313341,0.14718275
313343,0.087693095
313346,0.36971453
313348,0.31232238
313359,0.053209875
313365,0.031108921
313375,0.14973015
313381,0.039185204
313382,0.03702569
313389,0.03181141
313390,0.014063614
313391,0.13787223
313410,0.14655589
313416,0.027352814
313417,0.0717333
313426,0.22169276
313429,0.038895927
313469,0.025036966
313479,0.021453211
313485,0.25674805
313494,0.0044083847
313496,0.05307868
313501,0.037845924
313506,0.03909353
313521,0.02910507
313524,0.086919434
313538,0.09488446
313550,0.11106466
313557,0.12472336
313573,0.017288303
313583,0.014267314
313592,0.11367444
313602,0.023579586
313604,0.08242308
313606,0.1791586
313617,0.06408418
313622,0.019448927
313625,0.08956882
313638,0.013067906
313639,0.06291591
313645,0.042440884
313655,0.06992066
313656,0.6175855
313663,0.04711965
313669,0.03139951
313670,0.09394648
313676,0.06486169
313689,0.37401164
313699,0.029065527
313711,0.023958037
313720,0.11306101
313731,0.30379093
313736,0.25319874
313741,0.029640645
313744,0.07077423
313749,0.23112118
313750,0.034178793
313753,0.06522779
313763,0.017133303
313765,0.15238743
313776,0.015706923
313778,0.13688163
313781,0.04326477
313786,0.2980713
313787,0.008884022
313795,0.035325322
313809,0.06664533
313810,0.027745355
313811,0.1778372
313818,0.34085116
313825,0.05224646
313830,0.029640153
313831,0.030419521
313834,0.026902916
313837,0.25353304
313841,0.048223805
313859,0.0064891824
313882,0.018947974
313887,0.37151137
313900,0.040881485
313902,0.03745314
313906,0.01928559
313930,0.017563853
313932,0.11428372
313943,0.05260878
313944,0.043850742
313957,0.015977494
313970,0.11935596
313980,0.026919715
313982,0.020041911
313999,0.16540803
314000,0.043027274
314003,0.07165163
314004,0.07483598
314005,0.31060165
314007,0.028668964
314010,0.17403716
314011,0.013907074
314016,0.21744768
314023,0.02890364
314024,0.05027017
314031,0.019478813
314038,0.13927394
314041,0.02631019
314061,0.028849036
314073,0.019938925
314091,0.15853986
314097,0.111295484
314099,0.056442805
314107,0.049165107
314124,0.089212194
314127,0.053263526
314131,0.01011357
314132,0.0103202155
314137,0.1225525
314139,0.005990978
314143,0.044367865
314149,0.01696024
314153,0.025949882
314154,0.17612964
314160,0.07590677
314167,0.024317607
314171,0.009519954
314182,0.13251613
314190,0.011229981
314194,0.0192564
314198,0.043302275
314211,0.02285686
314220,0.17489117
314245,0.023748726
314247,0.018974291
314256,0.01689104
314259,0.053084064
314267,0.04424904
314271,0.03264827
314278,0.08572854
314282,0.013668608
314283,0.10041827
314294,0.13379633
314298,0.05193372
314299,0.23382296
314306,0.022250047
314307,0.05353512
314308,0.021123338
314309,0.0057295426
314317,0.0642327
314323,0.0756801
314332,0.013234007
314334,0.03012053
314335,0.07272806
314337,0.03999814
314343,0.034808185
314344,0.017472977
314346,0.0115872
314351,0.027018866
314354,0.042384066
314355,0.050685253
314359,0.03699872
314364,0.04298168
314366,0.044061117
314367,0.1517815
314374,0.03507693
314376,0.024423994
314387,0.11304039
314405,0.07289766
314412,0.007811752
314418,0.050512843
314429,0.049745105
314438,0.20963183
314442,0.026843583
314477,0.045370907
314480,0.03190204
314486,0.066753484
314487,0.24041493
314488,0.12656821
314490,0.028309155
314523,0.008004952
314528,0.26719218
314535,0.015418925
314542,0.12436573
314560,0.0890158
314585,0.1710674
314594,0.076787226
314596,0.17552629
314601,0.04781026
314603,0.008608366
314612,0.1474093
314615,0.28714335
314619,0.018208612
314621,0.11617701
314627,0.07539621
314629,0.08603639
314635,0.303119
314639,0.018546838
314646,0.052834515
314650,0.20502418
314661,0.028066872
314690,0.0153089715
314699,0.01999946
314705,0.15020022
314709,0.015528625
314710,0.008035256
314711,0.022326212
314714,0.042370528
314719,0.040572375
314722,0.024323422
314723,0.076159954
314729,0.064845964
314732,0.119513355
314734,0.10653969
314746,0.018687656
314761,0.4297618
314769,0.07606605
314773,0.09012584
314774,0.039640028
314776,0.044073433
314780,0.017973816
314785,0.11884428
314789,0.2526027
314796,0.20934281
314810,0.024687827
314812,0.026514636
314817,0.007439583
314822,0.08506991
314840,0.13643539
314843,0.020103194
314853,0.056954563
314856,0.046231393
314862,0.1025069
314864,0.011515496
314878,0.040590037
314894,0.01929073
314906,0.6092297
314912,0.007877332
314914,0.011398376
314933,0.09487788
314941,0.0063816714
314949,0.024331989
314950,0.04778434
314952,0.038570825
314961,0.111706175
314970,0.1310737
314972,0.13371
314975,0.10186607
314985,0.056626134
314986,0.025819354
314991,0.0904934
314995,0.032098394
314997,0.0129437605
315003,0.011983146
315035,0.016510816
315038,0.050787997
315040,0.028923761
315046,0.026764752
315053,0.007559266
315054,0.12361287
315060,0.09084635
315061,0.019772507
315067,0.26343277
315076,0.11353937
315079,0.051772255
315083,0.044564936
315084,0.037404165
315092,0.054879658
315095,0.114479296
315112,0.18911587
315122,0.045530584
315123,0.010681094
315125,0.14032249
315136,0.19844028
315143,0.13065752
315145,0.061321445
315153,0.02216737
315164,0.09506528
315169,0.010634189
315178,0.116764285
315179,0.08806238
315189,0.03414228
315192,0.17402208
315194,0.17758359
315198,0.014554458
315210,0.0837806
315211,0.030016888
315221,0.24597646
315222,0.028416496
315228,0.13940877
315231,0.099491745
315233,0.056843117
315235,0.14348166
315240,0.03245949
315244,0.13680089
315257,0.042718317
315261,0.04703418
315271,0.042392183
315278,0.061021898
315282,0.21701807
315287,0.030408809
315288,0.14004429
315291,0.11812808
315306,0.009299763
315309,0.018070165
315312,0.010379691
315330,0.057331976
315335,0.11713331
315337,0.051256046
315343,0.25534374
315344,0.2747356
315366,0.009566666
315389,0.18214048
315403,0.01729126
315414,0.32690692
315425,0.0043243063
315430,0.036497504
315432,0.06281691
315436,0.033171482
315437,0.044986155
315445,0.027589362
315451,0.017561607
315460,0.009428212
315462,0.013899483
315476,0.0944116
315480,0.10900529
315489,0.030734526
315494,0.020322967
315499,0.002852065
315503,0.03441388
315507,0.13603339
315540,0.02190205
315541,0.048627455
315546,0.032672998
315553,0.086540334
315569,0.49180928
315571,0.036410786
315574,0.040014677
315580,0.06167595
315587,0.019302873
315609,0.03260801
315610,0.021688176
315617,0.05954909
315623,0.022183634
315629,0.011694856
315635,0.041418586
315637,0.028604642
315641,0.030824203
315644,0.06631458
315654,0.1251096
315662,0.041804384
315663,0.109306276
315673,0.057670247
315677,0.046978176
315679,0.08969052
315680,0.10004232
315681,0.011782689
315682,0.22855559
315684,0.056071114
315693,0.08847566
315701,0.033820283
315705,0.076241545
315706,0.025382904
315711,0.09679263
315714,0.06734555
315725,0.06589841
315738,0.066618145
315740,0.05832267
315749,0.22111621
315753,0.022655047
315757,0.06101523
315778,0.08062903
315781,0.073886804
315793,0.039852038
315813,0.057183407
315822,0.025473103
315827,0.09621142
315831,0.00994681
315843,0.1743647
315857,0.0765595
315864,0.08414115
315869,0.040027417
315870,0.024624974
315878,0.09200579
315891,0.089415036
315894,0.14757417
315895,0.11658903
315903,0.028430361
315917,0.056594364
315920,0.014088906
315937,0.048421588
315938,0.03119484
315947,0.061672125
315970,0.2995108
315971,0.015053272
315974,0.02541237
315984,0.092741825
315985,0.054730445
315988,0.009706162
315993,0.18258478
315995,0.20384835
315997,0.019274978
316000,0.011778986
316009,0.017374752
316011,0.061940897
316014,0.017454566
316021,0.016071348
316022,0.013638176
316023,0.02979494
316060,0.063097626
316063,0.04126064
316065,0.15204863
316066,0.031602938
316077,0.12327475
316083,0.0101198545
316093,0.077128895
316100,0.018983774
316110,0.0064860997
316118,0.023315595
316135,0.022153586
316139,0.10265819
316154,0.17971522
316156,0.0069113094
316171,0.029956138
316173,0.027454766
316186,0.02001578
316188,0.011596645
316190,0.14041151
316195,0.119328655
316205,0.019328661
316214,0.045335777
316216,0.06668106
316220,0.04605842
316222,0.026552891
316224,0.097423114
316226,0.019152042
316230,0.021789128
316248,0.083598375
316258,0.101473875
316269,0.05189638
316270,0.037630387
316279,0.047090176
316286,0.03245838
316295,0.041827273
316297,0.016344765
316305,0.038970802
316312,0.020815877
316313,0.006187085
316314,0.113006644
316320,0.028319487
316321,0.035501808
316328,0.044278294
316329,0.03992492
316334,0.024222162
316364,0.011136486
316372,0.0150747085
316382,0.01119349
316407,0.008569967
316411,0.15027557
316433,0.112182274
316435,0.044568878
316441,0.08590598
316456,0.015738137
316457,0.051258422
316462,0.08035692
316465,0.027421178
316466,0.044144083
316468,0.023070917
316469,0.035803728
316479,0.11746039
316481,0.02633967
316484,0.046513014
316502,0.08383426
316517,0.027816784
316525,0.052482925
316531,0.012773833
316546,0.039229814
316549,0.06499589
316557,0.0073697595
316561,0.10040369
316564,0.06711221
316565,0.12659246
316594,0.11411691
316595,0.081109814
316600,0.028975746
316625,0.015735848
316645,0.04420802
316647,0.10598579
316659,0.08869619
316683,0.07064921
316694,0.08655841
316697,0.011120073
316701,0.023316469
316702,0.011819217
316703,0.014697818
316718,0.07383682
316723,0.09914017
316748,0.11286994
316756,0.020315269
316758,0.060428683
316763,0.019634075
316764,0.13369751
316768,0.026460806
316769,0.032283653
316772,0.04355437
316777,0.08094512
316781,0.021125201
316785,0.10913352
316786,0.0619564
316815,0.23835303
316816,0.12641214
316828,0.040964104
316831,0.008500738
316837,0.01398909
316843,0.111990295
316849,0.11885019
316854,0.018504947
316862,0.0146883475
316867,0.010517205
316902,0.040804226
316903,0.0064758663
316906,0.023556327
316914,0.021939093
316915,0.018857496
316923,0.019121116
316928,0.13906716
316930,0.02359796
316932,0.27370593
316940,0.024899893
316947,0.013108835
316948,0.068847775
316977,0.13186571
316983,0.08436093
316987,0.06941367
317003,0.07119475
317005,0.034864485
317035,0.023082634
317036,0.009015797
317043,0.08884797
317048,0.01888645
317056,0.023269393
317065,0.020813137
317079,0.01751983
317080,0.013769096
317083,0.13539226
317087,0.04076922
317103,0.048186447
317117,0.23816942
317119,0.06320893
317125,0.0650462
317126,0.0851938
317134,0.13307856
317138,0.024996191
317142,0.015946299
317150,0.009103493
317184,0.21216387
317190,0.050130595
317196,0.031036748
317197,0.08658051
317206,0.03595066
317210,0.0237951
317221,0.04146288
317226,0.094086014
317227,0.13441509
317236,0.0137971295
317237,0.05499344
317241,0.0049341465
317249,0.04290855
317256,0.019606207
317282,0.032803368
317294,0.020081338
317298,0.040325265
317300,0.022778315
317307,0.062176082
317311,0.0125124445
317318,0.04925555
317322,0.039819226
317323,0.21836817
317332,0.02462775
317338,0.026602615
317346,0.016174598
317347,0.027422935
317349,0.12151294
317354,0.25467017
317369,0.23317778
317386,0.08719097
317389,0.03608279
317410,0.14791931
317411,0.10240116
317422,0.018192975
317434,0.016285082
317446,0.021078587
317449,0.07053652
317455,0.068098545
317469,0.0116455
317475,0.031723097
317476,0.051369447
317487,0.06666388
317488,0.04564176
317499,0.07370822
317500,0.022432597
317506,0.032105457
317515,0.045652036
317518,0.042928804
317520,0.38542467
317546,0.10483575
317549,0.08074844
317554,0.036607537
317565,0.024770737
317579,0.056574304
317591,0.122581944
317592,0.12347983
317593,0.18315454
317594,0.014798651
317601,0.12458604
317603,0.08625346
317606,0.04662941
317608,0.025993489
317611,0.049402837
317618,0.04318382
317628,0.032606933
317629,0.13643114
317642,0.038573034
317644,0.009153421
317648,0.1208347
317650,0.019261118
317665,0.062103067
317675,0.036437985
317695,0.12167512
317696,0.06905758
317704,0.08903072
317713,0.014721031
317730,0.050889105
317735,0.2158758
317736,0.03431555
317738,0.13356942
317747,0.06650936
317764,0.047469318
317765,0.06871178
317772,0.58510685
317774,0.015691899
317786,0.04387839
317788,0.026979942
317806,0.12586904
317809,0.21768685
317811,0.012889586
317814,0.071791776
317815,0.059931695
317830,0.07076305
317835,0.03927404
317843,0.1010236
317856,0.047477677
317863,0.20654295
317876,0.15573299
317889,0.06788114
317902,0.1480401
317910,0.013835468
317914,0.050438326
317933,0.028789585
317936,0.18723594
317940,0.02751294
317944,0.02849622
317952,0.0548831
317955,0.074998915
317958,0.01136324
317965,0.036380894
317966,0.12397004
317978,0.03757602
318000,0.047933877
318007,0.052429743
318008,0.09944279
318012,0.013465842
318016,0.008071844
318019,0.15822227
318020,0.020183347
318021,0.014406683
318025,0.07744942
318036,0.02397785
318044,0.029349305
318055,0.0052240444
318056,0.084589995
318057,0.0857693
318065,0.07337634
318075,0.019644799
318081,0.30163422
318094,0.03357013
318096,0.020502472
318104,0.051425256
318105,0.015816268
318109,0.14927383
318113,0.019451313
318121,0.10692389
318122,0.09023475
318126,0.051815435
318127,0.08741501
318131,0.087060794
318135,0.20688225
318155,0.014991944
318156,0.025707772
318161,0.062954925
318164,0.06320094
318169,0.058386788
318173,0.122447714
318176,0.28857398
318177,0.05085277
318181,0.04218201
318187,0.019333009
318193,0.036128443
318203,0.0490049
318206,0.022952575
318214,0.035451632
318220,0.03669549
318232,0.045144293
318250,0.2730362
318251,0.103491545
318252,0.013656418
318254,0.016180389
318260,0.017335638
318261,0.0053848564
318263,0.09771269
318264,0.13457096
318266,0.03665762
318267,0.04866666
318268,0.039213717
318270,0.045807276
318274,0.07019219
318282,0.045938887
318286,0.044967044
318292,0.0061338115
318297,0.013870227
318320,0.07593925
318337,0.022663083
318343,0.06999181
318347,0.07402197
318351,0.1702878
318357,0.3643281
318360,0.0067072073
318384,0.009217057
318385,0.011348609
318387,0.109657526
318390,0.1334206
318391,0.023810051
318393,0.012947521
318406,0.012594884
318408,0.20090789
318410,0.2435393
318424,0.18948908
318428,0.07588839
318432,0.04324233
318433,0.1703005
318445,0.086010516
318452,0.28808758
318467,0.060327906
318473,0.09614313
318480,0.086630315
318486,0.08765219
318496,0.00869992
318505,0.28550616
318511,0.042686563
318517,0.045485515
318522,0.020451736
318527,0.063976884
318530,0.025121516
318531,0.07786066
318533,0.038062364
318535,0.016588448
318536,0.029817525
318548,0.0545217
318551,0.079562075
318557,0.1431995
318576,0.0232244
318581,0.22957419
318607,0.05081314
318609,0.05232925
318615,0.29157403
318634,0.07916697
318640,0.22354801
318651,0.16430545
318657,0.14178121
318669,0.07603289
318674,0.041605324
318675,0.023018163
318686,0.027291182
318694,0.017833473
318760,0.05597531
318762,0.0059257774
318763,0.006857738
318765,0.023874886
318766,0.060863677
318769,0.23247391
318775,0.1177911
318782,0.0109969005
318786,0.29706648
318792,0.013513962
318801,0.026095122
318802,0.034081955
318803,0.074183
318805,0.07661379
318813,0.12935945
318817,0.06274099
318821,0.06299561
318827,0.10063325
318834,0.11709005
318835,0.0130853215
318851,0.022821316
318857,0.005313445
318862,0.026567195
318874,0.09332422
318878,0.033468872
318897,0.014996622
318909,0.23425573
318924,0.048713043
318927,0.038475018
318942,0.09326452
318946,0.06650158
318957,0.20258631
318959,0.013217783
318975,0.015262082
318982,0.009601904
318987,0.0169523
318993,0.010392158
318995,0.06230013
318996,0.014021929
318997,0.034197852
318999,0.03388701
319012,0.33866864
319014,0.21155761
319018,0.07132833
319020,0.12565468
319048,0.026353247
319052,0.07335151
319067,0.05013643
319083,0.01730016
319088,0.023053024
319089,0.09516793
319090,0.2908803
319096,0.037702713
319099,0.07078499
319108,0.016095072
319116,0.048137404
319117,0.06199547
319119,0.067755364
319126,0.41583014
319133,0.107131
319135,0.07390216
319137,0.029588759
319143,0.09168347
319168,0.076942444
319170,0.08165364
319174,0.038375616
319181,0.013617569
319192,0.020353679
319193,0.025326727
319198,0.01534218
319211,0.026501501
319219,0.036373608
319220,0.04490097
319226,0.10443548
319240,0.04582189
319248,0.026351541
319257,0.043719746
319261,0.09280283
319264,0.017315106
319268,0.012930517
319289,0.10138274
319292,0.015294493
319295,0.057376068
319302,0.02938039
319308,0.17440891
319310,0.20330594
319313,0.026075812
319322,0.011496168
319329,0.008302836
319331,0.021511111
319334,0.112065494
319346,0.019893982
319352,0.27482086
319358,0.17644343
319363,0.03102044
319365,0.052226927
319370,0.0070028272
319371,0.12768663
319372,0.030777149
319385,0.06202507
319387,0.010502022
319393,0.02452982
319396,0.059429366
319406,0.028881485
319439,0.01609477
319440,0.08128947
319441,0.32624704
319462,0.045285508
319471,0.041925944
319475,0.015069287
319476,0.1249568
319486,0.071607664
319487,0.035307616
319489,0.06286848
319491,0.04933957
319494,0.018763937
319496,0.10153427
319512,0.026574487
319519,0.019969061
319522,0.01228365
319530,0.019836748
319540,0.015758898
319547,0.02298319
319549,0.03410787
319559,0.029100752
319561,0.024353372
319566,0.01405265
319569,0.055129535
319574,0.059835244
319579,0.03647196
319580,0.123958476
319582,0.015517694
319583,0.084796034
319585,0.03391302
319598,0.14174382
319600,0.048451453
319602,0.0066774744
319603,0.033443075
319604,0.016916277
319608,0.012523066
319622,0.057600405
319623,0.0751926
319625,0.027520519
319628,0.056001775
319637,0.101484805
319639,0.045406815
319658,0.029290257
319669,0.053249184
319677,0.06716905
319683,0.09361934
319688,0.014928114
319697,0.028883122
319700,0.04236097
319727,0.11387756
319747,0.039899293
319751,0.03208411
319758,0.047191277
319759,0.019858481
319765,0.019352574
319768,0.024438675
319774,0.08981413
319776,0.050620656
319777,0.022848433
319785,0.03570338
319789,0.023770079
319792,0.015396155
319799,0.019518815
319814,0.008856291
319815,0.017193558
319822,0.05846068
319829,0.06247075
319836,0.07090472
319837,0.01959828
319839,0.117645316
319843,0.022177553
319860,0.100417905
319876,0.17413636
319877,0.02727143
319887,0.057632033
319889,0.010680669
319892,0.02898777
319893,0.063904434
319897,0.06017043
319898,0.02407747
319911,0.068676054
319917,0.06070091
319923,0.021381484
319927,0.026530119
319929,0.13879313
319931,0.24782874
319948,0.0644191
319949,0.038040914
319992,0.025679464
319999,0.03473971
320001,0.08161528
320003,0.029975155
320004,0.34402674
320011,0.10058995
320012,0.021833856
320021,0.11410154
320026,0.042369165
320034,0.020190988
320041,0.20371042
320042,0.040701386
320046,0.030487135
320056,0.016906139
320062,0.023968503
320093,0.12529317
320094,0.048024006
320101,0.08097211
320114,0.021861885
320126,0.14017321
320128,0.04218095
320137,0.033660345
320149,0.041844673
320165,0.027979301
320172,0.09761939
320173,0.1333673
320175,0.24126321
320179,0.0698012
320181,0.029298985
320191,0.046948444
320192,0.018808339
320195,0.01013143
320199,0.06339742
320202,0.021004291
320203,0.17330866
320205,0.0668343
320224,0.11618396
320227,0.25842953
320228,0.022640783
320248,0.24133681
320252,0.009187737
320254,0.083803736
320259,0.028513188
320267,0.20929249
320276,0.017519986
320287,0.13256003
320291,0.032344967
320295,0.039171778
320297,0.011720312
320305,0.24770895
320321,0.18969068
320331,0.17256619
320336,0.030553775
320341,0.028649606
320344,0.05855536
320356,0.0067287106
320362,0.065188035
320369,0.017164228
320379,0.08356943
320387,0.019372463
320397,0.02140803
320412,0.030201541
320421,0.045044463
320428,0.19519004
320429,0.25395808
320430,0.025011232
320434,0.01527442
320453,0.03793215
320462,0.031241672
320469,0.012342992
320475,0.033663373
320478,0.069314465
320484,0.018758815
320494,0.011444474
320499,0.024999693
320541,0.25649312
320550,0.02681501
320561,0.020020798
320562,0.101572305
320564,0.043786723
320566,0.2811666
320568,0.041208167
320593,0.05210715
320609,0.019471182
320614,0.043830678
320621,0.011445537
320639,0.16463448
320640,0.07695816
320656,0.022988386
320657,0.035606656
320670,0.04329775
320672,0.024804123
320691,0.048608962
320693,0.010887004
320698,0.10679906
320699,0.050012678
320704,0.025205482
320709,0.024651565
320711,0.019629573
320724,0.044685695
320737,0.019732185
320744,0.074668996
320747,0.027657246
320750,0.19816905
320752,0.048146706
320760,0.13818082
320765,0.24480607
320767,0.032115836
320778,0.29857677
320784,0.018035416
320789,0.07986019
320793,0.003905654
320795,0.26517332
320805,0.07183629
320806,0.22849216
320823,0.055283874
320828,0.118601084
320833,0.13914432
320843,0.092889786
320846,0.012219535
320851,0.19867192
320852,0.026326736
320869,0.025701305
320873,0.14062044
320890,0.01696642
320905,0.07722417
320912,0.08238824
320914,0.012721361
320915,0.007986185
320920,0.06089225
320924,0.031366352
320925,0.019536514
320936,0.08746733
320937,0.009862686
320940,0.047455557
320943,0.058666006
320954,0.013687192
320959,0.12032811
320960,0.018749662
320966,0.02813534
320968,0.017004093
320975,0.024804873
320978,0.015097778
320979,0.06679814
320981,0.014400233
320987,0.06823601
320989,0.068955995
321009,0.21959145
321021,0.12271378
321035,0.094861045
321038,0.065729834
321039,0.13232806
321051,0.010659021
321058,0.0153320115
321066,0.3212462
321075,0.22146025
321092,0.010741499
321098,0.16083196
321107,0.19162934
321116,0.2902426
321118,0.014051936
321124,0.028966349
321131,0.04449639
321134,0.32750127
321140,0.062936634
321143,0.060440607
321145,0.014708166
321150,0.008377637
321151,0.026904203
321153,0.24259
321154,0.038758058
321156,0.015940845
321160,0.017532902
321176,0.046400007
321183,0.08639856
321187,0.06910058
321196,0.024590466
321197,0.075244345
321204,0.20143037
321208,0.038619287
321209,0.06291887
321223,0.031490717
321226,0.007293855
321227,0.017646901
321236,0.12136301
321249,0.120773844
321250,0.026724923
321253,0.035940308
321256,0.05360402
321276,0.122647956
321298,0.05802853
321303,0.00998062
321309,0.037614632
321313,0.03247951
321322,0.22840707
321345,0.058587912
321350,0.057905003
321355,0.03541463
321358,0.06733142
321370,0.123104334
321377,0.14837815
321385,0.20905246
321398,0.09212285
321401,0.014408783
321415,0.026897024
321416,0.39368042
321419,0.01889752
321427,0.028702537
321433,0.006143144
321439,0.106227726
321455,0.061731175
321463,0.101331964
321465,0.047280364
321480,0.005374365
321486,0.019248413
321498,0.10537911
321502,0.09789601
321510,0.025803586
321524,0.04625493
321526,0.09724195
321528,0.090545654
321533,0.23926476
321536,0.07964872
321548,0.087914534
321557,0.029056946
321564,0.0425978
321567,0.018893316
321602,0.056872685
321625,0.08670707
321627,0.08866212
321640,0.031444788
321645,0.02276777
321648,0.09599161
321649,0.05676873
321652,0.035498787
321659,0.044157002
321667,0.027380457
321676,0.037572075
321696,0.038852982
321697,0.06718204
321702,0.025297755
321704,0.019548437
321706,0.032384645
321710,0.056430556
321722,0.082535215
321760,0.060826268
321770,0.042492926
321779,0.060277898
321784,0.08069735
321786,0.0770998
321792,0.04168873
321795,0.1356982
321801,0.054043405
321804,0.010430074
321806,0.21338633
321807,0.044775363
321808,0.20651108
321809,0.07541962
321825,0.053708594
321828,0.103434846
321843,0.073436186
321848,0.03514801
321854,0.0731316
321869,0.03487427
321870,0.14361128
321887,0.00986738
321896,0.032841697
321898,0.108746305
321908,0.031691026
321910,0.021207858
321915,0.1208082
321919,0.1319625
321922,0.022800155
321928,0.16655402
321929,0.04993231
321932,0.08613049
321934,0.13171862
321936,0.30446446
321956,0.031896263
321957,0.053143777
321965,0.0059092618
321970,0.026941884
321974,0.018241677
321980,0.03092348
321985,0.02150662
321992,0.0312991
321999,0.020517236
322005,0.0076672784
322018,0.026287332
322020,0.020280758
322021,0.12229396
322023,0.013683936
322024,0.028241675
322039,0.0057714237
322054,0.09379331
322061,0.03820483
322082,0.012877566
322088,0.19148244
322093,0.052394822
322105,0.1332274
322111,0.031743046
322113,0.1553519
322117,0.03662124
322120,0.01289957
322123,0.043708127
322132,0.050499603
322136,0.11183063
322141,0.036484614
322147,0.09456206
322169,0.12244487
322170,0.37849468
322172,0.099232934
322196,0.017956445
322198,0.1343811
322217,0.049460802
322226,0.13657221
322227,0.04018412
322229,0.018600894
322242,0.044758286
322244,0.050320696
322249,0.025898317
322250,0.054242864
322253,0.03839369
322254,0.16019933
322267,0.008819663
322269,0.05780548
322274,0.56788975
322285,0.27420974
322309,0.055688795
322320,0.02377745
322327,0.03324845
322331,0.05651735
322332,0.043046422
322334,0.23364846
322339,0.109725475
322348,0.23578729
322350,0.45115033
322354,0.045717757
322356,0.020445613
322367,0.09712269
322369,0.034497976
322372,0.06994654
322374,0.04690872
322383,0.15227342
322388,0.2732583
322393,0.049947675
322395,0.06389879
322407,0.013503655
322413,0.020532358
322416,0.011146468
322419,0.015737036
322424,0.06751989
322432,0.02800268
322442,0.026297318
322447,0.05439386
322448,0.13048592
322460,0.027935358
322461,0.36454868
322468,0.02283679
322472,0.28169733
322473,0.15736163
322488,0.027354043
322490,0.055105947
322491,0.04746516
322497,0.05868719
322503,0.066316746
322521,0.13383344
322525,0.1577296
322533,0.10237311
322549,0.095208004
322561,0.06628208
322566,0.07463787
322570,0.27960998
322574,0.0374903
322578,0.0121111
322579,0.03907371
322586,0.04472555
322596,0.049616266
322598,0.041605957
322603,0.0849097
322614,0.075059325
322626,0.008037358
322630,0.07575709
322639,0.13246198
322640,0.074112594
322642,0.06321551
322651,0.052188087
322652,0.14043692
322656,0.01635195
322662,0.027658118
322664,0.075203836
322681,0.2662103
322684,0.018351877
322685,0.10826018
322711,0.19419998
322717,0.044828903
322719,0.03970123
322730,0.047514144
322740,0.03508652
322743,0.13562839
322749,0.004957369
322757,0.037983928
322759,0.13630667
322760,0.052641634
322770,0.012157365
322786,0.14724918
322797,0.06755001
322800,0.07757
322815,0.010475401
322831,0.039359175
322835,0.25229135
322841,0.03607399
322845,0.01324246
322846,0.010423044
322851,0.112841606
322852,0.017737903
322877,0.034665715
322880,0.051264998
322893,0.056107987
322911,0.037468936
322928,0.33780676
322934,0.105878904
322938,0.16314289
322950,0.09479214
322959,0.016864264
322961,0.043345705
322965,0.07080251
322966,0.030769711
322968,0.017426156
322977,0.025506278
322979,0.039939754
322986,0.100284256
322990,0.060990926
322998,0.025186785
323005,0.04137408
323008,0.022947535
323014,0.022144753
323015,0.0090438
323025,0.0763551
323030,0.054767556
323033,0.0382169
323036,0.049892254
323043,0.14300145
323049,0.020849012
323051,0.2527829
323053,0.021196606
323056,0.07473972
323059,0.043395728
323076,0.062745854
323088,0.119957134
323108,0.43022853
323112,0.03944765
323127,0.017852366
323135,0.05654846
323137,0.027169956
323141,0.07805275
323142,0.020669816
323147,0.12208823
323150,0.18936467
323153,0.06476974
323156,0.09609977
323161,0.016048668
323171,0.014094676
323173,0.080079354
323176,0.011222215
323184,0.035328977
323189,0.044922516
323193,0.03903853
323209,0.098446295
323218,0.27375075
323224,0.30756545
323235,0.07924943
323236,0.022518797
323242,0.01290232
323252,0.03802364
323253,0.20327444
323254,0.0052984706
323271,0.029242806
323276,0.0647861
323278,0.036189847
323281,0.01523322
323285,0.027761098
323289,0.044107646
323292,0.012771952
323297,0.11597255
323312,0.020800497
323318,0.01027615
323319,0.008890246
323324,0.052579187
323325,0.090142086
323328,0.07515752
323334,0.04706177
323338,0.17895983
323340,0.031057158
323343,0.12475342
323354,0.027917892
323373,0.045036353
323376,0.031424224
323381,0.06190917
323382,0.056637187
323383,0.33484036
323387,0.02923991
323394,0.040035903
323398,0.009854206
323405,0.09583375
323407,0.101516746
323428,0.4121777
323436,0.12289177
323451,0.06851865
323455,0.04354919
323463,0.028915346
323466,0.059367117
323475,0.038798343
323477,0.024249919
323481,0.008097249
323485,0.041439462
323488,0.058864914
323493,0.047311123
323494,0.026714792
323505,0.08984846
323506,0.054486647
323509,0.0083866175
323518,0.022233138
323530,0.11730883
323539,0.028897945
323549,0.0339605
323557,0.042373005
323568,0.11180491
323569,0.025703376
323571,0.038927164
323573,0.16674711
323585,0.039011262
323588,0.027344795
323599,0.15730834
323615,0.008075009
323617,0.042487476
323620,0.20176072
323636,0.030969288
323665,0.026186777
323670,0.010967524
323675,0.06658654
323688,0.058060884
323693,0.015997794
323694,0.036158096
323696,0.037271105
323710,0.030334586
323716,0.09753449
323718,0.056159638
323719,0.016088232
323720,0.031168377
323722,0.06293423
323729,0.10745046
323738,0.049029108
323740,0.03926674
323787,0.022091176
323795,0.017363815
323801,0.011769887
323810,0.02538191
323822,0.03896132
323825,0.0957958
323833,0.040846054
323860,0.01671061
323871,0.0071720826
323879,0.034840297
323888,0.04301907
323891,0.4158685
323894,0.08550818
323909,0.03398722
323911,0.038896203
323920,0.16193146
323923,0.05522982
323930,0.023217749
323935,0.025600465
323937,0.06685735
323938,0.017719451
323948,0.046800353
323956,0.06389858
323962,0.1471704
323964,0.02345457
323966,0.026919242
323970,0.012311723
323972,0.03260522
323977,0.033880632
323985,0.06689716
323989,0.028674955
323994,0.028685048
324010,0.08586625
324020,0.11988337
324033,0.04445499
324052,0.1911473
324055,0.018329384
324075,0.010840576
324087,0.13296734
324088,0.009240828
324091,0.059658177
324104,0.039161604
324109,0.09075211
324114,0.037083827
324118,0.030097699
324125,0.2137886
324130,0.1997659
324146,0.018632837
324149,0.026497005
324156,0.008391401
324170,0.04929666
324171,0.03461661
324172,0.038122825
324178,0.3088588
324180,0.05658711
324220,0.015908886
324222,0.017078688
324227,0.04847074
324229,0.058666542
324230,0.110648304
324235,0.039390948
324243,0.024564212
324247,0.23163342
324264,0.14050525
324269,0.097441405
324270,0.03982919
324271,0.1225906
324291,0.21323968
324293,0.017634565
324296,0.10146322
324298,0.14230938
324302,0.109917715
324305,0.0073216483
324310,0.016592197
324325,0.033280484
324339,0.04324997
324345,0.036828257
324347,0.043344382
324356,0.010483965
324383,0.037372597
324387,0.058500692
324393,0.0885097
324400,0.05294751
324401,0.0247405
324412,0.09033033
324414,0.024029162
324415,0.14132619
324416,0.048607804
324420,0.21411318
324437,0.007630726
324445,0.19239342
324464,0.10498047
324472,0.061539892
324496,0.060425498
324499,0.033892747
324512,0.035017766
324544,0.06938657
324545,0.033532094
324552,0.032607127
324553,0.030769838
324558,0.105199896
324559,0.018604612
324572,0.0296545
324582,0.066681586
324595,0.20207824
324596,0.38919973
324598,0.072699256
324614,0.17749095
324620,0.36846784
324621,0.022263428
324624,0.09729141
324651,0.09104236
324655,0.20225081
324669,0.014935513
324674,0.4648305
324677,0.04712799
324681,0.055442564
324689,0.009952301
324708,0.018289099
324714,0.08623758
324716,0.10677864
324719,0.031908274
324731,0.27670816
324733,0.09779758
324741,0.15573564
324745,0.02742502
324747,0.13713913
324748,0.012729766
324764,0.1903648
324772,0.050886918
324788,0.047159478
324795,0.011503929
324801,0.026122887
324811,0.019615956
324816,0.28705543
324821,0.07841649
324825,0.013182819
324840,0.22990212
324841,0.08662213
324854,0.03076991
324866,0.027046714
324884,0.060290154
324894,0.09973409
324895,0.033070803
324913,0.04104517
324914,0.028104013
324944,0.122805215
324949,0.2602649
324978,0.030978547
324983,0.045786887
324987,0.025357531
324995,0.005905176
325000,0.020082183
325001,0.3976138
325005,0.022856753
325017,0.01886564
325019,0.059856065
325020,0.0122453235
325021,0.3363069
325041,0.043187678
325063,0.48496464
325066,0.040293682
325070,0.089143924
325102,0.12269311
325117,0.03554689
325121,0.14709209
325136,0.039162662
325153,0.0223314
325157,0.014444614
325158,0.033163078
325163,0.050919864
325180,0.059663255
325181,0.030422272
325185,0.34157917
325194,0.052032005
325196,0.04641175
325206,0.036478095
325212,0.058750935
325217,0.15976949
325218,0.046928532
325223,0.049340554
325238,0.14323296
325254,0.09196429
325258,0.06102591
325268,0.026122598
325269,0.060111273
325275,0.032465108
325277,0.024020733
325282,0.01731819
325284,0.027559778
325289,0.05487688
325291,0.38010827
325300,0.07086191
325303,0.06555817
325306,0.022163508
325313,0.032528676
325316,0.05471664
325318,0.004997578
325332,0.045046546
325344,0.23793535
325354,0.03143293
325360,0.007370199
325364,0.018906986
325375,0.2949532
325377,0.009959092
325380,0.011035604
325390,0.14163436
325392,0.011890262
325395,0.07271536
325411,0.016393257
325412,0.07341695
325420,0.1326183
325424,0.017452113
325433,0.087794125
325438,0.028382346
325439,0.009317035
325443,0.040257208
325454,0.06940928
325464,0.055408165
325473,0.019908115
325476,0.008420156
325495,0.048922546
325525,0.047302093
325529,0.035616565
325552,0.048294157
325553,0.31226423
325564,0.033104375
325565,0.10415898
325580,0.057366293
325590,0.38832998
325591,0.020181114
325596,0.047999617
325601,0.022401046
325602,0.15822738
325623,0.013209645
325625,0.016856037
325641,0.29044175
325645,0.04914595
325657,0.108516224
325680,0.021832028
325691,0.052508507
325701,0.06574738
325710,0.15198445
325712,0.037071843
325714,0.0966207
325716,0.06209652
325724,0.18942288
325744,0.12695636
325751,0.17925125
325757,0.017563839
325765,0.036881
325767,0.33326057
325770,0.18368821
325778,0.057886872
325784,0.03376147
325791,0.09268844
325809,0.16954619
325814,0.11852833
325817,0.19286916
325820,0.35498896
325822,0.07316873
325830,0.032081474
325832,0.10170418
325840,0.0747778
325849,0.04910257
325852,0.0555852
325859,0.044970855
325864,0.058905944
325865,0.17102642
325879,0.052294284
325890,0.014142232
325899,0.007639979
325908,0.03403973
325916,0.102021545
325918,0.032775536
325919,0.010090458
325922,0.02152116
325925,0.03306834
325934,0.037486367
325939,0.01813604
325942,0.072934926
325948,0.27810618
325954,0.07434229
325962,0.03523074
325966,0.21066515
325969,0.035032835
325971,0.02220003
325972,0.0076525374
325976,0.046254463
325981,0.030649714
325992,0.08022671
326013,0.05745593
326017,0.04025298
326019,0.025439708
326027,0.062166307
326028,0.052023087
326033,0.08154277
326041,0.015116893
326043,0.08092788
326049,0.030590778
326054,0.033345383
326057,0.05948058
326074,0.007030196
326078,0.026951056
326083,0.024288349
326084,0.02437426
326085,0.061705217
326087,0.029638074
326088,0.17398565
326102,0.37546209
326117,0.05954466
326145,0.057806518
326150,0.04105824
326160,0.12710339
326166,0.025539054
326170,0.0153506035
326180,0.04020608
326182,0.11727149
326186,0.01626554
326188,0.20827477
326190,0.29652387
326196,0.14571966
326199,0.06881529
326201,0.12210118
326204,0.015374802
326209,0.014981893
326211,0.049452092
326218,0.04655149
326239,0.02459165
326259,0.0618707
326260,0.05231654
326284,0.22344562
326289,0.08243154
326290,0.024245469
326295,0.04401204
326299,0.07123059
326305,0.014669919
326309,0.044941403
326323,0.04931748
326364,0.06720086
326369,0.01017724
326385,0.015161819
326410,0.043307215
326411,0.0055615613
326418,0.034823313
326428,0.10835653
326435,0.14651138
326437,0.022637228
326438,0.025151912
326451,0.02720282
326464,0.16942212
326471,0.04202824
326472,0.26615173
326475,0.09769541
326477,0.014661553
326480,0.018394185
326486,0.031266715
326502,0.09829197
326506,0.17519508
326513,0.021950394
326516,0.024194451
326528,0.036305234
326530,0.020566087
326531,0.10190233
326532,0.019303378
326538,0.020024022
326551,0.05363436
326559,0.016804686
326576,0.11194698
326577,0.083895184
326602,0.09966008
326606,0.039266087
326618,0.08552351
326620,0.008979261
326624,0.08255712
326639,0.0854562
326647,0.3750373
326652,0.089849725
326661,0.10042327
326667,0.105102964
326670,0.08345272
326672,0.042791512
326693,0.117632754
326704,0.050694544
326723,0.061805002
326734,0.08574087
326738,0.08939623
326746,0.03784839
326753,0.017164558
326754,0.018464766
326763,0.06600375
326779,0.035328384
326785,0.072163746
326786,0.029357288
326787,0.096904084
326789,0.024908891
326799,0.026448427
326802,0.013159571
326804,0.020578481
326823,0.025785984
326827,0.052587822
326833,0.12246297
326838,0.03217524
326842,0.045288038
326856,0.25531068
326867,0.017551936
326870,0.012345091
326871,0.05394147
326875,0.074770786
326879,0.12540461
326884,0.05804206
326900,0.07778388
326904,0.007093066
326905,0.15225947
326917,0.02724634
326919,0.033695605
326921,0.27984533
326929,0.038831282
326942,0.122778326
326944,0.011264836
326953,0.17269436
326968,0.061637376
326985,0.07902656
326987,0.057819102
326988,0.031793173
326994,0.04070336
327005,0.023127742
327010,0.04530012
327017,0.07981643
327026,0.115957245
327030,0.016482702
327031,0.008663716
327045,0.18311758
327054,0.011218153
327078,0.026540319
327080,0.015142136
327087,0.45199442
327137,0.062382873
327147,0.059744596
327150,0.049770616
327153,0.097084105
327160,0.052577432
327164,0.006617144
327169,0.1419545
327187,0.12495507
327188,0.109048665
327189,0.025053198
327194,0.021072743
327196,0.14297158
327202,0.07882796
327207,0.018657643
327215,0.013014198
327216,0.06863099
327220,0.046031117
327222,0.035381798
327230,0.047213495
327231,0.271995
327238,0.046279363
327247,0.013963173
327262,0.023408724
327265,0.034451175
327267,0.011890123
327273,0.007493876
327276,0.07799238
327280,0.11967436
327287,0.031925038
327301,0.06336834
327307,0.11442947
327309,0.12339742
327316,0.08054528
327327,0.11502668
327334,0.117028296
327335,0.15354964
327338,0.016734885
327341,0.028153358
327350,0.0287381
327355,0.007798208
327370,0.018139603
327386,0.03882039
327391,0.086819485
327393,0.13129754
327408,0.023161286
327415,0.11107703
327431,0.11100573
327445,0.015354863
327449,0.09367705
327457,0.14069313
327488,0.01177751
327489,0.026877105
327523,0.07544415
327537,0.024206517
327550,0.19227296
327556,0.0139649715
327562,0.012910151
327567,0.112375475
327587,0.036522582
327594,0.061135653
327602,0.043246526
327604,0.12803106
327609,0.07212621
327618,0.050131805
327620,0.07242754
327626,0.10093136
327628,0.012547555
327629,0.09967692
327631,0.09019503
327633,0.062168326
327638,0.008409247
327665,0.023561494
327689,0.024116162
327697,0.039175466
327702,0.08802209
327704,0.08657679
327723,0.05833084
327726,0.012651088
327732,0.14212927
327739,0.08874012
327750,0.018484378
327751,0.023927793
327765,0.10494775
327766,0.010638499
327771,0.023831965
327772,0.23888937
327774,0.10772967
327784,0.014909843
327789,0.0068918825
327794,0.0140659865
327799,0.059174336
327803,0.080420725
327817,0.062522076
327819,0.033092264
327823,0.14734274
327828,0.54830396
327834,0.08439948
327835,0.02784823
327866,0.20709924
327871,0.027331857
327886,0.049827352
327900,0.049544647
327901,0.23116301
327904,0.014741822
327906,0.25946102
327908,0.041531064
327909,0.010952725
327914,0.21087134
327917,0.119137764
327928,0.0660598
327947,0.020688515
327949,0.015604486
327952,0.08091527
327954,0.04103438
327962,0.06891856
327964,0.21359769
327985,0.029127656
327996,0.047877613
327997,0.051107034
328013,0.009160066
328017,0.12798871
328027,0.056924514
328029,0.124619514
328042,0.08279687
328043,0.012696303
328064,0.13660564
328072,0.010615301
328074,0.22389047
328080,0.016588043
328086,0.06190762
328122,0.059104327
328126,0.01397133
328127,0.13569532
328142,0.008592546
328144,0.025060518
328150,0.07182858
328154,0.15332583
328160,0.03135375
328171,0.04554054
328179,0.065296315
328192,0.012967859
328195,0.04577087
328196,0.02858407
328201,0.012289946
328203,0.036236566
328217,0.050376277
328218,0.022082182
328228,0.09242883
328231,0.06302241
328246,0.032091428
328252,0.034380995
328255,0.08804766
328264,0.027000643
328281,0.030264439
328282,0.005733823
328291,0.05560101
328303,0.03260236
328305,0.14791566
328313,0.03076302
328336,0.06435938
328340,0.027705185
328343,0.025691073
328368,0.54706055
328372,0.018830843
328381,0.06690059
328383,0.085400686
328385,0.016751636
328393,0.017869364
328395,0.04942686
328409,0.02822125
328424,0.07426442
328427,0.03228959
328456,0.061943654
328463,0.100967035
328489,0.07123291
328491,0.053283736
328509,0.02669671
328516,0.2234252
328524,0.020158073
328535,0.06133303
328536,0.024675457
328539,0.04221428
328542,0.27531928
328545,0.38663313
328549,0.069207504
328554,0.03309042
328558,0.087110646
328571,0.0654062
328576,0.03597871
328578,0.041981056
328588,0.20391653
328601,0.012040023
328604,0.07194959
328624,0.006285085
328629,0.062422268
328632,0.017365409
328634,0.03763043
328636,0.06233674
328637,0.040168326
328647,0.040116947
328668,0.010095208
328669,0.034447435
328678,0.031805612
328684,0.07001626
328694,0.07241951
328705,0.06849667
328712,0.02970724
328720,0.037079945
328729,0.27619603
328730,0.0247689
328733,0.013344182
328758,0.17658389
328761,0.033663046
328764,0.023121467
328777,0.05559301
328783,0.08362876
328813,0.092336535
328819,0.026767138
328826,0.025790967
328829,0.06283413
328834,0.017259277
328845,0.011345796
328856,0.16024345
328865,0.110668786
328868,0.17909566
328878,0.22866344
328896,0.012275975
328899,0.011928593
328909,0.067658216
328914,0.004448042
328926,0.033487465
328934,0.030424824
328935,0.009367508
328949,0.05272799
328954,0.018970195
328957,0.03006326
328968,0.18779036
328974,0.010099487
328984,0.00593387
328991,0.0405034
328997,0.031498093
329000,0.036052678
329005,0.027023608
329007,0.05371865
329018,0.1099006
329034,0.11261098
329051,0.19461006
329052,0.03723402
329055,0.18630484
329062,0.13979495
329064,0.15502818
329070,0.23339657
329075,0.012073779
329078,0.084485285
329081,0.020339882
329086,0.13655524
329101,0.025931533
329105,0.1828102
329113,0.1165022
329119,0.15034665
329133,0.020559225
329135,0.01809909
329138,0.016552674
329143,0.035091992
329157,0.06648274
329165,0.06573723
329170,0.031307932
329176,0.1368267
329177,0.046008695
329179,0.017671552
329196,0.07935119
329209,0.04314126
329219,0.2727112
329241,0.021195622
329245,0.11702234
329248,0.036849644
329249,0.018878888
329251,0.016492337
329252,0.035212196
329256,0.05129035
329261,0.040431377
329264,0.36878565
329297,0.20750102
329310,0.055507015
329320,0.057553563
329328,0.011166058
329340,0.13451774
329347,0.020011712
329351,0.050531678
329356,0.023942113
329360,0.44613355
329364,0.0360963
329365,0.025371673
329381,0.049640894
329383,0.11593276
329385,0.040263575
329388,0.074908696
329390,0.02763117
329393,0.084491424
329403,0.097384505
329409,0.01530468
329418,0.36099976
329428,0.013476071
329433,0.023867946
329439,0.022618413
329459,0.040991407
329463,0.10174991
329475,0.03100305
329479,0.032413766
329494,0.08655336
329500,0.18054973
329503,0.006391642
329512,0.005605088
329514,0.13167097
329521,0.056465108
329526,0.10501152
329531,0.004237555
329534,0.113475285
329545,0.052183174
329553,0.016002597
329569,0.029006315
329571,0.053725064
329580,0.033736847
329585,0.07313002
329588,0.15823795
329603,0.06252411
329605,0.029179953
329611,0.02759853
329613,0.061596714
329615,0.06951958
329618,0.083268516
329623,0.03784262
329626,0.045753513
329678,0.017975736
329690,0.036546793
329693,0.09577255
329698,0.105864264
329700,0.008448694
329706,0.019846467
329709,0.04044833
329713,0.19955948
329716,0.021991163
329717,0.022418559
329719,0.040802788
329720,0.04729478
329737,0.026063891
329741,0.04134283
329742,0.014833768
329749,0.07289258
329765,0.030359019
329771,0.0719812
329775,0.039179847
329779,0.047311462
329781,0.041120727
329788,0.030063154
329798,0.10657864
329799,0.009681054
329810,0.14146532
329811,0.011196921
329812,0.014593155
329819,0.049550224
329822,0.0736283
329826,0.022817465
329843,0.03552619
329846,0.014750309
329856,0.12501727
329871,0.030982135
329882,0.022891322
329885,0.03380606
329893,0.10150251
329898,0.01591618
329903,0.06761111
329916,0.057678718
329918,0.0104867555
329934,0.03127741
329942,0.06747241
329949,0.025075503
329958,0.1964685
329965,0.10838667
329969,0.011356311
329972,0.030649625
329981,0.24942005
329988,0.027231207
329989,0.04878943
330004,0.20901097
330006,0.2168236
330014,0.23797269
330025,0.1367659
330040,0.018366853
330047,0.20547783
330070,0.070539005
330074,0.022050524
330075,0.022251332
330085,0.018233003
330095,0.08361759
330106,0.074152306
330119,0.039875224
330122,0.032592483
330129,0.18076375
330145,0.22505413
330148,0.046821725
330154,0.03354078
330156,0.01813874
330162,0.08140797
330164,0.032859847
330187,0.039066978
330188,0.059080098
330189,0.05309751
330192,0.03142728
330193,0.023252547
330200,0.039301712
330205,0.038967036
330207,0.022930948
330220,0.015497004
330228,0.2627705
330243,0.06506941
330245,0.024163855
330270,0.02081829
330272,0.02427559
330279,0.031265855
330288,0.41750288
330289,0.03737075
330299,0.012028129
330308,0.035188854
330314,0.08425607
330317,0.041738994
330322,0.01903768
330332,0.04862698
330356,0.101693705
330358,0.044074677
330360,0.0070384755
330363,0.0562989
330364,0.0703311
330368,0.0234244
330376,0.02952625
330378,0.10739939
330381,0.114826754
330386,0.11065267
330387,0.00838456
330395,0.12083172
330396,0.021469163
330406,0.031903926
330423,0.05713323
330430,0.02269718
330467,0.030152258
330469,0.02242497
330473,0.069029436
330479,0.09686317
330486,0.12272055
330523,0.20283586
330524,0.13237359
330540,0.03373999
330564,0.053765826
330565,0.057791054
330567,0.054165974
330568,0.034793787
330602,0.029879289
330616,0.033609837
330617,0.0063956953
330625,0.17392598
330635,0.03111277
330636,0.040525395
330639,0.047022972
330661,0.050048146
330666,0.01534218
330670,0.0057360986
330682,0.02788561
330690,0.017974002
330708,0.085332386
330726,0.022874754
330730,0.011668316
330765,0.012365136
330776,0.021313308
330789,0.018074747
330791,0.008553703
330803,0.074015945
330805,0.008666427
330807,0.01837457
330821,0.019030789
330822,0.03519267
330836,0.047392752
330837,0.046996236
330839,0.048352372
330840,0.007915174
330861,0.047367606
330878,0.048314262
330881,0.0108854845
330888,0.013938699
330890,0.10123257
330903,0.09595413
330904,0.033871423
330905,0.039188895
330907,0.042068545
330915,0.022748053
330921,0.09005946
330922,0.041630752
330925,0.005888112
330942,0.05078594
330945,0.02517664
330957,0.08327501
330965,0.14575465
330973,0.112818055
330979,0.01749857
330981,0.02490556
331005,0.02635944
331018,0.14122936
331026,0.025369603
331032,0.00736614
331033,0.060494356
331036,0.0113737555
331037,0.0147012295
331048,0.03483528
331054,0.114906974
331058,0.034676015
331063,0.03495568
331077,0.044891454
331079,0.00851321
331081,0.12980577
331082,0.06677878
331090,0.015928494
331110,0.032166783
331127,0.17887893
331141,0.019226583
331153,0.08280073
331165,0.07234082
331171,0.04259418
331179,0.061368324
331191,0.20657893
331193,0.05493936
331197,0.018078335
331204,0.019856645
331207,0.39024878
331212,0.015479154
331220,0.0998266
331242,0.08739029
331244,0.22448847
331273,0.026225941
331281,0.018238483
331289,0.016500514
331293,0.02702416
331294,0.024914246
331299,0.018684551
331300,0.024613021
331302,0.02367099
331322,0.021328779
331334,0.03782094
331347,0.02021271
331353,0.055222683
331361,0.011825991
331370,0.010893271
331379,0.034903873
331382,0.1532718
331388,0.30482024
331390,0.06295792
331400,0.072032176
331411,0.047749765
331431,0.009896541
331451,0.03548079
331455,0.03718389
331456,0.01252319
331461,0.031590216
331468,0.052610897
331480,0.111661755
331491,0.025143718
331505,0.18016993
331508,0.011620073
331517,0.016498014
331519,0.09243432
331526,0.016108543
331530,0.016938018
331533,0.029042507
331554,0.07836232
331579,0.016567746
331590,0.006787479
331599,0.046138234
331604,0.06318325
331605,0.08226206
331611,0.016041486
331616,0.28808573
331620,0.012758053
331623,0.0860347
331641,0.0366068
331645,0.031196767
331657,0.2422319
331662,0.030891677
331678,0.003758271
331684,0.032435328
331686,0.20820868
331691,0.049747452
331697,0.26962376
331707,0.055299338
331709,0.010724463
331716,0.047163025
331719,0.04419208
331729,0.030694833
331735,0.024839984
331743,0.020184409
331761,0.08877152
331772,0.017094161
331777,0.016875986
331794,0.049401943
331813,0.11407831
331818,0.096928425
331834,0.028500484
331848,0.037781518
331849,0.05477135
331868,0.031584606
331875,0.017826399
331879,0.045206524
331886,0.011941413
331888,0.04390699
331891,0.048688795
331903,0.025736636
331905,0.027169988
331913,0.03886943
331914,0.008274157
331937,0.010671821
331938,0.06161848
331939,0.07919445
331944,0.030896707
331948,0.08443341
331968,0.013930254
331976,0.28178084
331977,0.27700332
332007,0.0462252
332014,0.03023607
332017,0.011959064
332027,0.05656559
332033,0.02623568
332041,0.015065558
332042,0.19065164
332047,0.020765703
332050,0.0765748
332056,0.0062900484
332071,0.010675693
332075,0.10564032
332076,0.014401898
332077,0.035352666
332083,0.070458815
332093,0.37981665
332111,0.027994996
332119,0.025468947
332121,0.05370115
332135,0.03712896
332144,0.14254643
332147,0.047364786
332155,0.021671947
332156,0.019446475
332164,0.08171142
332166,0.014464
332170,0.11258016
332180,0.3177902
332181,0.12721305
332184,0.12681466
332192,0.13162151
332204,0.04381585
332225,0.05727265
332234,0.042953316
332243,0.091846675
332253,0.17968504
332261,0.041312847
332266,0.02319493
332270,0.053467747
332285,0.2157535
332290,0.009467993
332296,0.019117191
332298,0.09405378
332302,0.024648257
332303,0.017783439
332317,0.028112512
332318,0.04549773
332327,0.036539298
332337,0.09534476
332351,0.16604997
332373,0.019443698
332377,0.015301669
332384,0.096812
332398,0.01555242
332404,0.085093126
332405,0.030639432
332454,0.01926377
332456,0.09064527
332464,0.1971667
332468,0.048581515
332476,0.04623873
332482,0.046955083
332483,0.053023897
332508,0.06688773
332519,0.41951612
332529,0.21734005
332537,0.12304454
332545,0.18966307
332551,0.046108007
332552,0.07642331
332570,0.078404464
332574,0.107576445
332579,0.09136603
332607,0.017173586
332618,0.07753268
332626,0.08366679
332628,0.019708825
332645,0.022612602
332652,0.16293694
332666,0.053158954
332694,0.076142356
332697,0.08071459
332698,0.006823241
332700,0.06301984
332708,0.17193313
332714,0.026349945
332722,0.025136525
332724,0.03738565
332730,0.028772559
332741,0.028978374
332746,0.038218986
332754,0.07755962
332756,0.08089727
332759,0.012919288
332764,0.42214674
332786,0.06371445
332790,0.008694781
332816,0.012980444
332821,0.047963828
332827,0.019057794
332829,0.015740272
332831,0.011311178
332833,0.15256675
332834,0.09046031
332837,0.00926494
332846,0.053388506
332860,0.06811914
332861,0.02667579
332865,0.03007956
332882,0.041759394
332897,0.25740373
332901,0.035487123
332904,0.016933644
332910,0.43628046
332911,0.027305592
332912,0.14465928
332939,0.06287212
332940,0.012153225
332952,0.012003227
332956,0.02518271
332957,0.0840114
332958,0.01334122
332961,0.17147516
332967,0.10195276
332974,0.07725065
332993,0.010890041
333007,0.03431708
333012,0.15558906
333020,0.04078967
333021,0.053905975
333035,0.028922321
333040,0.1298552
333061,0.008105457
333073,0.016131865
333078,0.051878177
333085,0.04852615
333086,0.0881085
333096,0.29982448
333100,0.038967784
333112,0.03600334
333114,0.013729303
333120,0.22740716
333142,0.00831358
333152,0.022759527
333159,0.11171293
333178,0.022249196
333179,0.028385477
333187,0.06281809
333191,0.05652303
333192,0.03624525
333199,0.024776492
333211,0.038424812
333224,0.0154839875
333237,0.27402666
333238,0.008480125
333262,0.005561994
333268,0.06652581
333275,0.10649336
333289,0.06390378
333292,0.3262395
333303,0.052133385
333305,0.053391773
333312,0.015368674
333316,0.03265543
333335,0.0396258
333354,0.03522387
333356,0.008313942
333358,0.02539317
333376,0.022949634
333378,0.023204397
333380,0.035012577
333381,0.13360415
333388,0.033788472
333392,0.005323207
333406,0.32662028
333410,0.033015534
333411,0.038699474
333412,0.046652965
333428,0.031246781
333432,0.008361023
333435,0.031295102
333442,0.03607281
333452,0.053328473
333455,0.27514973
333456,0.046837516
333459,0.09247059
333464,0.14351927
333466,0.1092914
333469,0.07474173
333475,0.023138996
333476,0.008525967
333477,0.13405615
333487,0.020806136
333490,0.032662667
333497,0.52016807
333499,0.008430052
333500,0.07037964
333501,0.0476945
333503,0.017490037
333513,0.11581122
333518,0.023516158
333544,0.02976514
333546,0.24426486
333563,0.263789
333566,0.061079204
333568,0.061047696
333570,0.02905451
333573,0.0111227045
333574,0.012974746
333584,0.025489945
333589,0.034667492
333594,0.040868018
333596,0.016119685
333597,0.03965895
333615,0.019866986
333621,0.033528134
333622,0.028646274
333629,0.037641164
333651,0.04809735
333653,0.120570794
333664,0.016850207
333680,0.013697187
333687,0.19676077
333688,0.036610615
333689,0.24754421
333693,0.05004633
333695,0.031805277
333706,0.019953651
333709,0.05522339
333713,0.055223327
333734,0.025515769
333745,0.17627308
333752,0.11364841
333764,0.02178369
333780,0.036965527
333789,0.113250874
333791,0.020318115
333795,0.12510052
333799,0.11936298
333801,0.073671274
333802,0.116759464
333803,0.124024495
333810,0.0389292
333837,0.02951623
333842,0.2088166
333843,0.029084206
333845,0.014626792
333852,0.20427424
333859,0.025780246
333885,0.13877288
333896,0.05655536
333904,0.06648954
333908,0.014213169
333913,0.04672599
333927,0.028654814
333930,0.025505591
333935,0.014958428
333952,0.036327466
333953,0.12377221
333966,0.06553942
333968,0.015544867
333988,0.047648765
334013,0.028103871
334027,0.109785035
334030,0.029583111
334032,0.09213575
334033,0.028682657
334042,0.014675228
334045,0.07034538
334053,0.01442585
334055,0.016639031
334058,0.02431135
334063,0.073245436
334070,0.028957264
334074,0.013511648
334080,0.09520343
334086,0.03352372
334092,0.074487224
334099,0.03622325
334101,0.028202478
334103,0.02678131
334104,0.17414261
334109,0.2662676
334125,0.10203959
334130,0.10887827
334138,0.16856088
334161,0.037069738
334164,0.06863748
334169,0.03759221
334171,0.011333714
334185,0.014620959
334186,0.025973717
334209,0.07358538
334211,0.07233331
334230,0.013818589
334231,0.13414735
334237,0.1571881
334241,0.20721716
334244,0.34146595
334247,0.018276338
334250,0.015210527
334252,0.03391881
334273,0.011528464
334282,0.01886746
334285,0.04252959
334286,0.031222852
334292,0.0359701
334296,0.019622367
334299,0.032226022
334300,0.07262474
334305,0.03224129
334307,0.11579145
334311,0.021037066
334315,0.031205527
334343,0.087238856
334344,0.023122462
334345,0.10106655
334350,0.033760376
334353,0.009393579
334365,0.04759951
334372,0.030609727
334374,0.014523208
334375,0.07207523
334382,0.1283516
334387,0.011235335
334391,0.19617529
334397,0.021899354
334407,0.028360492
334415,0.04055608
334417,0.04497951
334419,0.07373206
334431,0.027975729
334435,0.2580437
334446,0.4241081
334447,0.059366327
334457,0.019186135
334459,0.08589452
334471,0.012463216
334474,0.028248154
334481,0.013495451
334483,0.028067326
334486,0.088548444
334490,0.3952981
334492,0.08314964
334494,0.04130481
334512,0.039620873
334522,0.018263651
334527,0.049069576
334534,0.006395844
334537,0.01800399
334539,0.054976027
334552,0.05756905
334555,0.08412908
334565,0.12571771
334580,0.029184682
334585,0.039087642
334589,0.08902983
334594,0.05908581
334600,0.02014653
334603,0.021502629
334613,0.039850526
334621,0.075842984
334628,0.022323323
334631,0.061078306
334634,0.036629464
334635,0.048312236
334659,0.012420925
334660,0.028251132
334664,0.032688715
334671,0.04816112
334693,0.045516267
334695,0.092711605
334703,0.24936748
334718,0.08558448
334728,0.472305
334732,0.12558253
334733,0.10909565
334735,0.028327033
334748,0.027136395
334756,0.10271221
334764,0.082412735
334766,0.1171207
334787,0.026991732
334803,0.016275011
334806,0.09911608
334817,0.18556303
334825,0.019399822
334831,0.17778686
334836,0.04268999
334845,0.043950286
334857,0.025988938
334868,0.022356499
334871,0.018482963
334873,0.0704167
334881,0.04836456
334886,0.029545331
334898,0.05514848
334899,0.047150373
334901,0.022792358
334916,0.07015455
334923,0.1285816
334933,0.081081405
334938,0.23956965
334955,0.21082813
334963,0.2089883
334974,0.06981645
334986,0.025571551
334994,0.036422934
334995,0.09155212
335001,0.029198816
335005,0.047206715
335009,0.019619465
335014,0.02659525
335015,0.013877149
335017,0.23883018
335025,0.22528292
335027,0.13164993
335055,0.06753019
335058,0.042053964
335072,0.21905427
335073,0.0118632335
335081,0.07602579
335091,0.011365689
335096,0.0069496436
335097,0.03235294
335099,0.0502717
335113,0.01565909
335136,0.06475039
335140,0.029155547
335141,0.01001333
335143,0.18084452
335155,0.04044203
335170,0.032939598
335176,0.051191587
335181,0.032734316
335183,0.07007092
335192,0.014215167
335196,0.37882787
335198,0.027843906
335203,0.052980565
335204,0.33953223
335218,0.051887475
335222,0.027178753
335223,0.34295693
335229,0.11553585
335231,0.074480236
335236,0.09339843
335253,0.24089031
335257,0.058557753
335262,0.0114345355
335263,0.094255894
335273,0.034145586
335276,0.06984165
335278,0.016628275
335295,0.029110696
335301,0.010654034
335303,0.0073994547
335305,0.20845719
335310,0.10652276
335313,0.0046370523
335314,0.031189388
335319,0.02577685
335321,0.07913565
335331,0.014088946
335332,0.01850811
335333,0.056468103
335337,0.07545033
335342,0.04726226
335347,0.04237549
335351,0.07832088
335356,0.025514636
335366,0.06217946
335369,0.016114574
335377,0.081558555
335388,0.16007063
335395,0.13135222
335397,0.033187244
335411,0.01784537
335419,0.023811258
335425,0.062256306
335427,0.039451327
335443,0.012603926
335446,0.019265795
335448,0.019174805
335451,0.24463607
335458,0.030231966
335459,0.06124349
335460,0.10748302
335463,0.038835097
335471,0.03578025
335477,0.008892061
335478,0.05284962
335484,0.007828427
335490,0.21696459
335495,0.053012885
335506,0.08981253
335507,0.13501525
335518,0.123907425
335533,0.026307063
335537,0.061672308
335538,0.060489077
335549,0.07837882
335553,0.18348125
335561,0.11486177
335564,0.011373841
335573,0.038536977
335577,0.013578783
335579,0.019624347
335585,0.04357322
335590,0.06555648
335594,0.01913528
335598,0.028150816
335601,0.04725436
335608,0.071784616
335616,0.206914
335640,0.019820428
335645,0.12079127
335653,0.07086892
335683,0.01786078
335692,0.047553867
335713,0.01611087
335726,0.012055376
335727,0.25431877
335728,0.017946577
335732,0.016381443
335736,0.03439994
335747,0.02354363
335754,0.037524167
335755,0.016468577
335761,0.07033223
335775,0.033914108
335778,0.15626569
335779,0.03472942
335787,0.013216781
335805,0.017462362
335807,0.039641388
335808,0.0539661
335815,0.07306291
335818,0.016328996
335835,0.09794386
335849,0.043411877
335850,0.05192561
335851,0.05487497
335852,0.010594974
335856,0.039625254
335857,0.068766296
335863,0.14473529
335871,0.051596023
335879,0.03489382
335885,0.028302727
335887,0.25006944
335893,0.19575891
335906,0.03371398
335912,0.025063144
335921,0.018750878
335944,0.077391416
335952,0.05896081
335955,0.008514824
335956,0.025701858
335957,0.111668006
335958,0.039757013
335962,0.02327315
335963,0.03494012
335964,0.04706351
335971,0.009807159
335973,0.033633925
335975,0.082132645
335981,0.046540104
335983,0.089259855
336016,0.050906803
336038,0.023806306
336039,0.010207479
336041,0.0297196
336061,0.0488886
336063,0.028402027
336067,0.019164244
336071,0.075028926
336089,0.06304358
336095,0.07181728
336096,0.10161556
336101,0.010070425
336117,0.019505601
336118,0.040206324
336120,0.21726125
336137,0.029268745
336155,0.034327466
336156,0.3243889
336159,0.0103531275
336178,0.11626922
336183,0.25677004
336194,0.0078821005
336195,0.10089345
336199,0.019773949
336209,0.03531655
336213,0.05360801
336214,0.033326514
336215,0.0052312706
336220,0.012002109
336253,0.011938387
336260,0.18728597
336263,0.037273858
336265,0.06610173
336273,0.027759526
336277,0.017473893
336280,0.027482776
336295,0.10611098
336308,0.005652914
336309,0.027571889
336316,0.07107063
336319,0.048191737
336321,0.009701112
336322,0.20367846
336323,0.032994315
336340,0.051333886
336344,0.07921215
336352,0.039274096
336361,0.06998781
336367,0.05595806
336382,0.082100265
336383,0.11660074
336393,0.035626646
336407,0.036758803
336413,0.01869725
336418,0.09022802
336426,0.029374944
336427,0.02879482
336436,0.03660466
336443,0.030797362
336445,0.05232478
336447,0.008825546
336451,0.050839353
336464,0.020107616
336484,0.105927244
336491,0.035324484
336492,0.01958824
336493,0.085225634
336494,0.032617852
336499,0.014062298
336524,0.007306059
336527,0.1300503
336534,0.25940812
336544,0.021376502
336553,0.17084925
336558,0.016890675
336565,0.01288412
336569,0.07169768
336580,0.04926061
336586,0.012183007
336592,0.05046324
336604,0.040620644
336610,0.033072274
336623,0.075395085
336634,0.07776895
336635,0.03375539
336641,0.034185298
336660,0.021465639
336673,0.03772256
336686,0.04779739
336693,0.017328076
336701,0.014219746
336704,0.050789174
336711,0.034870118
336715,0.05979901
336717,0.0078056897
336722,0.043401428
336724,0.04417996
336741,0.088231064
336745,0.0450104
336757,0.11298984
336764,0.18452485
336767,0.08490866
336783,0.032453936
336786,0.10178581
336791,0.006538001
336792,0.2777254
336813,0.06608675
336822,0.16416912
336823,0.11906068
336832,0.023260817
336843,0.049583327
336858,0.104516946
336870,0.073088735
336876,0.013382809
336885,0.02298487
336887,0.07947984
336891,0.016091326
336903,0.026300225
336916,0.0818277
336917,0.019003594
336922,0.014586375
336925,0.01487569
336931,0.16699581
336938,0.0123594655
336950,0.3127599
336955,0.036632206
336956,0.044458054
336959,0.05853638
336966,0.23284642
336971,0.043385368
336978,0.016318185
336983,0.017745182
336986,0.008565819
336996,0.15569025
337003,0.19129382
337007,0.079394884
337029,0.05825828
337034,0.055759702
337039,0.010331609
337057,0.058312457
337058,0.058309007
337062,0.13356416
337080,0.01656888
337087,0.0072695264
337105,0.011029751
337108,0.03169905
337120,0.022494486
337125,0.2365198
337142,0.021965027
337159,0.053318787
337160,0.023262443
337168,0.050920177
337170,0.016180243
337171,0.026796415
337178,0.08554546
337188,0.055610187
337191,0.059337784
337200,0.008095606
337207,0.02712062
337210,0.08280562
337218,0.010825737
337221,0.06351398
337237,0.017731158
337241,0.20178078
337244,0.11422501
337273,0.074473254
337294,0.032470096
337295,0.019735381
337298,0.027926918
337310,0.006464507
337326,0.012055012
337338,0.48504776
337343,0.040447704
337360,0.043220893
337369,0.2247901
337375,0.22259979
337386,0.04428976
337388,0.276821
337405,0.061574128
337408,0.031126793
337412,0.0077657513
337416,0.022815112
337418,0.1333729
337442,0.2403262
337449,0.023131885
337457,0.011029757
337460,0.04223823
337474,0.05036345
337499,0.07328185
337506,0.04575352
337512,0.1109274
337527,0.05725277
337528,0.023183532
337530,0.042186067
337539,0.09990462
337546,0.011303246
337551,0.057253834
337569,0.035353225
337576,0.01498216
337582,0.037691556
337590,0.094287015
337599,0.03356908
337600,0.24451052
337601,0.28673485
337608,0.014840291
337614,0.2013343
337619,0.12372381
337625,0.1077087
337629,0.10783145
337635,0.07314702
337642,0.03416953
337663,0.26492256
337665,0.098764636
337668,0.008995969
337700,0.06759847
337746,0.019145386
337761,0.016445631
337779,0.0640611
337788,0.053390794
337790,0.038499814
337793,0.046451
337802,0.11706798
337807,0.042188462
337821,0.08877663
337840,0.017681504
337846,0.19780743
337848,0.2272431
337864,0.066771165
337866,0.04980429
337868,0.018591082
337878,0.0067759515
337890,0.1815577
337896,0.05940094
337901,0.05073945
337905,0.056918424
337914,0.039477672
337953,0.015887832
337969,0.018540364
337984,0.019379523
337995,0.042069554
338009,0.015598651
338018,0.027628995
338022,0.030960042
338028,0.1127161
338029,0.12404189
338044,0.006736574
338050,0.053937737
338052,0.118287005
338073,0.18446219
338076,0.020330178
338084,0.010358473
338086,0.0163736
338094,0.02602002
338097,0.057421356
338099,0.05033322
338126,0.04967745
338127,0.22042263
338137,0.22395004
338146,0.005811818
338161,0.028186757
338164,0.07123752
338174,0.013034193
338179,0.38378426
338181,0.065017164
338188,0.014954355
338189,0.11220302
338193,0.0365656
338199,0.02133609
338202,0.12694912
338204,0.06597103
338210,0.054698482
338229,0.040343195
338240,0.07345392
338250,0.036754936
338253,0.23784693
338254,0.018133642
338268,0.08076791
338290,0.0668978
338293,0.032407753
338297,0.05320191
338301,0.02468154
338306,0.07769834
338314,0.02661439
338318,0.021773055
338325,0.057818975
338340,0.07159328
338341,0.092916064
338351,0.0064045195
338352,0.25535044
338368,0.01918266
338381,0.01260999
338404,0.012480288
338409,0.06145558
338417,0.013696465
338418,0.044564795
338426,0.005575014
338431,0.091514684
338435,0.07293649
338463,0.08210634
338465,0.029732164
338467,0.099619366
338479,0.17249717
338495,0.06225309
338510,0.09255559
338526,0.017924586
338528,0.059233617
338530,0.029675074
338539,0.010861714
338543,0.019785691
338554,0.011324747
338557,0.050221946
338581,0.21333607
338589,0.044957545
338595,0.33869392
338597,0.046777736
338604,0.14392301
338607,0.01088795
338613,0.006560817
338615,0.016931025
338628,0.07444232
338636,0.13209544
338642,0.0044460297
338669,0.023551464
338671,0.054684006
338675,0.049442817
338676,0.17597191
338690,0.03189302
338696,0.0740693
338702,0.29428622
338703,0.018282622
338709,0.1011505
338719,0.08591111
338725,0.13426359
338727,0.023511095
338732,0.014610995
338749,0.016438605
338773,0.018323882
338774,0.010684867
338784,0.097124636
338789,0.02236895
338792,0.11313212
338804,0.060311805
338808,0.19034052
338822,0.013168696
338824,0.0185645
338833,0.027355745
338836,0.10045778
338840,0.058894597
338842,0.064004205
338843,0.06268488
338847,0.026729118
338849,0.18872882
338857,0.048041567
338860,0.101811916
338872,0.08591056
338874,0.025538938
338878,0.08790593
338895,0.030261626
338896,0.100311436
338904,0.12322769
338920,0.12785494
338931,0.028611928
338938,0.019105954
338955,0.04983729
338962,0.016250584
338969,0.09446257
338976,0.07342603
338994,0.036216278
339011,0.012460094
339014,0.02075502
339017,0.009081849
339018,0.40653306
339030,0.034939017
339038,0.011920677
339060,0.0055031637
339079,0.10801345
339082,0.013730919
339099,0.026456874
339103,0.030656725
339105,0.027445283
339107,0.0055231145
339121,0.22745112
339148,0.037110653
339152,0.014503049
339154,0.08764216
339170,0.22124961
339186,0.018017964
339187,0.029193208
339193,0.025239637
339196,0.030357648
339199,0.023980962
339203,0.23680931
339216,0.10641729
339228,0.06938178
339232,0.10175758
339237,0.023381831
339240,0.070984185
339242,0.03607227
339245,0.014584299
339252,0.02608062
339256,0.022444343
339258,0.060718607
339260,0.037972767
339263,0.075661436
339268,0.06025501
339269,0.079510875
339286,0.17490532
339304,0.021061188
339307,0.05604989
339317,0.051388435
339330,0.2162866
339346,0.25226122
339380,0.018113295
339381,0.027531145
339382,0.06951517
339391,0.012852817
339396,0.032910317
339406,0.050472632
339407,0.031848673
339409,0.11079343
339410,0.03678074
339425,0.03229786
339427,0.069704354
339433,0.124437936
339443,0.020787477
339449,0.025882846
339452,0.039430976
339453,0.07510623
339455,0.049860775
339457,0.035723746
339477,0.06051276
339483,0.023350438
339487,0.07192251
339490,0.008267965
339518,0.074927315
339523,0.09846606
339529,0.017869875
339541,0.11335452
339544,0.111979604
339546,0.1305948
339559,0.1564706
339563,0.012335647
339573,0.042180564
339591,0.019887721
339593,0.08378527
339599,0.020389644
339604,0.1326598
339615,0.042376284
339621,0.011148045
339625,0.20000574
339642,0.06264325
339647,0.21021332
339650,0.09499735
339656,0.019378144
339659,0.04026326
339681,0.088322
339683,0.07740146
339684,0.07478224
339689,0.040858723
339694,0.012241368
339699,0.075884126
339718,0.15806426
339727,0.092558675
339735,0.026932614
339736,0.01611344
339745,0.029372374
339755,0.04923065
339758,0.024978839
339770,0.009756911
339772,0.037242685
339778,0.017983979
339786,0.041969914
339787,0.21358262
339788,0.099942595
339799,0.04960172
339814,0.030312289
339837,0.016508128
339842,0.045550738
339845,0.049217038
339852,0.09768559
339857,0.16864026
339864,0.03567769
339872,0.04844252
339873,0.016353715
339874,0.018475685
339875,0.027842771
339879,0.1101709
339884,0.05061995
339888,0.059375186
339891,0.14640985
339905,0.06071446
339920,0.075614996
339934,0.085825615
339938,0.06509893
339948,0.015997207
339949,0.03199922
339953,0.025851864
339954,0.057538733
339957,0.02904476
339958,0.11718545
339971,0.021123087
339975,0.025024112
339978,0.0063091847
339984,0.041511934
339993,0.027582994
340009,0.04110738
340012,0.021718124
340019,0.022949003
340031,0.025499186
340041,0.18962842
340045,0.026693698
340046,0.14882873
340067,0.014168949
340079,0.027723672
340081,0.059344143
340082,0.010876806
340090,0.027479807
340091,0.07640931
340099,0.0180195
340104,0.08717686
340109,0.030743683
340123,0.249308
340146,0.026811838
340162,0.032384086
340167,0.09008672
340181,0.027106928
340194,0.015549785
340195,0.010852282
340198,0.03620205
340202,0.26475975
340203,0.22309852
340219,0.047798358
340221,0.03460457
340224,0.0420092
340239,0.020030446
340248,0.07435103
340262,0.043751966
340264,0.042387616
340277,0.3618522
340285,0.01271538
340292,0.082270235
340356,0.09003448
340365,0.08751823
340375,0.083237015
340377,0.015368285
340378,0.15740117
340385,0.09936192
340387,0.027686017
340388,0.047481846
340405,0.03163612
340407,0.03877614
340408,0.04179093
340416,0.03436912
340420,0.025703628
340421,0.4887839
340425,0.0279143
340430,0.08100381
340448,0.13609359
340451,0.07799036
340456,0.028188705
340457,0.04292113
340459,0.09122729
340460,0.07278132
340463,0.034078717
340464,0.06279715
340486,0.020792482
340503,0.13343196
340504,0.033700828
340505,0.019739034
340507,0.05865865
340509,0.01801076
340511,0.09727372
340513,0.098507084
340516,0.16180831
340529,0.03294936
340535,0.01829447
340542,0.18077287
340545,0.028538128
340546,0.40997162
340556,0.082886316
340567,0.008960187
340576,0.051762644
340577,0.024994342
340586,0.020029455
340587,0.09340311
340594,0.119036555
340610,0.4634963
340611,0.11329201
340614,0.04131973
340625,0.026899282
340630,0.14692394
340640,0.055479094
340667,0.09325853
340674,0.016732264
340679,0.21635534
340683,0.11010757
340686,0.11295149
340698,0.014304554
340708,0.014079921
340717,0.08010266
340718,0.014397397
340720,0.011670719
340726,0.014174059
340746,0.051041875
340747,0.007971846
340768,0.066725016
340769,0.038442187
340772,0.3464394
340774,0.09044326
340778,0.011674432
340806,0.09229383
340816,0.04574589
340823,0.028998435
340826,0.026137248
340838,0.22888124
340840,0.040401693
340842,0.029430894
340844,0.04984647
340845,0.055321604
340853,0.12735802
340855,0.29591924
340857,0.07740841
340858,0.04602161
340864,0.07816927
340899,0.06544319
340901,0.032860197
340909,0.06556984
340921,0.0149032
340925,0.052487124
340953,0.03141118
340954,0.05014285
340961,0.030961556
340963,0.13450393
340975,0.07940879
340977,0.03333853
340996,0.017006358
341009,0.055802964
341013,0.071056545
341020,0.05436814
341024,0.06994918
341031,0.09750159
341038,0.15916984
341042,0.036488496
341050,0.0721522
341063,0.17316282
341066,0.007379452
341067,0.015784383
341070,0.22903186
341075,0.052189235
341089,0.01907899
341091,0.015795358
341122,0.07031928
341132,0.06929152
341135,0.10196283
341150,0.3504483
341168,0.04340326
341172,0.09304042
341182,0.068507254
341183,0.00815137
341187,0.090055496
341192,0.07428565
341194,0.024230845
341201,0.018730894
341226,0.02160258
341228,0.024067162
341231,0.052704047
341235,0.035804976
341237,0.017532779
341251,0.052795
341278,0.05914625
341284,0.017669557
341285,0.082593985
341294,0.0194876
341296,0.039897606
341297,0.04155926
341298,0.026530672
341302,0.027935995
341304,0.035327427
341307,0.09572373
341314,0.09541355
341324,0.034420896
341332,0.2849561
341342,0.063018955
341347,0.049458593
341356,0.08021309
341358,0.09871793
341365,0.022491753
341368,0.056705747
341372,0.029350413
341374,0.03936292
341380,0.023851858
341381,0.03188989
341390,0.076762095
341398,0.2049298
341401,0.04208591
341406,0.024326647
341413,0.037259255
341419,0.009784102
341421,0.03311476
341427,0.016092338
341429,0.08755338
341434,0.012910018
341437,0.02298614
341444,0.09870997
341447,0.01669825
341452,0.02329627
341458,0.25156733
341475,0.047205586
341478,0.02212123
341495,0.012642015
341503,0.01989088
341520,0.045893546
341525,0.078319885
341544,0.05161523
341545,0.017822718
341548,0.01626734
341551,0.023233969
341552,0.06833414
341562,0.07408027
341574,0.06250212
341577,0.017393952
341585,0.12055742
341616,0.049311876
341630,0.082121186
341631,0.03037012
341640,0.084124856
341651,0.04622043
341653,0.05439154
341655,0.11233298
341659,0.013546057
341696,0.14894456
341705,0.1739974
341717,0.028887678
341720,0.046557624
341728,0.050484564
341729,0.0176865
341737,0.0125132
341758,0.0066562323
341765,0.04660915
341780,0.142185
341785,0.17845336
341787,0.029648574
341790,0.062063333
341796,0.010410156
341805,0.038010824
341811,0.09157437
341823,0.02222879
341828,0.57598406
341841,0.015709769
341865,0.0308675
341873,0.048841983
341891,0.017820057
341899,0.022359319
341906,0.021502962
341917,0.010975363
341926,0.056243353
341931,0.06065574
341934,0.019808661
341939,0.123435274
341943,0.1593998
341962,0.033816572
341967,0.057479873
341971,0.07116199
341990,0.011288622
341997,0.05542671
342001,0.029068872
342010,0.01826588
342042,0.076393686
342052,0.059646342
342084,0.09434751
342089,0.014631096
342091,0.018317502
342099,0.011582373
342109,0.027444601
342111,0.052194625
342119,0.02980932
342120,0.10591301
342125,0.009746946
342127,0.15874153
342128,0.10859139
342135,0.044168543
342136,0.061821233
342138,0.06825737
342148,0.12229015
342153,0.098523475
342154,0.1403597
342157,0.028615542
342163,0.021293562
342168,0.029577944
342173,0.21646367
342182,0.056844443
342185,0.014331135
342194,0.035305195
342198,0.032815263
342210,0.03201992
342214,0.08027654
342220,0.059956588
342222,0.005301372
342223,0.061231717
342230,0.059257492
342239,0.033077244
342247,0.047878157
342248,0.13245061
342252,0.024680037
342257,0.13969824
342271,0.21942732
342272,0.013571933
342290,0.042193163
342295,0.038080454
342297,0.034672376
342298,0.035081577
342301,0.038588952
342305,0.07086044
342308,0.0115048895
342314,0.026812125
342322,0.05125204
342340,0.07928694
342350,0.023425976
342353,0.03316583
342358,0.041556228
342377,0.019507214
342378,0.01760768
342382,0.1104015
342390,0.020891085
342396,0.047481418
342439,0.14285117
342442,0.058442954
342447,0.040635113
342449,0.01258044
342450,0.114839695
342451,0.100785956
342454,0.060085736
342455,0.17782848
342467,0.03811066
342476,0.3701004
342481,0.12718818
342498,0.022950811
342503,0.01933031
342510,0.007105506
342513,0.024629595
342523,0.024565442
342527,0.24613443
342555,0.15507707
342566,0.08246801
342584,0.0071485676
342593,0.017970165
342600,0.033557594
342611,0.04221432
342614,0.02386919
342637,0.041320734
342639,0.012271015
342656,0.28542683
342669,0.025342781
342684,0.19862086
342686,0.23830158
342690,0.2416424
342693,0.016642386
342701,0.18159474
342702,0.31067377
342703,0.055207767
342706,0.021249697
342711,0.054760005
342730,0.0227113
342744,0.07090622
342753,0.1718846
342769,0.030327013
342779,0.20672466
342788,0.04245287
342792,0.03584787
342794,0.09998195
342795,0.02055852
342799,0.013314531
342802,0.3766517
342803,0.25350296
342812,0.06557817
342820,0.0964202
342824,0.012017577
342835,0.07740974
342836,0.018758662
342851,0.11612056
342860,0.04647601
342862,0.095875405
342870,0.045830864
342873,0.029704932
342894,0.013384377
342916,0.008401739
342950,0.10794953
342970,0.07040726
342971,0.1409846
342980,0.016560234
342981,0.025826033
343004,0.16500406
343044,0.009859017
343045,0.1375791
343072,0.022082021
343078,0.057849713
343080,0.17923743
343085,0.08800707
343126,0.033583615
343137,0.032432597
343139,0.0532822
343144,0.10451521
343155,0.022296818
343163,0.02850912
343165,0.015741682
343190,0.031717423
343205,0.020720828
343221,0.027123531
343226,0.021494333
343233,0.057821944
343236,0.036346458
343241,0.12795618
343245,0.08494582
343256,0.089500844
343260,0.031272773
343276,0.028951587
343298,0.049806792
343299,0.043911982
343310,0.16641445
343312,0.09402521
343317,0.033940386
343319,0.016014736
343324,0.035642844
343345,0.032733023
343348,0.05583448
343354,0.10494576
343363,0.013275143
343365,0.23803939
343376,0.01275547
343380,0.12365601
343401,0.08297636
343412,0.023598542
343414,0.025156414
343415,0.04624258
343418,0.08970711
343419,0.09008099
343421,0.03773397
343423,0.033858936
343432,0.004495229
343436,0.029732913
343440,0.19636257
343458,0.023151815
343470,0.053407416
343471,0.02883283
343480,0.045359768
343484,0.023894342
343492,0.25632402
343500,0.047772203
343503,0.025248798
343522,0.10713927
343525,0.015337605
343562,0.15097953
343577,0.08419641
343580,0.0838144
343591,0.011372217
343594,0.057540476
343602,0.046331167
343611,0.013234536
343615,0.14052658
343639,0.012944694
343643,0.034181044
343645,0.022029085
343647,0.008680539
343669,0.013279716
343683,0.059980363
343702,0.40272555
343703,0.045983203
343704,0.026171979
343710,0.018372837
343724,0.27794164
343730,0.056371782
343742,0.19213447
343743,0.03101207
343745,0.021727882
343775,0.1378933
343783,0.03241206
343794,0.08688385
343795,0.032226015
343816,0.006930898
343820,0.02616267
343823,0.15257281
343836,0.025186023
343845,0.1005062
343888,0.22804157
343893,0.039861105
343898,0.12696335
343914,0.014702494
343918,0.015149841
343920,0.053893793
343928,0.032568824
343931,0.038052607
343968,0.08146259
343990,0.107905924
343991,0.030266669
343996,0.037534054
344002,0.19413072
344004,0.099422365
344008,0.24789628
344011,0.057436645
344013,0.10919002
344014,0.11734932
344015,0.023284413
344016,0.037730303
344019,0.042158734
344026,0.008015376
344027,0.039212618
344029,0.035342038
344039,0.13515581
344041,0.456435
344042,0.023061961
344047,0.1456094
344053,0.36844495
344055,0.039378993
344060,0.0200196
344064,0.03639717
344067,0.027453931
344080,0.020739278
344083,0.033611514
344088,0.0117724985
344090,0.04548342
344093,0.026681108
344099,0.019858286
344113,0.09256208
344114,0.042132005
344119,0.016856005
344121,0.02882992
344135,0.10750218
344138,0.035539117
344159,0.035092525
344172,0.04488896
344176,0.084273614
344192,0.028779967
344202,0.074940614
344219,0.056916762
344225,0.041083805
344229,0.24987447
344240,0.020371364
344241,0.030817393
344249,0.0129698245
344252,0.30880967
344256,0.11618462
344260,0.054309603
344264,0.009257276
344267,0.022686575
344275,0.024357626
344283,0.013295532
344292,0.03032106
344296,0.023451975
344297,0.015423719
344299,0.032069698
344303,0.032267667
344313,0.06716358
344315,0.027025057
344317,0.024491193
344323,0.07485166
344328,0.07936338
344339,0.060672976
344343,0.042099256
344345,0.022420397
344356,0.06823222
344358,0.049592223
344359,0.0853865
344366,0.2065019
344370,0.029887598
344382,0.015424604
344383,0.03146636
344386,0.12121187
344388,0.1782327
344393,0.013622239
344395,0.025693687
344401,0.03931882
344402,0.2732771
344404,0.12070239
344422,0.010103812
344427,0.038216464
344433,0.034632467
344444,0.079190485
344454,0.025389228
344460,0.04000609
344480,0.016721277
344483,0.021012437
344488,0.0955525
344496,0.2899237
344504,0.13373616
344516,0.057571426
344524,0.05809259
344540,0.14868659
344542,0.023527931
344550,0.021764712
344558,0.005345084
344561,0.021227708
344568,0.1745347
344571,0.11111714
344621,0.05411512
344633,0.14372556
344635,0.14263134
344660,0.037327025
344662,0.0413538
344681,0.0055082943
344683,0.1794179
344685,0.06412626
344716,0.27754232
344726,0.029045792
344749,0.043111973
344750,0.24622867
344752,0.049257886
344760,0.023740167
344762,0.12796658
344768,0.07477783
344770,0.17119074
344772,0.1464159
344778,0.089050815
344783,0.10126842
344793,0.017973294
344814,0.029819693
344815,0.02055683
344818,0.009530202
344819,0.0440258
344826,0.07367105
344828,0.3244052
344835,0.04435703
344864,0.018971486
344869,0.107412875
344875,0.44552866
344883,0.014239108
344885,0.021174481
344887,0.07159525
344889,0.089743055
344892,0.3757288
344895,0.06535596
344913,0.019197477
344934,0.012934784
344939,0.21740103
344947,0.24536146
344964,0.16595004
344969,0.024012975
344973,0.038819145
344977,0.11026854
344978,0.09150864
344991,0.057871893
345010,0.08188555
345011,0.021513717
345012,0.12857884
345020,0.061264887
345021,0.03346986
345042,0.02470646
345046,0.016792275
345070,0.016905162
345078,0.16287208
345085,0.1284391
345087,0.14418279
345093,0.030784724
345094,0.0919986
345097,0.06280643
345107,0.012647426
345109,0.16136663
345117,0.01921529
345118,0.041352183
345126,0.21628805
345142,0.02347147
345143,0.018834876
345149,0.033841938
345150,0.017968245
345154,0.46657905
345174,0.01740587
345184,0.051748056
345193,0.033045493
345196,0.061349366
345202,0.018073512
345207,0.065122396
345209,0.25531703
345211,0.054036677
345212,0.09155763
345213,0.09931221
345218,0.02574421
345228,0.018074285
345234,0.025371118
345251,0.035175428
345252,0.022141395
345260,0.05222439
345269,0.006309382
345275,0.073317654
345300,0.008254877
345305,0.023860026
345306,0.17927186
345310,0.03678342
345315,0.19537635
345324,0.018684238
345329,0.04725436
345359,0.2727343
345360,0.094794326
345364,0.010951956
345385,0.101198405
345387,0.020830369
345390,0.030052502
345402,0.11020764
345404,0.039819412
345405,0.02292804
345416,0.09230597
345425,0.19496223
345432,0.024702387
345437,0.25420374
345442,0.009106195
345450,0.040025312
345458,0.057045355
345467,0.103617474
345468,0.12911642
345470,0.03997893
345478,0.025804838
345479,0.15261406
345482,0.072525136
345489,0.09048808
345492,0.024271654
345499,0.0990523
345502,0.014458034
345515,0.043499045
345538,0.012838378
345542,0.051681235
345548,0.0087846005
345550,0.042084884
345552,0.034068916
345557,0.018567985
345560,0.022988906
345563,0.035600632
345564,0.11136577
345580,0.010230007
345582,0.022466974
345583,0.015255196
345604,0.09211761
345622,0.021379162
345630,0.054657217
345634,0.052070472
345643,0.043093808
345646,0.0067864307
345685,0.057510648
345687,0.00841544
345694,0.035172556
345717,0.049061067
345718,0.12755083
345726,0.04334088
345733,0.06269564
345738,0.05153579
345754,0.051359713
345761,0.047252506
345771,0.06284287
345778,0.031159788
345780,0.44362763
345788,0.14882325
345796,0.25552142
345800,0.16007133
345808,0.16152221
345812,0.015983306
345821,0.059343223
345822,0.08550473
345843,0.12910385
345853,0.12128413
345854,0.013491922
345857,0.005324222
345858,0.04451152
345867,0.025473315
345884,0.08584821
345892,0.03795746
345893,0.026887378
345896,0.05050533
345902,0.028980985
345906,0.11528142
345913,0.018606797
345916,0.059547596
345922,0.043518107
345923,0.17405994
345924,0.019523961
345935,0.059476044
345941,0.016178513
345948,0.1583063
345953,0.03151425
345958,0.038980804
345962,0.02292905
345966,0.11253216
345973,0.02257967
345976,0.1229674
345989,0.03611155
345999,0.039744385
346003,0.053316776
346014,0.06400513
346027,0.020747619
346036,0.3446423
346048,0.033277
346052,0.012252159
346057,0.056660745
346058,0.08985349
346064,0.2358512
346076,0.19318454
346079,0.029839993
346081,0.04143657
346091,0.02439577
346099,0.123889714
346104,0.015185276
346111,0.026154598
346117,0.18740137
346118,0.12386659
346126,0.12160877
346135,0.090622745
346141,0.07605031
346150,0.033662334
346153,0.07367459
346155,0.05028788
346164,0.0407513
346166,0.1646431
346173,0.016243983
346179,0.011099463
346184,0.031632084
346188,0.018974975
346201,0.25409535
346207,0.042778436
346213,0.047551166
346219,0.013663343
346245,0.022152197
346271,0.020008262
346273,0.12658845
346290,0.04952959
346300,0.08545359
346314,0.045610473
346328,0.010912919
346329,0.066805325
346338,0.012445011
346340,0.058860935
346341,0.026060782
346347,0.02621583
346358,0.19387542
346362,0.03966562
346373,0.012029404
346377,0.13736765
346379,0.51505774
346384,0.14937766
346387,0.061690144
346392,0.03846569
346396,0.045012854
346402,0.09138688
346405,0.087675855
346407,0.02817701
346409,0.07682792
346414,0.08021599
346423,0.03450151
346424,0.039274205
346428,0.011341818
346443,0.036747586
346444,0.014178436
346446,0.23134789
346449,0.06376528
346456,0.024920242
346476,0.014305044
346477,0.02103356
346480,0.04300164
346492,0.095312186
346526,0.024266617
346536,0.048971247
346539,0.008997534
346543,0.17538823
346544,0.010984202
346546,0.014467856
346591,0.32725388
346598,0.09829159
346599,0.02613004
346618,0.058235656
346620,0.01745936
346623,0.03552614
346631,0.009981704
346639,0.013185835
346657,0.028711706
346661,0.16606042
346671,0.07098689
346672,0.055696633
346694,0.022384072
346712,0.14057967
346714,0.044478536
346723,0.01933253
346727,0.076218784
346729,0.04329295
346747,0.011885916
346765,0.09190408
346775,0.13946344
346784,0.07451641
346797,0.044080686
346799,0.0618716
346802,0.02210196
346807,0.03205982
346822,0.040262748
346828,0.07010564
346836,0.055195224
346838,0.023406211
346841,0.11624189
346843,0.028970683
346848,0.055846743
346850,0.05678755
346851,0.03708451
346855,0.058959357
346856,0.02270991
346860,0.08192307
346870,0.14714913
346881,0.2565979
346884,0.033226356
346887,0.014461424
346890,0.0066444227
346904,0.08222476
346912,0.030502496
346914,0.16929927
346923,0.0148160085
346924,0.034380466
346926,0.08572092
346934,0.019010477
346936,0.0090502165
346951,0.052331254
346952,0.020873006
346970,0.008909307
346982,0.07578226
346993,0.007054861
347013,0.052932233
347018,0.058960598
347021,0.0975562
347031,0.052306913
347033,0.25871876
347039,0.059482496
347045,0.07571925
347046,0.048129745
347058,0.013462739
347071,0.14104511
347078,0.073724724
347079,0.034766503
347097,0.017399754
347101,0.079736695
347120,0.06469932
347121,0.053888395
347133,0.0152291935
347161,0.13960935
347163,0.012453201
347173,0.015781932
347175,0.038799703
347181,0.0080662025
347193,0.24874398
347196,0.15585814
347204,0.11578307
347205,0.09350412
347217,0.25115776
347229,0.02560229
347255,0.022035994
347261,0.04639066
347266,0.10318485
347283,0.020786501
347286,0.070205815
347302,0.013587537
347304,0.017087864
347321,0.02977968
347323,0.019272674
347331,0.18325613
347340,0.0459374
347350,0.06330156
347374,0.00876744
347379,0.06224449
347404,0.12730515
347415,0.0633076
347438,0.2841749
347439,0.025700755
347443,0.036058635
347450,0.105538726
347456,0.009963973
347458,0.32068634
347463,0.06094765
347471,0.029396323
347476,0.025795335
347482,0.094314285
347483,0.013044208
347492,0.034251098
347498,0.041367847
347499,0.032712907
347501,0.052524343
347521,0.041288894
347527,0.008935927
347531,0.022832379
347540,0.017848028
347556,0.032656193
347575,0.031132644
347579,0.007361044
347581,0.03827285
347583,0.052797947
347611,0.022591274
347614,0.07320822
347621,0.03254623
347629,0.14616808
347639,0.07286407
347642,0.054953
347650,0.06925061
347665,0.032044265
347674,0.025731888
347678,0.2706577
347689,0.07760796
347690,0.01464854
347708,0.044526976
347712,0.28586555
347722,0.30730838
347728,0.050305717
347734,0.025314393
347736,0.1769411
347747,0.09333508
347748,0.01580442
347753,0.1587879
347755,0.22511153
347756,0.066068
347757,0.013003062
347763,0.2229483
347770,0.109404184
347771,0.062391054
347784,0.016953597
347792,0.09804627
347793,0.05687764
347801,0.027477782
347808,0.10703245
347821,0.021738902
347824,0.038425826
347829,0.075587675
347841,0.3762832
347845,0.014878046
347846,0.37117505
347853,0.13318704
347854,0.029297542
347858,0.09426538
347859,0.019564673
347864,0.0054950146
347869,0.018648438
347876,0.06989714
347880,0.039501883
347884,0.013956918
347888,0.012235067
347893,0.017732196
347900,0.054435052
347902,0.07857934
347910,0.025625668
347912,0.007545391
347915,0.033915333
347916,0.040998895
347919,0.010119109
347923,0.050484184
347952,0.51982886
348002,0.2358891
348003,0.010669802
348008,0.09722644
348014,0.020772448
348027,0.0906999
348031,0.029405965
348051,0.032364473
348060,0.053605724
348064,0.040639035
348066,0.08115651
348069,0.0977915
348077,0.123103134
348081,0.007448764
348087,0.06088549
348088,0.014027606
348094,0.13145101
348100,0.017598707
348119,0.0152330855
348122,0.09075713
348141,0.2541478
348145,0.01844424
348154,0.0155041935
348158,0.04463649
348163,0.16265225
348176,0.12171162
348177,0.007541782
348181,0.2271259
348190,0.09152
348195,0.117816575
348197,0.13431929
348200,0.012656598
348209,0.035070777
348216,0.013302598
348217,0.08755519
348223,0.25198546
348228,0.021178063
348230,0.066616565
348249,0.014027915
348251,0.072929636
348261,0.068416096
348264,0.025082128
348271,0.0072949664
348273,0.04389514
348280,0.17900458
348283,0.07536305
348285,0.1701222
348306,0.071747035
348312,0.06640427
348327,0.035526797
348328,0.13200204
348344,0.031843893
348358,0.14118208
348361,0.03800371
348362,0.18070573
348364,0.010999188
348370,0.023249196
348380,0.04462482
348400,0.073744155
348420,0.12510741
348428,0.08267244
348430,0.020028321
348445,0.019791
348460,0.0653528
348462,0.026847675
348465,0.089085594
348481,0.01728965
348482,0.03415227
348485,0.027963193
348491,0.054022934
348492,0.29091102
348522,0.233743
348531,0.043415677
348536,0.0330459
348546,0.20542032
348547,0.034206286
348548,0.06719643
348551,0.010477867
348554,0.10591146
348564,0.03271259
348571,0.09404519
348577,0.12956335
348593,0.14957106
348595,0.21542487
348606,0.012111894
348621,0.013406939
348630,0.041911382
348633,0.2861478
348644,0.08257263
348646,0.014349441
348680,0.019004116
348692,0.032256626
348698,0.18943526
348703,0.10907827
348712,0.023861138
348726,0.31948993
348727,0.016284281
348731,0.022459166
348733,0.021605553
348747,0.12519643
348753,0.015599186
348756,0.056452103
348760,0.09035071
348771,0.031468518
348785,0.033091098
348789,0.09286642
348793,0.016222334
348797,0.004697113
348799,0.013328082
348811,0.045559004
348812,0.067643896
348818,0.021657772
348822,0.025125206
348833,0.13720039
348849,0.032590706
348875,0.07396953
348878,0.018565178
348879,0.041288737
348884,0.29699826
348887,0.02311625
348890,0.0448101
348901,0.030226683
348911,0.053720687
348936,0.008367858
348941,0.028962139
348949,0.019828722
348950,0.01998845
348952,0.003913178
348954,0.022915957
348971,0.07022805
348979,0.16557586
348985,0.09949798
348989,0.1017403
348999,0.03076563
349006,0.05296853
349013,0.13112645
349015,0.020234955
349024,0.01934202
349033,0.03186885
349047,0.021944717
349060,0.028831955
349065,0.046104293
349071,0.3351575
349081,0.06126697
349088,0.06350078
349093,0.014982801
349101,0.052206963
349107,0.1555582
349113,0.02402951
349123,0.045864582
349125,0.029165747
349129,0.075342335
349131,0.10192299
349132,0.015813818
349163,0.06628127
349168,0.042153206
349172,0.031992346
349187,0.01241306
349192,0.18122455
349193,0.03358505
349203,0.030776137
349227,0.07218901
349234,0.054263245
349248,0.0402339
349249,0.04176095
349254,0.016825365
349259,0.06574506
349265,0.07873044
349276,0.020467024
349281,0.05792064
349283,0.06658965
349288,0.042031024
349297,0.16713043
349299,0.061556205
349304,0.010672521
349306,0.04380971
349310,0.056070883
349314,0.0403536
349320,0.03750454
349326,0.10576545
349329,0.016086873
349337,0.044849556
349357,0.0346248
349363,0.016342742
349374,0.015010278
349375,0.022637801
349394,0.040183067
349399,0.027899416
349404,0.028503772
349419,0.023919893
349422,0.18072364
349425,0.19258119
349432,0.01588262
349433,0.096173525
349436,0.005486016
349437,0.025706032
349439,0.027986577
349484,0.016553363
349488,0.058706492
349490,0.2599951
349538,0.16316713
349541,0.024697017
349543,0.027864503
349552,0.030630603
349560,0.124539144
349565,0.06737495
349570,0.07458425
349586,0.036844134
349589,0.038976528
349592,0.0686099
349596,0.08589974
349598,0.014990072
349601,0.01667263
349608,0.44647995
349615,0.12210576
349645,0.039030056
349654,0.051348247
349671,0.025687166
349679,0.06715451
349693,0.05135366
349706,0.14809878
349707,0.12837966
349708,0.04456441
349719,0.04327961
349727,0.15283883
349730,0.015114841
349735,0.1672396
349744,0.048586704
349745,0.036884665
349760,0.17863356
349765,0.040223166
349778,0.14455135
349787,0.082300246
349802,0.061071713
349812,0.2049441
349815,0.014051955
349847,0.08387504
349854,0.04754428
349855,0.16702615
349872,0.010174833
349873,0.05306398
349874,0.062422715
349886,0.02208574
349887,0.18457521
349911,0.036527086
349916,0.027088692
349920,0.13383934
349921,0.021655394
349929,0.035757117
349931,0.037307583
349935,0.01570191
349939,0.04001368
349960,0.028714286
349967,0.04280614
349969,0.07530508
349971,0.14022794
349977,0.019237746
349979,0.054248996
349981,0.043045893
349982,0.07467651
349992,0.012799187
349994,0.023571111
350005,0.012774501
350006,0.009809437
350009,0.056408573
350017,0.04719583
350021,0.0853031
350023,0.09008608
350032,0.054039937
350033,0.05399856
350036,0.12772025
350037,0.021826444
350048,0.41291842
350052,0.050870646
350063,0.018725706
350077,0.052926656
350078,0.12576556
350086,0.24474181
350087,0.016458986
350107,0.006314212
350110,0.036302075
350114,0.04031833
350119,0.23635325
350139,0.015356875
350154,0.03927226
350174,0.36194786
350177,0.06538429
350190,0.18039277
350193,0.0991578
350203,0.005002007
350206,0.08556221
350210,0.12074265
350225,0.053108074
350242,0.010287515
350264,0.026410086
350273,0.009668326
350277,0.06842707
350283,0.03896324
350286,0.024509111
350288,0.06747531
350290,0.045528326
350293,0.0387429
350310,0.19408743
350327,0.27576593
350330,0.01920576
350334,0.18914346
350340,0.019605834
350342,0.20252185
350344,0.051597994
350370,0.035121642
350372,0.21402845
350376,0.10296269
350387,0.03995539
350389,0.07090106
350395,0.22394957
350397,0.1824652
350433,0.050976496
350436,0.20072316
350442,0.006945173
350445,0.025018383
350446,0.20721783
350457,0.18661997
350480,0.026050678
350481,0.013653322
350484,0.06856867
350494,0.01365882
350511,0.032038014
350529,0.011178458
350531,0.008305958
350535,0.01959639
350539,0.0070287813
350543,0.07323319
350544,0.034180593
350550,0.048508655
350558,0.059007194
350569,0.113312244
350571,0.15489139
350577,0.03198345
350582,0.072349854
350585,0.029852962
350596,0.01494771
350598,0.042372968
350599,0.061463103
350602,0.040095884
350612,0.02033936
350621,0.10482831
350626,0.050173867
350628,0.04967278
350638,0.049214806
350646,0.15563624
350652,0.04205627
350665,0.04236957
350671,0.05779051
350677,0.036353797
350694,0.16952382
350697,0.10205908
350699,0.14692087
350703,0.07549129
350705,0.22693242
350708,0.006901906
350724,0.045340754
350731,0.015194342
350740,0.015442283
350745,0.035539895
350749,0.045702502
350754,0.13983391
350757,0.008401807
350764,0.078051
350766,0.10980686
350779,0.06473662
350794,0.052633777
350805,0.020817637
350810,0.04152868
350817,0.044760704
350825,0.028135447
350829,0.015649017
350832,0.016319877
350841,0.011443923
350855,0.02097631
350862,0.011662692
350867,0.031377126
350871,0.014443487
350874,0.052882645
350891,0.023431579
350895,0.051766753
350898,0.10159208
350899,0.021723846
350902,0.028872393
350913,0.022182718
350916,0.010068134
350933,0.04079134
350944,0.020838507
350954,0.1815014
350959,0.012128646
350965,0.015825
350969,0.038881324
350984,0.045682345
350997,0.020329984
350999,0.11930101
351002,0.23245776
351008,0.01959302
351014,0.068680815
351025,0.083796345
351026,0.040808503
351046,0.14121667
351048,0.0077444594
351070,0.04799147
351073,0.026812037
351079,0.03563319
351085,0.12844588
351091,0.06884055
351094,0.07844233
351115,0.021121504
351117,0.032788098
351126,0.037928965
351142,0.009915645
351151,0.01310934
351171,0.011900211
351178,0.039399806
351186,0.0126996515
351194,0.12781557
351201,0.007723897
351223,0.21137223
351225,0.09406831
351226,0.096601754
351227,0.08055186
351240,0.10139909
351243,0.0070999735
351244,0.17805442
351245,0.040204406
351248,0.03600929
351252,0.02773828
351259,0.11022226
351265,0.027232919
351291,0.083228305
351292,0.024136065
351294,0.04148241
351298,0.02177116
351303,0.2690468
351311,0.010106393
351326,0.02376671
351331,0.08896612
351338,0.04462684
351339,0.050442725
351364,0.04641804
351380,0.098753914
351383,0.0810274
351385,0.009231241
351386,0.026552737
351389,0.044476297
351392,0.15100361
351393,0.044049583
351407,0.3002156
351419,0.015910214
351422,0.031533364
351423,0.15914534
351430,0.07948752
351446,0.011172225
351454,0.04256188
351458,0.020121012
351461,0.021696001
351489,0.007440023
351495,0.03269689
351520,0.12385599
351526,0.18253899
351535,0.014704165
351541,0.014327695
351567,0.022201357
351580,0.04840254
351581,0.2785427
351584,0.020726422
351587,0.0263643
351589,0.1349403
351593,0.15563601
351616,0.05996405
351619,0.03543054
351625,0.05036339
351626,0.014645911
351635,0.030852612
351641,0.03560804
351655,0.015652249
351658,0.07894816
351669,0.16637358
351670,0.029414894
351671,0.044288438
351680,0.014941189
351687,0.014483856
351699,0.0094903065
351722,0.07948659
351725,0.1895306
351740,0.049238417
351747,0.07446312
351758,0.036169004
351771,0.012258024
351780,0.051176697
351786,0.011113956
351789,0.05197326
351796,0.054889392
351801,0.054881785
351814,0.012989476
351817,0.05780321
351819,0.081372604
351825,0.17476927
351830,0.20530705
351831,0.044263396
351834,0.025596527
351836,0.057720114
351837,0.056100585
351838,0.07262023
351839,0.11303319
351846,0.28558266
351863,0.110328205
351864,0.02173747
351880,0.028624553
351887,0.14751557
351891,0.042463135
351892,0.12053335
351898,0.07605627
351907,0.06477925
351916,0.034081724
351936,0.017445281
351937,0.023246508
351945,0.09772366
351957,0.01611638
351958,0.046992652
351962,0.04177893
351967,0.0414674
351970,0.071230754
351973,0.1492303
351978,0.00898522
351984,0.04038212
351989,0.11904768
351992,0.11534396
352015,0.030749224
352036,0.017387059
352043,0.028866233
352049,0.01963385
352053,0.027678866
352056,0.008696055
352058,0.048370015
352064,0.010102778
352065,0.038208473
352075,0.009028348
352092,0.050896462
352096,0.016881784
352097,0.0077746822
352102,0.017692257
352103,0.0050566723
352117,0.12924416
352119,0.0207566
352139,0.10451697
352145,0.01107059
352158,0.025172815
352198,0.11613043
352199,0.023017874
352200,0.13854444
352205,0.11875684
352241,0.016624462
352244,0.20685326
352258,0.058590747
352260,0.018625831
352266,0.049198005
352273,0.06397854
352283,0.02819144
352303,0.14842248
352304,0.22192691
352351,0.06753954
352353,0.046917614
352379,0.017510114
352389,0.14814472
352390,0.098889895
352391,0.050787598
352403,0.02138219
352407,0.022945974
352409,0.24481222
352421,0.014010495
352425,0.034518145
352447,0.026318934
352450,0.049123358
352451,0.09039836
352457,0.019302579
352468,0.13205831
352482,0.020474669
352495,0.010054799
352501,0.12259124
352506,0.65042704
352508,0.18850073
352522,0.12744644
352528,0.09188337
352539,0.036569383
352540,0.016943712
352551,0.11843847
352560,0.011242202
352561,0.07121138
352565,0.045627363
352566,0.017330505
352584,0.102660894
352592,0.023293693
352626,0.15576886
352650,0.012606715
352655,0.024743393
352668,0.27736294
352670,0.016202668
352685,0.13483784
352690,0.10452889
352692,0.017989874
352694,0.037593078
352700,0.053429198
352701,0.056601264
352708,0.11675009
352711,0.12964135
352734,0.05786337
352738,0.08424259
352742,0.013489269
352745,0.23821934
352746,0.03966001
352751,0.074674845
352762,0.11306135
352767,0.017879777
352768,0.056726146
352785,0.016493674
352788,0.022691458
352795,0.048321526
352814,0.04545775
352825,0.032115903
352827,0.020152459
352828,0.013538331
352830,0.096216805
352850,0.053665463
352890,0.009025946
352901,0.011866499
352907,0.03943115
352909,0.13380553
352913,0.038779452
352925,0.040254474
352927,0.0307051
352928,0.10074504
352938,0.06607499
352942,0.038241755
352943,0.4099741
352952,0.01497995
352958,0.038687628
352962,0.07911001
352967,0.03889404
352972,0.047643922
352988,0.0034454195
352991,0.028227188
353002,0.057709724
353008,0.049849164
353011,0.022116253
353014,0.072985806
353018,0.00783315
353023,0.019765435
353029,0.02110281
353031,0.05755584
353035,0.10621167
353037,0.12286821
353042,0.04173781
353054,0.024209158
353078,0.048640426
353122,0.07620133
353123,0.02265614
353140,0.02064517
353145,0.045967318
353167,0.0830533
353177,0.135893
353179,0.27924782
353185,0.045541547
353194,0.1459752
353195,0.07448113
353208,0.20099407
353210,0.0976633
353214,0.09528787
353215,0.17933297
353240,0.093816586
353241,0.10672657
353247,0.039002925
353259,0.093765445
353262,0.19308925
353264,0.08189807
353278,0.042695332
353279,0.06391468
353280,0.05503753
353287,0.12939851
353288,0.028782466
353290,0.06647537
353299,0.012414896
353314,0.0958586
353328,0.09086526
353340,0.042314466
353350,0.032468304
353352,0.011564056
353364,0.05223879
353371,0.016622638
353373,0.018901905
353374,0.15787779
353389,0.016060004
353395,0.1397682
353419,0.5004244
353427,0.010538698
353441,0.12035471
353454,0.012861277
353469,0.15564243
353475,0.16342779
353481,0.0090765245
353483,0.04786516
353484,0.12148267
353488,0.11438606
353496,0.0063887904
353504,0.043553844
353505,0.04324094
353509,0.020236185
353527,0.02656514
353574,0.0753512
353585,0.08983536
353595,0.07980677
353598,0.010151784
353602,0.08983331
353610,0.092633076
353618,0.02814751
353625,0.014989106
353626,0.1955276
353631,0.0075734523
353635,0.029760787
353654,0.026913047
353682,0.14981322
353688,0.12680386
353695,0.036939315
353711,0.010173811
353724,0.103433065
353729,0.035706196
353732,0.00562818
353749,0.08615456
353750,0.014608776
353752,0.07033682
353761,0.016691433
353782,0.0098694125
353784,0.038443375
353801,0.02427786
353809,0.05722445
353812,0.05783508
353814,0.02225028
353821,0.017630897
353832,0.07687366
353845,0.09408437
353860,0.053295948
353863,0.018617075
353867,0.03874007
353876,0.0323689
353905,0.043337975
353923,0.0070422026
353934,0.027330324
353943,0.019070795
353945,0.02957953
353973,0.015429283
353995,0.009960465
354001,0.055113766
354003,0.09865011
354011,0.01074075
354020,0.029543424
354024,0.20493272
354027,0.047172625
354031,0.02868206
354036,0.023053791
354037,0.053928435
354039,0.010760497
354044,0.022961922
354058,0.017504448
354071,0.021251038
354080,0.12644571
354084,0.02351251
354085,0.033515543
354089,0.014968656
354099,0.043459937
354100,0.019581048
354104,0.022504019
354106,0.06686991
354107,0.13631724
354111,0.017648952
354114,0.13810438
354115,0.22621578
354122,0.15317452
354130,0.045796137
354139,0.0787818
354140,0.030087743
354145,0.060975794
354149,0.020065498
354167,0.016415376
354173,0.44122136
354176,0.04372526
354178,0.0620977
354182,0.024134336
354184,0.023742707
354186,0.062195953
354192,0.014200147
354209,0.06139587
354214,0.040726293
354218,0.13410704
354230,0.34115964
354251,0.019920334
354257,0.06095065
354264,0.17549416
354265,0.021991313
354267,0.021377644
354272,0.022445595
354273,0.21774295
354285,0.049871918
354298,0.10705936
354309,0.042731296
354312,0.050092313
354320,0.03153325
354322,0.04327672
354327,0.021171778
354333,0.10567524
354335,0.12309828
354344,0.21909414
354355,0.1283807
354358,0.01687661
354365,0.07234859
354368,0.09179639
354377,0.030275809
354386,0.040039763
354390,0.029696614
354394,0.01721936
354398,0.0100857485
354402,0.053445794
354403,0.013442108
354406,0.2592542
354414,0.086269975
354421,0.017151982
354430,0.049189877
354445,0.05415819
354470,0.015264425
354479,0.015930414
354481,0.00907972
354483,0.13563035
354497,0.026144221
354511,0.048463438
354533,0.02832721
354549,0.2794954
354561,0.21303198
354570,0.029314103
354571,0.08236319
354577,0.08456563
354586,0.08580824
354598,0.14350612
354601,0.046526488
354602,0.016012076
354603,0.019771097
354606,0.026618546
354612,0.017687626
354613,0.012356806
354616,0.15709743
354624,0.021314073
354625,0.36401603
354636,0.02825752
354639,0.119535975
354640,0.014362815
354644,0.09550562
354650,0.02951096
354666,0.07450228
354673,0.061925013
354674,0.036692668
354677,0.027887037
354684,0.045301974
354694,0.1344961
354698,0.036834404
354708,0.021462122
354709,0.030309126
354720,0.03184799
354738,0.0432698
354740,0.0405549
354757,0.033662193
354768,0.018547619
354775,0.1337937
354776,0.047403313
354792,0.0783605
354803,0.14430688
354809,0.023453945
354817,0.023740234
354818,0.01733113
354830,0.012336838
354832,0.10948533
354838,0.14720434
354839,0.04796765
354851,0.0223544
354861,0.08627264
354865,0.11658637
354890,0.07444938
354893,0.11320924
354898,0.09113825
354900,0.07365121
354910,0.32117194
354913,0.04964483
354937,0.028269237
354942,0.032435052
354953,0.012721576
354956,0.08852147
354958,0.03723997
354960,0.071821235
354984,0.07058284
354993,0.020718077
355017,0.11945685
355025,0.02222737
355026,0.05246103
355041,0.12632999
355043,0.027938597
355048,0.017387595
355057,0.020594517
355071,0.13011126
355075,0.12282642
355081,0.02395151
355083,0.06880012
355090,0.022318713
355105,0.12268392
355107,0.02067681
355108,0.16889052
355109,0.12539797
355114,0.038696095
355117,0.10312694
355127,0.011339625
355148,0.019477313
355174,0.048776086
355180,0.054594822
355181,0.053300664
355184,0.20678273
355201,0.008246999
355207,0.033452317
355209,0.06766864
355217,0.04445135
355218,0.022331104
355237,0.016024755
355239,0.02035539
355241,0.06178362
355243,0.109362744
355250,0.135854
355275,0.017130516
355282,0.01986648
355284,0.01262794
355287,0.093440525
355293,0.09455167
355296,0.022073667
355305,0.035897434
355312,0.09036646
355320,0.09332686
355327,0.031840056
355328,0.010592945
355333,0.02395917
355335,0.044044964
355336,0.073005
355337,0.11549199
355338,0.154739
355341,0.022608263
355355,0.10433132
355358,0.078966126
355360,0.2535794
355372,0.0819788
355382,0.023091072
355385,0.05589725
355393,0.331736
355404,0.011701796
355408,0.05834448
355417,0.011960697
355418,0.032367636
355431,0.010597109
355434,0.017176153
355445,0.06512776
355502,0.022721807
355503,0.083403945
355511,0.06592394
355517,0.10892991
355519,0.09849938
355524,0.048414424
355536,0.034514386
355549,0.017370535
355550,0.060744207
355560,0.08026391
355569,0.009559431
355571,0.012101276
355572,0.045943953
355575,0.15008438
355578,0.1369212
355584,0.09642069
355588,0.05001006
355592,0.11574884
355604,0.013256124
355638,0.028711857
355646,0.088120796
355649,0.045527395
355656,0.014478405
355657,0.015329614
355666,0.03953475
355681,0.14453034
355697,0.029968377
355700,0.05172451
355701,0.09710915
355703,0.08561684
355704,0.12305068
355708,0.014629183
355736,0.1034486
355743,0.099350445
355769,0.03662019
355773,0.07907269
355781,0.0489588
355785,0.04949776
355786,0.24020219
355798,0.011631447
355817,0.08695034
355819,0.051061094
355826,0.038712792
355842,0.14406687
355846,0.08055226
355855,0.016669752
355870,0.039723616
355873,0.0077841696
355874,0.3285176
355876,0.07370669
355877,0.012632388
355880,0.0086065065
355920,0.0715683
355922,0.016348608
355930,0.03337908
355935,0.025865618
355942,0.09663178
355963,0.044829227
355971,0.044145055
355973,0.019666024
355980,0.06047553
355981,0.04470804
355984,0.07492437
355987,0.18165529
355996,0.14487748
355997,0.009185697
356013,0.027970374
356016,0.021772582
356025,0.04075694
356027,0.015703842
356035,0.05373092
356036,0.10339665
356038,0.040322967
356041,0.026560165
356057,0.05297894
356063,0.038129997
356077,0.026763996
356080,0.109939806
356086,0.028337257
356102,0.033385407
356106,0.049318496
356118,0.043808103
356140,0.026653947
356150,0.25964293
356153,0.03407583
356159,0.04266675
356163,0.118522
356164,0.019063313
356168,0.15870668
356169,0.022117626
356170,0.02104663
356199,0.057281893
356211,0.008899805
356220,0.034677573
356246,0.037702825
356249,0.025852418
356255,0.09056287
356258,0.058605917
356262,0.2186301
356273,0.0072858967
356279,0.20142095
356281,0.017256277
356308,0.10512654
356324,0.11027172
356327,0.043018874
356328,0.008033606
356331,0.038046338
356336,0.041954733
356345,0.03821961
356382,0.037929855
356395,0.2250109
356399,0.07609368
356400,0.022029357
356413,0.053953864
356414,0.07139974
356418,0.04401796
356427,0.026766455
356433,0.0150775565
356439,0.012959366
356444,0.032798205
356475,0.0316488
356480,0.10905643
356482,0.1660896
356497,0.003339201
356512,0.048948523
356517,0.31460807
356536,0.04186425
356539,0.03542679
356551,0.07879263
356556,0.1580803
356558,0.27237213
356559,0.014309766
356563,0.022309653
356578,0.088934876
356583,0.116424955
356584,0.33525136
356592,0.050084487
356594,0.02312883
356596,0.029550064
356597,0.004278822
356598,0.027409934
356602,0.02462787
356609,0.09859647
356624,0.07322493
356626,0.08173404
356627,0.024091698
356641,0.09964396
356648,0.05425986
356649,0.1093005
356650,0.028364476
356651,0.016768925
356659,0.016234163
356676,0.05077105
356687,0.10417363
356689,0.058689024
356698,0.013461941
356726,0.02244926
356732,0.028552607
356741,0.2241259
356742,0.017171374
356746,0.028131442
356750,0.0719232
356754,0.08766195
356760,0.020040022
356762,0.01928531
356763,0.06728967
356777,0.045617364
356784,0.05369845
356795,0.12354667
356801,0.01187903
356802,0.01222854
356808,0.035447966
356813,0.030028475
356816,0.0824547
356818,0.13528019
356825,0.114654906
356828,0.017252201
356836,0.067747846
356854,0.08731692
356857,0.046403892
356865,0.044661283
356873,0.020470921
356879,0.009408362
356880,0.02580669
356885,0.08819428
356889,0.029585075
356903,0.013360126
356905,0.032014955
356913,0.052992407
356916,0.010854595
356939,0.056488607
356944,0.0810088
356952,0.2213475
356958,0.058899578
356963,0.020245709
356967,0.006717136
356970,0.043396473
356977,0.015352549
356980,0.03751946
356981,0.06792493
356983,0.04729261
356998,0.5970522
357005,0.020700412
357022,0.032102484
357032,0.042220674
357033,0.14405707
357035,0.021095006
357047,0.13429923
357054,0.014338951
357057,0.07511364
357069,0.051908072
357096,0.14169413
357102,0.1993958
357118,0.033185743
357124,0.03181671
357137,0.03862465
357138,0.0900783
357149,0.032405585
357151,0.03483358
357157,0.05235303
357158,0.13381276
357162,0.009320834
357163,0.033398736
357171,0.0220669
357175,0.008505064
357192,0.009369866
357200,0.07925417
357204,0.026067553
357206,0.04811683
357215,0.1410289
357221,0.01340849
357228,0.0208604
357247,0.03194697
357249,0.09148511
357268,0.0286487
357270,0.030184094
357279,0.13214067
357287,0.02748769
357293,0.012759572
357306,0.018518364
357308,0.28082204
357321,0.029008774
357326,0.17308915
357340,0.00790614
357342,0.13670011
357352,0.018870031
357361,0.05348706
357368,0.052212026
357370,0.07652216
357377,0.027964558
357382,0.0068770787
357383,0.013888194
357384,0.070515186
357398,0.051776305
357415,0.019589687
357420,0.12510578
357439,0.030000025
357440,0.004932824
357458,0.01174594
357464,0.08447446
357467,0.017870309
357469,0.17295824
357472,0.15492631
357489,0.100245886
357504,0.14623584
357522,0.046305303
357527,0.043716867
357547,0.10480719
357550,0.108198345
357558,0.032094594
357559,0.122300185
357562,0.02679839
357572,0.037820272
357583,0.15012011
357585,0.120672256
357598,0.012825784
357607,0.053854324
357613,0.0215466
357627,0.024967914
357630,0.05149408
357631,0.2879135
357680,0.004796644
357694,0.015475201
357698,0.14986435
357699,0.023310306
357707,0.008550234
357732,0.032536943
357748,0.21712732
357755,0.19049318
357767,0.067308076
357786,0.024913972
357791,0.03821536
357799,0.017609958
357824,0.011883609
357830,0.010437741
357832,0.045150697
357840,0.09026754
357863,0.06820592
357865,0.02347087
357868,0.13209032
357869,0.008270256
357878,0.027214684
357886,0.19540586
357891,0.02304578
357897,0.01732768
357915,0.45253187
357927,0.05711614
357947,0.018951897
357958,0.019515576
357959,0.012261604
357976,0.032501314
357992,0.11457192
357995,0.011068407
357996,0.053723812
358020,0.08904294
358022,0.15276018
358023,0.037009187
358029,0.01479606
358040,0.06333888
358059,0.012754408
358071,0.041332338
358076,0.02493127
358095,0.031071343
358096,0.033912357
358104,0.04640198
358110,0.03573011
358122,0.108990885
358137,0.02302727
358147,0.08538367
358149,0.04987875
358155,0.10572059
358161,0.10618713
358163,0.059529018
358172,0.21524118
358178,0.06103874
358183,0.06866462
358186,0.014624641
358189,0.055810742
358198,0.031937502
358211,0.09792817
358219,0.021888707
358220,0.21813488
358225,0.19165608
358231,0.010000193
358233,0.022942316
358247,0.26335874
358258,0.10086565
358264,0.037148796
358271,0.3218705
358273,0.02958697
358275,0.035125658
358278,0.057280347
358287,0.13980062
358309,0.030672414
358327,0.05337389
358342,0.021798028
358348,0.037130017
358352,0.009749482
358373,0.09266519
358384,0.026786027
358394,0.02458337
358405,0.26786777
358409,0.0076194354
358412,0.12624207
358424,0.15530433
358427,0.011411231
358434,0.096899234
358444,0.07906634
358448,0.017158743
358449,0.057242
358458,0.0050449762
358472,0.047385316
358483,0.043156765
358490,0.03411908
358503,0.0145062655
358504,0.050308418
358505,0.023234777
358512,0.19085054
358513,0.031164648
358528,0.03353266
358532,0.024091108
358536,0.03581479
358538,0.034231372
358559,0.06099749
358590,0.049141996
358601,0.12131643
358627,0.024444235
358631,0.08883853
358632,0.03161822
358640,0.06785058
358649,0.094193526
358650,0.0078938175
358653,0.021241724
358676,0.011638494
358679,0.049335957
358695,0.066859566
358703,0.06713463
358705,0.014327309
358710,0.007864755
358730,0.018778149
358731,0.06805023
358735,0.17632672
358744,0.09140148
358748,0.053883366
358750,0.027956089
358752,0.013169198
358764,0.28975457
358777,0.027251108
358786,0.16809444
358789,0.06308061
358805,0.053659152
358809,0.011392354
358810,0.018023971
358824,0.04665668
358829,0.088882364
358838,0.10973643
358840,0.03736449
358841,0.06318718
358854,0.044956
358873,0.3970882
358879,0.037768483
358884,0.065033585
358885,0.015054871
358886,0.015495723
358892,0.06802152
358895,0.06550358
358906,0.017171662
358910,0.023369208
358911,0.010823809
358924,0.24530332
358929,0.04137632
358937,0.15469004
358949,0.10164684
358955,0.05436848
358956,0.21932244
358959,0.039379817
358960,0.017702047
358969,0.019868871
358983,0.008415783
358990,0.11643475
358992,0.01870566
358994,0.04236013
359004,0.017342195
359015,0.03516098
359023,0.075199
359030,0.017799778
359032,0.017683972
359038,0.057162408
359044,0.08207726
359049,0.072946206
359050,0.02713951
359064,0.031886376
359095,0.04236954
359100,0.17962295
359105,0.010727488
359116,0.07829841
359134,0.06292578
359136,0.13735794
359143,0.02908224
359147,0.018249603
359175,0.051013786
359182,0.014587671
359188,0.027269108
359196,0.02990866
359198,0.14744754
359202,0.0214777
359212,0.043953683
359229,0.07094472
359232,0.09168216
359247,0.028082628
359258,0.07541924
359260,0.13904966
359261,0.09781456
359262,0.16719216
359268,0.02840983
359285,0.018563211
359293,0.02995878
359294,0.009203303
359297,0.018073512
359299,0.023637589
359311,0.0054917666
359319,0.042940527
359320,0.043756366
359322,0.0914311
359353,0.022219997
359355,0.08033644
359360,0.1422362
359367,0.04301274
359369,0.019915534
359372,0.008420069
359377,0.05305744
359381,0.012589417
359382,0.03926652
359387,0.06527856
359389,0.008361913
359392,0.05946664
359437,0.13538414
359438,0.030498844
359440,0.048293218
359442,0.018909413
359455,0.03029952
359474,0.21002814
359475,0.040923014
359480,0.28079426
359485,0.055189226
359493,0.012857531
359497,0.026003584
359505,0.022967445
359506,0.034734167
359516,0.016474
359518,0.01027262
359523,0.03371316
359547,0.18314481
359548,0.05682723
359556,0.05148869
359577,0.04913548
359580,0.23435552
359588,0.04332246
359590,0.013027176
359592,0.0324404
359599,0.021987688
359609,0.056562927
359611,0.036290716
359619,0.045304056
359623,0.19108328
359654,0.035888005
359666,0.052957587
359669,0.05751393
359672,0.017275073
359673,0.39698976
359677,0.012045946
359685,0.04433586
359690,0.050081786
359697,0.03941722
359702,0.006369015
359707,0.12870727
359711,0.051854443
359719,0.043217443
359722,0.023201993
359726,0.08361909
359730,0.04489997
359731,0.09070891
359741,0.14535528
359743,0.14211185
359748,0.0125351185
359753,0.0153726
359758,0.31728536
359773,0.020719139
359780,0.050120782
359785,0.030243622
359800,0.025562048
359806,0.23081157
359809,0.11253143
359822,0.069982156
359828,0.20057012
359847,0.09421405
359855,0.052158806
359858,0.035936218
359864,0.023530753
359884,0.06647075
359886,0.029458672
359898,0.1782829
359908,0.1624567
359921,0.38170394
359945,0.03701425
359958,0.0038767275
359964,0.05196472
359980,0.03776274
359992,0.020315297
359994,0.19575243
360001,0.039891202
360004,0.03580441
360009,0.13163024
360020,0.05659756
360049,0.26524514
360058,0.0156044075
360063,0.050612822
360064,0.017494388
360074,0.012378916
360095,0.03967654
360098,0.025592456
360099,0.007493372
360100,0.059561666
360103,0.04309017
360106,0.037307233
360107,0.053555828
360124,0.092590205
360126,0.0119875455
360138,0.07785624
360140,0.025707735
360141,0.011018324
360149,0.33993515
360152,0.20056418
360165,0.02553967
360171,0.011849407
360176,0.31820697
360183,0.025186714
360186,0.004633673
360189,0.13322471
360191,0.09540439
360199,0.28820786
360204,0.027376546
360205,0.06297127
360217,0.078585215
360225,0.045779698
360231,0.035233337
360238,0.018192729
360248,0.28569523
360249,0.011252919
360254,0.09645379
360256,0.042346165
360257,0.043119118
360258,0.081153266
360277,0.08966413
360279,0.10566934
360280,0.20531383
360281,0.26032108
360283,0.03283542
360290,0.060862266
360312,0.059131637
360316,0.013381953
360320,0.025945442
360324,0.086273804
360333,0.039512105
360339,0.018512774
360347,0.048198946
360359,0.14443974
360360,0.11819703
360367,0.0987058
360372,0.015623586
360382,0.0320636
360386,0.06544191
360400,0.013158055
360411,0.05338904
360412,0.07336582
360415,0.020955004
360419,0.1136137
360421,0.024741022
360427,0.013153833
360429,0.10844331
360438,0.022613466
360439,0.01641704
360445,0.09609093
360454,0.13687709
360458,0.08321699
360467,0.0063782437
360469,0.016193837
360471,0.024798587
360472,0.023832282
360475,0.035523858
360478,0.16505946
360479,0.052459862
360480,0.028670225
360484,0.07795037
360496,0.016785907
360504,0.05935166
360517,0.02898987
360518,0.15871167
360526,0.021880915
360530,0.06275186
360535,0.061033
360538,0.09914755
360539,0.11757303
360545,0.011547537
360569,0.023543384
360579,0.056749582
360580,0.037280343
360611,0.013526854
360612,0.020895187
360626,0.0106991315
360628,0.019480715
360631,0.05215991
360633,0.07350693
360640,0.019145919
360643,0.2952525
360645,0.02513781
360663,0.0062283897
360666,0.05526535
360678,0.013132675
360683,0.024641879
360707,0.09998236
360715,0.11158357
360723,0.11213608
360727,0.011340357
360733,0.20528233
360746,0.007406277
360759,0.025704885
360767,0.04727122
360769,0.02631804
360770,0.01449919
360779,0.024187418
360791,0.07432757
360792,0.012454632
360801,0.16884403
360812,0.07888835
360814,0.0077105584
360828,0.028347645
360830,0.19871841
360837,0.044550374
360838,0.10581415
360844,0.11008055
360860,0.020314733
360864,0.054340724
360871,0.03335429
360872,0.077990465
360877,0.07600097
360880,0.038419984
360881,0.0143788215
360882,0.043761425
360884,0.015382088
360885,0.02755515
360889,0.12952678
360893,0.075986646
360898,0.055429965
360933,0.37685084
360941,0.11716247
360942,0.03875537
360943,0.02396821
360960,0.029600054
360973,0.15509526
360979,0.025498385
360987,0.0213541
360988,0.015718885
360999,0.0366831
361001,0.018148733
361005,0.10386587
361007,0.112532906
361024,0.01926853
361028,0.07196601
361051,0.051478714
361072,0.014798034
361086,0.0974777
361093,0.15664075
361098,0.021674525
361124,0.024802495
361130,0.018848212
361132,0.069958456
361133,0.019374888
361135,0.11707004
361148,0.19741286
361150,0.015602795
361152,0.025912624
361154,0.02429318
361158,0.031685714
361171,0.067585446
361175,0.061334208
361177,0.007147285
361195,0.108166754
361200,0.011541296
361203,0.13100721
361205,0.027503263
361214,0.09133892
361217,0.05836801
361226,0.029030327
361232,0.036670517
361236,0.08423898
361249,0.033135027
361251,0.09464442
361252,0.048390098
361284,0.0898797
361289,0.06822597
361297,0.02883632
361304,0.115214154
361311,0.10183817
361334,0.24140951
361339,0.03074705
361340,0.09372935
361348,0.019125566
361352,0.027329367
361354,0.030206563
361355,0.052104257
361370,0.11435461
361390,0.02490256
361392,0.036128525
361397,0.12061867
361402,0.041079007
361405,0.05928278
361406,0.03180858
361426,0.016722068
361431,0.036177482
361440,0.019916032
361451,0.47930613
361469,0.21829143
361473,0.057313085
361497,0.04497323
361511,0.008445355
361515,0.010474615
361525,0.035936657
361540,0.044124287
361557,0.07906104
361560,0.06626417
361565,0.02602095
361569,0.029054072
361570,0.027643835
361578,0.0061919545
361580,0.12814644
361585,0.023254478
361589,0.021208309
361591,0.008668918
361599,0.030336332
361603,0.040895045
361605,0.038881235
361606,0.2752069
361615,0.085075304
361622,0.048570354
361627,0.025500158
361632,0.05759416
361636,0.014524273
361637,0.07341601
361638,0.058436394
361639,0.018154772
361651,0.03207695
361662,0.15010358
361684,0.05649884
361693,0.09390295
361697,0.08545007
361710,0.012357435
361713,0.082252555
361729,0.10662624
361785,0.011115181
361796,0.06975243
361805,0.11767452
361811,0.034664072
361812,0.075500175
361819,0.08762032
361828,0.016027117
361833,0.008181562
361836,0.06028901
361839,0.04220305
361855,0.018346189
361866,0.096560895
361870,0.019346867
361873,0.03488335
361885,0.07121854
361896,0.04433343
361913,0.019907808
361919,0.02422853
361932,0.14408801
361933,0.05551904
361935,0.10711957
361939,0.057316255
361946,0.008676875
361947,0.025636684
361949,0.039565578
361951,0.13034958
361962,0.08628434
361972,0.06265906
361975,0.03337111
361989,0.019576477
362004,0.091643445
362012,0.009216804
362014,0.07769886
362016,0.014885393
362028,0.05452154
362033,0.015264798
362034,0.17663823
362038,0.016731465
362052,0.10839468
362061,0.019325426
362063,0.09384793
362070,0.07693032
362072,0.015431926
362075,0.025619598
362079,0.040953457
362086,0.011725107
362091,0.0565446
362094,0.04318422
362101,0.007792712
362112,0.02524882
362115,0.14671957
362117,0.029890096
362121,0.45175967
362128,0.06872764
362130,0.0262762
362135,0.13531274
362142,0.033757824
362146,0.051441528
362149,0.035278756
362157,0.053454023
362165,0.013011767
362166,0.02359841
362167,0.022069132
362173,0.02650454
362187,0.04869544
362197,0.0516213
362206,0.03348353
362207,0.020168519
362210,0.020432848
362216,0.032979276
362219,0.14563137
362221,0.08447267
362224,0.010603749
362228,0.04439666
362236,0.024332719
362242,0.035050314
362251,0.038691893
362252,0.033518106
362257,0.030277506
362284,0.047277864
362286,0.02896952
362298,0.06437374
362300,0.047394108
362306,0.020593304
362308,0.4371635
362315,0.019776164
362318,0.023468645
362322,0.02340062
362332,0.056686968
362338,0.08597508
362341,0.15138511
362347,0.32700303
362348,0.10078837
362361,0.22877407
362365,0.044759776
362369,0.15812157
362373,0.0148927225
362376,0.08473602
362384,0.015469994
362386,0.036960162
362387,0.015193586
362389,0.026769256
362393,0.018539822
362412,0.02195074
362420,0.03999924
362426,0.10945744
362432,0.028838089
362445,0.32629985
362450,0.020401334
362452,0.11310545
362465,0.03799983
362468,0.10259513
362474,0.062188238
362484,0.03157555
362487,0.10690395
362512,0.02982702
362530,0.014320544
362531,0.059657104
362552,0.03282582
362555,0.040696874
362556,0.07785116
362563,0.070073836
362572,0.023644034
362579,0.031908613
362580,0.17624423
362597,0.11331706
362635,0.016817337
362637,0.044685144
362641,0.0887174
362652,0.023661029
362657,0.030415738
362660,0.021903781
362661,0.057032995
362671,0.017750852
362675,0.05746161
362680,0.05970693
362682,0.018409297
362685,0.089183114
362697,0.012583426
362700,0.2779358
362702,0.04865656
362705,0.08662039
362707,0.04357849
362710,0.043260545
362711,0.13339332
362718,0.05994535
362723,0.024641128
362730,0.028495446
362742,0.17135128
362781,0.041648008
362789,0.13267048
362790,0.02602233
362795,0.021946529
362799,0.042706054
362800,0.07060697
362803,0.020942941
362808,0.05604041
362814,0.027528452
362820,0.010686652
362826,0.034304418
362831,0.07238353
362833,0.055725757
362839,0.16257127
362852,0.08691554
362872,0.043379173
362882,0.1191983
362885,0.3051702
362889,0.024696892
362890,0.09875228
362891,0.18704058
362900,0.08599345
362907,0.022385241
362908,0.013568836
362953,0.013745476
362967,0.13785654
362982,0.0077392207
363015,0.011685121
363027,0.015368984
363035,0.016365163
363039,0.051837184
363045,0.033183236
363048,0.19449355
363057,0.3050831
363059,0.043956116
363063,0.05371514
363080,0.029366678
363082,0.13222672
363090,0.1351306
363094,0.037094906
363106,0.010826979
363114,0.22230576
363118,0.18987039
363121,0.040579077
363128,0.06348707
363136,0.041123558
363141,0.017235482
363142,0.019720199
363147,0.012538129
363151,0.03269353
363153,0.026693447
363158,0.0057728603
363171,0.015316785
363174,0.024356505
363180,0.018525857
363187,0.02539901
363191,0.057852834
363192,0.017644398
363196,0.014391674
363199,0.04116995
363209,0.017835861
363210,0.108711824
363212,0.06104921
363227,0.11071036
363231,0.14831033
363232,0.021396857
363243,0.04132724
363253,0.051177055
363285,0.02405568
363299,0.041537005
363310,0.04444419
363311,0.034220308
363316,0.13799098
363322,0.34997505
363329,0.0076478356
363331,0.06500266
363334,0.058376025
363339,0.0073869415
363340,0.3354888
363341,0.009754742
363343,0.24893183
363347,0.03148737
363350,0.014203172
363377,0.07201012
363379,0.03547363
363382,0.0764019
363386,0.047032032
363387,0.021255432
363388,0.014519878
363391,0.014893723
363394,0.108294055
363397,0.031062726
363405,0.06104814
363422,0.008693379
363427,0.07904969
363455,0.041355453
363467,0.063294426
363493,0.083586656
363508,0.03702585
363514,0.4093437
363525,0.056665957
363530,0.10547366
363531,0.023045728
363538,0.03285064
363539,0.010677486
363542,0.023242591
363543,0.057111055
363551,0.366672
363568,0.033929303
363576,0.07889336
363580,0.10626884
363582,0.024851555
363598,0.035383575
363601,0.024574237
363611,0.05726413
363612,0.014683371
363618,0.028792351
363623,0.08001044
363624,0.08142859
363642,0.047158726
363645,0.13849291
363651,0.39128783
363657,0.047084667
363663,0.03347276
363667,0.024626875
363687,0.06711669
363704,0.023374783
363705,0.08854821
363717,0.024404356
363725,0.024183804
363728,0.002924715
363733,0.046853773
363744,0.08751288
363745,0.02580867
363756,0.16135637
363759,0.13034487
363760,0.05176797
363762,0.01550046
363768,0.03084937
363777,0.09909818
363782,0.012028089
363785,0.020057192
363797,0.029642388
363815,0.015048791
363822,0.030972544
363834,0.104646884
363842,0.07221967
363845,0.45770726
363846,0.0376526
363849,0.028645035
363850,0.03470269
363853,0.0149097955
363859,0.024645139
363860,0.035217486
363877,0.026897635
363881,0.038941327
363893,0.008269087
363902,0.105901994
363903,0.059990056
363916,0.0745095
363924,0.06234581
363940,0.05956493
363944,0.02544871
363955,0.109028324
363960,0.04082167
363984,0.012140455
363990,0.033748154
364009,0.05653061
364014,0.106499374
364035,0.01559887
364043,0.012644104
364065,0.020317394
364067,0.021376528
364068,0.101059966
364072,0.19401023
364079,0.12803574
364094,0.068167135
364096,0.043856043
364105,0.084190674
364109,0.032354932
364122,0.13316426
364141,0.052176733
364146,0.15388854
364147,0.055608593
364151,0.06538378
364152,0.0051528993
364156,0.025281541
364160,0.07904726
364171,0.00485083
364183,0.00356635
364199,0.063808516
364206,0.019148946
364220,0.06957171
364222,0.022407597
364224,0.21418498
364232,0.024948094
364248,0.02877531
364251,0.0355283
364274,0.06056514
364286,0.036302958
364289,0.0076706246
364290,0.04212749
364291,0.036182072
364292,0.018762458
364308,0.026460012
364310,0.109993294
364311,0.08787363
364312,0.277462
364314,0.10505767
364337,0.04190423
364339,0.12059387
364357,0.4138679
364359,0.05189152
364371,0.028036665
364374,0.23213303
364378,0.1454646
364382,0.06687163
364397,0.06324998
364401,0.0342421
364403,0.012365217
364411,0.11681372
364413,0.0678707
364414,0.010979106
364415,0.02892648
364418,0.012262805
364428,0.033264562
364430,0.0074007725
364436,0.19368431
364451,0.0232682
364457,0.040434208
364461,0.061963882
364471,0.07769597
364472,0.06956182
364481,0.28115797
364482,0.020997744
364484,0.30341166
364492,0.06708172
364494,0.045785844
364507,0.041938763
364508,0.15353195
364537,0.05636455
364538,0.044764057
364539,0.3366119
364547,0.23251867
364561,0.12784134
364586,0.13506009
364603,0.020377632
364622,0.013916382
364660,0.016745001
364662,0.03122782
364669,0.16058175
364698,0.026271014
364699,0.029775133
364700,0.031792883
364702,0.1906437
364710,0.14626116
364714,0.03429274
364731,0.04065667
364738,0.0063463026
364739,0.031516943
364743,0.013323749
364762,0.091090076
364767,0.069503404
364775,0.010633832
364781,0.061611734
364783,0.012863506
364796,0.010456141
364810,0.025647318
364815,0.20911244
364823,0.028539922
364826,0.023868276
364837,0.022833373
364839,0.16020308
364844,0.051245786
364851,0.09925803
364853,0.0984109
364854,0.022590054
364858,0.026746528
364872,0.049814533
364875,0.056870285
364877,0.06327669
364878,0.015043025
364884,0.024999466
364907,0.103993386
364911,0.09162789
364916,0.12197481
364920,0.021454548
364927,0.026092904
364944,0.20020689
364948,0.298084
364950,0.06963089
364953,0.010945342
364955,0.029090082
364959,0.04582066
364966,0.042754922
364971,0.054967836
364979,0.07984519
364980,0.010666748
364982,0.13728122
364984,0.023219517
364993,0.012416498
365001,0.014146507
365030,0.019979315
365035,0.056633927
365044,0.01358397
365046,0.020526601
365050,0.036090527
365051,0.10948766
365054,0.10053712
365055,0.040747996
365064,0.07681892
365069,0.15292154
365092,0.018550575
365102,0.08081208
365109,0.018469974
365110,0.0685329
365117,0.01242832
365120,0.11148609
365128,0.12262115
365131,0.10279253
365136,0.036963727
365151,0.03434311
365153,0.112255216
365154,0.03304472
365160,0.033778112
365166,0.01625412
365171,0.017521473
365181,0.04724379
365194,0.09219277
365210,0.06972311
365221,0.06293982
365234,0.024783198
365252,0.050580982
365254,0.10383299
365264,0.06325637
365276,0.02204375
365282,0.0071471464
365284,0.07384006
365290,0.013732771
365317,0.02849323
365329,0.13472371
365353,0.03255722
365356,0.047520768
365358,0.042275526
365374,0.050177682
365392,0.03546384
365396,0.02191892
365408,0.032468807
365412,0.022512069
365429,0.020022485
365431,0.14633219
365435,0.07333607
365439,0.03656746
365473,0.06837982
365476,0.039494365
365486,0.052771162
365497,0.022520255
365518,0.09029208
365519,0.055158727
365520,0.2876443
365523,0.027982933
365531,0.05200635
365532,0.017567877
365534,0.024870137
365544,0.11782537
365552,0.054500375
365564,0.028663674
365569,0.01581943
365570,0.05277519
365575,0.25492737
365576,0.041889895
365585,0.05748043
365595,0.035549574
365612,0.028934734
365613,0.18156917
365624,0.027404277
365631,0.046247043
365634,0.035666265
365643,0.042054106
365644,0.08315626
365663,0.058454044
365666,0.046651006
365672,0.068223685
365676,0.09037279
365680,0.0144311115
365696,0.06499063
365699,0.11677695
365706,0.020040913
365707,0.034503434
365711,0.035106376
365716,0.021089537
365717,0.015585286
365718,0.011652402
365757,0.0326341
365770,0.09128991
365776,0.04417976
365781,0.15747182
365784,0.02208581
365787,0.023531066
365805,0.09594112
365820,0.007074375
365831,0.045594804
365836,0.090202466
365837,0.13252491
365859,0.5006664
365861,0.043452922
365863,0.05881999
365872,0.07534667
365877,0.0301996
365882,0.039294485
365893,0.10857199
365894,0.1667052
365900,0.08744466
365910,0.011492424
365913,0.03322958
365916,0.031769387
365923,0.10965076
365946,0.3355786
365948,0.108677305
365951,0.04325047
365965,0.0928274
365966,0.072371565
365975,0.030138385
365979,0.54758346
365989,0.093943186
365991,0.21546249
365992,0.030728085
366001,0.16609839
366010,0.1242525
366013,0.1590249
366028,0.023569394
366036,0.015080736
366038,0.01871048
366044,0.0155311385
366048,0.17770703
366060,0.01558099
366067,0.10199126
366071,0.14292425
366078,0.05393181
366081,0.014884882
366082,0.014920543
366093,0.1541699
366099,0.01120619
366103,0.017924294
366105,0.037672374
366111,0.08453682
366112,0.04416828
366125,0.025687754
366144,0.06739977
366147,0.040779795
366149,0.20069177
366166,0.017972967
366168,0.28615844
366173,0.040804125
366178,0.030595126
366180,0.20015045
366209,0.0067192456
366213,0.13588727
366214,0.113511264
366215,0.02366398
366220,0.019492486
366226,0.022133363
366230,0.20721024
366236,0.26528263
366245,0.021438196
366282,0.32465997
366286,0.07329049
366295,0.043735538
366296,0.026858574
366297,0.33407363
366300,0.03221815
366303,0.023890074
366307,0.12667154
366314,0.09805817
366320,0.019644069
366321,0.014524464
366327,0.0120682735
366330,0.03573375
366332,0.17780957
366334,0.013576849
366341,0.030336738
366363,0.029721782
366367,0.06027392
366369,0.11964481
366382,0.025648193
366394,0.18488808
366396,0.0070166807
366398,0.091944516
366406,0.10550349
366414,0.0092074685
366417,0.0538577
366419,0.047115453
366422,0.06891877
366436,0.008783869
366442,0.22385782
366451,0.19315818
366455,0.04668879
366458,0.06920192
366460,0.03557012
366466,0.056408085
366473,0.10032525
366502,0.03822586
366505,0.5001536
366526,0.17888947
366530,0.11463493
366532,0.004609051
366539,0.007581657
366541,0.06850182
366542,0.021720828
366553,0.015556407
366571,0.053378373
366582,0.008422662
366583,0.042145815
366589,0.24567056
366595,0.13219078
366606,0.023864092
366611,0.033356592
366613,0.23214374
366615,0.08263274
366616,0.11751927
366624,0.06588638
366632,0.012232803
366649,0.011309253
366650,0.08843269
366657,0.018074334
366664,0.07373492
366666,0.019318776
366674,0.069530204
366676,0.015373402
366677,0.015733853
366688,0.04450873
366689,0.106117986
366693,0.0350645
366696,0.071699664
366698,0.041453652
366700,0.0139605
366703,0.19814825
366709,0.04019811
366711,0.010859363
366725,0.050206847
366741,0.026370136
366742,0.013817718
366747,0.01876471
366750,0.025303515
366754,0.024540158
366762,0.020108761
366774,0.06663563
366781,0.02096019
366784,0.023247408
366789,0.013978774
366790,0.075281
366797,0.02094645
366806,0.0142783765
366820,0.028385509
366845,0.19456288
366858,0.08090008
366860,0.030684438
366874,0.020132188
366876,0.093398765
366879,0.012486012
366884,0.050980035
366886,0.02829091
366905,0.14769962
366908,0.105432205
366909,0.24862076
366917,0.033976723
366921,0.10179727
366927,0.02067587
366936,0.03733153
366952,0.04458747
366962,0.13340105
366964,0.142669
366965,0.028994603
366981,0.021167312
366988,0.033550438
366992,0.04427204
366998,0.11593657
366999,0.03426364
367017,0.012710269
367023,0.08928345
367024,0.042864647
367025,0.060250234
367037,0.05190249
367040,0.08907654
367043,0.05239517
367052,0.016888047
367056,0.024992054
367064,0.059056178
367075,0.044789754
367089,0.046826426
367098,0.055158082
367119,0.030661047
367124,0.057749122
367134,0.15832807
367136,0.056275815
367138,0.03328373
367153,0.069850735
367158,0.079394676
367169,0.042110287
367179,0.04481816
367180,0.034837347
367212,0.02092088
367216,0.33235967
367217,0.010684495
367220,0.006923294
367224,0.034296434
367241,0.0123657705
367245,0.085588194
367256,0.08015014
367266,0.013610256
367283,0.037926912
367290,0.08877546
367295,0.0355658
367310,0.017133119
367315,0.13815409
367322,0.09709152
367332,0.013452072
367338,0.123756275
367347,0.11596855
367381,0.15524636
367383,0.047650427
367386,0.05545811
367392,0.01642844
367399,0.12592039
367411,0.027893674
367414,0.017138755
367436,0.022797521
367439,0.033459805
367440,0.091317266
367465,0.3245807
367466,0.12572308
367478,0.15822744
367479,0.1436311
367481,0.03361751
367505,0.054335948
367515,0.035987277
367516,0.057732556
367526,0.059147306
367527,0.058779694
367533,0.13701473
367535,0.18424469
367545,0.09240742
367546,0.024227409
367547,0.05733741
367555,0.044654787
367557,0.05693095
367558,0.043084685
367573,0.0355005
367580,0.20043859
367581,0.006208814
367582,0.11432898
367588,0.04318563
367601,0.032684762
367617,0.039390992
367624,0.030450352
367626,0.037896886
367632,0.13628316
367651,0.010972972
367663,0.005605904
367674,0.01653465
367677,0.42925444
367678,0.030620757
367691,0.020621132
367698,0.008323501
367710,0.037601266
367712,0.08750517
367727,0.19053939
367739,0.040847022
367740,0.039387852
367746,0.034715597
367759,0.025276138
367770,0.2249508
367780,0.031699628
367783,0.1219197
367787,0.027467359
367791,0.15440004
367797,0.052552033
367799,0.0321941
367811,0.0052747973
367817,0.018632306
367827,0.055510517
367829,0.06350018
367830,0.14257886
367837,0.21391074
367843,0.015880251
367847,0.021479338
367849,0.08810758
367854,0.016652003
367855,0.049717594
367862,0.02845518
367863,0.10086574
367868,0.058734704
367873,0.20392208
367879,0.076344416
367889,0.10947898
367890,0.33534217
367892,0.0062206527
367893,0.014034354
367895,0.03387862
367896,0.015499282
367898,0.009140098
367903,0.01406899
367906,0.06971972
367919,0.012487988
367927,0.025068425
367931,0.13455762
367935,0.030256215
367945,0.01550423
367947,0.3381631
367952,0.07428511
367958,0.052442487
367971,0.013891402
367975,0.2603697
367983,0.18615979
367994,0.046778582
367998,0.054563805
367999,0.0045662397
368005,0.033067517
368029,0.032301787
368034,0.022576634
368036,0.050604645
368041,0.008553429
368064,0.007933764
368066,0.009345259
368079,0.053487036
368082,0.009133945
368090,0.07396162
368092,0.02421308
368097,0.015133614
368107,0.17755686
368127,0.119167194
368129,0.084360085
368134,0.13205743
368150,0.08523344
368166,0.14201479
368172,0.008212618
368179,0.011082994
368185,0.03544359
368193,0.028479256
368207,0.10822777
368251,0.05037805
368253,0.045854285
368256,0.24665122
368257,0.027715303
368263,0.013904243
368271,0.14099145
368273,0.015427109
368279,0.021937376
368281,0.33828574
368282,0.0984157
368288,0.1781313
368303,0.019165805
368315,0.087119386
368323,0.012956688
368324,0.008265967
368326,0.02621644
368334,0.035338137
368337,0.02401568
368351,0.087586164
368353,0.36137357
368358,0.22098793
368389,0.01874259
368392,0.25124186
368393,0.05010419
368415,0.10532776
368424,0.068251714
368436,0.012951568
368448,0.024733247
368456,0.016779156
368457,0.008340266
368465,0.091277845
368484,0.1284737
368485,0.1557261
368487,0.06257082
368489,0.035364073
368493,0.027210116
368509,0.059802413
368513,0.16203703
368523,0.10273671
368530,0.01717274
368539,0.089128844
368543,0.10733561
368544,0.017655434
368557,0.100830324
368561,0.017749961
368577,0.05319469
368579,0.010698944
368580,0.06758387
368583,0.02149561
368589,0.0076616975
368594,0.027357666
368598,0.014878627
368621,0.07301381
368622,0.21654677
368627,0.0065751104
368628,0.03926084
368633,0.18106161
368638,0.10710377
368645,0.09884511
368646,0.170033
368652,0.020424131
368659,0.060509637
368672,0.27137735
368679,0.049748242
368683,0.19926156
368697,0.018970598
368702,0.2752001
368707,0.03747026
368715,0.16015032
368740,0.012933037
368754,0.024091922
368765,0.0638297
368770,0.047880653
368777,0.14777276
368780,0.18322524
368782,0.21220882
368784,0.1385947
368790,0.14442936
368792,0.008494436
368793,0.062426876
368811,0.015689218
368816,0.113648385
368819,0.11965896
368843,0.01409868
368853,0.013448199
368857,0.046971098
368858,0.09744618
368887,0.06714864
368898,0.03983781
368909,0.06892956
368919,0.0052002575
368930,0.1163059
368944,0.07764605
368949,0.08154389
368953,0.05331768
368956,0.024097241
368959,0.07307522
368968,0.017529214
368971,0.05718176
368974,0.034714844
368975,0.044711176
368983,0.010612602
368991,0.07500573
368994,0.021586118
369001,0.19493979
369004,0.042055722
369016,0.010738611
369030,0.014109905
369047,0.039774664
369055,0.12938645
369067,0.025372414
369068,0.19118649
369096,0.092642516
369103,0.07690119
369105,0.14778364
369107,0.2372076
369109,0.058961857
369130,0.012687926
369133,0.013979103
369144,0.01650056
369150,0.015000601
369152,0.05152304
369156,0.013890774
369180,0.038204864
369183,0.045677055
369184,0.44988152
369186,0.062266465
369187,0.031684045
369200,0.009356531
369201,0.024765288
369220,0.08022907
369223,0.010286321
369233,0.011748426
369240,0.113965765
369254,0.02706533
369264,0.18997806
369266,0.07327343
369272,0.09204498
369283,0.026737118
369295,0.080876924
369300,0.009640702
369302,0.0070098173
369305,0.043058526
369322,0.019864878
369334,0.1116574
369350,0.015290474
369355,0.05902929
369361,0.06704837
369367,0.012300317
369371,0.028466212
369373,0.15747589
369375,0.11221072
369385,0.01542873
369394,0.082196854
369398,0.02737677
369408,0.0440391
369413,0.09207981
369419,0.08124621
369424,0.042128358
369439,0.044471737
369466,0.09404363
369482,0.026468618
369494,0.045284573
369504,0.0141341435
369512,0.18850559
369528,0.06898281
369531,0.031117223
369540,0.031083861
369547,0.011749001
369565,0.019021258
369569,0.027109286
369581,0.10536468
369583,0.081465535
369593,0.06146904
369601,0.048074804
369608,0.011984766
369612,0.111898646
369615,0.104624175
369621,0.12697858
369636,0.019858487
369648,0.070965275
369649,0.41814148
369651,0.013586278
369659,0.020105518
369666,0.019962713
369684,0.029168947
369686,0.31699967
369698,0.20242663
369701,0.021514524
369712,0.013559438
369717,0.009801387
369722,0.020273155
369732,0.24776478
369740,0.3410203
369751,0.032519843
369755,0.010447516
369757,0.04004188
369761,0.11993619
369767,0.100052126
369782,0.050209075
369788,0.053795993
369790,0.04508412
369791,0.0136453165
369792,0.036123004
369803,0.023916243
369812,0.016678665
369813,0.07552135
369827,0.058601875
369835,0.059160188
369838,0.02015022
369839,0.04249959
369843,0.03944168
369846,0.036118813
369860,0.016150108
369870,0.09479368
369871,0.50787723
369872,0.048918363
369884,0.12880892
369893,0.049073104
369901,0.04885812
369904,0.05747664
369908,0.25979644
369910,0.012014447
369911,0.12533113
369919,0.037173104
369920,0.04689162
369921,0.019618217
369931,0.24555421
369935,0.012791104
369936,0.048743114
369948,0.05193419
369953,0.022184264
369955,0.083494596
369961,0.046401337
369964,0.029139025
369967,0.09736159
369971,0.13306868
369983,0.03729503
369993,0.039746657
369995,0.14002097
370012,0.043309834
370022,0.03072352
370023,0.0584779
370027,0.062499136
370030,0.055279166
370033,0.086269714
370037,0.10499952
370051,0.007089688
370055,0.03134627
370077,0.017144
370088,0.009697265
370091,0.0154347
370114,0.029516708
370117,0.10679485
370120,0.27162707
370122,0.032867763
370128,0.15556593
370135,0.047529403
370144,0.043507893
370146,0.049476787
370148,0.03830904
370150,0.022044165
370155,0.031615935
370164,0.018127276
370179,0.02847665
370188,0.073072396
370190,0.01325426
370199,0.022135954
370203,0.107305035
370213,0.030848833
370216,0.020788157
370219,0.0075935847
370220,0.16256747
370224,0.026859283
370230,0.018288558
370254,0.05078801
370255,0.015975162
370265,0.18557912
370273,0.014665957
370288,0.072516866
370295,0.101219945
370297,0.028583469
370319,0.08158811
370323,0.0102555305
370329,0.04169851
370330,0.01770349
370333,0.12312537
370346,0.110742725
370354,0.14646098
370355,0.009612961
370358,0.14965516
370362,0.01193061
370373,0.030551556
370376,0.017075479
370379,0.00630225
370380,0.0052225455
370386,0.016474426
370392,0.009198438
370411,0.010268297
370416,0.00782328
370432,0.022877706
370439,0.053288
370440,0.013314181
370445,0.038223248
370446,0.009336646
370455,0.05430212
370473,0.027982693
370474,0.030500928
370475,0.023842158
370482,0.5052109
370489,0.03387663
370512,0.02307542
370518,0.13000952
370522,0.07554231
370533,0.017722871
370538,0.073190756
370551,0.009298585
370552,0.13176018
370556,0.046466228
370566,0.017336572
370568,0.08510014
370573,0.052637305
370575,0.06273356
370578,0.019688098
370582,0.042630404
370596,0.0058480226
370597,0.02200587
370599,0.048418444
370602,0.044543855
370609,0.02563039
370632,0.028827202
370634,0.26557854
370646,0.04624253
370666,0.21756172
370670,0.008807782
370672,0.009413639
370675,0.02308455
370676,0.13062036
370682,0.035656173
370685,0.03608551
370697,0.01189452
370699,0.02683628
370701,0.024161944
370711,0.23052725
370719,0.17789258
370728,0.040691484
370731,0.22621581
370735,0.026527705
370749,0.12585223
370753,0.03427199
370757,0.080204405
370763,0.1158359
370770,0.14442994
370779,0.060762
370794,0.014350056
370805,0.024886858
370806,0.03553629
370808,0.037806123
370814,0.02847088
370827,0.11888188
370833,0.119661376
370844,0.124154106
370845,0.029597213
370850,0.109879866
370853,0.028500466
370856,0.014749124
370858,0.04101582
370862,0.06789955
370866,0.1589566
370874,0.14853871
370876,0.010752616
370878,0.17761742
370881,0.01943072
370882,0.1150771
370884,0.06813041
370887,0.035615295
370904,0.14145234
370905,0.018513568
370913,0.07898917
370915,0.0663252
370921,0.21916781
370922,0.034670264
370932,0.09790732
370939,0.08744562
370953,0.013835092
370964,0.0310629
370968,0.018304724
370969,0.031122241
370972,0.03541749
370978,0.022606004
371000,0.10884526
371001,0.291282
371013,0.023714857
371053,0.038872298
371059,0.08323458
371060,0.039707128
371065,0.060448676
371069,0.0506558
371073,0.10705236
371084,0.3765674
371085,0.058330636
371088,0.06359439
371099,0.023744581
371115,0.0036490543
371118,0.28967008
371127,0.13074474
371132,0.1317698
371136,0.048119787
371139,0.09416806
371152,0.100167274
371161,0.035927
371162,0.058486614
371174,0.040805403
371176,0.06540233
371182,0.023837848
371185,0.034924302
371193,0.06847929
371197,0.04241205
371198,0.014709487
371202,0.04163962
371207,0.106098585
371211,0.1559737
371242,0.036715858
371243,0.08098271
371244,0.042386677
371255,0.12230037
371258,0.022958431
371259,0.13167848
371265,0.010107572
371274,0.09765091
371275,0.12550627
371288,0.03476066
371291,0.18683137
371295,0.22518171
371314,0.05931974
371322,0.085601486
371323,0.0879286
371328,0.09099669
371332,0.04945372
371333,0.2533397
371335,0.0112546915
371342,0.025608595
371350,0.04081426
371357,0.09747299
371365,0.011096334
371383,0.25677747
371384,0.104821905
371385,0.057317264
371393,0.19810608
371394,0.07836733
371397,0.033220742
371417,0.04144343
371431,0.0232153
371433,0.08273613
371437,0.0068839337
371439,0.24831773
371445,0.038163383
371452,0.17332257
371457,0.050135147
371469,0.025305232
371470,0.062386554
371477,0.038743228
371500,0.03145515
371504,0.058009923
371508,0.07709782
371514,0.021200268
371518,0.100555725
371520,0.025130048
371521,0.06848392
371522,0.024254132
371525,0.013309033
371530,0.039703794
371532,0.014089786
371548,0.10649075
371561,0.019471696
371566,0.22503364
371568,0.027868688
371571,0.056627147
371573,0.032616396
371577,0.09699807
371587,0.26608124
371592,0.17082915
371593,0.34748358
371595,0.09962855
371603,0.02278156
371614,0.021475801
371616,0.011602578
371619,0.074706204
371627,0.2786916
371641,0.08996481
371657,0.035012007
371664,0.022754526
371693,0.06888428
371698,0.022672934
371700,0.028312048
371707,0.021422401
371710,0.040149342
371715,0.043397244
371722,0.024986152
371731,0.034906216
371741,0.04678369
371744,0.08626926
371753,0.021985138
371755,0.016259344
371760,0.034206394
371773,0.04209708
371797,0.030078107
371807,0.10110802
371809,0.011812197
371811,0.010424765
371815,0.10201761
371822,0.08079964
371824,0.14431395
371828,0.039366182
371835,0.006606565
371837,0.0131066395
371840,0.12435918
371849,0.016080286
371857,0.0059687872
371860,0.21739168
371862,0.013059072
371875,0.054538734
371896,0.14716351
371898,0.074370086
371901,0.24053554
371903,0.047293942
371908,0.015861386
371910,0.036213018
371944,0.04581239
371947,0.017756332
371955,0.11204216
371963,0.08454763
371972,0.032860436
371973,0.041585412
371978,0.05274203
371980,0.015143062
371988,0.019449245
372020,0.08424862
372043,0.17537276
372060,0.08676514
372070,0.026153008
372082,0.016823946
372085,0.09254934
372090,0.07606298
372091,0.22514994
372112,0.027808268
372115,0.08968466
372132,0.046278354
372134,0.31250474
372136,0.020281345
372142,0.027735967
372145,0.11330393
372146,0.057278957
372159,0.016007006
372172,0.017961431
372179,0.11490648
372183,0.021658763
372184,0.012453429
372192,0.012983982
372234,0.020404901
372239,0.10182707
372244,0.009083225
372268,0.0537465
372287,0.049241498
372289,0.10363907
372292,0.012012132
372301,0.06883254
372315,0.06062989
372316,0.3392398
372328,0.11811518
372337,0.017670972
372347,0.2579326
372350,0.20703141
372381,0.054923728
372382,0.09300375
372384,0.03356079
372393,0.04723722
372398,0.042253617
372399,0.058535557
372400,0.032406647
372402,0.021757968
372410,0.034683287
372415,0.04491138
372425,0.015773557
372428,0.03564397
372430,0.022468345
372431,0.015569279
372449,0.0414456
372452,0.045579236
372453,0.028225768
372460,0.13185406
372463,0.26193458
372471,0.082470156
372484,0.06267514
372486,0.07185236
372489,0.12729433
372506,0.20537122
372513,0.013184916
372527,0.26645005
372568,0.15157889
372596,0.016715892
372606,0.013378
372617,0.026400946
372618,0.038028274
372622,0.04209786
372624,0.07182567
372633,0.10248667
372637,0.024707166
372643,0.048525132
372644,0.011983746
372656,0.12141336
372662,0.024609905
372664,0.042510487
372666,0.019491402
372672,0.052218676
372674,0.03542715
372693,0.048114445
372704,0.02364634
372719,0.06527846
372727,0.026904
372740,0.0728497
372745,0.021707436
372753,0.044319812
372762,0.0119033735
372764,0.0879699
372771,0.11575603
372772,0.13082086
372789,0.10316144
372793,0.065748036
372799,0.02141714
372806,0.19475551
372809,0.042813446
372829,0.100760266
372848,0.011337332
372850,0.037153635
372853,0.15195797
372854,0.044625644
372858,0.053636927
372861,0.01948583
372863,0.12531728
372876,0.05393698
372878,0.0378153
372893,0.18870556
372894,0.027277235
372911,0.047946915
372912,0.04446396
372924,0.1890449
372942,0.13487281
372946,0.44619876
372955,0.02594602
372956,0.068670444
372957,0.14446306
372984,0.036810543
372993,0.06405537
372995,0.3679372
372997,0.025864344
373014,0.04905365
373018,0.17579523
373022,0.074634194
373023,0.015496357
373029,0.023076318
373063,0.020227542
373071,0.09983485
373075,0.08435351
373088,0.052218806
373089,0.019368837
373098,0.09313831
373101,0.089841925
373112,0.03009319
373114,0.036190853
373118,0.1410173
373120,0.14170973
373121,0.029210096
373122,0.016740166
373138,0.16870087
373145,0.032660484
373153,0.023197485
373154,0.08830386
373155,0.028286282
373159,0.112748094
373167,0.048378937
373190,0.032181118
373195,0.119704366
373202,0.050908707
373205,0.07319865
373209,0.06267605
373215,0.05213337
373222,0.079844914
373239,0.019619951
373240,0.07390637
373247,0.086381204
373251,0.030630553
373260,0.01719632
373284,0.02232882
373286,0.011998043
373292,0.08005642
373297,0.021325324
373299,0.4681878
373305,0.13062662
373307,0.035717968
373323,0.009522513
373327,0.048632316
373328,0.028843861
373363,0.042364355
373390,0.044713724
373396,0.009643885
373407,0.047958277
373413,0.09365959
373437,0.1130102
373445,0.019212535
373448,0.02351734
373458,0.056760397
373464,0.043402895
373472,0.38490164
373474,0.025588138
373475,0.0398254
373480,0.0197976
373484,0.12952213
373491,0.22112703
373493,0.34576693
373504,0.023090938
373537,0.062079243
373542,0.16594552
373545,0.035892855
373554,0.06333569
373559,0.46201506
373560,0.017132796
373562,0.039250974
373565,0.09806724
373573,0.08006894
373577,0.04400961
373591,0.12596273
373592,0.07711609
373596,0.013416896
373598,0.10855304
373600,0.03372144
373605,0.012459641
373607,0.0118266605
373616,0.06342403
373618,0.026282812
373624,0.006064017
373630,0.043964125
373631,0.12768501
373634,0.035106648
373646,0.06439171
373651,0.07956998
373669,0.20362493
373682,0.038584627
373716,0.10186301
373751,0.2174112
373756,0.27291644
373757,0.0084582465
373767,0.04035526
373778,0.023675717
373780,0.007199535
373781,0.12477507
373796,0.087288596
373801,0.02186501
373805,0.08946369
373811,0.032869842
373815,0.024803644
373820,0.088081576
373833,0.006596549
373839,0.058876812
373841,0.018270705
373871,0.0632598
373875,0.18768412
373893,0.015955333
373894,0.20100224
373898,0.061341412
373899,0.16240205
373908,0.30816665
373909,0.02077631
373911,0.021996973
373918,0.014913696
373927,0.0139373485
373938,0.087717056
373943,0.11022434
373946,0.039015006
373948,0.036190122
373953,0.15830816
373956,0.09909282
373984,0.01817449
373985,0.07045349
373986,0.14072306
374002,0.037278213
374014,0.014058959
374015,0.0694323
374024,0.013502232
374029,0.11998903
374034,0.010888714
374039,0.0124874525
374042,0.11279832
374048,0.07941876
374051,0.0401402
374054,0.025456643
374055,0.035328012
374061,0.02774814
374075,0.05947729
374087,0.013340598
374101,0.09865302
374103,0.05004021
374114,0.12695652
374116,0.19369666
374119,0.049152203
374121,0.09141543
374133,0.059798144
374134,0.010182501
374140,0.012682791
374141,0.25620604
374145,0.1356048
374155,0.01656109
374163,0.055785853
374169,0.18350632
374173,0.035914566
374188,0.090877816
374199,0.012342591
374200,0.051504023
374207,0.054319926
374225,0.06964169
374226,0.013271283
374227,0.039153207
374249,0.116900034
374254,0.11824746
374284,0.015873956
374293,0.11273167
374296,0.11454354
374297,0.029350761
374298,0.027338933
374307,0.051608276
374320,0.050432917
374322,0.052867133
374324,0.010252486
374328,0.117790505
374334,0.020379212
374341,0.02180184
374343,0.10591886
374346,0.00890225
374359,0.13663904
374374,0.13228251
374381,0.121213466
374400,0.016669909
374405,0.0341876
374409,0.06425691
374420,0.12873803
374442,0.07893804
374443,0.07320874
374445,0.09212207
374447,0.08176238
374452,0.079734765
374458,0.022850696
374485,0.014899874
374487,0.028105369
374496,0.01857304
374503,0.054458242
374518,0.03454583
374519,0.017422253
374532,0.03566755
374534,0.02211777
374536,0.014622532
374546,0.008184928
374559,0.011540637
374568,0.08645609
374573,0.057391442
374582,0.004957783
374585,0.015082959
374598,0.005681781
374606,0.06961296
374612,0.023483915
374617,0.012949403
374619,0.020733928
374626,0.058569435
374646,0.029147139
374653,0.04297858
374656,0.07435935
374664,0.025002448
374666,0.046446793
374677,0.17953481
374679,0.09465026
374682,0.11072441
374700,0.07334181
374703,0.0974183
374705,0.05508546
374720,0.06718572
374724,0.14371745
374731,0.026587099
374732,0.028274298
374734,0.11274055
374759,0.023829028
374770,0.035385095
374774,0.050275277
374777,0.21477129
374788,0.03131907
374796,0.15804541
374799,0.04392629
374813,0.10340721
374819,0.008505945
374826,0.22403969
374827,0.033261303
374832,0.06817964
374837,0.013513275
374844,0.27289823
374848,0.24347138
374853,0.10160463
374854,0.015113039
374856,0.009828116
374864,0.16636014
374868,0.011759193
374888,0.046369486
374891,0.051949967
374892,0.025831668
374896,0.031676028
374909,0.111008786
374911,0.029971378
374912,0.045872983
374913,0.124195114
374916,0.028498584
374917,0.0140657555
374923,0.098835066
374933,0.1817886
374935,0.0376662
374940,0.01949931
374941,0.04858126
374943,0.016472023
374951,0.13202949
374967,0.12501211
374970,0.098292656
374990,0.13173041
374993,0.15181953
374994,0.09080882
375015,0.016761465
375017,0.14311573
375018,0.029376466
375021,0.032913692
375023,0.04553804
375030,0.2553403
375038,0.016803283
375040,0.05179343
375041,0.12912332
375052,0.010038916
375061,0.14922412
375064,0.028492492
375076,0.045315642
375086,0.32750723
375109,0.0908245
375118,0.10310772
375133,0.020907614
375140,0.12182488
375156,0.086961456
375168,0.059572116
375170,0.05553124
375182,0.030679457
375187,0.14267434
375188,0.042356484
375197,0.03765524
375201,0.015612296
375204,0.07888215
375216,0.122860685
375225,0.0068221837
375231,0.0048705065
375234,0.0072838035
375241,0.066588156
375242,0.12408916
375244,0.03032214
375246,0.036621794
375257,0.087326765
375290,0.01576552
375292,0.014500296
375293,0.07280539
375295,0.019115292
375296,0.021303969
375300,0.05654054
375322,0.046486694
375332,0.057995446
375338,0.07066806
375342,0.016119994
375365,0.019520864
375367,0.07654799
375384,0.08444969
375418,0.016371742
375464,0.17719968
375477,0.0720088
375485,0.07373832
375496,0.0145852715
375534,0.035371505
375544,0.030990927
375556,0.18391685
375588,0.043145414
375589,0.011447754
375594,0.123984195
375629,0.04571884
375649,0.07882384
375654,0.11617031
375696,0.052094355
375758,0.02045978
375795,0.35328874
375843,0.00659059
375844,0.021070255
375853,0.075774014
375878,0.017175712
375879,0.073430344
375883,0.024614662
375887,0.13738644
375929,0.062219623
375934,0.06467646
375936,0.093453035
375937,0.034234393
375948,0.12005343
375951,0.02398771
375953,0.042353228
375964,0.051912066
375969,0.009556745
375970,0.02890222
375973,0.24897088
375976,0.11794695
375997,0.043189928
376000,0.015089068
376011,0.053417664
376019,0.017414305
376035,0.057791714
376036,0.10093763
376041,0.07894202
376042,0.117189914
376045,0.022809187
376047,0.09689404
376060,0.011935198
376061,0.035735235
376067,0.05898108
376068,0.14581853
376070,0.06510219
376074,0.014154376
376075,0.03194421
376076,0.07184607
376078,0.043811217
376080,0.04390688
376081,0.026191812
376082,0.014229555
376083,0.16884136
376084,0.040386546
376086,0.031018734
376087,0.009393402
376088,0.041308478
376089,0.038761165
376090,0.057885285
376091,0.118631914
376092,0.04440861
376093,0.07909014
376094,0.10889499
376095,0.28537136
376096,0.1321868
376097,0.05049931
376098,0.1260653
376206,0.011494824
376209,0.07394786
376225,0.019986708
376239,0.016469952
376247,0.10618187
376248,0.051462337
376252,0.05260195
376257,0.1065077
376273,0.005466586
376274,0.06291532
376275,0.008549414
376279,0.11735599
376283,0.03747983
376284,0.03131059
376288,0.022899339
376289,0.049134877
376292,0.03723754
376298,0.20014013
376301,0.027663369
376311,0.06726609
376312,0.062942706
376313,0.09125248
376316,0.021304874
376317,0.04672053
376319,0.042373598
376320,0.08335797
376321,0.142603
376322,0.040961068
376325,0.11186258
376326,0.12702368
376328,0.019637866
376329,0.083932355
376330,0.033257395
376332,0.021722626
376334,0.088906966
376335,0.071530685
376336,0.23900124
376337,0.12065287
376338,0.26693526
376339,0.02973679
376340,0.07984213
376341,0.19597933
376343,0.11734303
376344,0.03072671
376345,0.014104035
376346,0.11618159
376347,0.2723938
376348,0.0979273
376349,0.16845378
376350,0.069832504
376351,0.010383732
376352,0.008625984
376353,0.019233705
376354,0.014892009
376355,0.01570898
376356,0.030633345
376357,0.016803576
376360,0.051242877
376445,0.09743526
376447,0.032148022
376449,0.040577043
376470,0.01387833
376483,0.04119513
376484,0.02650831
376486,0.04775401
376487,0.025148453
376488,0.075312704
376491,0.09095852
376492,0.027347954
376494,0.10456507
376495,0.14158845
376496,0.061020255
376497,0.1690077
376498,0.008706049
376502,0.026539104
376503,0.13450131
376504,0.049539637
376506,0.033675242
376509,0.072117485
376515,0.07726617
376517,0.031852193
376518,0.15432297
376519,0.27080595
376520,0.044300985
376521,0.061180983
376522,0.018337319
376523,0.017164687
376524,0.055374574
376527,0.106381364
376530,0.03958869
376531,0.071688704
376532,0.11150442
376533,0.093831174
376534,0.07074915
376535,0.07143974
376537,0.103968635
376538,0.05619927
376539,0.071115315
376546,0.098845124
376594,0.10365741
376595,0.037226632
376614,0.022718742
376616,0.013752154
376617,0.015141106
376618,0.13720132
376619,0.109314404
376620,0.017167808
376627,0.11007837
376630,0.015257918
376631,0.05759175
376632,0.011817263
376633,0.043592587
376635,0.10761118
376636,0.093375154
376637,0.017808558
376639,0.33895868
376640,0.03618681
376642,0.02978256
376643,0.04564873
376644,0.0342502
376645,0.024747605
376646,0.17859942
376648,0.12654652
376650,0.008651214
376651,0.025884856
376652,0.09773516
376732,0.016487155
376733,0.07469841
376734,0.08689222
376756,0.060149025
376804,0.009704772
376856,0.1576147
376869,0.048932657
376893,0.037975773
377045,0.06477131
377088,0.04313275
377137,0.09330475
377138,0.012798716
377159,0.051789075
377176,0.07014813
377201,0.024461213
377226,0.12502848
377335,0.03395242
377358,0.08008866
377362,0.025969066
377363,0.009569653
377389,0.26120636
377426,0.18870172
377427,0.02608498
377429,0.016732987
377441,0.03827059
377449,0.04722113
377450,0.19449729
377458,0.060845483
377472,0.24350096
377541,0.42167947
377567,0.027167885
377573,0.00951061
377605,0.055488143
377611,0.1134486
377622,0.03702121
377631,0.04189067
377657,0.013464912
377681,0.044447046
377711,0.020794025
377717,0.11779762
377720,0.15012793
377721,0.14016435
377723,0.057152137
377727,0.037436515
377729,0.04459512
377733,0.030115131
377735,0.012412347
377736,0.019102626
377737,0.05855976
377738,0.025607472
377750,0.16194698
377751,0.05838085
377753,0.048613925
377754,0.055186044
377755,0.12798205
377756,0.052535027
377757,0.09953161
377758,0.020313684
377759,0.020953868
377760,0.015804457
377761,0.14664869
377762,0.039834507
377763,0.0075669074
377764,0.0539579
377765,0.19563036
377766,0.15930451
377767,0.0083937505
377768,0.02134266
377771,0.033465844
377772,0.010553621
377773,0.15028107
377774,0.046133135
377775,0.15549058
377776,0.036034893
377778,0.035655826
377779,0.02731088
377780,0.014445877
377781,0.018424762
377782,0.012194788
377783,0.017986724
377784,0.051938698
377785,0.03399378
377786,0.052307174
377862,0.08710177
377871,0.04435692
377930,0.02202936
377970,0.022072952
377987,0.02044047
377988,0.051254805
377990,0.029875275
377992,0.065538265
377995,0.040506236
378005,0.019916875
378006,0.01503022
378011,0.068977274
378018,0.021767972
378019,0.03265683
378023,0.04213885
378025,0.019406369
378026,0.06915125
378027,0.012608655
378031,0.039943587
378033,0.01891286
378034,0.020144604
378035,0.011685429
378040,0.08054177
378041,0.062037326
378042,0.03581469
378043,0.13619259
378044,0.043295957
378045,0.106644
378046,0.03840541
378047,0.03235634
378048,0.020469038
378049,0.026522366
378051,0.0784163
378052,0.016048012
378053,0.042487815
378054,0.13260747
378055,0.024252038
378056,0.047679804
378057,0.033912893
378059,0.15185313
378060,0.023655457
378061,0.4057027
378062,0.096801236
378063,0.04089238
378065,0.07757692
378066,0.09825941
378067,0.0709907
378068,0.0066040116
378069,0.024724483
378070,0.068163104
378096,0.028852569
378098,0.09158333
378104,0.13631642
378105,0.112121455
378106,0.02469123
378107,0.033471927
378108,0.03709917
378109,0.039024018
378110,0.04607906
378111,0.20345215
378112,0.023271099
378113,0.05868747
378114,0.0474585
378115,0.056798805
378116,0.08185474
378117,0.05617124
378119,0.019739836
378120,0.059588
378121,0.065168075
378122,0.024200859
378123,0.060437076
378124,0.0132027585
378136,0.048586834
378181,0.0368841
378184,0.122113764
378190,0.07463046
378263,0.024206547
378300,0.020321334
378304,0.48874107
378305,0.09695822
378311,0.054037474
378313,0.041204777
378314,0.06069596
378317,0.086652845
378320,0.07320351
378322,0.037894677
378325,0.07744588
378327,0.16095293
378328,0.12124019
378329,0.020072693
378330,0.017939081
378331,0.063784465
378334,0.016201686
378335,0.021011205
378336,0.007302526
378339,0.016329845
378340,0.041325323
378341,0.047562726
378342,0.11396183
378343,0.017259495
378344,0.073341325
378345,0.16859527
378346,0.007513017
378347,0.17502303
378348,0.04419724
378349,0.45002422
378350,0.089699864
378351,0.071034044
378352,0.028537124
378353,0.019241156
378354,0.06585477
378355,0.093787245
378356,0.12200611
378427,0.054450016
378434,0.12963766
378564,0.009655295
378671,0.13936305
378689,0.0113288425
378710,0.36195883
378755,0.048478544
378887,0.011308245
378907,0.06795091
378924,0.015454575
378944,0.07221143
378945,0.07824459
378991,0.015656387
379009,0.06538815
379025,0.05017291
379046,0.04025882
379047,0.08646767
379048,0.086934276
379052,0.06252466
379065,0.031247474
379066,0.100791164
379076,0.02281317
379080,0.10976242
379085,0.194764
379086,0.07293736
379087,0.17484857
379089,0.018956888
379094,0.025070848
379095,0.14669655
379101,0.035448216
379102,0.07176045
379103,0.042233266
379105,0.1358166
379108,0.030658847
379111,0.059692547
379112,0.14884415
379113,0.3869709
379114,0.04549012
379115,0.035865333
379116,0.06341134
379117,0.045879308
379118,0.03653954
379119,0.48561823
379120,0.11583222
379121,0.009296969
379123,0.094567485
379124,0.018346673
379126,0.060046736
379127,0.013386191
379128,0.03221487
379129,0.053828504
379131,0.14555766
379132,0.17257397
379133,0.1528628
379134,0.14390709
379178,0.007149755
379266,0.00909269
379268,0.09354354
379291,0.025089163
379296,0.015084688
379301,0.03288489
379313,0.028105317
379318,0.15150808
379319,0.09848856
379329,0.04798698
379336,0.13986234
379348,0.068565
379356,0.030845042
379357,0.08889314
379363,0.4113337
379385,0.2796095
379408,0.00912012
379432,0.051131796
379437,0.03547948
379440,0.026564356
379456,0.03053581
379457,0.034081772
379463,0.06720401
379464,0.053384565
379467,0.11663988
379469,0.07153642
379470,0.013107065
379472,0.16095051
379473,0.026223732
379474,0.030911257
379475,0.05798801
379476,0.12044984
379481,0.17849255
379482,0.064565144
379483,0.067343816
379484,0.02785782
379485,0.6420425
379486,0.03608912
379487,0.022119492
379488,0.016588533
379490,0.06256702
379491,0.03218671
379492,0.063912235
379494,0.014730351
379495,0.049221724
379496,0.036100596
379497,0.03606003
379500,0.08340838
379501,0.06705335
379502,0.061332915
379503,0.03249231
379504,0.013994702
379505,0.080977544
379506,0.021836592
379507,0.012576609
379508,0.05961471
379509,0.15321147
379510,0.034081873
379512,0.0176952
379513,0.03808069
379514,0.43221208
379515,0.0340267
379516,0.043497894
379517,0.13152368
379518,0.05712831
379520,0.1515162
379627,0.049842402
379673,0.18931171
379674,0.008210912
379720,0.078637384
379726,0.04589789
379730,0.012794428
379746,0.035395768
379775,0.027685873
379776,0.009019836
379778,0.48316926
379841,0.020268988
379921,0.019430134
379951,0.04177436
380002,0.21990849
380003,0.17739023
380005,0.052118566
380006,0.16206868
380010,0.04277128
380012,0.09702991
380014,0.2304973
380015,0.23447165
380017,0.044969555
380018,0.10234408
380019,0.008095859
380020,0.018596625
380022,0.02250352
380023,0.1375455
380025,0.05548382
380026,0.06190076
380028,0.051956438
380030,0.09951528
380031,0.037672736
380032,0.013552647
380033,0.011461858
380034,0.08263217
380035,0.008901026
380037,0.02572792
380038,0.09640203
380039,0.22441074
380040,0.26583576
380064,0.043541938
380065,0.059130777
380121,0.025725255
380122,0.03312019
380130,0.03486089
380219,0.031011494
380228,0.06374006
380229,0.018444357
380366,0.008908297
380408,0.017882975
380414,0.028101433
380487,0.042542584
380488,0.03379894
380489,0.022418862
380494,0.03380691
380543,0.017285412
380553,0.033848573
380600,0.014915048
380625,0.053634617
380635,0.04344348
380643,0.04590622
380762,0.05349909
380773,0.07815007
380781,0.13334946
380785,0.07609013
380787,0.02821505
380788,0.07292311
380789,0.09679459
380797,0.031152068
380800,0.036703862
380802,0.10399977
380805,0.07158709
380806,0.07351201
380807,0.40592933
380811,0.02766079
380812,0.017808752
380815,0.01637037
380816,0.029971182
380817,0.05322555
380819,0.09079078
380823,0.008381182
380824,0.11901433
380825,0.092052564
380826,0.07913335
380827,0.2319532
380828,0.042246036
380830,0.062351566
380831,0.100344986
380832,0.07985554
380833,0.008727801
380834,0.017627131
380836,0.18536189
380837,0.030207993
380838,0.0768985
380839,0.010756975
380840,0.045077622
380841,0.04045994
380879,0.023943217
380901,0.017163625
380928,0.025178228
380956,0.020654812
380979,0.065603234
381037,0.0115062175
381047,0.10844613
381074,0.044408675
381104,0.018091008
381121,0.21471421
381130,0.07755311
381133,0.015992323
381139,0.014075038
381141,0.1204542
381142,0.009773764
381145,0.009842925
381152,0.019237332
381153,0.09389072
381154,0.09905826
381156,0.010415925
381160,0.040463466
381164,0.45339298
381168,0.033120967
381171,0.05599656
381173,0.07875464
381174,0.06675139
381176,0.023418412
381178,0.16064194
381179,0.03792621
381182,0.040694974
381185,0.025748104
381187,0.078460924
381189,0.03586906
381190,0.049145218
381191,0.088472754
381192,0.31193286
381193,0.03687977
381194,0.0076242764
381195,0.058464643
381198,0.017820615
381199,0.01801901
381200,0.103077956
381201,0.118039005
381202,0.014013519
381203,0.19033211
381204,0.24061674
381205,0.028887725
381259,0.018556971
381288,0.041089114
381289,0.07652627
381335,0.04040794
381344,0.054791875
381367,0.047297336
381376,0.010899408
381381,0.08853864
381397,0.011729893
381406,0.061172698
381412,0.049779166
381421,0.1325145
381424,0.0203975
381427,0.058964342
381428,0.26378757
381429,0.046456117
381430,0.035839405
381434,0.17861393
381435,0.016323466
381436,0.04688889
381437,0.012454033
381438,0.1325382
381439,0.060164858
381444,0.02666993
381446,0.0075586145
381447,0.16912085
381449,0.28299767
381450,0.013777153
381453,0.16180697
381454,0.024167925
381455,0.08453742
381456,0.14274503
381457,0.0441471
381458,0.012638116
381459,0.046860076
381460,0.028823605
381461,0.08645765
381462,0.13366249
381463,0.041946817
381464,0.16414171
381465,0.020287462
381466,0.14129128
381467,0.10151074
381468,0.09721629
381469,0.09030967
381470,0.09073399
381471,0.20525035
381472,0.017059369
381473,0.025457919
381475,0.050393566
381476,0.01519014
381477,0.0533747
381478,0.014773638
381479,0.14537588
381480,0.120829076
381481,0.009424788
381482,0.017315334
381483,0.06985283
381495,0.049023904
381545,0.022419013
381580,0.033145666
381657,0.21150975
381674,0.091885634
381691,0.029797759
381697,0.054995127
381704,0.18417467
381711,0.17502476
381721,0.050529677
381728,0.10640356
381729,0.016357481
381734,0.023933731
381735,0.06248307
381736,0.024693124
381740,0.14219517
381742,0.27886817
381743,0.25908265
381744,0.02278507
381747,0.019933227
381748,0.1747052
381749,0.0151815545
381750,0.042950876
381751,0.042759072
381752,0.13335036
381753,0.06980748
381754,0.31214538
381755,0.13373457
381756,0.12105267
381757,0.022092748
381758,0.0224822
381759,0.05313135
381760,0.03262914
381761,0.150331
381762,0.02168157
381763,0.02896749
381764,0.26900733
381765,0.11662059
381766,0.028359823
381767,0.061363287
381768,0.06537987
381769,0.0234328
381770,0.029699719
381772,0.030814702
381774,0.020277873
381777,0.034554157
381861,0.018814636
381974,0.08677028
381991,0.041827768
382024,0.14909206
382051,0.026920935
382066,0.013499547
382067,0.014333277
382068,0.045365255
382107,0.03625626
382108,0.14245625
382111,0.026680605
382113,0.015773408
382114,0.04507058
382120,0.045450125
382121,0.07143484
382122,0.059148736
382124,0.10459235
382126,0.040710147
382131,0.013775073
382132,0.12514034
382135,0.05538386
382136,0.012760533
382137,0.010902872
382138,0.016444027
382140,0.11517295
382141,0.10232251
382142,0.014134861
382143,0.06275417
382144,0.09375056
382145,0.031642858
382146,0.20454955
382147,0.039268754
382149,0.073957875
382150,0.05565137
382152,0.13163298
382153,0.011485346
382164,0.44290063
382180,0.038771145
382239,0.13987076
382275,0.047896933
382297,0.013630801
382391,0.056207176
382392,0.14069489
382396,0.12748422
382424,0.012540509
382471,0.17237025
382493,0.024207452
382496,0.025156714
382504,0.044389777
382505,0.07758259
382513,0.014482772
382517,0.3347319
382521,0.15450995
382528,0.023427367
382530,0.085502125
382544,0.15907197
382603,0.6100543
382604,0.015726116
382642,0.019947829
382666,0.021105116
382699,0.021718472
382737,0.03877725
382792,0.10477591
382796,0.013245251
382807,0.037901808
382813,0.20508587
382817,0.32109475
382818,0.11044494
382826,0.030299738
382845,0.02757808
382846,0.015115282
382850,0.17250752
382851,0.088568226
382856,0.03471834
382858,0.039143216
382859,0.048666272
382862,0.021542419
382863,0.014064996
382865,0.025907371
382866,0.038089212
382868,0.09451265
382870,0.007481955
382871,0.10144136
382872,0.06670283
382873,0.0698009
382874,0.34801665
382875,0.013765153
382876,0.08136513
382877,0.09858494
382878,0.116757035
382879,0.14805914
382880,0.005755759
382882,0.0366004
382883,0.03591039
382884,0.018887611
382885,0.051794566
382886,0.09218618
382887,0.1446406
382989,0.01779237
383009,0.09941485
383039,0.042290334
383068,0.017564973
383072,0.014882954
383093,0.062498808
383099,0.40783694
383167,0.026146105
383168,0.06806
383170,0.092404455
383171,0.07616525
383174,0.009380894
383175,0.009694073
383176,0.05842509
383178,0.0476179
383181,0.15773048
383182,0.10786918
383184,0.026985003
383186,0.04781515
383187,0.0150546795
383189,0.015886707
383190,0.043420333
383191,0.04102263
383192,0.050709408
383194,0.014332442
383195,0.022759728
383196,0.01781097
383197,0.051240467
383198,0.021462573
383199,0.028558489
383200,0.042094667
383201,0.048965175
383202,0.1324696
383203,0.021525593
383204,0.16578588
383205,0.025624448
383206,0.08389281
383207,0.015820544
383208,0.017813114
383279,0.07780301
383335,0.10906705
383384,0.05526139
383394,0.013643155
383400,0.12242357
383401,0.016408488
383409,0.03751764
383410,0.015547581
383412,0.07109256
383414,0.07741562
383419,0.0723153
383422,0.023801437
383425,0.011526976
383426,0.024948847
383427,0.104546525
383428,0.15703006
383429,0.090257555
383430,0.10290065
383431,0.07841282
383433,0.5528004
383434,0.07025621
383435,0.03824715
383436,0.117531754
383437,0.043277875
383438,0.040884018
383439,0.07262741
383440,0.038321447
383441,0.013892112
383442,0.040809713
383443,0.005675201
383444,0.0115410015
383445,0.017646084
383446,0.078820705
383447,0.022271026
383448,0.029047865
383449,0.0095134005
383450,0.071990676
383451,0.009809442
383452,0.009824502
383453,0.038839594
383454,0.07674083
383533,0.031110281
383583,0.03423651
383608,0.043125242
383622,0.05941879
383673,0.13091497
383804,0.07101247
383806,0.09251391
383812,0.046545867
383814,0.01447626
383816,0.17115231
383825,0.10512711
383827,0.06291089
383833,0.09793951
383841,0.03145518
383842,0.12122922
383849,0.06664385
383859,0.031958703
383883,0.035128746
383891,0.1604338
383910,0.020125575
383925,0.017176483
383943,0.3664901
383946,0.14263773
383959,0.013625706
383960,0.07005443
383961,0.0148131335
383962,0.015542612
383979,0.04946791
383985,0.04529976
383990,0.026617602
383999,0.022416877
384001,0.102318615
384003,0.02335338
384008,0.031368095
384019,0.27606645
384020,0.017339358
384065,0.06826536
384102,0.068004996
384154,0.054754794
384155,0.17455934
384171,0.056757957
384177,0.022020482
384183,0.026597397
384186,0.04619097
384198,0.1450241
384199,0.018795036
384201,0.18524049
384203,0.2193554
384204,0.046995435
384205,0.076110445
384207,0.011212912
384208,0.026609825
384209,0.14261872
384210,0.025923364
384211,0.07080177
384212,0.029813796
384215,0.20528854
384216,0.070998594
384220,0.19716302
384221,0.009778523
384226,0.060947217
384273,0.01777929
384287,0.036342744
384288,0.0360211
384332,0.098411426
384365,0.027141348
384380,0.24606116
384392,0.018722543
384412,0.012623671
384424,0.10760188
384428,0.033174142
384429,0.19975592
384430,0.017946165
384434,0.014698115
384480,0.045703232
384502,0.13719797
384503,0.034438316
384504,0.08813862
384505,0.047923878
384508,0.03134757
384519,0.011738741
384520,0.19803658
384524,0.014597633
384528,0.014347492
384532,0.045113236
384539,0.036688093
384542,0.07098342
384543,0.1673065
384544,0.009487792
384546,0.05838023
384547,0.02861057
384548,0.116477005
384549,0.017366663
384552,0.11386194
384554,0.024214488
384556,0.019029712
384557,0.022516282
384558,0.017332511
384559,0.018775051
384560,0.060950242
384561,0.19866905
384562,0.107071966
384563,0.02562008
384564,0.07506035
384565,0.05320144
384656,0.01780459
384657,0.020882733
384672,0.27855796
384679,0.055750918
384680,0.01648874
384689,0.010529627
384692,0.05906685
384695,0.2308958
384710,0.28285134
384712,0.010607442
384715,0.053782728
384735,0.01688689
384749,0.014973423
384751,0.036895968
384753,0.086592615
384757,0.007986786
384759,0.012657421
384761,0.021269988
384762,0.05802523
384765,0.0433323
384775,0.15684137
384782,0.06615995
384794,0.022474749
384798,0.015033398
384805,0.032890607
384807,0.048590407
384812,0.012197212
384821,0.04838806
384834,0.016393702
384847,0.07067459
384856,0.031906173
384857,0.045071974
384858,0.050305434
384859,0.026933672
384860,0.09443992
384861,0.34639242
384862,0.045224473
384863,0.08129793
384864,0.018254744
384865,0.014537567
384866,0.4439224
384867,0.07002061
384868,0.032334894
384869,0.119890474
384870,0.015460286
384871,0.038328107
384873,0.06517932
384874,0.025494507
384876,0.062163822
384877,0.037309825
384878,0.060927887
384880,0.029047335
384881,0.005388093
384882,0.06620904
384883,0.03219335
384884,0.0410224
384885,0.026706086
384886,0.040683378
384887,0.009833722
384969,0.0089106
385023,0.03966111
385049,0.096531115
385081,0.009032628
385091,0.012586478
385092,0.048010055
385093,0.054892547
385094,0.02981669
385106,0.12600155
385107,0.15761004
385110,0.04728424
385111,0.03623449
385113,0.01786042
385114,0.043903798
385115,0.21819696
385117,0.024198707
385119,0.04802854
385120,0.039201543
385121,0.16186944
385122,0.023725394
385123,0.007000218
385125,0.03712526
385126,0.03220886
385127,0.018611517
385128,0.018469317
385129,0.07780829
385130,0.020715894
385131,0.03738827
385132,0.06993173
385133,0.08606939
385134,0.11970365
385135,0.019665504
385136,0.11926343
385137,0.115799494
385138,0.03460775
385139,0.21966308
385140,0.29240993
385141,0.036124542
385142,0.015840178
385143,0.0051066647
385144,0.05859072
385145,0.123873614
385146,0.053442672
385147,0.044933252
385149,0.05464509
385151,0.01823332
385152,0.02035461
385153,0.047666647
385197,0.0044614216
385230,0.04008114
385231,0.17099331
385252,0.1355599
385299,0.049340073
385351,0.043755278
385376,0.12689346
385405,0.034738217
385452,0.038125105
385479,0.057063043
385510,0.063894294
385522,0.20128499
385524,0.0164998
385544,0.25047606
385563,0.022114139
385566,0.048971567
385571,0.0059291916
385585,0.029306728
385586,0.14120048
385611,0.009642965
385621,0.01073373
385623,0.08082723
385628,0.22335088
385633,0.020382158
385634,0.014288555
385643,0.025077544
385650,0.06375817
385656,0.009472336
385666,0.08050632
385693,0.09243528
385705,0.12965351
385706,0.020707266
385835,0.007969671
385847,0.066357456
385867,0.12292667
385871,0.09847673
385872,0.04350451
385879,0.015276528
385883,0.021756517
385884,0.05220248
385885,0.040121906
385889,0.031317312
385893,0.059592098
385894,0.041986503
385898,0.04949425
385899,0.044019856
385902,0.056100458
385903,0.026556503
385904,0.030909194
385905,0.06202202
385906,0.026052238
385907,0.03704535
385908,0.17853996
385909,0.037052672
385910,0.046818096
385973,0.020211762
386003,0.2479333
386013,0.0072037047
386023,0.0105417315
386065,0.007987477
386072,0.13430823
386077,0.13640273
386135,0.0447955
386141,0.010946327
386178,0.29650384
386198,0.07017981
386200,0.031903397
386203,0.17050618
386223,0.02842032
386225,0.009667258
386245,0.032045506
386250,0.021271035
386253,0.03879684
386254,0.062915415
386255,0.03859152
386262,0.08320746
386263,0.023324387
386264,0.009197478
386267,0.048118565
386268,0.030547211
386276,0.11107256
386279,0.20276824
386281,0.047755882
386282,0.07702778
386283,0.08396972
386284,0.010325247
386285,0.032226022
386286,0.10305067
386287,0.044473812
386288,0.0991539
386289,0.33231574
386290,0.06105739
386292,0.06381798
386293,0.028051099
386294,0.020365238
386295,0.4813964
386296,0.14931813
386297,0.074988976
386299,0.06312911
386300,0.037251186
386301,0.012742207
386302,0.035591908
386303,0.21197592
386304,0.17389433
386305,0.043146178
386307,0.014742757
386308,0.043373693
386309,0.053904843
386310,0.096413806
386311,0.026871203
386347,0.13483176
386350,0.052431982
386352,0.024519866
386365,0.04692177
386378,0.059788324
386380,0.10946796
386399,0.072385386
386458,0.008896282
386523,0.01913656
386531,0.16548198
386545,0.08093311
386546,0.06059287
386547,0.026068795
386549,0.035135023
386550,0.033170693
386551,0.07184713
386552,0.00486101
386633,0.09444946
386647,0.008095422
386665,0.018632554
386767,0.02906528
386773,0.05099816
386774,0.04544496
386775,0.19771515
386777,0.016880598
386785,0.087219425
386791,0.0213028
386792,0.01191924
386795,0.03460903
386798,0.050273832
386803,0.039637152
386805,0.28440347
386806,0.094241135
386808,0.044187967
386811,0.015587115
386813,0.06636777
386814,0.03909939
386817,0.011404267
386819,0.005816424
386820,0.05111824
386821,0.16411157
386822,0.35163486
386824,0.02117112
386825,0.087342404
386826,0.008714663
386827,0.10638701
386828,0.19570592
386830,0.012681071
386831,0.100985065
386832,0.013193631
386833,0.1391503
386834,0.087379254
386835,0.016935114
386836,0.066901065
386837,0.061151598
386838,0.024804715
386839,0.083730675
386840,0.018562686
386841,0.15884404
386843,0.118717216
386844,0.106576964
386845,0.0281263
386847,0.052263156
386848,0.050149146
386849,0.025588978
386860,0.0930044
386938,0.011461642
386940,0.03905392
386989,0.056080516
387021,0.058084436
387193,0.13488656
387194,0.14507723
387286,0.11009208
387291,0.010743521
387292,0.055274352
387324,0.07048288
387325,0.023764094
387329,0.022511482
387331,0.06686946
387333,0.0126378955
387337,0.04626833
387341,0.071026474
387342,0.036394782
387349,0.065101005
387350,0.040929303
387351,0.02655119
387352,0.028748251
387353,0.18467575
387355,0.093064405
387356,0.08985275
387357,0.031901322
387358,0.015522056
387360,0.0746816
387361,0.01822325
387362,0.024343345
387363,0.026746007
387364,0.022792513
387365,0.053257756
387366,0.019119926
387367,0.018291522
387368,0.015520491
387369,0.034930225
387370,0.010416185
387371,0.05020851
387372,0.06887019
387377,0.11236708
387378,0.08112817
387424,0.013535293
387440,0.0263807
387447,0.06068722
387489,0.025942286
387501,0.07071705
387526,0.19218387
387542,0.019298974
387543,0.15551116
387544,0.034409385
387565,0.043022428
387572,0.049281217
387577,0.049295027
387578,0.04025116
387583,0.0051557086
387584,0.0250408
387588,0.07359838
387595,0.10238073
387596,0.10156769
387597,0.07741701
387598,0.014763585
387662,0.08830211
387687,0.04394056
387688,0.027624507
387689,0.020170406
387718,0.3185574
387730,0.027792582
387753,0.013204294
387807,0.101911366
387843,0.05243683
387848,0.04698034
387882,0.07934586
387884,0.018409116
387892,0.0051571834
387896,0.035856802
387916,0.103715904
387920,0.031543836
387927,0.120060965
387928,0.026210435
387929,0.062192958
387932,0.032566585
387934,0.076032974
387937,0.014987552
387942,0.048808265
387947,0.07041242
387948,0.016119624
387952,0.1764135
387953,0.026538894
387954,0.024752175
387955,0.14933911
387956,0.06641442
387957,0.15737933
387958,0.078328945
387960,0.012121004
387961,0.03964344
387962,0.071720265
387963,0.20576133
387964,0.100425094
387965,0.025608864
387966,0.05615106
387967,0.022111278
387968,0.034188434
387969,0.014732662
387970,0.047022115
387971,0.1509156
387972,0.01970648
387973,0.0623296
388053,0.1849838
388056,0.049751863
388057,0.10900621
388078,0.050617117
388079,0.008426322
388127,0.02850502
388155,0.051159356
388159,0.021866316
388169,0.039410673
388170,0.078825764
388173,0.019607434
388174,0.016964829
388176,0.068547115
388179,0.05417276
388182,0.050188933
388183,0.043691896
388187,0.037655134
388189,0.021932712
388191,0.009239571
388193,0.041415963
388194,0.053411078
388195,0.02286216
388196,0.017626883
388198,0.018600294
388199,0.117642455
388201,0.24086955
388202,0.059246715
388203,0.076341085
388204,0.085690975
388206,0.05617374
388208,0.040642917
388209,0.023509825
388210,0.02545754
388211,0.011708984
388212,0.023110623
388213,0.064766675
388214,0.010638007
388215,0.11327896
388216,0.057558037
388217,0.08675979
388218,0.04519926
388219,0.00936887
388220,0.3570043
388221,0.0697221
388222,0.03641738
388223,0.017996404
388237,0.29837152
388238,0.030680053
388242,0.026255643
388243,0.049107715
388248,0.05103794
388249,0.20054705
388251,0.046053935
388253,0.09935791
388255,0.0375414
388256,0.12780203
388258,0.033815194
388259,0.06555205
388260,0.10009647
388262,0.40740258
388263,0.08939234
388264,0.024114404
388265,0.2251089
388266,0.039547987
388267,0.19870232
388269,0.202768
388270,0.07303395
388271,0.03193931
388272,0.09369207
388273,0.03803464
388274,0.25617582
388275,0.09797462
388276,0.03495141
388397,0.14414802
388428,0.0904699
388429,0.021755157
388448,0.031922624
388449,0.012583426
388460,0.0887984
388463,0.14049125
388465,0.1691848
388505,0.12985893
388508,0.07487428
388511,0.017384255
388525,0.03195835
388554,0.045818657
388561,0.32665902
388566,0.059947535
388572,0.009535893
388574,0.060332585
388585,0.017847877
388589,0.009254354
388590,0.040558096
388594,0.030796826
388596,0.05476994
388616,0.07699533
388621,0.034309
388622,0.06780201
388627,0.020323845
388633,0.08353232
388639,0.01705254
388647,0.044865627
388655,0.096816294
388665,0.060311515
388667,0.031189566
388668,0.01386252
388669,0.13542852
388679,0.060148913
388683,0.032493472
388687,0.008253718
388688,0.040822092
388700,0.058930986
388703,0.101703316
388704,0.071096085
388705,0.12567315
388707,0.009467107
388712,0.025143491
388729,0.025558718
388733,0.019983727
388748,0.050229795
388754,0.037817877
388763,0.09355039
388777,0.05684401
388790,0.029422741
388800,0.26208296
388801,0.025527637
388812,0.062272664
388816,0.22011863
388835,0.09700265
388837,0.04031698
388842,0.008139074
388847,0.055787373
388848,0.045163188
388849,0.1573468
388850,0.13193516
388859,0.1931926
388864,0.030464765
388865,0.18970029
388870,0.06650011
388872,0.05400806
388873,0.05337989
388879,0.026371736
388890,0.10777029
388898,0.043072242
388899,0.0787925
388900,0.030969566
388913,0.35906887
388919,0.026843647
388921,0.08955573
388929,0.015204242
388945,0.100738816
388962,0.23607916
388963,0.029546002
388985,0.045390677
388986,0.03752858
388992,0.18899435
388993,0.0419648
389002,0.048350364
389006,0.013134942
389009,0.05998974
389018,0.079710394
389048,0.085381284
389051,0.04346881
389068,0.069331214
389069,0.08327529
389070,0.0076355007
389080,0.04394286
389085,0.016111353
389090,0.035581548
389094,0.14970094
389097,0.22947025
389098,0.056003552
389101,0.038865253
389104,0.034504615
389131,0.22048658
389133,0.0854455
389134,0.0104165245
389143,0.05946079
389176,0.16891944
389181,0.018806437
389192,0.02351432
389202,0.039147172
389222,0.036779735
389225,0.15100832
389227,0.06343998
389239,0.049198285
389245,0.13100985
389248,0.023565717
389258,0.04788671
389266,0.048930544
389268,0.07257241
389277,0.035321016
389280,0.08015018
389300,0.018702287
389319,0.0788623
389330,0.050761685
389338,0.023516482
389356,0.09208471
389363,0.2596768
389371,0.026983956
389377,0.295005
389398,0.02213153
389409,0.03415472
389415,0.023333965
389418,0.038827438
389420,0.12757936
389426,0.13281557
389433,0.032207143
389434,0.014443426
389440,0.14083026
389441,0.034604628
389443,0.29891598
389448,0.30014607
389464,0.03565614
389466,0.018277733
389471,0.12009023
389473,0.02832623
389480,0.053416047
389481,0.02051051
389483,0.11660119
389486,0.011659328
389490,0.052676093
389500,0.010291744
389507,0.21408534
389509,0.0096924445
389515,0.21619761
389517,0.033790108
389523,0.010919232
389527,0.018628823
389529,0.3411463
389532,0.025522267
389539,0.039673034
389550,0.023404963
389551,0.031069236
389552,0.08212503
389554,0.14916594
389563,0.23290399
389566,0.07442144
389572,0.01990437
389573,0.0447546
389585,0.056172628
389587,0.019796764
389589,0.01782979
389592,0.009447907
389601,0.27769879
389603,0.016671559
389604,0.06041714
389617,0.051055975
389618,0.0864529
389619,0.019115612
389622,0.025215952
389623,0.031233782
389627,0.039860863
389644,0.17937197
389667,0.012051991
389678,0.26714033
389694,0.013679939
389700,0.05743536
389707,0.011626673
389714,0.009889628
389717,0.04664354
389732,0.024868304
389737,0.074254364
389741,0.05085442
389755,0.035091065
389756,0.051374316
389763,0.0541367
389772,0.2502827
389777,0.036492333
389778,0.036788885
389796,0.047799204
389798,0.028365467
389805,0.037702274
389807,0.036006603
389815,0.023993326
389818,0.06166076
389823,0.024533115
389824,0.020946637
389831,0.010028486
389856,0.09749845
389860,0.013146643
389862,0.039803535
389872,0.14031741
389875,0.015347583
389878,0.075250946
389879,0.094814055
389881,0.020433735
389895,0.03228951
389897,0.024106788
389898,0.053884007
389924,0.0848113
389929,0.014463858
389934,0.18882339
389947,0.08395517
389962,0.05495639
389981,0.005912529
390003,0.058989216
390006,0.053322457
390011,0.010082555
390041,0.02922973
390044,0.07903589
390045,0.035115905
390047,0.07090538
390048,0.18826774
390052,0.09777033
390056,0.106497414
390061,0.028658377
390065,0.02628457
390070,0.0648956
390073,0.079270944
390076,0.028755296
390087,0.080333844
390092,0.0313098
390095,0.07242809
390099,0.11928959
390107,0.08397425
390116,0.016091531
390130,0.01627049
390133,0.23553163
390144,0.04972389
390155,0.03834995
390159,0.054379158
390181,0.03528886
390183,0.020400533
390214,0.020510504
390222,0.08470568
390230,0.038894795
390235,0.04833673
390237,0.0064087776
390242,0.44247335
390256,0.01618779
390259,0.16504696
390261,0.045038477
390268,0.049515776
390271,0.019849276
390274,0.067723155
390276,0.036840886
390279,0.0418319
390283,0.17349583
390285,0.025280027
390299,0.095602676
390316,0.011792387
390321,0.041639484
390330,0.03691321
390343,0.0659268
390346,0.16177143
390357,0.0659274
390359,0.12276637
390361,0.14692214
390365,0.027296118
390366,0.103363
390372,0.178476
390376,0.122433804
390378,0.23098193
390388,0.04280789
390391,0.020721536
390400,0.12132847
390407,0.07184161
390411,0.047298517
390419,0.02156098
390423,0.0181551
390437,0.016223056
390445,0.020863974
390449,0.022700328
390455,0.05660345
390465,0.06675601
390491,0.01708515
390492,0.13344233
390494,0.07150463
390495,0.055700433
390497,0.013985439
390504,0.0681895
390508,0.048851628
390510,0.06775361
390512,0.044887874
390524,0.040543493
390531,0.031968035
390558,0.03514822
390561,0.043832656
390564,0.007317065
390569,0.0755803
390574,0.038831815
390575,0.03342993
390587,0.15392943
390620,0.11388734
390621,0.07545569
390633,0.0777676
390634,0.08092983
390638,0.18767755
390639,0.03261577
390642,0.008600142
390647,0.20552684
390648,0.036989994
390663,0.06271479
390686,0.013443411
390688,0.20132038
390690,0.039612155
390691,0.044736356
390696,0.20457253
390703,0.048599225
390711,0.10457564
390722,0.020057833
390736,0.16882923
390747,0.2379653
390752,0.056944802
390760,0.052043352
390774,0.06724454
390777,0.028786512
390781,0.022229075
390793,0.051991116
390838,0.070814535
390847,0.11284789
390851,0.06411729
390854,0.013319926
390858,0.01344954
390864,0.03826776
390871,0.040559214
390905,0.04829179
390908,0.12214546
390910,0.0063425656
390917,0.01847256
390919,0.0064935186
390920,0.05143989
390922,0.011564247
390928,0.039556112
390929,0.032655295
390953,0.07606963
390955,0.00901465
390959,0.019427158
390962,0.024683537
390971,0.15976246
390972,0.047362227
390990,0.006738817
390994,0.08673166
390997,0.25766775
391015,0.05970581
391034,0.042449664
391038,0.10497807
391043,0.043141793
391048,0.010355272
391049,0.03202983
391056,0.046752736
391060,0.043576665
391072,0.046430852
391073,0.074568376
391077,0.017591191
391086,0.021855677
391092,0.06904084
391096,0.024869228
391118,0.06771987
391123,0.0791109
391136,0.03159165
391137,0.016165162
391145,0.03235752
391162,0.023641462
391164,0.1753306
391168,0.17320968
391172,0.020618219
391184,0.07196311
391188,0.048680283
391198,0.018752215
391207,0.015097126
391208,0.0074944007
391209,0.120082445
391230,0.097810894
391232,0.035985988
391236,0.03397928
391237,0.19839162
391245,0.038287897
391269,0.02823217
391274,0.022128087
391275,0.18175569
391276,0.025217395
391279,0.060398433
391285,0.027225606
391306,0.013952463
391310,0.032640092
391321,0.008212147
391327,0.04552653
391341,0.116789386
391350,0.027284972
391353,0.0048430418
391354,0.018532803
391357,0.041794777
391367,0.39501843
391371,0.055824384
391384,0.0669655
391387,0.02128404
391388,0.15983257
391392,0.015945438
391408,0.009332254
391433,0.020633493
391439,0.035258442
391443,0.1205239
391445,0.016718164
391449,0.051537044
391450,0.048976764
391461,0.1492142
391469,0.009475512
391486,0.017211229
391487,0.12728858
391500,0.01809213
391501,0.024449537
391505,0.003924279
391516,0.04847506
391517,0.018320773
391522,0.028473524
391539,0.09488811
391543,0.24214634
391546,0.09079289
391552,0.23159198
391555,0.02150346
391564,0.018638823
391565,0.07580568
391570,0.018296959
391586,0.07848613
391587,0.058408745
391588,0.027600605
391590,0.05395421
391613,0.35212436
391614,0.05446767
391617,0.005533947
391623,0.06944439
391635,0.041036148
391653,0.052894633
391661,0.11374052
391670,0.03007083
391682,0.019370155
391713,0.011952592
391717,0.08059288
391726,0.38411087
391738,0.051718444
391740,0.02763273
391741,0.009875196
391742,0.034722283
391756,0.027770003
391765,0.19600798
391766,0.04998485
391768,0.044436403
391771,0.0126760565
391784,0.060625292
391786,0.24364087
391791,0.10609864
391798,0.009862099
391820,0.312625
391831,0.02396726
391842,0.0191026
391843,0.011078726
391853,0.029961098
391858,0.1917454
391866,0.29807302
391867,0.0114356885
391870,0.10839588
391879,0.06453766
391903,0.06443327
391915,0.052965
391920,0.012595246
391929,0.09501365
391935,0.02770179
391944,0.015632352
391945,0.094613366
391947,0.08136615
391957,0.026491623
391960,0.08253993
391966,0.08107206
391977,0.01779797
391983,0.02883779
391990,0.085735194
391999,0.023706786
392010,0.012079741
392011,0.0108869895
392012,0.02955338
392013,0.0076023247
392015,0.016773013
392027,0.06391655
392029,0.09141467
392031,0.065183036
392035,0.017949006
392042,0.011339118
392049,0.01947128
392050,0.04909231
392062,0.067437574
392068,0.15968673
392071,0.032639194
392079,0.029165266
392087,0.026448643
392106,0.053139757
392111,0.015699552
392123,0.0876297
392127,0.22790994
392132,0.12298692
392149,0.1403489
392151,0.035268143
392175,0.21133184
392186,0.1504942
392190,0.27468702
392196,0.10806466
392202,0.03396664
392212,0.05102428
392221,0.0930264
392224,0.25799417
392230,0.02798356
392232,0.07859124
392234,0.1887583
392239,0.03506851
392240,0.12792768
392241,0.00583514
392243,0.23986536
392250,0.016867245
392253,0.020678472
392258,0.04703207
392260,0.024060898
392270,0.23686698
392280,0.04464972
392283,0.017036468
392293,0.019856395
392311,0.056219876
392316,0.035832018
392317,0.11877362
392319,0.11386423
392328,0.022098832
392363,0.10580607
392369,0.028986963
392371,0.033235542
392372,0.088195935
392386,0.07600511
392389,0.18291907
392390,0.10811236
392391,0.13638772
392398,0.01618975
392399,0.040903497
392404,0.13463531
392405,0.012948789
392408,0.12020714
392422,0.035774462
392423,0.036785647
392424,0.08956244
392429,0.04801864
392430,0.05708099
392431,0.06298654
392437,0.024522306
392450,0.02273603
392458,0.017608192
392460,0.045667443
392469,0.1168341
392474,0.043556083
392491,0.3857223
392495,0.013145894
392513,0.30610892
392526,0.074451156
392527,0.07842025
392534,0.036380168
392540,0.1596991
392554,0.10082455
392571,0.029436786
392578,0.05852665
392583,0.01197823
392588,0.1346675
392594,0.07843005
392604,0.013128238
392610,0.22176868
392613,0.023229955
392619,0.043546665
392622,0.10081422
392624,0.02952891
392629,0.22550574
392634,0.06640706
392639,0.011945466
392649,0.026254203
392671,0.048637073
392680,0.32752326
392682,0.008385634
392684,0.03367935
392685,0.2532654
392686,0.30296358
392699,0.020781785
392704,0.014458387
392709,0.042849407
392714,0.31044698
392717,0.027532626
392727,0.033775218
392730,0.042793397
392741,0.040888954
392754,0.01594532
392762,0.055740185
392774,0.041641198
392775,0.04516369
392793,0.039702974
392800,0.11380205
392809,0.13292213
392812,0.029090002
392814,0.034738876
392820,0.06464188
392825,0.022050887
392847,0.07881725
392849,0.13952392
392861,0.15289488
392868,0.121385895
392880,0.12303763
392882,0.046476897
392888,0.08146256
392905,0.021456514
392909,0.084591545
392915,0.05814562
392925,0.048662595
392931,0.018416235
392933,0.027210746
392935,0.0727531
392939,0.04157608
392951,0.027758433
392960,0.009033771
392962,0.053547103
392964,0.030070027
392970,0.017145054
392980,0.042380173
392981,0.03983999
392985,0.042064685
392990,0.02535178
392992,0.23253483
392998,0.058342826
392999,0.077218585
393007,0.04152422
393009,0.043254137
393012,0.059165496
393014,0.029111585
393015,0.06477756
393035,0.11099435
393055,0.009622618
393056,0.06727466
393075,0.03754402
393078,0.018979702
393094,0.07760665
393111,0.022922598
393115,0.05243216
393117,0.1323396
393118,0.039992016
393128,0.15923601
393129,0.014329397
393136,0.019211046
393138,0.023699636
393139,0.21488032
393156,0.032807544
393159,0.3364643
393168,0.035191283
393172,0.04713553
393177,0.044514593
393189,0.0050960844
393194,0.2109296
393201,0.015258527
393202,0.07251381
393209,0.0151466895
393216,0.19672309
393218,0.11618581
393224,0.031630356
393227,0.05342968
393232,0.04699188
393256,0.085707635
393257,0.054875456
393258,0.26174277
393267,0.034130216
393269,0.032422993
393275,0.13732493
393278,0.06842084
393279,0.10527841
393312,0.10074207
393318,0.054803755
393343,0.0351444
393351,0.1569772
393356,0.009351481
393361,0.09794365
393370,0.061016914
393381,0.029112436
393395,0.1199966
393405,0.022565095
393416,0.05222088
393419,0.020006344
393430,0.05131423
393443,0.046421047
393454,0.29085857
393478,0.008265573
393489,0.010837719
393499,0.06350893
393503,0.033874515
393505,0.106179155
393507,0.039738324
393526,0.06727103
393537,0.027702559
393543,0.014209516
393555,0.027877137
393562,0.035894927
393573,0.11752085
393587,0.20020828
393591,0.048147574
393606,0.020980047
393621,0.041156616
393624,0.0305709
393625,0.27563107
393628,0.11566902
393633,0.024243737
393641,0.0899315
393642,0.060229607
393650,0.021594444
393658,0.16742064
393669,0.022112062
393671,0.06900825
393672,0.031659476
393680,0.030472215
393683,0.27035096
393684,0.087905414
393691,0.010416859
393696,0.020707723
393699,0.023287486
393708,0.056835767
393709,0.1357363
393711,0.1666418
393720,0.16283363
393738,0.019285152
393740,0.056867294
393762,0.008893869
393774,0.022518257
393776,0.018129673
393778,0.04742263
393793,0.03068613
393804,0.12505129
393818,0.23222373
393821,0.010731021
393822,0.014281317
393833,0.15669481
393839,0.104639135
393840,0.11748611
393843,0.019335914
393852,0.01618782
393855,0.014691356
393860,0.117910825
393864,0.057048794
393877,0.070121124
393882,0.102841176
393884,0.052433793
393886,0.029804805
393892,0.024872074
393894,0.015665606
393902,0.03898395
393909,0.09872056
393910,0.009658524
393911,0.02275783
393934,0.026445456
393936,0.10635732
393939,0.16517407
393940,0.021004263
393943,0.03644375
393946,0.11832477
393950,0.01866434
393953,0.05858136
393959,0.21424119
393974,0.34701666
393980,0.12517756
393983,0.028759804
393985,0.035471033
393992,0.03180095
393995,0.063712746
394008,0.30859238
394010,0.053843684
394022,0.031452537
394062,0.019302746
394063,0.06253049
394066,0.03765843
394069,0.05726968
394071,0.03632954
394082,0.030257575
394087,0.04684621
394095,0.022928901
394097,0.085642606
394106,0.04281973
394113,0.48846906
394115,0.13720362
394125,0.023112383
394131,0.034975953
394132,0.06866788
394141,0.057734363
394145,0.24998361
394153,0.47844648
394159,0.015088614
394180,0.03126256
394186,0.053100377
394200,0.090645775
394203,0.018392274
394210,0.044242594
394214,0.10032273
394218,0.24555394
394231,0.07600445
394240,0.11333189
394248,0.08760153
394249,0.008632267
394254,0.116628595
394264,0.05992008
394267,0.046815522
394269,0.112737164
394275,0.070714466
394289,0.0102985855
394295,0.03406141
394305,0.111111514
394308,0.043450218
394317,0.0075922906
394323,0.20061272
394332,0.018521592
394336,0.094764754
394345,0.2811959
394346,0.014117861
394347,0.02311008
394351,0.068252034
394355,0.13867262
394360,0.015680302
394372,0.06130458
394373,0.10778381
394374,0.034426443
394382,0.13453372
394385,0.0501896
394409,0.17512684
394415,0.04115872
394433,0.043020856
394445,0.03573462
394448,0.032281652
394451,0.14937334
394467,0.037366137
394471,0.016138753
394473,0.105947874
394474,0.03699539
394476,0.0724333
394492,0.010766386
394502,0.03704462
394506,0.035109937
394510,0.039528623
394515,0.027930107
394535,0.05990278
394537,0.19820896
394539,0.08457565
394541,0.03798519
394564,0.055305667
394567,0.04752728
394568,0.03391908
394571,0.105114825
394576,0.016855484
394579,0.210188
394585,0.023433078
394588,0.0050549237
394606,0.080045685
394623,0.01569953
394632,0.16436379
394635,0.0656611
394642,0.046364855
394653,0.055525213
394689,0.018641148
394695,0.03434658
394699,0.032547466
394706,0.07959955
394712,0.2145276
394721,0.51606965
394722,0.074655786
394739,0.018970577
394742,0.16770867
394761,0.09116049
394775,0.069266416
394777,0.17954503
394783,0.11925914
394800,0.08869877
394803,0.022292728
394804,0.35124487
394815,0.0142930485
394835,0.07516878
394843,0.27337897
394845,0.18934488
394847,0.016248494
394848,0.08503582
394850,0.026512949
394857,0.037434667
394873,0.11723259
394892,0.09206951
394898,0.018651702
394904,0.07355908
394918,0.18619338
394920,0.16515686
394926,0.005265218
394927,0.034245625
394940,0.021755224
394942,0.015444776
394943,0.0680426
394959,0.055683978
394977,0.11783481
394991,0.07829079
395014,0.20435528
395027,0.014970913
395042,0.15199417
395062,0.08648684
395063,0.29728088
395064,0.046509698
395076,0.033869803
395085,0.066526964
395095,0.03891044
395100,0.0386547
395105,0.1263767
395108,0.024371482
395110,0.073608935
395114,0.11986907
395123,0.09079982
395131,0.04704271
395144,0.034210607
395152,0.2473851
395159,0.054339483
395166,0.03904787
395197,0.015496822
395210,0.029333735
395212,0.018951342
395216,0.09094834
395218,0.04232378
395224,0.011776477
395225,0.10133042
395233,0.10585334
395237,0.016487224
395246,0.059612717
395248,0.14887838
395262,0.03960052
395271,0.009878209
395275,0.036280703
395286,0.037658077
395316,0.10504378
395318,0.26046076
395328,0.07507173
395334,0.030996269
395337,0.11950228
395338,0.0458084
395346,0.08422955
395365,0.05569594
395373,0.09656745
395383,0.44004285
395387,0.031124154
395391,0.011174458
395401,0.086531416
395432,0.0075338096
395443,0.021384165
395447,0.050172355
395448,0.059694648
395450,0.021866988
395456,0.026314996
395459,0.0686268
395462,0.04657436
395488,0.20232172
395492,0.028083475
395495,0.044059392
395504,0.09323068
395507,0.02121012
395508,0.12325575
395509,0.028542936
395513,0.14421059
395515,0.059379935
395517,0.25098738
395520,0.09280907
395524,0.015292807
395525,0.013369462
395533,0.031597458
395538,0.023464138
395545,0.009047386
395553,0.022815501
395576,0.12814948
395585,0.069299966
395590,0.027291832
395593,0.01901744
395595,0.025696876
395603,0.045571063
395604,0.06267402
395611,0.19039078
395612,0.03448639
395617,0.010144407
395624,0.00822895
395653,0.17147988
395665,0.037031725
395668,0.05220674
395672,0.081100896
395677,0.057292916
395692,0.013238734
395693,0.12070014
395694,0.015884409
395696,0.039466303
395699,0.020511841
395703,0.016883083
395712,0.037374243
395731,0.018972507
395732,0.03559798
395735,0.025405847
395736,0.023097433
395744,0.08573486
395763,0.0308004
395771,0.015635617
395774,0.026923178
395784,0.03411952
395790,0.040368617
395792,0.39066198
395796,0.03209773
395808,0.08452756
395810,0.065601125
395814,0.13168734
395831,0.10139553
395836,0.026084933
395837,0.025421636
395852,0.051451176
395854,0.008330742
395856,0.07104786
395857,0.06312724
395860,0.012976693
395862,0.013304744
395875,0.028504426
395880,0.0241524
395893,0.07164805
395900,0.027177753
395908,0.06441348
395921,0.2407199
395922,0.015726382
395926,0.09180355
395933,0.024791462
395936,0.013921774
395940,0.03955711
395951,0.07036474
395964,0.0059145275
395969,0.04107724
395971,0.02281075
395973,0.037651394
395975,0.053953793
395984,0.21092163
395993,0.040375285
396012,0.15494554
396033,0.20352827
396035,0.037796237
396036,0.09145932
396041,0.030798443
396048,0.16028762
396049,0.055586573
396057,0.03883608
396060,0.028167546
396063,0.021298952
396078,0.08343052
396085,0.14448847
396087,0.025696667
396094,0.04318494
396104,0.02305653
396110,0.040142342
396123,0.22201899
396139,0.02286941
396160,0.032799155
396165,0.08439425
396169,0.057233896
396182,0.019454537
396200,0.4554381
396201,0.008080476
396202,0.034697313
396216,0.08671175
396227,0.054852486
396236,0.009244269
396240,0.16786055
396249,0.016601318
396252,0.02310528
396253,0.18475918
396276,0.03527724
396297,0.055600118
396301,0.014556775
396310,0.011469019
396327,0.02640925
396330,0.03005052
396331,0.047869984
396334,0.028111568
396337,0.042563867
396343,0.048257105
396346,0.018467778
396350,0.3107307
396368,0.03270021
396375,0.33069816
396378,0.049751457
396380,0.21111766
396393,0.018250953
396397,0.060697112
396403,0.02804746
396404,0.17882699
396408,0.033829007
396414,0.06236718
396418,0.4049843
396420,0.034527555
396426,0.04342363
396428,0.02922543
396434,0.17386638
396435,0.020137371
396437,0.015665868
396442,0.021358948
396444,0.022255955
396449,0.016131533
396453,0.06042765
396464,0.048249822
396474,0.0261943
396483,0.02365665
396496,0.109661184
396501,0.042502716
396505,0.017466092
396506,0.013792809
396512,0.015321728
396513,0.19855477
396518,0.022243714
396530,0.072200045
396542,0.066950865
396549,0.010536978
396553,0.020283192
396555,0.19939886
396557,0.030923868
396562,0.16789731
396566,0.022058567
396588,0.14142239
396589,0.06567694
396590,0.06294976
396597,0.010557002
396602,0.013497279
396609,0.18115577
396614,0.2536999
396617,0.07222455
396620,0.15861118
396625,0.37808937
396638,0.06269112
396640,0.057337422
396646,0.054475334
396648,0.036754735
396653,0.06351126
396663,0.057931095
396668,0.050839655
396670,0.0430043
396678,0.024088379
396681,0.031147297
396698,0.011596198
396699,0.13262504
396710,0.0850236
396713,0.07302401
396729,0.016560653
396732,0.13211997
396735,0.20627572
396752,0.08949494
396754,0.011865666
396761,0.02039764
396769,0.06575939
396777,0.019375205
396789,0.12787588
396790,0.030039577
396792,0.057491507
396824,0.04447955
396829,0.04395637
396830,0.03633789
396844,0.13811693
396849,0.018222963
396855,0.25891498
396864,0.082797594
396865,0.08277065
396866,0.0442911
396883,0.031780615
396889,0.08819714
396893,0.022952057
396900,0.098870784
396904,0.077282466
396912,0.010420525
396916,0.0069037722
396922,0.0066875685
396926,0.025329951
396928,0.051854964
396931,0.10233629
396944,0.032824397
396949,0.029890565
396952,0.22973461
396979,0.17383827
396984,0.028585639
396986,0.02783932
396992,0.0104082795
396995,0.58431154
397014,0.04503427
397025,0.020559892
397046,0.23562828
397047,0.04225529
397051,0.039117318
397052,0.03471698
397058,0.015495774
397071,0.029060276
397081,0.037996233
397084,0.023340397
397086,0.26496515
397088,0.04248251
397090,0.16379586
397093,0.050834015
397106,0.022318948
397109,0.27241793
397110,0.056198053
397118,0.017638877
397119,0.044852756
397120,0.009251307
397127,0.038287845
397128,0.025523957
397129,0.081199415
397132,0.06866641
397138,0.0142604625
397139,0.091347866
397146,0.11340432
397148,0.2799405
397149,0.07829191
397166,0.02102814
397167,0.17021899
397168,0.021774944
397171,0.024124224
397178,0.09183364
397185,0.031485688
397191,0.050344914
397195,0.04205406
397197,0.11553365
397198,0.03484237
397211,0.034459975
397213,0.026557488
397216,0.02010147
397219,0.12985662
397226,0.027908653
397241,0.025527569
397249,0.17160283
397261,0.021485314
397265,0.01779692
397281,0.013055201
397304,0.049976338
397306,0.028003296
397325,0.075988315
397327,0.023611411
397345,0.36082464
397360,0.015094482
397378,0.015680905
397383,0.10891982
397384,0.03246423
397399,0.09144038
397415,0.018410278
397433,0.0029988976
397444,0.3130576
397452,0.17316417
397458,0.038138006
397460,0.056307033
397462,0.052758627
397464,0.034730356
397466,0.23706989
397472,0.010036983
397474,0.038083535
397476,0.110020325
397482,0.19424559
397492,0.10568996
397494,0.004181249
397501,0.16815343
397507,0.13036118
397512,0.14878331
397513,0.053839017
397517,0.01512918
397533,0.0669823
397549,0.3533399
397560,0.05111114
397562,0.015542627
397570,0.13216525
397575,0.014585093
397584,0.07041704
397585,0.007982816
397593,0.027389448
397609,0.07724881
397615,0.009664218
397630,0.099561505
397631,0.02457997
397633,0.116940215
397641,0.013649496
397664,0.025182787
397668,0.015707837
397674,0.04139695
397679,0.044108834
397681,0.081076905
397694,0.036204588
397695,0.05840885
397707,0.18443622
397713,0.021799421
397714,0.050846808
397715,0.032489292
397724,0.01985374
397726,0.18857466
397729,0.023947686
397739,0.02293825
397741,0.0072919833
397759,0.045929294
397761,0.019584216
397767,0.12760794
397776,0.2073148
397782,0.12443864
397785,0.037073657
397789,0.031227143
397793,0.045194436
397794,0.11018652
397804,0.029904505
397815,0.02218093
397816,0.047712445
397825,0.034606364
397857,0.07939969
397861,0.029563814
397890,0.039759845
397891,0.31966954
397900,0.047730852
397903,0.06929444
397911,0.03539895
397925,0.06700711
397928,0.0503796
397954,0.018496584
397955,0.0073364237
397962,0.10378779
397971,0.019642852
397975,0.082550004
397984,0.06353873
397989,0.01585509
397993,0.08964465
398004,0.018626347
398032,0.29284957
398038,0.043513052
398043,0.03212459
398046,0.032267924
398051,0.1849267
398061,0.012263949
398082,0.03557644
398086,0.036618672
398087,0.07222279
398088,0.052536152
398093,0.019034034
398103,0.01886237
398106,0.0583302
398109,0.054110814
398110,0.008884841
398113,0.0442568
398116,0.101368375
398132,0.022381661
398135,0.05740963
398138,0.042311884
398159,0.10911762
398163,0.12311019
398165,0.04863682
398166,0.07068637
398173,0.06561058
398179,0.05968059
398181,0.04520704
398189,0.00890557
398196,0.037150905
398206,0.09884914
398208,0.07138438
398220,0.035942975
398231,0.023481697
398234,0.534882
398239,0.02968352
398254,0.007778464
398260,0.07551616
398261,0.023341978
398269,0.13905774
398274,0.013062115
398279,0.011583252
398280,0.08086204
398292,0.1254537
398293,0.04313679
398295,0.13837802
398329,0.034643885
398337,0.0443944
398344,0.012619263
398347,0.023411984
398348,0.4828163
398352,0.0033258386
398355,0.16801423
398360,0.20312595
398363,0.04464138
398368,0.046538092
398373,0.096565925
398377,0.052128233
398384,0.025351405
398389,0.034246683
398394,0.17336656
398397,0.023887852
398400,0.0494568
398409,0.021440603
398429,0.038855255
398432,0.07147063
398444,0.31629357
398446,0.23047067
398456,0.01487734
398461,0.015127645
398473,0.023601996
398480,0.0371665
398481,0.08819167
398485,0.18345428
398488,0.1763809
398500,0.033928074
398520,0.11343356
398524,0.049426157
398534,0.03021354
398554,0.008335175
398572,0.06084539
398580,0.037158582
398586,0.026153075
398592,0.16949685
398606,0.09887296
398619,0.047501102
398621,0.1497232
398625,0.07908185
398645,0.13974056
398652,0.32837853
398656,0.013711739
398661,0.12649289
398667,0.01864476
398669,0.09923309
398676,0.037018966
398690,0.018221466
398699,0.073833905
398715,0.08903066
398718,0.012274362
398721,0.013118191
398729,0.044935346
398737,0.13789311
398738,0.017000029
398752,0.07254217
398757,0.09063499
398759,0.030793056
398764,0.116676174
398771,0.05322025
398773,0.021310572
398775,0.038756985
398779,0.20917799
398791,0.1381236
398807,0.13619518
398811,0.08082341
398814,0.08766079
398817,0.020568656
398829,0.02816036
398830,0.016361602
398838,0.014550826
398839,0.11238653
398841,0.13511865
398850,0.032291394
398852,0.011059959
398858,0.044371806
398859,0.058715243
398862,0.18833876
398870,0.092241846
398875,0.040189356
398902,0.0097730495
398910,0.005670389
398919,0.10368839
398929,0.080107294
398935,0.23418443
398940,0.018226868
398953,0.06624834
398956,0.044642113
398963,0.0042809173
398966,0.09109248
398967,0.0693609
398968,0.0811548
398974,0.061452452
398976,0.017970165
398982,0.03169215
398993,0.05181914
399011,0.09393345
399016,0.07635322
399017,0.055010978
399020,0.070468776
399047,0.15045413
399053,0.5167262
399056,0.015657827
399061,0.040368635
399066,0.12532234
399074,0.023776935
399086,0.039224844
399088,0.17659031
399091,0.08757868
399092,0.18349114
399093,0.023121148
399100,0.011096748
399124,0.0431929
399131,0.07969697
399142,0.03370881
399149,0.026826525
399158,0.15827481
399160,0.012626704
399167,0.01490738
399169,0.066592894
399171,0.007126542
399174,0.054546308
399178,0.13576156
399179,0.22340515
399184,0.031496756
399185,0.010270294
399186,0.060916428
399191,0.03331068
399192,0.0148940375
399195,0.30868703
399212,0.25434855
399221,0.0647193
399223,0.15290484
399230,0.16262385
399246,0.13136302
399260,0.0339888
399261,0.065262794
399266,0.031876553
399289,0.05551763
399293,0.037391488
399299,0.02549313
399306,0.008545122
399321,0.01502116
399328,0.020619126
399344,0.019335713
399352,0.040063675
399358,0.034906395
399374,0.1353975
399382,0.24605265
399385,0.051491484
399388,0.022564452
399399,0.014398276
399410,0.008967227
399417,0.008951439
399423,0.026893206
399427,0.01308159
399429,0.044497844
399435,0.040725887
399439,0.056688853
399451,0.08741503
399454,0.025963403
399458,0.07350318
399468,0.018196916
399477,0.064051054
399483,0.12052063
399493,0.014166851
399494,0.055169255
399499,0.03520575
399503,0.052365176
399510,0.030729547
399511,0.023841763
399525,0.036283396
399528,0.05493115
399533,0.04986115
399538,0.12285091
399551,0.079549536
399568,0.20622517
399571,0.02374142
399585,0.010259486
399589,0.114254594
399595,0.012221141
399598,0.010521731
399605,0.061429355
399616,0.049524814
399617,0.019799285
399622,0.012138613
399627,0.14015333
399635,0.112621166
399639,0.5225654
399641,0.06134317
399643,0.04342667
399659,0.01226276
399667,0.06456394
399683,0.044292223
399702,0.078729145
399706,0.13975292
399720,0.017532155
399727,0.123847365
399730,0.25799462
399734,0.05159593
399751,0.039228007
399754,0.19026098
399759,0.106733635
399768,0.039049234
399770,0.1455878
399781,0.08959927
399786,0.15823142
399799,0.037171002
399811,0.0090129
399813,0.022207886
399820,0.0606761
399832,0.017387612
399851,0.13773353
399853,0.013749703
399855,0.03315259
399860,0.06539602
399876,0.20887107
399877,0.041542616
399881,0.018350713
399882,0.046664484
399903,0.025752597
399906,0.10164961
399912,0.14861077
399915,0.078305796
399921,0.027676243
399935,0.076885335
399936,0.09993859
399938,0.046603665
399939,0.026949653
399940,0.009840081
399949,0.102760404
399953,0.0034267497
399959,0.15453202
399968,0.026711466
399969,0.0148824705
399972,0.053845514
399974,0.012640514
399976,0.041929822
399979,0.049944643
399988,0.07607345
399994,0.27094176
399996,0.0658672
399997,0.05475053
400000,0.029593859
400004,0.025052072
400011,0.053858235
400014,0.4252061
400015,0.023062708
400017,0.044989895
400046,0.044926252
400063,0.0488192
400065,0.022980288
400069,0.015554546
400075,0.0125103295
400088,0.015905079
400091,0.031120582
400105,0.030489987
400108,0.18452217
400113,0.07260417
400119,0.042888414
400123,0.040645532
400127,0.02506299
400136,0.052091647
400137,0.1669812
400138,0.112249814
400158,0.10848071
400172,0.027200878
400174,0.03509847
400224,0.061206955
400229,0.08928364
400236,0.40565088
400240,0.015599653
400249,0.011351034
400258,0.07555744
400268,0.10180448
400272,0.013990261
400284,0.062435694
400292,0.026995402
400295,0.054466836
400308,0.064901024
400314,0.10925968
400315,0.014704139
400331,0.23928878
400332,0.03666719
400339,0.020122182
400342,0.051067866
400361,0.056407083
400363,0.049619734
400365,0.017536681
400374,0.056626428
400379,0.019490581
400382,0.015889479
400416,0.045411587
400422,0.03267797
400436,0.031656954
400460,0.07786168
400462,0.27623242
400468,0.10259125
400482,0.07409287
400489,0.043355346
400490,0.061083686
400501,0.013007996
400519,0.046403203
400525,0.33058316
400526,0.0073527913
400529,0.12517075
400540,0.0485133
400543,0.053791158
400545,0.058679327
400556,0.05114031
400572,0.0893488
400584,0.013193797
400589,0.028259918
400593,0.21187146
400597,0.04150666
400616,0.061881203
400642,0.046996813
400643,0.039099067
400649,0.022387652
400672,0.07102133
400685,0.013405299
400693,0.10583741
400695,0.11383299
400701,0.020349225
400720,0.02137763
400741,0.057658665
400745,0.072507404
400750,0.018056704
400779,0.14541179
400784,0.029950097
400792,0.061743412
400800,0.020038076
400811,0.0473569
400813,0.27484226
400820,0.0059667397
400830,0.018484572
400833,0.040776353
400834,0.023542797
400841,0.012284252
400855,0.22876376
400856,0.115680024
400860,0.013375904
400866,0.04948483
400869,0.03895969
400870,0.10439042
400880,0.03212485
400882,0.03401634
400915,0.06501241
400921,0.108784154
400923,0.07103571
400925,0.018559735
400936,0.050389
400943,0.12390836
400962,0.00974562
400963,0.058492552
400967,0.0147447325
400970,0.089135915
400975,0.017992916
400981,0.14262426
400983,0.35309356
400987,0.019217068
400988,0.019251686
400994,0.06353112
400998,0.18260553
401002,0.040887274
401003,0.12172592
401005,0.043316863
401007,0.03185584
401022,0.1701391
401029,0.3173356
401035,0.021427501
401036,0.103146926
401040,0.013328188
401045,0.050595697
401053,0.032463677
401065,0.028218448
401067,0.11972383
401069,0.020680886
401073,0.091644146
401074,0.11754504
401078,0.050146464
401082,0.34906077
401086,0.03712937
401092,0.06367248
401097,0.023819374
401098,0.013369507
401099,0.16084126
401100,0.09080235
401107,0.04934383
401119,0.1318383
401120,0.015547764
401137,0.1646041
401142,0.15928221
401162,0.032676067
401163,0.19388898
401172,0.02384008
401179,0.086214006
401182,0.06137302
401184,0.10943987
401190,0.023411604
401207,0.018709976
401210,0.020972546
401220,0.031869322
401225,0.021471277
401230,0.18504743
401240,0.012802507
401246,0.048351567
401256,0.18019472
401273,0.024577387
401274,0.04792885
401287,0.041652255
401292,0.06968384
401305,0.13464051
401310,0.006552
401311,0.06457294
401321,0.024637505
401332,0.041958213
401338,0.023250045
401345,0.025703806
401368,0.093701966
401375,0.4414942
401378,0.02006349
401379,0.037262525
401395,0.028365979
401403,0.04650887
401406,0.010735077
401415,0.0680855
401424,0.050788425
401425,0.015554868
401428,0.16828373
401430,0.050099187
401436,0.026565732
401440,0.04052774
401443,0.06077343
401447,0.023474345
401448,0.03561229
401450,0.0079859095
401459,0.022362648
401462,0.026021525
401470,0.32622793
401479,0.09630794
401481,0.01303545
401486,0.06829327
401496,0.022551058
401497,0.051782496
401502,0.020246843
401508,0.045465417
401513,0.113529116
401517,0.3486066
401519,0.37957284
401533,0.2253286
401536,0.27750897
401547,0.016636707
401581,0.047066927
401582,0.033340722
401586,0.03850547
401593,0.18283553
401603,0.04463842
401621,0.12753783
401625,0.052725665
401635,0.39894232
401646,0.03077203
401649,0.039144408
401660,0.07288814
401668,0.10598477
401686,0.009014079
401706,0.18822026
401712,0.07298043
401721,0.032537334
401725,0.087091595
401730,0.3657046
401741,0.0044509294
401743,0.022448167
401748,0.051600233
401751,0.019132268
401770,0.042270612
401791,0.014376381
401792,0.075759895
401808,0.17613658
401816,0.008522888
401820,0.11357119
401821,0.027936433
401828,0.010001019
401830,0.120756775
401832,0.022525264
401839,0.041607454
401852,0.009031569
401868,0.012610389
401876,0.025807453
401879,0.20810108
401882,0.008866095
401894,0.03644726
401899,0.15875794
401901,0.23954098
401913,0.03038613
401919,0.02023664
401920,0.03382625
401923,0.010203669
401924,0.14012095
401932,0.13536504
401942,0.4271035
401949,0.056264915
401950,0.12575674
401951,0.02029576
401952,0.06446949
401971,0.19566612
401972,0.032515593
401973,0.048249874
401974,0.052515775
401983,0.051014915
401984,0.016804656
401988,0.018253457
401989,0.07943162
401990,0.02486183
402024,0.096528634
402029,0.051983736
402030,0.19408351
402041,0.037503034
402042,0.062994756
402043,0.026366644
402052,0.080307566
402053,0.010667799
402054,0.022163818
402057,0.08303683
402067,0.013510307
402068,0.0052373186
402069,0.16373615
402070,0.055927545
402071,0.025446257
402073,0.014093318
402074,0.038084935
402075,0.16896257
402076,0.030680025
402077,0.023415009
402078,0.19662446
402079,0.14833629
402080,0.017762436
402081,0.0055527072
402082,0.049972955
402089,0.14103796
402090,0.038753424
402091,0.08429417
402092,0.03567526
402094,0.07198607
402095,0.012283714
402096,0.044345498
402109,0.040646788
402151,0.050874054
402152,0.05862012
402153,0.04921805
402155,0.029484177
402201,0.014780185
402210,0.06811401
402212,0.047439866
402218,0.02419291
402227,0.12981324
402234,0.07711807
402236,0.029972376
402242,0.07564423
402243,0.03276977
402244,0.29084426
402245,0.007690387
402250,0.04704149
402251,0.06728352
402254,0.12092945
402255,0.22622018
402256,0.074024945
402257,0.14025486
402258,0.123088166
402259,0.02693169
402260,0.013727755
402261,0.17773527
402262,0.015528682
402263,0.12950228
402264,0.012985448
402265,0.027582973
402266,0.1269925
402267,0.06629549
402268,0.019589439
402270,0.009754156
402271,0.0083283875
402272,0.06086495
402273,0.02585892
402274,0.028954782
402275,0.06525289
402276,0.046471775
402277,0.053129874
402278,0.026276074
402279,0.059413727
402280,0.017566677
402362,0.11106977
402363,0.021184763
402364,0.03799857
402370,0.011695214
402376,0.026892731
402381,0.09146831
402384,0.05184937
402389,0.028166655
402414,0.03712307
402416,0.0077491286
402417,0.02905403
402420,0.037143257
402426,0.009405314
402436,0.21744056
402444,0.023246652
402447,0.06127033
402449,0.03430249
402454,0.39789766
402458,0.18166122
402460,0.03161149
402466,0.018392928
402475,0.05369399
402498,0.10860189
402502,0.06519053
402505,0.077890895
402509,0.07484182
402513,0.14184305
402517,0.017061494
402519,0.016722586
402522,0.08339895
402523,0.03292431
402525,0.054292083
402528,0.09341609
402534,0.10120047
402536,0.044974398
402542,0.0523152
402548,0.17912659
402552,0.12530251
402559,0.047568403
402563,0.02630599
402568,0.058164373
402573,0.099068426
402574,0.037629087
402575,0.07404531
402577,0.04107109
402602,0.015278996
402603,0.066404946
402604,0.034491338
402614,0.15835844
402615,0.04518924
402616,0.015200131
402617,0.21452424
402618,0.115019456
402619,0.015329167
402639,0.023190923
402640,0.06375213
402641,0.29964983
402642,0.014317946
402643,0.016836522
402644,0.05128797
402645,0.045518816
402649,0.018494463
402650,0.18786573
402653,0.056451775
402654,0.011999084
402655,0.25068828
402656,0.10407252
402657,0.033924848
402658,0.015444755
402659,0.034481794
402662,0.014760299
402696,0.005982289
402705,0.018566417
402707,0.07690488
402708,0.19543062
402709,0.024237668
402729,0.09936873
402730,0.04937276
402732,0.0756181
402739,0.036540147
402740,0.11039199
402741,0.045822587
402744,0.31247592
402745,0.14544563
402746,0.012335624
402772,0.083130084
402773,0.024162624
402774,0.031921647
402780,0.04082503
402781,0.060619276
402782,0.12198949
402790,0.014114621
402803,0.15416126
402808,0.075643495
402809,0.01149003
402810,0.15323682
402811,0.07504241
402815,0.022661468
402820,0.04898394
402821,0.08363655
402822,0.029372321
402824,0.07117188
402825,0.021921938
402870,0.027823139
402875,0.007009575
402924,0.24111387
402925,0.016757332
402926,0.006865761
402927,0.036220513
402928,0.04087166
402929,0.0576365
402930,0.08838815
402931,0.02631648
402932,0.020799901
402933,0.19268642
402940,0.031202408
402953,0.029732157
402954,0.049604725
402955,0.03489939
402956,0.042473063
402957,0.028135087
402970,0.01898097
402973,0.07710818
402974,0.058687564
402975,0.01996315
402976,0.09186904
402977,0.01032287
402978,0.056535225
402979,0.19346564
402980,0.17706288
402981,0.070965886
402982,0.059181318
402993,0.15616706
402994,0.06763775
403099,0.01751974
403137,0.012630395
403138,0.04957463
403165,0.032455266
403192,0.22017644
403214,0.052333266
403223,0.012354356
403238,0.04145496
403244,0.062186133
403246,0.018543886
403252,0.088200785
403254,0.08619124
403255,0.009088162
403259,0.07133149
403262,0.057433635
403277,0.032625023
403280,0.07057867
403281,0.101153724
403287,0.015525213
403315,0.17478208
403318,0.12117741
403319,0.02365567
403327,0.035016138
403331,0.013275131
403342,0.12075366
403349,0.09545194
403353,0.070326045
403364,0.024488874
403369,0.02104486
403373,0.18481657
403376,0.044047855
403378,0.011519486
403384,0.018355886
403385,0.007206758
403386,0.030843638
403388,0.08691492
403396,0.030739237
403398,0.049378008
403404,0.11999123
403410,0.024071805
403414,0.045067616
403417,0.12231411
403422,0.028154919
403424,0.06635672
403438,0.04808708
403451,0.015449779
403452,0.034201715
403453,0.050534997
403454,0.06458626
403455,0.04785488
403464,0.051335428
403465,0.07395271
403466,0.012373834
403500,0.10566668
403501,0.07507484
403524,0.19586356
403525,0.118409336
403526,0.006651152
403527,0.03855599
403542,0.11412933
403543,0.023886751
403549,0.013789949
403550,0.020260723
403551,0.13994277
403552,0.14953054
403553,0.02169368
403554,0.044472616
403558,0.008444585
403559,0.04096754
403560,0.5173263
403561,0.25966325
403562,0.11054488
403564,0.06810864
403565,0.028201181
403566,0.015075588
403600,0.09114318
403602,0.046498638
403603,0.06057651
403662,0.010667155
403685,0.04388152
403686,0.002725536
403687,0.00976174
403688,0.1743309
403689,0.5050883
403690,0.49452245
403691,0.0559471
403692,0.034005392
403696,0.016114838
403697,0.1705419
403698,0.008890726
403699,0.16484281
403701,0.15839455
403702,0.12822942
403703,0.12874252
403704,0.054840147
403705,0.020022674
403712,0.047283266
403713,0.028360002
403714,0.2197254
403715,0.047470164
403718,0.033548277
403722,0.18429726
403723,0.03798492
403724,0.05332243
403725,0.01962195
403726,0.013613252
403764,0.0385538
403765,0.029959485
403766,0.10007985
403770,0.17301871
403771,0.016987769
403772,0.1700645
403795,0.06284416
403799,0.024416689
403800,0.044191398
403801,0.009549048
403802,0.18941025
403803,0.27300522
403811,0.027218018
403814,0.023556761
403815,0.025663748
403816,0.015892366
403817,0.019666465
403818,0.014590741
403820,0.03395449
403821,0.046414144
403822,0.10023641
403823,0.00916288
403824,0.08980249
403825,0.008411319
403826,0.007554745
403828,0.038917147
403834,0.022348909
403836,0.14129134
403837,0.070029706
403838,0.031166313
403839,0.037627347
403873,0.049607858
403876,0.0598631
403902,0.03089789
403918,0.038846973
403922,0.041219
403928,0.15440975
403929,0.11281013
403931,0.010422538
403932,0.015685514
403933,0.019799119
403935,0.026899658
403936,0.14738157
403937,0.045725767
403938,0.027898498
403943,0.05708363
403944,0.05412714
403945,0.03321791
403946,0.12072292
403948,0.14188291
403951,0.12755293
403955,0.05953172
403956,0.0981458
403957,0.15372212
403958,0.046430726
403960,0.13799849
403961,0.01865792
403962,0.23855838
403963,0.009026752
403964,0.096862294
403965,0.050793838
403966,0.09316422
403967,0.046146315
403968,0.24969725
403969,0.043293394
403970,0.05156915
403971,0.046439026
403972,0.2840584
403973,0.10343613
403974,0.2859031
403975,0.01638361
403976,0.015250741
403977,0.10089238
403978,0.043191392
403979,0.0049252934
403980,0.21319015
403981,0.017668208
403982,0.0075043174
404062,0.06086676
404067,0.015322677
404070,0.022789465
404079,0.020649537
404084,0.021790994
404108,0.1252512
404112,0.042928133
404118,0.11526222
404121,0.015274799
404122,0.08662137
404126,0.049288835
404140,0.024673231
404152,0.10001544
404156,0.2598277
404158,0.05332101
404160,0.036429096
404172,0.008582596
404174,0.04047928
404180,0.055764135
404186,0.022158116
404190,0.08015137
404192,0.025449816
404206,0.024356788
404207,0.16974781
404213,0.09465022
404216,0.12701571
404220,0.07152968
404227,0.0293194
404235,0.02556553
404247,0.2271079
404259,0.006282027
404266,0.13299964
404267,0.10823513
404274,0.34603122
404276,0.10765594
404277,0.008892452
404278,0.065073945
404279,0.018533155
404280,0.06230058
404287,0.060850184
404288,0.1748147
404289,0.0053486237
404290,0.2356599
404291,0.0065187
404293,0.08379927
404302,0.054008707
404303,0.028963538
404304,0.08732357
404307,0.06257745
404308,0.02586564
404309,0.18631046
404310,0.13830402
404311,0.34677666
404312,0.16231872
404323,0.021747598
404324,0.023346812
404325,0.061863534
404326,0.04338148
404327,0.20505644
404328,0.017225608
404329,0.011747351
404330,0.06662128
404331,0.02590846
404335,0.08948294
404336,0.074356794
404337,0.2165424
404364,0.20693474
404379,0.04257262
404380,0.46277064
404381,0.31870085
404382,0.07023024
404385,0.020758573
404390,0.022190513
404391,0.035283178
404392,0.19230361
404393,0.03407278
404396,0.06608735
404400,0.012438595
404401,0.019928547
404402,0.042338938
404403,0.28306818
404404,0.10056178
404405,0.19311213
404406,0.010564939
404437,0.07163714
404439,0.07162805
404461,0.27756912
404462,0.124024995
404464,0.0129072955
404468,0.17090988
404469,0.052171994
404470,0.06177251
404471,0.012836045
404472,0.069230676
404473,0.02275835
404474,0.031921476
404475,0.052850492
404477,0.042532057
404478,0.038795177
404554,0.054213885
404555,0.026858304
404556,0.019345922
404557,0.024082221
404569,0.0495087
404571,0.023795571
404585,0.06627341
404586,0.022751495
404592,0.0975671
404595,0.00720901
404596,0.10086493
404597,0.041267704
404603,0.15039124
404606,0.07077083
404607,0.09326693
404608,0.03286906
404609,0.03500652
404620,0.12045629
404689,0.03705877
404708,0.013518973
404734,0.11550515
404771,0.08707605
404806,0.013883656
404818,0.028553575
404850,0.012344371
404870,0.065831006
404923,0.017552026
404934,0.14734043
404938,0.03810945
404954,0.021991882
404957,0.0726591
404963,0.050741185
404964,0.011569333
404969,0.13929583
404970,0.08425563
404979,0.02146515
404997,0.008276046
404998,0.0345578
405009,0.08091247
405016,0.01568628
405018,0.013200417
405035,0.10385886
405036,0.02264328
405038,0.17955552
405047,0.02207027
405055,0.028092926
405060,0.08464686
405066,0.0531816
405081,0.030826522
405084,0.28247744
405089,0.16926196
405098,0.034970876
405100,0.0664453
405114,0.0125482455
405118,0.050406214
405119,0.14770268
405120,0.037231497
405121,0.06769387
405124,0.031802382
405125,0.07610325
405132,0.024235172
405179,0.011012937
405193,0.055157896
405194,0.179613
405195,0.01679003
405206,0.019869125
405207,0.019856399
405211,0.010166591
405215,0.0059451847
405217,0.17414501
405219,0.048717506
405220,0.08890977
405231,0.045251444
405232,0.07973288
405291,0.033553194
405316,0.055984195
405317,0.052038755
405318,0.04371056
405319,0.02374816
405320,0.051280245
405325,0.009047305
405326,0.012336187
405333,0.043672923
405334,0.096578866
405349,0.31493562
405351,0.068755865
405353,0.03746565
405354,0.4216586
405361,0.069701724
405362,0.014523672
405363,0.13670966
405364,0.23325904
405365,0.062022798
405366,0.10315028
405372,0.17190206
405397,0.009372164
405402,0.06963855
405409,0.045103706
405410,0.25385842
405411,0.0274072
405412,0.01479132
405435,0.013726741
405436,0.03144781
405438,0.009763478
405442,0.026563223
405443,0.21628293
405444,0.033054706
405445,0.053645052
405446,0.035008833
405468,0.015756961
405489,0.15156248
405490,0.08466158
405498,0.00978279
405509,0.031537566
405510,0.0069615636
405511,0.06320525
405512,0.009696665
405517,0.038171202
405518,0.07471553
405523,0.020498728
405544,0.02642949
405546,0.07581041
405552,0.14278343
405583,0.021208595
405592,0.023535043
405599,0.022315301
405602,0.025170183
405607,0.011891433
405613,0.11717183
405620,0.24094348
405624,0.075977504
405625,0.04051667
405626,0.015702713
405632,0.04508425
405633,0.031902485
405637,0.12639917
405640,0.042710684
405642,0.07061367
405646,0.01571583
405647,0.025943423
405650,0.28286445
405653,0.08489632
405654,0.04900268
405660,0.084032685
405666,0.078715764
405667,0.10824569
405668,0.018002527
405669,0.051850002
405671,0.08465305
405672,0.009552035
405673,0.028261753
405674,0.060688745
405675,0.034109082
405676,0.054115437
405677,0.019594772
405679,0.013543592
405680,0.20484807
405682,0.048481043
405683,0.023395848
405684,0.03407697
405685,0.11689346
405687,0.016067201
405689,0.014950878
405690,0.026887234
405691,0.19643404
405692,0.033601698
405693,0.07407543
405695,0.04511073
405696,0.05226976
405697,0.017308
405698,0.09630064
405699,0.016165774
405700,0.25776142
405701,0.16379604
405702,0.17533748
405761,0.045084756
405765,0.04207165
405769,0.034173235
405784,0.10057923
405811,0.011427483
405814,0.016994484
405816,0.12703224
405818,0.09090087
405821,0.014813385
405822,0.009518794
405838,0.029193452
405841,0.021972634
405846,0.035855737
405855,0.03439385
405857,0.020353783
405858,0.11162516
405860,0.056222722
405861,0.17739427
405871,0.039161228
405879,0.010263466
405880,0.017326737
405886,0.02570885
405901,0.023716351
405904,0.039994508
405905,0.012727854
405906,0.03227879
405927,0.017111218
405930,0.06595984
405944,0.024720948
405946,0.0072029755
405954,0.2055526
405963,0.019504078
405964,0.0041628666
405965,0.016820878
405966,0.06543589
405970,0.020462982
405971,0.049584415
405992,0.04666685
405996,0.01798129
405999,0.01066481
406002,0.08354025
406003,0.022925878
406004,0.0165799
406005,0.031006396
406006,0.10158758
406007,0.21718259
406008,0.1800172
406028,0.013540503
406029,0.043315947
406043,0.038101707
406044,0.018233562
406045,0.20688833
406046,0.09185073
406048,0.018304683
406050,0.03404527
406051,0.022448545
406052,0.1796155
406053,0.13944148
406077,0.035012722
406082,0.10552635
406083,0.25970888
406084,0.033800848
406098,0.018921524
406099,0.04874686
406100,0.1915515
406113,0.110866755
406114,0.03971809
406115,0.10112139
406116,0.037241317
406117,0.009122831
406127,0.037546415
406128,0.0700963
406129,0.1001714
406132,0.017518172
406133,0.02907871
406134,0.038656816
406135,0.29891732
406136,0.040262662
406137,0.11245034
406138,0.08041789
406139,0.070840664
406142,0.08977906
406143,0.24063972
406175,0.050881628
406176,0.061887223
406177,0.01827911
406194,0.026641257
406195,0.021466706
406208,0.046384703
406210,0.03122045
406216,0.091898814
406217,0.063545994
406227,0.022613792
406228,0.01613942
406253,0.035690185
406254,0.0060017635
406260,0.06801232
406267,0.06763136
406269,0.0065927966
406276,0.39202482
406277,0.04109353
406279,0.016742937
406288,0.015082195
406297,0.09673458
406308,0.16474073
406310,0.20012635
406320,0.015929697
406336,0.018473204
406352,0.012267572
406365,0.06266852
406369,0.05608135
406371,0.06736959
406401,0.07449642
406408,0.046308566
406409,0.008153159
406475,0.30826905
406492,0.06272334
406510,0.08838915
406519,0.08092424
406565,0.20247073
406584,0.079949334
406596,0.02316197
406598,0.009311292
406605,0.09069167
406609,0.030977212
406610,0.10097366
406611,0.013820806
406654,0.0856239
406670,0.08082836
406675,0.10773396
406681,0.04497356
406682,0.008410321
406695,0.037794467
406697,0.05455509
406712,0.11947354
406719,0.03020555
406725,0.103458256
406734,0.028243683
406743,0.14942338
406778,0.10836125
406784,0.08142575
406786,0.06060203
406791,0.0634386
406792,0.042307075
406803,0.16709484
406812,0.038310185
406813,0.040491033
406814,0.040309083
406841,0.07779819
406842,0.066089526
406843,0.015304967
406848,0.12170748
406861,0.046892468
406862,0.1468655
406863,0.003003138
406864,0.025305212
406865,0.05743407
406871,0.09657903
406872,0.10072985
406873,0.13090599
406893,0.067404956
406919,0.0610441
406920,0.033590257
406921,0.1297986
406923,0.15888609
406924,0.1194146
406925,0.007293941
406926,0.042072784
406927,0.20789923
406936,0.005924112
406937,0.31049812
406938,0.014581372
406939,0.024671389
406940,0.06823507
406941,0.025100252
406952,0.035027236
406953,0.077741444
406954,0.09104433
406962,0.056231927
406963,0.29772276
406964,0.034222882
406965,0.19732909
406966,0.050507106
406967,0.02310813
406968,0.16919565
406969,0.1495202
406970,0.030220248
406971,0.07647072
406972,0.2093582
406973,0.023549091
406974,0.070886545
406975,0.06030354
406976,0.016349282
406977,0.01592155
406985,0.034012888
406987,0.028080976
407025,0.10433715
407031,0.04250353
407033,0.18985021
407039,0.086082
407041,0.030299045
407044,0.086425
407046,0.025005419
407053,0.02366217
407061,0.017779583
407069,0.022743676
407070,0.09632814
407072,0.025639825
407073,0.03442963
407081,0.097852305
407082,0.08213227
407088,0.01518353
407091,0.09595521
407097,0.008521679
407104,0.18332319
407105,0.2865118
407106,0.0301933
407121,0.029869014
407128,0.016959263
407137,0.018375674
407144,0.15327895
407145,0.21335687
407154,0.07655739
407162,0.018323984
407164,0.0709973
407168,0.2437521
407203,0.051705834
407210,0.15713377
407215,0.03507297
407218,0.020806171
407228,0.009969136
407262,0.06396866
407274,0.3122139
407280,0.27178624
407288,0.018514156
407298,0.021218615
407299,0.20170228
407302,0.11282926
407303,0.1638031
407305,0.23131432
407306,0.1752984
407307,0.038262464
407313,0.00729746
407314,0.011859226
407315,0.019298049
407316,0.01710721
407322,0.06066661
407323,0.04124686
407324,0.037694946
407325,0.039231017
407329,0.11539005
407330,0.15901628
407332,0.11896167
407333,0.109876774
407334,0.019776274
407335,0.15987454
407336,0.05621123
407337,0.13539872
407338,0.053261854
407339,0.014840339
407340,0.013760189
407341,0.07711427
407342,0.01984233
407343,0.10137097
407344,0.03863262
407345,0.020190021
407346,0.12600374
407353,0.061420202
407364,0.039144676
407365,0.030903595
407366,0.034806672
407370,0.05120143
407373,0.12913233
407376,0.14312716
407386,0.008671779
407388,0.013210048
407391,0.016582374
407393,0.035919636
407427,0.01920514
407452,0.074154764
407454,0.028098132
407457,0.019053912
407462,0.021720402
407463,0.031263497
407468,0.12423378
407469,0.18656191
407478,0.04942612
407482,0.044996217
407487,0.09822422
407489,0.13482074
407498,0.37181112
407516,0.14249094
407519,0.042770196
407528,0.13023865
407532,0.35822734
407534,0.14143077
407543,0.025699683
407546,0.2840979
407550,0.035044894
407555,0.026059596
407558,0.038043126
407587,0.019409526
407588,0.019635791
407594,0.09182603
407596,0.039307825
407598,0.04428432
407602,0.059061266
407605,0.06288554
407613,0.08298861
407619,0.27081293
407625,0.03728718
407627,0.019399898
407629,0.13918386
407631,0.020435195
407633,0.03585231
407636,0.06279193
407645,0.40167955
407648,0.037000526
407669,0.009767347
407674,0.008113611
407675,0.088305436
407676,0.03232522
407677,0.09312904
407678,0.15824375
407679,0.039829202
407680,0.09192707
407681,0.05571079
407682,0.08118827
407684,0.105402015
407692,0.04984258
407693,0.29161975
407694,0.07861644
407695,0.011523994
407696,0.07387269
407697,0.10581977
407698,0.065910675
407699,0.08146427
407702,0.019607311
407703,0.08939066
407725,0.11883334
407726,0.10445018
407729,0.1407768
407731,0.015196384
407745,0.09233985
407749,0.037224516
407750,0.014651527
407751,0.09686745
407752,0.36686832
407753,0.2697349
407754,0.07140942
407755,0.12142812
407756,0.014333103
407765,0.031103976
407766,0.034141026
407767,0.03238087
407768,0.03344995
407773,0.04873775
407774,0.049530905
407778,0.1607193
407779,0.08188587
407780,0.25894642
407781,0.05864948
407782,0.011012615
407783,0.12999283
407784,0.06525622
407825,0.09648059
407826,0.0107315825
407828,0.041861128
407829,0.012832922
407830,0.14183126
407831,0.012978894
407832,0.03237393
407838,0.029757809
407839,0.0827465
407840,0.026308157
407841,0.086854085
407842,0.057229985
407855,0.11138387
407857,0.058408745
407881,0.085299954
407882,0.09990798
407885,0.012369615
407915,0.018773567
407916,0.01703689
407918,0.16909546
407919,0.13145141
407920,0.018995102
407921,0.095421135
407922,0.02039917
407927,0.041386053
407934,0.050650775
407941,0.07453566
407942,0.039017476
407943,0.02498593
407944,0.03257769
407946,0.045687187
407947,0.021600634
407952,0.009559128
407955,0.050627314
407978,0.07471813
407986,0.0222933
408003,0.118632294
408006,0.023386998
408008,0.015007317
408015,0.03807504
408016,0.064596705
408028,0.16611992
408035,0.023926953
408042,0.038441867
408044,0.39856634
408052,0.0068343915
408053,0.06516156
408056,0.021350205
408068,0.031656656
408071,0.03654614
408074,0.032949492
408085,0.08291518
408089,0.009556185
408091,0.05393434
408098,0.03545786
408106,0.039300136
408108,0.24614602
408116,0.15640077
408126,0.038423523
408130,0.11032247
408135,0.02450193
408148,0.021259718
408168,0.088121645
408170,0.073590755
408172,0.052612998
408176,0.029640192
408181,0.06952217
408191,0.008563139
408194,0.06881682
408213,0.08104425
408248,0.028157111
408249,0.006612623
408250,0.028391303
408256,0.22252421
408261,0.046395734
408262,0.07034414
408268,0.0847968
408269,0.028065259
408273,0.035286523
408280,0.07591456
408286,0.038645145
408347,0.07360364
408349,0.008829301
408350,0.014023807
408351,0.031345386
408352,0.02565846
408355,0.024538817
408356,0.044902317
408357,0.05591975
408384,0.058355007
408385,0.022086954
408386,0.08150307
408387,0.012309561
408388,0.019870989
408389,0.04780179
408390,0.054181255
408391,0.12935
408392,0.15358718
408393,0.029593317
408398,0.02401092
408399,0.016833887
408400,0.022591865
408405,0.06221061
408406,0.014400522
408437,0.013464285
408459,0.023999989
408460,0.08584246
408463,0.0935263
408467,0.011313882
408468,0.07509032
408471,0.029313602
408477,0.1295415
408478,0.018570922
408479,0.009985309
408481,0.012758425
408482,0.025090355
408483,0.020701341
408484,0.04751019
408485,0.036426686
408486,0.019996302
408489,0.10154626
408490,0.020688502
408504,0.012582461
408506,0.05720463
408508,0.10044133
408514,0.015642108
408515,0.05386347
408516,0.07703356
408517,0.081291676
408518,0.0720607
408523,0.06790932
408524,0.022801723
408525,0.011355728
408526,0.16986492
408531,0.035839528
408579,0.009115847
408580,0.049416196
408581,0.013995425
408599,0.08839442
408615,0.10388183
408616,0.0140250465
408617,0.113124534
408619,0.0098683685
408622,0.10947389
408624,0.08967555
408625,0.03637354
408626,0.019155594
408627,0.063342005
408651,0.01913111
408658,0.013621995
408659,0.22616051
408660,0.10935815
408661,0.0060030296
408662,0.09993056
408688,0.020320598
408689,0.49360445
408690,0.027805528
408695,0.024800334
408696,0.058665216
408701,0.046696253
408702,0.02348781
408705,0.03294841
408728,0.11103915
408742,0.024405878
408759,0.036780287
408766,0.058129523
408768,0.11985893
408774,0.026958354
408775,0.23578665
408780,0.016624821
408790,0.05377177
408791,0.02049154
408792,0.045216177
408794,0.04386588
408797,0.06564334
408808,0.0478871
408830,0.054758545
408857,0.009968547
408863,0.0935098
408874,0.22269127
408880,0.075926155
408885,0.036806125
408890,0.027558658
408898,0.07199689
408902,0.02771813
408903,0.009655246
408905,0.04729653
408908,0.011171677
408911,0.004974959
408921,0.09978155
408932,0.027055599
408933,0.0901124
408935,0.28842118
408960,0.18367706
408968,0.019952938
408985,0.016118603
408986,0.034764957
408990,0.03935528
408993,0.05764186
409001,0.0470984
409003,0.014279302
409008,0.030220617
409010,0.07877909
409015,0.0135542415
409017,0.07367718
409028,0.011024561
409034,0.015840877
409035,0.021573849
409041,0.04107295
409054,0.051147956
409057,0.015115941
409064,0.036397047
409065,0.5075107
409066,0.03528374
409068,0.046275318
409076,0.018127
409080,0.036386773
409083,0.053772256
409084,0.042660773
409085,0.04660055
409088,0.012505695
409105,0.09881638
409121,0.011440563
409123,0.30149105
409133,0.045294233
409153,0.03598397
409156,0.02093945
409157,0.25820118
409158,0.047690224
409163,0.14282322
409167,0.07987026
409168,0.1332103
409169,0.042031486
409172,0.10376776
409173,0.011221163
409174,0.0059308917
409175,0.01618934
409192,0.32567447
409193,0.19848889
409197,0.027927676
409204,0.013120728
409206,0.021045577
409208,0.044552665
409209,0.039709285
409212,0.1495581
409213,0.03789385
409214,0.098557524
409217,0.021557545
409218,0.044803966
409220,0.039190248
409221,0.035098735
409227,0.019451221
409228,0.011645099
409229,0.06501741
409230,0.17297636
409259,0.05187163
409261,0.037289765
409269,0.11859019
409277,0.034680687
409278,0.010256266
409285,0.15001607
409286,0.027527934
409287,0.103684865
409293,0.02631427
409297,0.009525374
409298,0.031327173
409299,0.025122106
409340,0.02452453
409377,0.06313363
409383,0.062084712
409384,0.01589417
409409,0.028664542
409412,0.014133326
409413,0.13072653
409414,0.19907132
409415,0.02938391
409423,0.067486934
409428,0.04905686
409429,0.0060785483
409430,0.049112156
409431,0.0131058
409432,0.13528055
409433,0.024770299
409434,0.2231009
409442,0.24095064
409443,0.27442756
409446,0.019985983
409463,0.026441552
409482,0.016057676
409507,0.12014465
409508,0.0692337
409509,0.010314193
409514,0.06528442
409535,0.032132417
409536,0.061332494
409537,0.03830406
409538,0.017443465
409541,0.047673833
409542,0.023867197
409543,0.041380994
409545,0.07005925
409550,0.013205636
409551,0.022587296
409552,0.10082965
409553,0.28046057
409558,0.061895844
409563,0.027215308
409574,0.034773905
409607,0.09604584
409608,0.1989809
409628,0.006409339
409632,0.15250185
409633,0.16127266
409636,0.11602073
409676,0.03206992
409691,0.056232765
409694,0.11268603
409707,0.03558724
409723,0.01809319
409741,0.022498805
409743,0.08326981
409747,0.05946091
409773,0.0644764
409777,0.22382332
409778,0.15646577
409804,0.10465656
409805,0.0075281602
409812,0.024347527
409817,0.026437955
409836,0.05323225
409846,0.1392883
409850,0.09948739
409852,0.013885798
409861,0.27066085
409864,0.20558879
409871,0.052472852
409891,0.029868891
409896,0.019557316
409917,0.07983307
409918,0.019097682
409923,0.06449405
409941,0.010998306
409949,0.09403144
409953,0.014030705
409958,0.017362643
409972,0.067379
409979,0.15112212
409983,0.13815734
409984,0.06874706
409985,0.0074424776
409986,0.08347005
409994,0.14713205
409999,0.045306366
410019,0.12453059
410024,0.026174586
410025,0.028434642
410039,0.02131053
410044,0.21173674
410045,0.039588463
410046,0.05557686
410047,0.026164979
410048,0.02916772
410065,0.03603715
410066,0.19895947
410073,0.019218313
410087,0.023256326
410089,0.13757502
410092,0.031973176
410093,0.16014932
410094,0.037169356
410095,0.02837242
410096,0.063550636
410101,0.07514815
410102,0.03592967
410103,0.02386203
410107,0.013291855
410110,0.064606555
410111,0.039433364
410112,0.16964668
410142,0.020948246
410143,0.02360729
410161,0.076800585
410162,0.08610496
410165,0.0149837565
410166,0.18662086
410167,0.12666339
410184,0.10770524
410185,0.025943061
410186,0.012297844
410187,0.061565083
410223,0.046068467
410256,0.27373844
410257,0.16142929
410258,0.017107025
410259,0.0076643624
410269,0.2170993
410270,0.029707571
410273,0.040458996
410274,0.057978828
410275,0.021995379
410276,0.18840508
410277,0.06332963
410295,0.017708242
410296,0.016294511
410297,0.11583942
410298,0.042315856
410300,0.037134577
410301,0.025044324
410302,0.1335672
410303,0.03348766
410304,0.018321507
410305,0.018091701
410306,0.08904809
410307,0.06821646
410308,0.09830939
410309,0.0475431
410316,0.011356573
410317,0.085605495
410358,0.20717396
410359,0.01742632
410360,0.031930957
410368,0.12496745
410369,0.09920208
410370,0.032569848
410372,0.022777101
410373,0.010291614
410378,0.2510303
410379,0.029243859
410380,0.14850606
410387,0.25557983
410388,0.34218913
410389,0.02911057
410390,0.026701469
410405,0.029239658
410411,0.010988917
410416,0.019837415
410418,0.050584637
410424,0.17264798
410429,0.04193716
410438,0.025140055
410442,0.040135056
410448,0.009157837
410456,0.0442874
410464,0.028415391
410467,0.10203672
410473,0.11074792
410476,0.012576401
410479,0.14581166
410499,0.09773577
410526,0.050705597
410528,0.033267308
410546,0.2391782
410564,0.01806012
410567,0.02188841
410571,0.16616793
410572,0.17104238
410573,0.061747126
410577,0.039964683
410581,0.058028113
410587,0.055843905
410588,0.02446548
410595,0.040916335
410602,0.014789889
410606,0.0315574
410616,0.021936731
410624,0.1800159
410626,0.057714805
410637,0.028874893
410660,0.046185676
410661,0.020816335
410663,0.02435075
410664,0.09884086
410669,0.044528194
410675,0.019270314
410679,0.17653646
410684,0.019828228
410689,0.01915652
410693,0.021540754
410697,0.012688052
410698,0.02318819
410699,0.026633205
410706,0.0475027
410710,0.051684726
410712,0.014444967
410716,0.028836379
410725,0.0782917
410735,0.08015067
410742,0.040072728
410745,0.014042227
410746,0.0071666255
410751,0.042160235
410753,0.029396903
410759,0.043569572
410761,0.1576983
410770,0.011447274
410778,0.06835273
410784,0.03344665
410786,0.04331254
410789,0.009110038
410800,0.040438656
410811,0.02352425
410813,0.014874677
410821,0.3412598
410822,0.021577524
410879,0.051340308
410880,0.054492835
410900,0.06792492
410901,0.11493882
410908,0.03920179
410909,0.019237556
410910,0.040643394
410911,0.20103754
410912,0.025205705
410913,0.043104663
410914,0.17665079
410915,0.013197585
410916,0.010761065
410917,0.024551518
410918,0.019210387
410919,0.010788475
410922,0.11308806
410923,0.0430373
410940,0.034469392
410955,0.067371465
410956,0.46975675
410959,0.19078396
410960,0.15580206
410961,0.1692334
410962,0.02880094
410963,0.100293376
410964,0.025195824
410968,0.031447895
410970,0.0083968425
410971,0.058836058
410972,0.10695012
410975,0.036180247
410994,0.07960792
410999,0.12226709
411011,0.16319124
411012,0.06958004
411014,0.10538401
411021,0.014205067
411022,0.20181802
411023,0.09045058
411024,0.16282414
411025,0.016342964
411026,0.24901429
411027,0.11360974
411028,0.018547077
411030,0.16559473
411031,0.04271409
411032,0.03225423
411033,0.05092282
411049,0.023088386
411050,0.03815051
411051,0.11519994
411052,0.060138535
411073,0.06416835
411074,0.020114634
411076,0.04201294
411080,0.020378051
411081,0.023312973
411082,0.00858112
411093,0.12825066
411094,0.08766266
411095,0.041564673
411099,0.010569371
411102,0.03687346
411103,0.17666908
411112,0.027250104
411114,0.05128156
411115,0.029980578
411116,0.115850694
411168,0.06520726
411169,0.29389682
411170,0.08370547
411189,0.023635596
411190,0.02883349
411195,0.050609432
411196,0.10727601
411197,0.036719594
411205,0.010070559
411206,0.08399382
411215,0.06547738
411216,0.019040387
411217,0.031011747
411218,0.09280014
411222,0.008795045
411238,0.008592867
411239,0.016407618
411240,0.059345037
411248,0.00841679
411274,0.1036344
411275,0.05220951
411293,0.015761146
411299,0.05736394
411300,0.008041414
411301,0.038724817
411302,0.1526837
411305,0.11035758
411309,0.0676656
411334,0.0409966
411343,0.061429843
411349,0.016075231
411360,0.057885
411363,0.018438322
411364,0.014738762
411384,0.062160667
411402,0.048573196
411424,0.040269654
411425,0.13968751
411430,0.1726102
411432,0.05185999
411434,0.19815524
411447,0.031002846
411450,0.009568415
411452,0.13803749
411463,0.075872794
411467,0.061080817
411474,0.02136802
411478,0.008871556
411480,0.039311312
411481,0.06491451
411502,0.04559445
411509,0.07610984
411511,0.1929117
411515,0.02504147
411516,0.12771228
411532,0.034495115
411565,0.011508349
411570,0.047552302
411600,0.07391435
411608,0.042318176
411613,0.016080618
411614,0.01566951
411620,0.062102612
411634,0.0082054315
411639,0.0129030375
411645,0.059269127
411648,0.012689397
411660,0.040247086
411668,0.007966116
411672,0.12496248
411673,0.008983633
411674,0.33071363
411675,0.02223515
411676,0.0089048585
411677,0.15072729
411715,0.02684795
411718,0.027492769
411719,0.08643115
411720,0.09239094
411730,0.02487607
411731,0.047311917
411740,0.106369086
411746,0.036830254
411748,0.011814111
411749,0.020948283
411752,0.034232028
411753,0.008713485
411754,0.023351638
411755,0.007574058
411767,0.0054019326
411768,0.06898266
411819,0.19471727
411826,0.16491328
411827,0.049430232
411841,0.0086538885
411842,0.38386092
411843,0.050237577
411844,0.10341125
411845,0.08438135
411846,0.07859418
411850,0.131049
411852,0.08934529
411853,0.069744356
411854,0.021255808
411855,0.033023667
411856,0.054809906
411860,0.094055414
411883,0.023292743
411938,0.020299582
411939,0.08845115
411940,0.02708057
411957,0.18724208
411958,0.04376771
411959,0.051536754
411963,0.01369157
411969,0.015656622
411970,0.03078045
411971,0.028989723
411972,0.11473051
411973,0.02130627
411974,0.034579005
411975,0.020664465
411977,0.06045868
411978,0.2588402
411979,0.14596553
412004,0.045318663
412008,0.020102035
412009,0.05976139
412010,0.01418369
412030,0.09719909
412031,0.03840492
412032,0.012331802
412036,0.021812424
412038,0.028404184
412047,0.04855725
412049,0.36232874
412082,0.02583882
412092,0.22066234
412098,0.11085315
412101,0.09198342
412108,0.30390468
412111,0.06001232
412119,0.059181973
412128,0.018864615
412139,0.071019635
412152,0.116433784
412154,0.02264923
412178,0.12344052
412180,0.063512914
412193,0.0195892
412199,0.030947184
412204,0.028471235
412206,0.01550084
412207,0.018360857
412211,0.041395172
412220,0.0051057176
412221,0.021424435
412229,0.109787256
412234,0.029590778
412235,0.046022315
412236,0.11674388
412251,0.046963394
412262,0.08369412
412270,0.15725845
412280,0.02713813
412289,0.20484397
412305,0.022620063
412310,0.03362781
412345,0.03662508
412348,0.115253285
412361,0.0619384
412367,0.10491685
412368,0.025808556
412370,0.13759601
412372,0.12415303
412377,0.09002352
412380,0.019448088
412382,0.009151328
412391,0.018855745
412393,0.014801441
412411,0.08284706
412412,0.025519194
412415,0.12718387
412416,0.1864376
412422,0.09884147
412428,0.042829074
412430,0.01832909
412436,0.065334275
412447,0.034727354
412451,0.009662575
412456,0.038574018
412470,0.2621198
412472,0.013287035
412478,0.0093908515
412487,0.09044808
412490,0.13973583
412494,0.088450186
412516,0.040566545
412519,0.03917395
412525,0.10980514
412527,0.13775183
412528,0.032594714
412551,0.19298673
412552,0.013140228
412557,0.022746019
412558,0.018728198
412559,0.09475757
412561,0.018314907
412563,0.012463485
412564,0.015752273
412565,0.055536382
412593,0.06897248
412598,0.43392178
412602,0.05591165
412610,0.08915877
412611,0.105677016
412612,0.014256044
412613,0.1181989
412621,0.04737162
412622,0.0054196385
412623,0.065987095
412624,0.14285867
412637,0.038784012
412638,0.17652011
412639,0.14444357
412640,0.01578874
412641,0.016736973
412642,0.035293657
412643,0.117221735
412644,0.1256843
412651,0.048254997
412667,0.023459358
412669,0.1526614
412686,0.29926467
412712,0.011390797
412713,0.10722419
412714,0.0155489035
412715,0.011732569
412720,0.07346418
412728,0.033738676
412738,0.037291408
412739,0.023793012
412740,0.104500264
412741,0.078375325
412753,0.015120635
412754,0.02826839
412762,0.034052752
412764,0.03807373
412765,0.04584178
412775,0.024262108
412776,0.061476693
412777,0.019502658
412778,0.37652636
412800,0.006257938
412801,0.03036892
412802,0.10723364
412829,0.051754463
412854,0.11300802
412855,0.025275696
412861,0.029956277
412862,0.06258868
412863,0.026742604
412883,0.025446264
412884,0.014523931
412886,0.22933875
412898,0.072195284
412899,0.010215561
412900,0.034433886
412922,0.11284249
412941,0.038013063
412959,0.03012009
412967,0.04457435
412980,0.08686525
412997,0.03361294
413016,0.039805647
413017,0.15533018
413027,0.023113783
413034,0.1711104
413038,0.069867015
413054,0.04576641
413059,0.011579349
413065,0.030987922
413073,0.06238899
413075,0.3019908
413081,0.042413756
413089,0.15700436
413091,0.18964374
413094,0.029505948
413104,0.08335306
413107,0.14246655
413110,0.06295691
413113,0.23649964
413117,0.080938585
413124,0.024924917
413126,0.08178104
413137,0.08844225
413145,0.051050372
413146,0.017821759
413147,0.06320011
413150,0.007381241
413159,0.18494456
413160,0.059377313
413172,0.21084936
413179,0.026370248
413181,0.026794227
413185,0.064912744
413188,0.07143321
413197,0.02840925
413208,0.1894449
413215,0.063105896
413216,0.089347966
413219,0.015883597
413232,0.023492167
413237,0.088108025
413243,0.32428202
413249,0.057316825
413262,0.039626
413263,0.07289487
413271,0.103397176
413274,0.031691015
413280,0.060630582
413296,0.090709865
413299,0.10489106
413303,0.031441122
413320,0.12904671
413324,0.016544547
413325,0.060309213
413335,0.058621924
413341,0.117615916
413342,0.020246023
413351,0.13368559
413352,0.030554544
413359,0.029151365
413373,0.13923785
413374,0.09537022
413375,0.019403184
413376,0.029542442
413377,0.1090633
413383,0.026763078
413384,0.08557016
413392,0.032311805
413393,0.099822976
413395,0.059215937
413424,0.053526673
413425,0.03567827
413457,0.023898015
413458,0.043887176
413459,0.12894343
413460,0.011334093
413465,0.030598361
413466,0.16718021
413467,0.026351383
413468,0.016687645
413475,0.1035662
413476,0.12753935
413477,0.36898005
413478,0.022753954
413479,0.010255608
413489,0.14779243
413491,0.04881296
413492,0.11441203
413493,0.070089586
413494,0.08493921
413495,0.18938936
413498,0.075801924
413499,0.1480476
413545,0.08102513
413549,0.01646582
413550,0.08047759
413551,0.06822792
413552,0.21082218
413553,0.040097848
413554,0.04203755
413558,0.11722603
413559,0.123238094
413562,0.02762101
413563,0.06727455
413564,0.020449638
413592,0.024777308
413593,0.024759328
413594,0.038654037
413595,0.021985764
413596,0.093242526
413597,0.04094687
413604,0.0113063045
413605,0.044622663
413606,0.009510764
413607,0.014524382
413616,0.2362695
413617,0.07081816
413618,0.071139514
413625,0.095090985
413626,0.16357127
413627,0.057160508
413628,0.035682883
413629,0.025745384
413630,0.10109501
413631,0.013588956
413632,0.07650682
413633,0.1859304
413634,0.13933265
413635,0.13263571
413636,0.06566273
413644,0.023167623
413645,0.009801997
413646,0.01564561
413683,0.018954694
413685,0.033377085
413686,0.14275312
413690,0.017077856
413691,0.005755761
413692,0.034211673
413693,0.11123781
413694,0.20977838
413695,0.008457447
413696,0.13422439
413702,0.051999122
413707,0.028477177
413708,0.1812096
413709,0.1365813
413730,0.019681184
413731,0.11004966
413732,0.028472621
413733,0.0144128455
413734,0.063262306
413736,0.059643533
413748,0.026333515
413749,0.15769497
413751,0.33883208
413752,0.40750605
413754,0.028682578
413755,0.16460419
413756,0.07241649
413757,0.04788098
413758,0.15224497
413759,0.14827009
413760,0.05619849
413764,0.014453624
413765,0.05149421
413766,0.07530372
413767,0.11981754
413768,0.097210914
413769,0.02767659
413770,0.009614564
413776,0.020694396
413777,0.011987404
413778,0.019960903
413797,0.08755845
413824,0.04457109
413828,0.1571815
413831,0.07671369
413834,0.012664336
413841,0.013956595
413848,0.02336935
413850,0.045296635
413851,0.16697943
413857,0.00751727
413860,0.009163195
413867,0.07096611
413868,0.08892881
413871,0.035265338
413878,0.06649938
413882,0.019165346
413885,0.010204935
413886,0.07652325
413892,0.070641086
413896,0.25411385
413897,0.089430176
413917,0.18757695
413921,0.014209236
413934,0.34116757
413941,0.020748675
413953,0.009996016
413958,0.09155065
413967,0.084561236
413971,0.020986661
413975,0.08047271
413978,0.09275595
413983,0.08020984
413984,0.011103164
413989,0.058212683
413992,0.014224111
414001,0.09194404
414002,0.025975177
414003,0.06734242
414007,0.20870066
414008,0.080471694
414016,0.14785585
414022,0.016073354
414026,0.059254814
414041,0.051960774
414042,0.31283316
414045,0.06372852
414047,0.09559522
414050,0.5224892
414061,0.012022543
414068,0.059804577
414076,0.07090379
414093,0.046501882
414102,0.011971218
414109,0.052566066
414117,0.040557954
414144,0.015283359
414149,0.02148647
414160,0.024109142
414166,0.49358162
414171,0.19304329
414172,0.1629144
414183,0.088724226
414186,0.015084405
414192,0.019758064
414194,0.13021506
414203,0.3377479
414206,0.012968946
414207,0.020951003
414229,0.05172818
414231,0.06342553
414248,0.02050946
414251,0.049561344
414252,0.024996014
414253,0.36546126
414254,0.07697498
414255,0.16257147
414262,0.07076108
414265,0.19647174
414266,0.07492938
414267,0.021291148
414269,0.050537847
414270,0.053885188
414271,0.06593913
414272,0.04473979
414273,0.038005438
414275,0.013494067
414323,0.35158166
414324,0.024581484
414328,0.024158088
414329,0.038603522
414333,0.021682605
414341,0.021933826
414357,0.032744378
414358,0.014930616
414359,0.050797056
414362,0.11759703
414363,0.020318553
414368,0.025749862
414372,0.031701304
414375,0.034128662
414376,0.011610678
414382,0.08519831
414383,0.095279604
414480,0.022303477
414481,0.06492119
414484,0.23798323
414485,0.01552124
414486,0.0357697
414487,0.05925595
414488,0.07295328
414489,0.03770459
414492,0.0067845443
414493,0.05999343
414497,0.017786654
414501,0.04437035
414543,0.17302983
414544,0.08023769
414559,0.06397718
414560,0.04460861
414561,0.013331356
414573,0.09186208
414574,0.037554603
414575,0.23704126
414577,0.032585714
414584,0.42144075
414585,0.038462445
414586,0.14449577
414590,0.013572232
414591,0.037172377
414593,0.17117424
414597,0.043727156
414598,0.2967732
414621,0.1237597
414635,0.04138464
414639,0.031843234
414640,0.016759124
414648,0.04379486
414656,0.018117934
414659,0.053359702
414660,0.020121781
414663,0.033859465
414683,0.027539982
414691,0.05256091
414700,0.15318395
414705,0.008318717
414708,0.03580482
414711,0.027028123
414712,0.044337925
414716,0.033552688
414720,0.020960469
414733,0.005367859
414740,0.07703568
414748,0.06689395
414767,0.31294912
414771,0.046225656
414779,0.049743205
414785,0.1381755
414787,0.081841156
414793,0.014713661
414816,0.043499045
414830,0.0884267
414831,0.3449655
414859,0.04803965
414864,0.03201866
414867,0.040068187
414871,0.011717325
414879,0.037244335
414892,0.24962695
414895,0.054356337
414911,0.09166006
414915,0.046853792
414922,0.048376333
414939,0.049572386
414945,0.051141758
414960,0.020323532
414969,0.02577297
414973,0.0119464835
414979,0.036814094
414985,0.019262262
414992,0.018746193
414996,0.034082834
415000,0.016050017
415001,0.07956013
415005,0.03192683
415024,0.08342217
415038,0.075095885
415041,0.061259527
415049,0.058137584
415055,0.086047284
415061,0.058741484
415064,0.11227706
415069,0.05021101
415070,0.056971863
415071,0.0067070364
415072,0.038682885
415074,0.019001434
415078,0.079974994
415079,0.02642558
415080,0.09458892
415081,0.35189924
415082,0.15817873
415085,0.049279787
415086,0.06938152
415089,0.1212849
415090,0.034489926
415091,0.060325366
415092,0.04936796
415095,0.07726642
415100,0.11923964
415101,0.007818615
415102,0.16187663
415103,0.029192945
415104,0.024152817
415106,0.047495976
415107,0.021893114
415108,0.1937227
415109,0.21820399
415110,0.071376905
415111,0.0073158215
415113,0.02243247
415114,0.023461865
415115,0.062163696
415116,0.043329444
415117,0.013807663
415118,0.2214851
415119,0.4428491
415120,0.01788187
415121,0.06610591
415122,0.13286272
415123,0.016917871
415124,0.3413137
415126,0.15231979
415152,0.017151281
415205,0.049816597
415209,0.04144472
415326,0.05737994
415409,0.05713511
415414,0.012515586
415430,0.06279129
415466,0.068681575
415467,0.117092945
415473,0.05785388
415474,0.010012313
415479,0.013984519
415480,0.064913526
415486,0.014711685
415488,0.092993855
415489,0.06288155
415490,0.02012981
415493,0.03331829
415494,0.06685573
415497,0.018944198
415498,0.07986945
415499,0.016463758
415505,0.02002756
415506,0.041370373
415509,0.028060518
415511,0.037946824
415514,0.04907939
415517,0.027209774
415519,0.11002702
415521,0.23703131
415522,0.009408354
415523,0.027287036
415525,0.039332367
415527,0.022555979
415529,0.020329852
415531,0.037948485
415533,0.08268284
415534,0.016769152
415536,0.015325627
415537,0.1425553
415539,0.07407571
415540,0.03653329
415541,0.22241949
415542,0.0400523
415543,0.023452269
415544,0.042289495
415545,0.0799054
415546,0.13948879
415547,0.019272061
415548,0.02007071
415549,0.1263508
415550,0.10700583
415652,0.020826275
415654,0.030733554
415686,0.058902875
415687,0.09288241
415695,0.03548248
415698,0.08864298
415701,0.10992528
415705,0.15827613
415707,0.013800101
415709,0.03642582
415712,0.03250115
415718,0.035630323
415724,0.018023808
415729,0.033706654
415730,0.2613018
415731,0.042043198
415733,0.010460627
415736,0.030453801
415737,0.009109939
415738,0.09357993
415741,0.013962471
415742,0.18743312
415743,0.07956998
415744,0.027560372
415745,0.00864122
415746,0.025186075
415747,0.07582406
415749,0.027752584
415750,0.043591402
415751,0.124543875
415752,0.03182811
415753,0.13007182
415754,0.027382253
415755,0.033601273
415756,0.18422776
415757,0.089685455
415850,0.14897029
415874,0.031475876
415930,0.058935326
415962,0.20788012
415994,0.19890526
415995,0.117339864
416088,0.064263456
416129,0.18426523
416228,0.023184795
416229,0.058201957
416239,0.19885828
416243,0.058358144
416245,0.07038035
416253,0.09380911
416263,0.04203618
416264,0.20244707
416265,0.02897349
416269,0.2592395
416272,0.03206747
416273,0.04613492
416274,0.075845025
416275,0.022681896
416276,0.02484323
416277,0.036179412
416278,0.06477436
416280,0.0432684
416283,0.11333256
416287,0.06865462
416288,0.10538628
416291,0.027492795
416292,0.059334405
416294,0.16711539
416295,0.31259495
416296,0.033529308
416300,0.039052952
416301,0.030734636
416302,0.05797202
416303,0.0795128
416305,0.053606413
416306,0.047034677
416307,0.10318602
416309,0.015572531
416310,0.20237958
416311,0.07063631
416312,0.02217776
416313,0.3258144
416314,0.0141394595
416315,0.100214005
416316,0.06370473
416426,0.017198231
416435,0.012932337
416444,0.025278453
416477,0.10102683
416484,0.05886809
416488,0.054159157
416502,0.028797261
416542,0.09401901
416582,0.035225004
416647,0.018771578
416658,0.020832228
416659,0.015945895
416675,0.015059149
416676,0.17215621
416696,0.47128806
416721,0.044855583
416729,0.008209247
416743,0.086124614
416744,0.07354689
416761,0.037866298
416793,0.16022716
416826,0.009952508
416848,0.09575528
416850,0.029495046
416860,0.31170866
416861,0.17711052
416862,0.029406156
416865,0.04235752
416870,0.096886136
416871,0.11507105
416872,0.025377827
416874,0.08907598
416877,0.025811793
416879,0.014571688
416881,0.028583672
416882,0.018255342
416883,0.025514469
416884,0.0397548
416885,0.026449734
416886,0.08018847
416887,0.04239263
416888,0.09290501
416890,0.03918377
416893,0.06580578
416894,0.056744233
416895,0.051900074
416896,0.012528074
416897,0.047756433
416899,0.06136087
416900,0.012047791
416901,0.027247217
416902,0.0045552943
416903,0.025172757
417043,0.019863997
417159,0.0124792885
417182,0.043084618
417183,0.050209817
417187,0.032117333
417209,0.037248652
417226,0.44198984
417228,0.25460494
417232,0.009826371
417234,0.023402456
417241,0.02756444
417245,0.027916376
417246,0.11502907
417247,0.09154139
417250,0.13455802
417251,0.03270921
417253,0.0048680897
417254,0.039920285
417255,0.04977312
417256,0.052905563
417257,0.04892706
417258,0.072290525
417259,0.013854036
417260,0.17893465
417261,0.023633951
417263,0.08354768
417264,0.030754156
417265,0.07188104
417266,0.0984831
417267,0.070605636
417268,0.017301198
417338,0.015339745
417342,0.0776779
417349,0.022189297
417382,0.09348202
417388,0.06289837
417389,0.10883391
417393,0.091688454
417395,0.11071246
417397,0.013111487
417398,0.0077455477
417401,0.053956486
417403,0.22165331
417406,0.06057963
417407,0.41480154
417408,0.1116356
417409,0.014500867
417411,0.015629103
417412,0.070813395
417414,0.05205466
417416,0.076594315
417417,0.0927879
417420,0.05282101
417421,0.12152221
417422,0.2107857
417423,0.014070577
417426,0.016262533
417427,0.09890463
417428,0.036073934
417429,0.021915907
417430,0.07081845
417431,0.0195883
417432,0.028113179
417433,0.06829505
417435,0.06815642
417436,0.032842666
417438,0.039447516
417439,0.035459183
417440,0.048254155
417441,0.036935568
417442,0.1261156
417443,0.12475436
417444,0.086261705
417445,0.1487782
417446,0.048971046
417447,0.100360975
417448,0.03975666
417449,0.040916063
417450,0.029328447
417451,0.12458174
417452,0.043370865
417453,0.099479936
417454,0.087387286
417455,0.19815943
417456,0.016692631
417457,0.014247318
417513,0.015150914
417544,0.3938244
417555,0.10794688
417567,0.044462558
417612,0.035001673
417625,0.09699396
417626,0.028857756
417627,0.095647894
417648,0.064625725
417735,0.03588825
417736,0.17412806
417749,0.08432241
417778,0.019360375
417863,0.058120564
417893,0.014431451
417895,0.0194799
417903,0.026525056
417910,0.03174952
417915,0.14147094
417925,0.053393073
417927,0.017226318
417940,0.19957753
417949,0.026429616
417950,0.019902695
417952,0.029658707
417956,0.03631573
417969,0.061780952
417970,0.052685935
417974,0.073870264
417975,0.0087451115
417976,0.020304998
417980,0.026560616
417982,0.07434188
417983,0.012460644
417987,0.025673803
417988,0.12750663
417989,0.053918365
417990,0.61611545
417993,0.07284047
417994,0.04754177
417995,0.009256659
417996,0.04815823
417997,0.01747364
417998,0.18540555
417999,0.03203272
418000,0.07211463
418001,0.18277575
418002,0.028023139
418003,0.10767301
418004,0.0639283
418005,0.15750387
418006,0.0173074
418009,0.15612282
418011,0.120932505
418012,0.02029232
418013,0.057102934
418014,0.3647035
418015,0.07437396
418029,0.12905146
418030,0.06949631
418132,0.095839284
418217,0.13773057
418222,0.018185103
418237,0.022262556
418272,0.05604776
418343,0.15510717
418344,0.064306855
418345,0.16085407
418386,0.048513006
418387,0.02973718
418402,0.03197725
418436,0.015198338
418456,0.12676623
418458,0.058811877
418460,0.060477525
418487,0.054858442
418514,0.018217206
418519,0.015110448
418532,0.016045092
418539,0.022018181
418549,0.030835522
418555,0.016477762
418556,0.32715136
418558,0.046142712
418559,0.013305314
418562,0.013899829
418568,0.2943748
418576,0.022122247
418578,0.13529664
418580,0.089927934
418581,0.16923966
418582,0.018763037
418584,0.037202906
418585,0.0395732
418587,0.02789074
418591,0.020190487
418592,0.031137729
418593,0.050123658
418595,0.015993644
418596,0.1129999
418597,0.03496843
418598,0.049739745
418599,0.023043828
418600,0.036447443
418601,0.076750845
418602,0.38755816
418603,0.25249872
418604,0.021572938
418606,0.14723918
418607,0.008376753
418608,0.09703951
418609,0.041144516
418610,0.035805378
418611,0.07014629
418612,0.056724858
418613,0.051766556
418614,0.10782879
418615,0.0128251985
418616,0.05610675
418618,0.23311718
418651,0.061636433
418652,0.024266526
418653,0.044304103
418658,0.101543546
418692,0.17701204
418749,0.1854616
418820,0.12723143
418843,0.051108494
418863,0.050591886
418915,0.019170739
418938,0.101745024
418957,0.04795999
419024,0.20114517
419061,0.010731719
419063,0.053696852
419076,0.07546159
419093,0.0065116384
419131,0.060605474
419132,0.008456715
419138,0.02632552
419139,0.055804532
419141,0.047088433
419142,0.031664878
419143,0.018505057
419145,0.0120401755
419149,0.022152547
419151,0.020429032
419152,0.013633705
419153,0.051207837
419154,0.06257947
419155,0.042931553
419156,0.04346873
419157,0.01175095
419158,0.44104728
419159,0.20892587
419162,0.015894819
419163,0.046695348
419165,0.16460857
419168,0.09828574
419169,0.032042317
419170,0.08496182
419171,0.11383989
419172,0.07674041
419173,0.048584778
419174,0.02263709
419175,0.014756603
419176,0.15387416
419177,0.14457147
419178,0.076900356
419270,0.19637786
419305,0.102116644
419330,0.04070809
419485,0.03680369
419491,0.052864365
419499,0.05432301
419513,0.0444617
419514,0.028166847
419535,0.034969468
419538,0.022975046
419582,0.34933135
419601,0.024568493
419611,0.14393477
419644,0.23807281
419648,0.030510206
419649,0.034745585
419656,0.029353423
419671,0.0140015725
419677,0.0596321
419685,0.18116684
419688,0.11584117
419689,0.07652226
419690,0.04405879
419691,0.061513495
419698,0.24398346
419699,0.0132293
419701,0.17861775
419703,0.33192712
419704,0.028000649
419705,0.21775448
419746,0.3745446
419750,0.013524532
419767,0.009192617
419775,0.040594764
419783,0.08400809
419787,0.31261352
419788,0.09406514
419790,0.014322389
419791,0.04651656
419792,0.052455757
419794,0.10204042
419795,0.17058544
419797,0.033898275
419798,0.035625108
419799,0.026274856
419804,0.17445463
419805,0.07924299
419806,0.060171112
419808,0.020023849
419810,0.05193743
419811,0.081405476
419812,0.28250235
419815,0.14723541
419816,0.05679535
419817,0.040248375
419818,0.17531452
419820,0.03134669
419821,0.04719153
419824,0.13877317
419825,0.0663683
419826,0.045088936
419827,0.0035877628
419828,0.019995792
419829,0.026489485
419830,0.2787558
419831,0.044893283
419832,0.08759771
419833,0.075611696
419834,0.036285654
419835,0.01766196
419836,0.04407238
419837,0.1392939
419838,0.030165115
419839,0.11672132
419840,0.03878022
419841,0.16044019
419842,0.16931123
419843,0.25066245
419913,0.21488984
419916,0.07803525
419955,0.021693163
419956,0.03260421
419992,0.027004158
420150,0.040677097
420160,0.10782259
420190,0.02851359
420195,0.07064578
420204,0.09836913
420207,0.06050265
420210,0.03660559
420214,0.0334813
420218,0.014933808
420219,0.048325486
420220,0.070028946
420242,0.031116175
420249,0.011846321
420254,0.019838454
420255,0.009462033
420258,0.16068105
420260,0.007553169
420263,0.2646987
420265,0.012528917
420271,0.035130214
420273,0.018817637
420274,0.054294433
420275,0.019499099
420277,0.015192359
420278,0.19627738
420279,0.0297961
420280,0.072777875
420281,0.032651544
420283,0.08031565
420284,0.053922247
420285,0.025364269
420286,0.034006495
420287,0.0385309
420288,0.0078035584
420290,0.026263347
420291,0.019712571
420293,0.035715476
420294,0.009165378
420295,0.049423262
420296,0.015679361
420297,0.07557058
420298,0.016819425
420299,0.112198286
420300,0.057324834
420344,0.023769643
420345,0.36171755
420347,0.013588546
420348,0.16412383
420349,0.05402507
420350,0.0133213485
420351,0.018801052
420352,0.009977907
420353,0.017756123
420354,0.20537427
420355,0.039505526
420356,0.13167773
420357,0.01977931
420358,0.09103511
420359,0.042683594
420360,0.012616524
420361,0.011010429
420362,0.026147373
420363,0.11618684
420364,0.12431018
420365,0.049287092
420366,0.05786614
420383,0.039282903
420436,0.21613078
420446,0.04835971
420554,0.055077035
420565,0.059381858
420569,0.08788758
420573,0.021878367
420574,0.07288464
420587,0.088269584
420589,0.06526391
420593,0.0268464
420594,0.04765019
420595,0.07296861
420598,0.010564526
420601,0.08407387
420602,0.18890232
420603,0.021658823
420607,0.0136052575
420611,0.013123828
420613,0.039168835
420614,0.026069226
420615,0.1100429
420616,0.017632872
420617,0.069167435
420618,0.009619909
420619,0.048281267
420620,0.031793136
420621,0.19473042
420622,0.05673326
420623,0.10248738
420624,0.035559826
420625,0.026876064
420626,0.092900045
420627,0.15495098
420628,0.021814933
420629,0.011790308
420631,0.028522635
420633,0.045692094
420634,0.014372476
420635,0.055536393
420636,0.030067662
420637,0.061640404
420662,0.018066794
420727,0.019499013
420728,0.19794856
420733,0.24606156
420787,0.03623594
420789,0.025970243
420792,0.076798335
420797,0.09196146
420814,0.018405493
420833,0.38347185
420839,0.020527625
420841,0.1450857
420843,0.028282769
420844,0.091049716
420847,0.17489016
420849,0.016439322
420851,0.041237235
420853,0.04141738
420854,0.047732934
420855,0.03469887
420856,0.017873632
420857,0.056472983
420858,0.0128497435
420859,0.024219785
420860,0.43941987
420861,0.15600732
420862,0.053058278
420863,0.05189871
420864,0.07706948
420866,0.30827445
420867,0.018048523
420868,0.02307026
420869,0.053664006
420870,0.01222178
420871,0.0543169
420872,0.09363997
420873,0.008831429
420874,0.10301518
420875,0.14171252
420876,0.0310014
420878,0.02718354
420879,0.040608983
420880,0.01409799
420881,0.052360397
420882,0.021838326
420883,0.19522731
420884,0.14719574
420885,0.0373746
420886,0.059955608
420887,0.0949157
420888,0.04363306
420905,0.030253788
421015,0.028046295
421200,0.28733698
421269,0.061490588
421272,0.020857489
421290,0.25437057
421323,0.1758708
421342,0.013060081
421349,0.064914495
421355,0.05106487
421356,0.05409011
421363,0.13401526
421365,0.20009099
421381,0.07397521
421383,0.0505296
421386,0.39580727
421394,0.004465399
421395,0.1236022
421399,0.08682535
421431,0.26704735
421467,0.05175062
421554,0.20479184
421557,0.058636546
421558,0.13845164
421562,0.01862599
421614,0.292752
421690,0.012632864
421758,0.2920582
421776,0.09395121
421827,0.1252183
421828,0.06544299
421829,0.036008157
421848,0.014736117
421862,0.02646483
421863,0.016529588
421868,0.006733509
421884,0.061315093
421921,0.037650302
421924,0.12736237
421958,0.086391896
421961,0.015149249
421964,0.014895151
421968,0.046276588
421974,0.1742274
421975,0.0048792153
421977,0.1334202
421978,0.35774517
421979,0.013537586
421980,0.022286233
421982,0.052035686
421985,0.050556146
421986,0.042993437
421987,0.038128465
421988,0.021065181
421989,0.09333231
421990,0.04015695
421991,0.020064501
421993,0.087219134
421994,0.039695412
421996,0.4352469
421997,0.011593459
421998,0.06747212
421999,0.07658902
422000,0.15568866
422001,0.03790883
422002,0.098271966
422004,0.07667062
422005,0.1380058
422007,0.08551682
422008,0.045450952
422010,0.057189308
422011,0.015954211
422012,0.034445517
422014,0.05567318
422015,0.2678011
422016,0.045819595
422017,0.007586218
422018,0.03357896
422019,0.15638456
422039,0.008009864
422041,0.011256729
422042,0.030640895
422043,0.038326554
422044,0.022609424
422045,0.053985845
422047,0.15645497
422048,0.01948558
422049,0.020717181
422050,0.048340064
422051,0.09245734
422053,0.05959766
422054,0.08575295
422055,0.018013256
422056,0.054384723
422057,0.105590075
422058,0.08002822
422059,0.034141205
422060,0.010808008
422063,0.11175027
422064,0.008265893
422065,0.067333706
422066,0.04263806
422067,0.023569081
422068,0.02098442
422069,0.093263134
422070,0.05379378
422071,0.014547114
422072,0.024841394
422074,0.17278376
422152,0.0044413554
422210,0.03404016
422227,0.16438542
422308,0.055809345
422339,0.030668683
422368,0.034537505
422391,0.01966858
422407,0.024672514
422485,0.00941463
422491,0.05224902
422506,0.05751796
422508,0.2058184
422512,0.059263665
422513,0.025515307
422514,0.03306241
422518,0.026675198
422519,0.018439122
422523,0.01559439
422524,0.080791354
422525,0.030268818
422526,0.021856496
422527,0.055348236
422531,0.27035555
422533,0.008805513
422534,0.040211737
422536,0.018467732
422537,0.039847687
422538,0.27142635
422540,0.09873346
422541,0.30704108
422543,0.09691673
422544,0.1928655
422545,0.03962646
422546,0.022052662
422547,0.31067657
422548,0.045931213
422549,0.10666774
422550,0.026843945
422551,0.04871903
422552,0.019372346
422553,0.020919297
422554,0.14842996
422555,0.30753487
422556,0.012524057
422639,0.011955993
422667,0.09360192
422734,0.059659198
422748,0.102849886
422749,0.119707756
422796,0.019407734
422810,0.028487008
422839,0.023315437
422850,0.18167491
422891,0.039497145
422940,0.15676229
422962,0.00906922
422964,0.044555254
423009,0.09487515
423022,0.020059537
423041,0.080971725
423046,0.14620389
423052,0.057041947
423055,0.010739822
423061,0.38383016
423075,0.029570548
423076,0.021304788
423077,0.11902659
423081,0.133135
423083,0.08644656
423087,0.035827987
423089,0.020226847
423091,0.016314197
423098,0.10154491
423105,0.030708654
423106,0.10285129
423107,0.043345377
423114,0.09908158
423116,0.019257624
423120,0.09480468
423121,0.10400512
423125,0.033845253
423132,0.014552748
423133,0.027926898
423134,0.20855437
423135,0.052277565
423137,0.03333776
423138,0.020682175
423139,0.022713665
423140,0.073078334
423141,0.22415121
423143,0.030629072
423144,0.039689533
423145,0.022146093
423146,0.07988771
423147,0.057952497
423148,0.07962178
423149,0.016428279
423150,0.08267004
423151,0.014928302
423152,0.011204679
423153,0.21387005
423154,0.006927735
423155,0.08497863
423156,0.02729213
423157,0.034735262
423158,0.038191058
423159,0.047447626
423228,0.024972185
423237,0.16784525
423386,0.2206311
423416,0.23691311
423417,0.10936814
423489,0.055182453
423503,0.1179226
423522,0.07375809
423571,0.07088906
423574,0.021343553
423580,0.04487302
423621,0.2859061
423622,0.11039183
423624,0.03629532
423629,0.02737753
423631,0.04116929
423648,0.014221483
423651,0.029621959
423652,0.032295596
423658,0.12733002
423663,0.010784404
423664,0.010761786
423665,0.08845415
423668,0.06462881
423670,0.045902997
423671,0.12558778
423672,0.016166396
423679,0.018833322
423681,0.13821213
423687,0.040023312
423688,0.04145121
423690,0.019563457
423691,0.026026469
423693,0.042038225
423696,0.09448158
423698,0.11402538
423699,0.108270414
423700,0.02042386
423701,0.05566207
423702,0.11249501
423703,0.034779307
423704,0.022816267
423706,0.04894595
423707,0.040817957
423708,0.006669838
423709,0.2983569
423710,0.117456764
423711,0.01971748
423712,0.23037535
423713,0.015675783
423714,0.2771678
423715,0.018421602
423717,0.10461839
423718,0.039076455
423719,0.15384533
423720,0.018929152
423721,0.059254546
423722,0.023671605
423723,0.12077881
423724,0.035722643
423726,0.01149316
423730,0.010019968
423734,0.014269689
423735,0.042494383
423736,0.06764925
423737,0.012339662
423738,0.056811728
423739,0.05238843
423740,0.050631944
423741,0.01355537
423742,0.20041196
423743,0.032608714
423746,0.016288191
423747,0.015682518
423748,0.07339244
423749,0.02164451
423750,0.19002652
423751,0.020842101
423752,0.034893297
423753,0.26041368
423754,0.058460366
423755,0.021299094
423756,0.10064292
423800,0.043241464
423894,0.013382998
423938,0.1344561
423939,0.084604196
423940,0.04421105
423947,0.021315405
423957,0.1416626
423959,0.049391754
423966,0.25406408
423968,0.049682166
423972,0.021146728
423978,0.07394682
423979,0.021816943
423982,0.059488516
423983,0.08979846
423986,0.0218315
423990,0.020666776
423993,0.0035988686
423994,0.025164181
423996,0.0157325
423998,0.08419362
423999,0.08052607
424000,0.023090012
424001,0.05529711
424002,0.021781871
424003,0.16249074
424004,0.061368696
424005,0.047732927
424006,0.06819243
424007,0.06166971
424008,0.07880939
424009,0.095862344
424010,0.080207266
424011,0.038245
424012,0.015139016
424013,0.05971622
424014,0.103535935
424015,0.041823324
424016,0.066970244
424161,0.12094916
424189,0.10392434
424192,0.04282198
424198,0.02671853
424202,0.017494742
424203,0.014619441
424207,0.13994248
424208,0.028361993
424211,0.014456859
424214,0.03174247
424215,0.03799617
424216,0.049988613
424220,0.08563755
424222,0.050286323
424223,0.034886416
424232,0.045600705
424234,0.012212441
424235,0.009099722
424236,0.017328434
424241,0.028105374
424244,0.021965314
424245,0.0737039
424246,0.030802641
424248,0.29369313
424249,0.051867295
424251,0.03983645
424252,0.028035982
424253,0.02718537
424254,0.048923742
424255,0.021951457
424256,0.087929726
424257,0.01709703
424258,0.055932317
424259,0.062348362
424260,0.021958252
424261,0.033586975
424262,0.02382451
424264,0.04888339
424265,0.09301594
424266,0.24146177
424267,0.01914212
424268,0.0046481094
424270,0.08586641
424271,0.1219467
424272,0.016543182
424273,0.047459435
424274,0.091356315
424275,0.06714836
424320,0.08964631
424354,0.045131575
424359,0.03175396
424360,0.05186285
424361,0.10661552
424362,0.046860095
424363,0.01613917
424364,0.07587055
424365,0.02079577
424491,0.20621811
424576,0.105303094
424639,0.029357614
424640,0.01653797
424653,0.038552172
424672,0.20668676
424708,0.011453227
424724,0.056468043
424725,0.06224964
424734,0.25184056
424755,0.012460939
424758,0.14516577
424765,0.01411514
424770,0.14690533
424773,0.24684672
424780,0.033285808
424784,0.017576916
424791,0.020990618
424797,0.089030646
424800,0.02377342
424807,0.007141832
424809,0.02444878
424812,0.054785904
424813,0.09088783
424816,0.021222824
424817,0.022343995
424820,0.084310465
424822,0.048179317
424823,0.06768419
424825,0.06842191
424826,0.063449584
424827,0.01705067
424828,0.032924265
424830,0.043218035
424831,0.026573673
424832,0.14280318
424833,0.021954346
424834,0.11558999
424835,0.13887618
424836,0.042472027
424837,0.21389557
424838,0.07360576
424839,0.049715195
424840,0.080953136
424841,0.12922329
424843,0.006435117
424845,0.19662024
424846,0.02799422
424847,0.012702336
424848,0.02899256
424849,0.1919792
424850,0.10015419
424851,0.01731896
424852,0.013488844
424853,0.017502045
424854,0.04894345
424856,0.0075731436
424857,0.041982085
424947,0.114415795
425037,0.07060556
425039,0.14187355
425096,0.042107783
425107,0.021969207
425156,0.04189591
425191,0.026962206
425192,0.06483035
425230,0.014819872
425231,0.04437838
425237,0.0050741117
425281,0.058079634
425301,0.03472147
425306,0.15489267
425312,0.05271376
425313,0.0123406155
425317,0.022842616
425326,0.0101411
425330,0.023651669
425336,0.20055868
425338,0.10749093
425343,0.066368155
425345,0.017122345
425360,0.1157579
425364,0.10527116
425368,0.03371883
425369,0.0042585237
425371,0.08697675
425372,0.011172124
425373,0.08206524
425374,0.041226823
425376,0.14276265
425379,0.02395816
425380,0.006747977
425381,0.027967665
425382,0.036440555
425383,0.0077264886
425384,0.031609036
425385,0.017968187
425388,0.15779929
425389,0.014904964
425390,0.026629211
425391,0.106205866
425392,0.04773139
425394,0.07912474
425395,0.045205217
425396,0.021698946
425397,0.0067635886
425398,0.037305612
425399,0.040648237
425400,0.040582363
425403,0.032805383
425404,0.030802272
425405,0.032949727
425406,0.070357665
425407,0.07230755
425408,0.020942824
425409,0.0150091415
425411,0.03346939
425412,0.08387179
425413,0.33074546
425414,0.057499725
425415,0.10909118
425416,0.08507616
425418,0.017218892
425419,0.014989312
425423,0.06580239
425424,0.053640865
425425,0.34069213
425426,0.026707795
425429,0.048501298
425430,0.01308577
425431,0.05317212
425432,0.011412775
425433,0.08756447
425434,0.030019013
425435,0.08138622
425437,0.04686981
425438,0.0059718043
425439,0.0245508
425440,0.02287703
425441,0.045034435
425442,0.28439352
425444,0.16918494
425446,0.011678421
425447,0.057682816
425448,0.2527134
425449,0.06031368
425450,0.056324773
425451,0.020525733
425453,0.116187975
425454,0.18699826
425455,0.068642564
425456,0.10103625
425457,0.04687846
425458,0.08133055
425459,0.15230756
425460,0.0057567274
425461,0.02489741
425462,0.014563945
425511,0.035917144
425601,0.016656626
425810,0.027454307
425824,0.113185346
425830,0.2156084
425835,0.0726193
425838,0.032049328
425865,0.04966299
425877,0.23501657
425904,0.07686102
425905,0.02213553
425906,0.019781858
425909,0.11553673
425911,0.17537211
425913,0.09463157
425923,0.04458234
425932,0.049900528
425938,0.0069985576
425939,0.11059112
425943,0.023752714
425944,0.0047677816
425945,0.0073254546
425946,0.021795658
425948,0.06390588
425950,0.057564896
425952,0.091812074
425954,0.20296215
425955,0.016008485
425957,0.07492563
425958,0.017698856
425959,0.13335866
425960,0.09965479
425961,0.18056418
425962,0.012112327
425964,0.045543224
425965,0.04401866
425966,0.15938844
425967,0.04090722
425968,0.081447475
425969,0.030953337
425970,0.05789829
425971,0.108676426
425972,0.009713205
425976,0.09961327
426050,0.016090557
426051,0.31458762
426052,0.016428031
426053,0.025934028
426124,0.027965758
426132,0.058218617
426154,0.039231848
426192,0.021140205
426235,0.051109187
426297,0.09639666
426387,0.07478171
426396,0.018230481
426436,0.070037626
426437,0.044282615
426460,0.025175653
426466,0.069806166
426469,0.024653055
426510,0.05514302
426617,0.09790168
426630,0.051943723
426631,0.009731334
426650,0.049360003
426688,0.041805632
426691,0.0099290805
426855,0.11650702
426873,0.21640001
426890,0.06115148
426891,0.055647336
426895,0.009641198
426928,0.28538647
426929,0.025136163
426955,0.0651
426957,0.020834683
427007,0.12204563
427009,0.021625783
427021,0.123390295
427023,0.0136963045
427032,0.032078378
427036,0.014404978
427040,0.026798535
427041,0.02865438
427042,0.023152743
427044,0.012193041
427048,0.07569346
427050,0.12846728
427054,0.018753598
427057,0.053106572
427058,0.010345547
427059,0.10774059
427060,0.14231256
427062,0.06236137
427063,0.14476432
427064,0.022299774
427065,0.026346473
427067,0.10495252
427069,0.026555011
427070,0.02104542
427071,0.09681729
427072,0.02444506
427073,0.059290677
427074,0.01719488
427075,0.014079153
427076,0.031193875
427077,0.07932188
427078,0.043429956
427079,0.05440502
427080,0.012618531
427081,0.07315106
427082,0.06540874
427088,0.03446879
427109,0.017612325
427110,0.14934382
427111,0.024062319
427114,0.03364873
427115,0.08567117
427120,0.012710238
427121,0.014753407
427122,0.2614419
427125,0.02227169
427126,0.022712613
427127,0.02729146
427128,0.020836795
427129,0.021109654
427130,0.19068618
427131,0.009902041
427132,0.02039998
427133,0.01442918
427134,0.024116019
427135,0.025634646
427137,0.08732249
427138,0.019029882
427139,0.013782363
427140,0.103938505
427142,0.035648607
427143,0.035558533
427144,0.20505136
427145,0.018358815
427146,0.10062486
427147,0.04224189
427148,0.022715498
427149,0.1676787
427150,0.1074925
427151,0.011537135
427152,0.007570965
427153,0.012886298
427154,0.24428035
427155,0.015977802
427156,0.024431191
427157,0.2266064
427158,0.12370103
427159,0.079139665
427160,0.0146986265
427161,0.036010668
427162,0.18342176
427163,0.18025984
427164,0.038116667
427165,0.006692946
427254,0.03087735
427263,0.04792918
427324,0.075476
427330,0.2287717
427379,0.04142937
427465,0.031078605
427485,0.1799216
427489,0.013332654
427505,0.06240436
427567,0.14313962
427575,0.14393887
427578,0.102017775
427589,0.27673987
427612,0.09365928
427615,0.043021034
427618,0.025430836
427620,0.11009466
427622,0.004504876
427627,0.03486443
427628,0.04726124
427632,0.03222818
427634,0.010196823
427635,0.08378442
427637,0.085310414
427639,0.14324704
427640,0.08259794
427641,0.010759487
427642,0.061041743
427643,0.101283126
427645,0.05966634
427646,0.055850558
427647,0.024472827
427649,0.019774716
427650,0.038558166
427652,0.21253423
427653,0.071522616
427654,0.007626604
427655,0.14766006
427656,0.039082214
427657,0.041259915
427658,0.16183932
427659,0.033600103
427660,0.033707343
427661,0.087068036
427662,0.053521533
427663,0.033824187
427664,0.16903819
427665,0.008628317
427666,0.015126842
427667,0.05465769
427668,0.1212959
427669,0.08077287
427671,0.08507072
427672,0.25080448
427673,0.012446476
427676,0.027738648
427677,0.010961634
427703,0.05398438
427738,0.04286951
427809,0.059476934
427881,0.036000513
427949,0.02244562
427985,0.24803309
428047,0.102219805
428054,0.5145543
428080,0.19096406
428143,0.16252941
428162,0.18878645
428166,0.011347364
428187,0.020772463
428188,0.043975297
428189,0.027636997
428195,0.0327085
428196,0.12317523
428198,0.077902116
428200,0.02461753
428201,0.026411925
428204,0.31116885
428206,0.031190109
428207,0.07937984
428208,0.103066675
428210,0.016964113
428211,0.020310676
428212,0.15506263
428213,0.0666992
428215,0.012089128
428217,0.06369169
428218,0.023655582
428219,0.066807896
428220,0.015704358
428222,0.220588
428223,0.044325065
428224,0.03686298
428225,0.035148922
428227,0.021817531
428228,0.105518274
428229,0.11385917
428230,0.25098786
428231,0.021288965
428232,0.10650216
428233,0.020010715
428234,0.027160605
428235,0.32413948
428236,0.04129427
428237,0.050627124
428238,0.05619511
428240,0.009005829
428241,0.040595174
428242,0.022568496
428243,0.108562015
428244,0.2886493
428311,0.09994639
428312,0.036524773
428313,0.06635382
428314,0.08744322
428409,0.014491249
428416,0.025726702
428423,0.036302127
428424,0.04294236
428463,0.07361781
428485,0.2085646
428517,0.03659468
428518,0.22406103
428561,0.037378203
428565,0.048658393
428590,0.050340034
428597,0.01001715
428614,0.026133042
428616,0.085600495
428621,0.008439121
428626,0.09184687
428629,0.012289928
428636,0.12276323
428647,0.037605513
428654,0.032453593
428659,0.03332789
428686,0.014479281
428690,0.027363686
428701,0.054417007
428708,0.09913429
428714,0.07915245
428722,0.05540537
428729,0.043911982
428745,0.012924177
428751,0.043903105
428757,0.041703343
428764,0.032450777
428774,0.06532866
428778,0.017942207
428783,0.024423862
428789,0.009256899
428797,0.02669453
428799,0.026851209
428801,0.44693077
428804,0.031389736
428806,0.021931376
428813,0.025891665
428816,0.024744682
428821,0.08429129
428832,0.04129454
428839,0.043331984
428842,0.044604354
428850,0.091990426
428859,0.074025206
428871,0.07235651
428907,0.23759891
428913,0.025647322
428920,0.1715207
428924,0.046803158
428928,0.056057777
428930,0.020674499
428933,0.09575317
428938,0.042908657
428944,0.09411028
428948,0.11793308
428963,0.033811167
428975,0.11003008
428979,0.017423805
428982,0.36773908
428984,0.015144918
428987,0.04246685
429015,0.008712451
429018,0.037457407
429028,0.006743517
429035,0.11535883
429037,0.022440493
429042,0.016594423
429055,0.02080044
429066,0.05317649
429067,0.17546082
429069,0.019865733
429077,0.069738306
429078,0.115780585
429083,0.018301899
429091,0.062428243
429093,0.009085338
429094,0.023249542
429103,0.041593384
429109,0.09024233
429121,0.12728238
429129,0.013114506
429134,0.015379646
429138,0.037172403
429164,0.02723645
429173,0.09961699
429182,0.022254476
429190,0.014781817
429199,0.009681438
429219,0.13618454
429224,0.009475011
429226,0.13981688
429230,0.021089694
429239,0.008817574
429243,0.037380032
429256,0.053114478
429266,0.09030025
429269,0.15984933
429294,0.015894372
429295,0.076407745
429297,0.16594002
429299,0.020504877
429302,0.020006504
429305,0.092057146
429308,0.0122703565
429314,0.12842162
429318,0.030736472
429348,0.040893752
429356,0.5223691
429359,0.108105086
429372,0.066442385
429373,0.056934666
429384,0.10005891
429385,0.065571524
429398,0.030709136
429405,0.07122988
429407,0.019341445
429408,0.051427957
429412,0.037323117
429414,0.08579756
429415,0.063257866
429421,0.05553502
429422,0.01536659
429430,0.074587956
429432,0.023205575
429440,0.15826109
429442,0.21418345
429451,0.35605323
429459,0.054215156
429469,0.044191647
429471,0.008616758
429482,0.0079673
429483,0.078934915
429491,0.18304443
429493,0.082996994
429496,0.09400685
429498,0.015928926
429501,0.031044517
429502,0.03335788
429508,0.023060543
429509,0.041826487
429511,0.2437094
429528,0.010929625
429531,0.21029866
429539,0.19677565
429549,0.307309
429555,0.057214458
429557,0.05307633
429567,0.092612356
429570,0.040082842
429576,0.0315756
429590,0.020619506
429591,0.29371518
429597,0.06751676
429600,0.20878698
429602,0.01992179
429604,0.088055395
429623,0.03455675
429625,0.008473861
429626,0.018599438
429628,0.0115005635
429634,0.07273335
429637,0.020125303
429666,0.026792064
429667,0.056420602
429670,0.033428982
429673,0.021433901
429678,0.041848186
429693,0.01408839
429702,0.015833432
429708,0.045340464
429737,0.03180763
429739,0.0137745105
429740,0.0155381905
429750,0.076485254
429770,0.10134503
429774,0.047288924
429777,0.05280214
429780,0.020237288
429809,0.09875427
429810,0.009116592
429831,0.02766041
429835,0.06297051
429838,0.110050276
429846,0.025523871
429851,0.039130684
429852,0.02210849
429856,0.029046755
429857,0.06384906
429866,0.29977503
429871,0.035516687
429873,0.2226968
429879,0.22034398
429882,0.021003308
429885,0.023781955
429890,0.065799065
429897,0.015825586
429933,0.07810575
429936,0.019407665
429948,0.024195723
429952,0.19165489
429967,0.015896088
429982,0.016070256
429989,0.16011883
430000,0.019037858
430003,0.020819103
430011,0.053939767
430019,0.084196836
430035,0.013914033
430042,0.33946645
430047,0.018736096
430048,0.03457797
430059,0.030009545
430060,0.25912836
430077,0.03345251
430080,0.071249776
430083,0.29516703
430086,0.038044
430090,0.10047584
430103,0.01992746
430107,0.08237631
430114,0.026422948
430116,0.021430422
430124,0.0673154
430129,0.04188223
430132,0.09427397
430146,0.08776288
430155,0.13646932
430156,0.008149015
430160,0.072656065
430168,0.037880618
430170,0.04244406
430176,0.054869816
430177,0.4472512
430186,0.31986967
430187,0.07293951
430195,0.09700054
430198,0.4239833
430204,0.1130548
430210,0.06299382
430211,0.18278302
430213,0.018515382
430216,0.24473754
430217,0.039519824
430227,0.014963937
430253,0.027815526
430266,0.1044036
430274,0.017640647
430280,0.011333575
430300,0.0021340766
430301,0.0059301923
430309,0.12950824
430313,0.027697077
430316,0.04997892
430319,0.06876649
430332,0.099050984
430346,0.040267263
430357,0.045146763
430359,0.03081011
430368,0.026503729
430376,0.027449964
430383,0.07724203
430389,0.04040153
430393,0.16792862
430394,0.030411458
430404,0.054678783
430405,0.036783073
430407,0.11031999
430433,0.07233544
430445,0.018480849
430446,0.06784438
430451,0.07304885
430452,0.02316605
430459,0.0253202
430466,0.021407537
430467,0.013125107
430473,0.1578749
430477,0.015320657
430483,0.06228269
430512,0.020742683
430521,0.011127914
430524,0.010417738
430529,0.09165265
430533,0.012378368
430536,0.032906074
430538,0.027232002
430540,0.08111148
430548,0.09172911
430549,0.026976747
430550,0.017443106
430566,0.10280036
430574,0.028004315
430576,0.058140717
430582,0.06477637
430585,0.050156787
430625,0.018188206
430627,0.035272945
430629,0.014141341
430637,0.0799884
430639,0.007683302
430641,0.035595275
430656,0.017782832
430659,0.008986801
430661,0.014687788
430671,0.09824376
430672,0.15781601
430673,0.06494963
430674,0.037911642
430676,0.018273532
430691,0.014108977
430698,0.02621487
430699,0.1457004
430708,0.07586839
430719,0.038783602
430726,0.014616632
430728,0.33322
430730,0.21096802
430731,0.14864731
430732,0.031706825
430738,0.061528627
430770,0.17606564
430782,0.09710323
430785,0.048759166
430786,0.04787132
430806,0.182869
430818,0.3268886
430819,0.02403003
430820,0.030147657
430835,0.033027254
430836,0.0612813
430837,0.038838178
430838,0.021441363
430839,0.055711392
430847,0.2537536
430853,0.023108557
430856,0.0073108785
430876,0.043233287
430886,0.007345159
430887,0.027153216
430889,0.02739406
430927,0.0128805
430931,0.13416514
430939,0.016659094
430942,0.012700249
430949,0.050471865
430957,0.015386884
430960,0.008383061
430961,0.011628899
430962,0.1129971
430973,0.030874934
430975,0.01150098
430976,0.056176044
430981,0.009484369
430992,0.040115412
431007,0.1255535
431010,0.07047974
431013,0.025995675
431023,0.016295336
431027,0.03755256
431044,0.02154461
431056,0.017006628
431058,0.009940369
431065,0.014369322
431077,0.09384219
431080,0.08424286
431082,0.016076982
431088,0.1826004
431095,0.082204856
431100,0.04211922
431106,0.08758693
431107,0.04358321
431110,0.058011547
431114,0.12630866
431138,0.08366786
431144,0.005096058
431162,0.059034787
431170,0.21452625
431171,0.022105418
431176,0.10055231
431203,0.044790752
431211,0.041809723
431212,0.06470908
431215,0.017303718
431238,0.58889425
431241,0.09162496
431244,0.15935971
431254,0.04500528
431263,0.019014679
431278,0.013089399
431285,0.12046649
431286,0.06986406
431298,0.028042488
431305,0.013036494
431315,0.35741752
431323,0.038620993
431325,0.0076631876
431334,0.015066329
431358,0.1713846
431372,0.05614719
431373,0.011814546
431374,0.27493712
431377,0.07582451
431386,0.058582414
431388,0.13619205
431395,0.013102396
431396,0.080641255
431413,0.04139288
431416,0.08528629
431418,0.14282961
431431,0.10296439
431444,0.041933827
431449,0.28376558
431467,0.0655342
431469,0.027495544
431479,0.03460094
431480,0.01366621
431481,0.016610358
431488,0.021467155
431492,0.1929838
431496,0.057328507
431497,0.0062326356
431508,0.1376356
431511,0.034720886
431517,0.028053632
431520,0.08515412
431538,0.06292711
431540,0.010632313
431543,0.4245882
431545,0.030322729
431560,0.015426319
431561,0.041803647
431584,0.3266372
431591,0.123780146
431593,0.050981883
431625,0.17489712
431630,0.11295831
431633,0.15691979
431635,0.045288295
431649,0.095821895
431650,0.0815132
431651,0.027796775
431652,0.014780297
431667,0.2268099
431668,0.30867317
431672,0.027279373
431675,0.21681908
431680,0.39662132
431682,0.015557583
431683,0.008252243
431693,0.041616153
431697,0.029768733
431726,0.22675431
431731,0.06875378
431732,0.044707846
431744,0.0049660914
431750,0.019521397
431755,0.081440516
431756,0.051521827
431757,0.066843204
431765,0.043244965
431766,0.027746532
431768,0.07476155
431770,0.008124366
431773,0.012065335
431775,0.058478493
431777,0.16729306
431778,0.232879
431801,0.07288833
431807,0.017451778
431810,0.020615278
431815,0.07686332
431816,0.06692344
431823,0.052874606
431831,0.04507803
431837,0.03149685
431841,0.082473025
431845,0.014273149
431854,0.08436308
431857,0.06548792
431865,0.032242324
431866,0.05695707
431867,0.013840538
431869,0.047770597
431889,0.03442699
431899,0.01577275
431903,0.161182
431909,0.015632903
431914,0.07900985
431916,0.017507179
431918,0.2592492
431931,0.02722773
431940,0.018225992
431948,0.14860879
431962,0.015212412
431965,0.023378853
431974,0.02355761
431976,0.01196196
431987,0.064112425
431988,0.018433264
431995,0.23486947
431999,0.11223479
432003,0.0114493035
432005,0.15727724
432009,0.045075517
432011,0.012130165
432022,0.23099662
432028,0.073205054
432030,0.014078908
432037,0.02217551
432065,0.045407847
432070,0.008904947
432075,0.20631891
432078,0.096255645
432080,0.04797129
432085,0.020181213
432092,0.03296462
432111,0.10387004
432112,0.011174464
432115,0.014866868
432117,0.082532056
432118,0.07597662
432129,0.1479275
432132,0.081414014
432133,0.034100275
432145,0.086858116
432146,0.01868283
432148,0.037528407
432156,0.06503531
432167,0.030029982
432169,0.0065042637
432188,0.017222976
432192,0.26140782
432221,0.023508975
432226,0.19152857
432231,0.01261969
432247,0.016609082
432252,0.019372823
432254,0.032955885
432263,0.025193991
432265,0.028304897
432271,0.097387865
432280,0.03504459
432282,0.030241929
432284,0.008176247
432291,0.2607057
432296,0.07784804
432298,0.07709062
432301,0.0791543
432309,0.07947923
432312,0.09657454
432320,0.01654274
432324,0.007335257
432330,0.02846968
432339,0.015719438
432356,0.041745536
432357,0.016570566
432362,0.026704747
432365,0.02671654
432366,0.047448553
432370,0.095973454
432377,0.09223903
432384,0.015497672
432391,0.026615735
432405,0.044083405
432406,0.17302597
432414,0.11487341
432415,0.0062333765
432417,0.0081357565
432419,0.04156815
432424,0.019567609
432425,0.068222746
432432,0.1103133
432438,0.04709864
432441,0.08569881
432444,0.37936333
432446,0.33776668
432452,0.10241062
432454,0.06831175
432473,0.21673982
432482,0.11168936
432489,0.039145626
432492,0.21208581
432495,0.02356901
432501,0.17302074
432507,0.01943515
432509,0.3659695
432510,0.039553493
432522,0.020705465
432525,0.054476354
432526,0.021004071
432527,0.26233098
432532,0.015996344
432535,0.042091276
432544,0.016508756
432547,0.073056325
432551,0.07528269
432553,0.051442027
432555,0.021167757
432560,0.0366339
432569,0.11846167
432577,0.030407472
432585,0.039573472
432590,0.011199708
432591,0.0743607
432594,0.016808352
432607,0.069025315
432608,0.22788621
432609,0.066029884
432612,0.20011817
432613,0.02663544
432616,0.014787394
432618,0.4965696
432622,0.039009474
432626,0.013150849
432639,0.0077191
432640,0.032715168
432642,0.116121344
432648,0.029215189
432653,0.08025699
432661,0.048272587
432668,0.028164247
432682,0.15107514
432686,0.08813017
432693,0.021046245
432695,0.14667577
432696,0.11616205
432698,0.11566453
432699,0.019817704
432702,0.073970154
432707,0.0373068
432712,0.013510657
432719,0.026383964
432724,0.008519097
432728,0.08880044
432737,0.048998713
432745,0.21347931
432746,0.050596695
432749,0.09223897
432752,0.016187988
432758,0.013226798
432769,0.036416367
432770,0.027020764
432771,0.022700343
432788,0.008124843
432804,0.010181429
432807,0.24992903
432830,0.20924737
432831,0.030562675
432842,0.098750524
432849,0.24694309
432876,0.13833025
432886,0.03391763
432888,0.01784161
432897,0.009143803
432918,0.08861535
432919,0.054673582
432920,0.034328833
432921,0.036174897
432930,0.08441407
432932,0.03418372
432943,0.08995464
432944,0.014092245
432951,0.04549449
432952,0.02231788
432965,0.12159602
432969,0.039766844
432981,0.02244301
432985,0.024302943
432986,0.020771855
432988,0.08463356
432991,0.02656652
432992,0.079481676
433002,0.01179052
433018,0.04724288
433019,0.028469816
433021,0.05960096
433024,0.010812807
433031,0.02575981
433035,0.18890293
433047,0.18969682
433050,0.0105401995
433051,0.020778604
433055,0.017963408
433058,0.08264865
433069,0.038782377
433079,0.13774954
433098,0.15412217
433099,0.014760784
433104,0.05383422
433112,0.015788902
433117,0.028822783
433119,0.008615402
433130,0.013103173
433132,0.15500341
433158,0.2897968
433159,0.010493393
433162,0.00770282
433166,0.07530842
433169,0.09559138
433173,0.025165753
433174,0.035438977
433183,0.24941222
433184,0.02050585
433198,0.05892517
433205,0.10981653
433221,0.13713603
433271,0.16681111
433274,0.016662078
433276,0.1519495
433281,0.026499348
433283,0.021360254
433296,0.04425759
433300,0.066235654
433304,0.04289223
433308,0.04109354
433312,0.02244858
433313,0.19633363
433319,0.016405756
433332,0.16305813
433342,0.021400591
433343,0.025585825
433344,0.04294776
433345,0.00865974
433347,0.07250843
433350,0.030427763
433355,0.24688032
433356,0.032172997
433359,0.04549688
433361,0.05055501
433363,0.096368365
433370,0.022541773
433371,0.021523055
433374,0.15251593
433384,0.040611155
433390,0.031291727
433392,0.013455875
433396,0.08235223
433403,0.15570366
433405,0.021301683
433408,0.19804925
433410,0.25031924
433411,0.08156358
433424,0.038862757
433431,0.01857204
433432,0.14657696
433440,0.051987287
433441,0.06744531
433451,0.06973008
433452,0.073962376
433459,0.02549364
433463,0.017317988
433464,0.05146635
433470,0.057396434
433480,0.08136544
433482,0.2102911
433485,0.038384575
433494,0.214114
433495,0.07160575
433496,0.01284345
433505,0.030579686
433509,0.030981027
433515,0.08907695
433518,0.015391659
433519,0.36520833
433527,0.119201444
433532,0.011520746
433535,0.022956392
433539,0.057238564
433561,0.047997665
433564,0.4260292
433566,0.031007206
433574,0.013043464
433575,0.01588195
433584,0.08869233
433591,0.2525667
433596,0.16570063
433598,0.060645986
433602,0.015635222
433606,0.022489652
433611,0.01497345
433617,0.051118135
433620,0.20164202
433628,0.041251644
433631,0.07800807
433651,0.044470824
433653,0.054859597
433657,0.0458953
433661,0.054708578
433662,0.081774876
433663,0.13750511
433668,0.041371506
433670,0.24499966
433680,0.08840604
433686,0.21738268
433709,0.015890598
433725,0.028895147
433731,0.05412505
433735,0.2134541
433745,0.033842094
433748,0.0108861625
433754,0.05241764
433762,0.08256644
433766,0.022121942
433767,0.028570767
433779,0.06322814
433783,0.01286958
433785,0.15902881
433789,0.009380428
433794,0.17415605
433799,0.04736158
433800,0.017763501
433804,0.11531583
433816,0.039307114
433820,0.05475506
433829,0.010562283
433837,0.01700548
433840,0.014600227
433842,0.036549058
433849,0.04685204
433853,0.016229056
433862,0.009750251
433872,0.01571676
433882,0.07250387
433892,0.042294547
433896,0.011680029
433906,0.02810915
433913,0.086935334
433914,0.011182485
433957,0.041815884
433958,0.040963188
433965,0.11985702
433976,0.04137229
433984,0.0084254015
433995,0.03481188
433996,0.037163775
434006,0.36164677
434007,0.021555986
434009,0.07958135
434019,0.09792557
434024,0.095376305
434026,0.16498184
434027,0.008143598
434034,0.037440903
434036,0.014045581
434037,0.055544697
434046,0.11758249
434050,0.006294595
434051,0.012198258
434052,0.034371737
434055,0.05623775
434061,0.051907312
434064,0.03792219
434108,0.13667288
434109,0.12272073
434121,0.18045865
434122,0.035691258
434140,0.0053193606
434151,0.04331419
434156,0.030013438
434157,0.021915732
434160,0.10087731
434164,0.016469672
434167,0.014174531
434169,0.07244361
434173,0.011302868
434176,0.075510554
434177,0.15106307
434179,0.088867344
434180,0.046406623
434183,0.11426053
434192,0.024475362
434205,0.047181424
434209,0.03503661
434212,0.113914065
434214,0.06665727
434216,0.09915284
434222,0.24840674
434223,0.04233957
434224,0.21225856
434259,0.18264173
434261,0.015217834
434263,0.060154393
434264,0.025952362
434282,0.024068406
434283,0.0060534724
434293,0.19081558
434317,0.122157484
434322,0.046161808
434326,0.06666457
434327,0.01187237
434328,0.04722352
434336,0.034512155
434340,0.024033194
434342,0.051895145
434350,0.0751991
434355,0.03209959
434375,0.020179326
434387,0.026706772
434390,0.040064678
434391,0.024493625
434408,0.02211995
434410,0.051203664
434423,0.044898905
434439,0.102377355
434442,0.0478851
434445,0.17553043
434448,0.02808069
434460,0.033071507
434465,0.012448
434467,0.05187351
434468,0.07923582
434501,0.08144777
434504,0.12243393
434505,0.067934744
434507,0.010884258
434514,0.06543964
434535,0.03355015
434538,0.23482236
434542,0.123474985
434545,0.0879869
434554,0.1213214
434556,0.064392485
434568,0.055159163
434569,0.09500547
434571,0.14959483
434574,0.13619831
434579,0.0214
434599,0.111164615
434604,0.16631651
434606,0.008453137
434607,0.030441409
434608,0.008371926
434610,0.04637076
434615,0.13798957
434616,0.26375365
434619,0.10752434
434658,0.18348911
434669,0.03222362
434675,0.017149562
434678,0.02327712
434680,0.04043551
434690,0.21042539
434698,0.03750473
434702,0.20884238
434704,0.0062539685
434722,0.013632334
434727,0.15031411
434730,0.025854522
434735,0.0257571
434739,0.08942905
434765,0.025034266
434767,0.18657781
434784,0.19649284
434787,0.07334735
434788,0.119044654
434789,0.024984863
434790,0.07700903
434791,0.08973133
434802,0.047357246
434806,0.0069078016
434807,0.06770392
434808,0.28581706
434815,0.16150594
434816,0.10535567
434817,0.08414025
434818,0.08195169
434830,0.28560245
434918,0.017530208
434920,0.024548046
434921,0.037493154
434922,0.15207264
434937,0.019513514
434948,0.029855277
434949,0.08875968
434952,0.03248373
434954,0.034369797
434957,0.06598057
434968,0.008145204
434974,0.022071347
434982,0.057371378
434986,0.03310244
434993,0.021060638
434995,0.083299495
435005,0.089943044
435013,0.058568835
435027,0.014666555
435034,0.46083546
435056,0.22909082
435060,0.066962264
435062,0.09354087
435068,0.025333006
435069,0.051792447
435071,0.15371631
435079,0.00843012
435086,0.09903671
435092,0.027338456
435099,0.0179393
435100,0.05872765
435108,0.032329105
435118,0.036517315
435120,0.009558627
435129,0.02894115
435132,0.14109537
435138,0.018563041
435139,0.19292031
435142,0.19632931
435147,0.09636928
435148,0.14816779
435151,0.007850086
435153,0.024747148
435154,0.16962549
435164,0.097734675
435173,0.02446283
435174,0.052701913
435179,0.010707099
435199,0.029130643
435202,0.026475672
435203,0.04544698
435214,0.15037422
435217,0.08896365
435222,0.06533851
435229,0.38159302
435239,0.03850097
435248,0.0671017
435259,0.010834442
435260,0.017927602
435263,0.058042973
435264,0.014800405
435267,0.015830882
435274,0.19833066
435286,0.0075420816
435296,0.01222854
435308,0.02940895
435328,0.10934174
435333,0.024881693
435363,0.026475877
435366,0.025829064
435375,0.013684508
435378,0.21490756
435400,0.070697814
435408,0.06622246
435409,0.012205729
435415,0.012736125
435419,0.19313152
435422,0.022823066
435428,0.139689
435432,0.068559855
435434,0.063367985
435435,0.09404385
435440,0.05765532
435455,0.032825645
435464,0.034789536
435470,0.005013133
435475,0.13337389
435478,0.027667398
435480,0.13453734
435482,0.010024884
435490,0.040713806
435507,0.06954709
435509,0.041847743
435510,0.031348314
435519,0.039438125
435527,0.12086666
435533,0.03022964
435534,0.0962723
435535,0.05825633
435536,0.02653582
435540,0.042908557
435551,0.033777375
435562,0.35928825
435564,0.067033306
435585,0.027962575
435590,0.01461074
435609,0.020537833
435610,0.018743856
435611,0.018353295
435623,0.058717653
435681,0.06988098
435682,0.080245115
435683,0.032191496
435704,0.08352023
435711,0.03608613
435713,0.06607173
435714,0.044678792
435716,0.007220592
435717,0.1481355
435718,0.11548074
435719,0.0358032
435741,0.035402194
435765,0.09986031
435766,0.045540564
435767,0.011266668
435773,0.19340183
435802,0.041357003
435806,0.020957362
435807,0.220022
435809,0.010984409
435811,0.11529604
435816,0.037227
435823,0.021346215
435835,0.13352771
435848,0.113146484
435849,0.291497
435858,0.01620098
435870,0.10643933
435874,0.013756875
435890,0.14622022
435892,0.011329013
435911,0.03539964
435915,0.014883968
435924,0.092136234
435937,0.03377734
435943,0.2590501
435958,0.01673407
435962,0.01170344
435965,0.24678782
435968,0.24198015
435997,0.016234415
435998,0.09194564
435999,0.014894192
436009,0.040946454
436021,0.10627841
436022,0.045223415
436026,0.2230272
436032,0.013345689
436037,0.06103735
436049,0.062102064
436058,0.03562741
436059,0.084799774
436062,0.095409825
436068,0.016781736
436079,0.16445734
436082,0.075696796
436083,0.061503306
436093,0.18586835
436098,0.012194605
436113,0.017530117
436127,0.17204268
436148,0.054989133
436152,0.19725381
436159,0.008425477
436165,0.033729885
436170,0.019501625
436174,0.006991225
436176,0.030305777
436183,0.0073960833
436194,0.0172887
436196,0.026863912
436204,0.026943333
436207,0.12592974
436210,0.024883803
436219,0.3120222
436227,0.05340216
436230,0.014755991
436233,0.032890804
436235,0.21679413
436250,0.044116545
436260,0.1343258
436285,0.09130736
436291,0.04300278
436304,0.025125463
436307,0.15054822
436308,0.10786008
436311,0.029307108
436314,0.051490773
436322,0.028375471
436323,0.28203306
436339,0.014500806
436350,0.024054416
436358,0.06365059
436359,0.02705389
436363,0.020171141
436365,0.04137843
436369,0.01626538
436377,0.02053101
436378,0.15865444
436387,0.045276824
436394,0.1985275
436397,0.037947346
436399,0.15641676
436401,0.05857341
436404,0.05862237
436421,0.06100478
436422,0.090709984
436426,0.022155868
436430,0.029111937
436464,0.027779873
436471,0.023399912
436476,0.045756146
436478,0.011646516
436486,0.007518533
436497,0.050428327
436508,0.035794392
436509,0.026977157
436510,0.08157493
436511,0.4092566
436528,0.1005723
436531,0.106635086
436534,0.21151601
436535,0.06255341
436536,0.0053807027
436537,0.031395245
436560,0.015901316
436562,0.049994003
436563,0.1266719
436564,0.06733166
436598,0.03506854
436599,0.027090207
436600,0.03935779
436637,0.033784237
436674,0.019325873
436706,0.042300865
436721,0.04720234
436722,0.12347807
436735,0.011310603
436747,0.35589987
436748,0.03329896
436750,0.08339719
436757,0.25841805
436767,0.10226218
436771,0.00802122
436781,0.069567464
436786,0.025985751
436799,0.023360325
436807,0.11329399
436812,0.05203365
436821,0.058336932
436835,0.026145551
436836,0.15880321
436846,0.06447396
436874,0.013629467
436880,0.17556305
436882,0.09830738
436885,0.011119758
436893,0.07234409
436894,0.007526144
436896,0.023992136
436902,0.053910438
436918,0.018271081
436921,0.03587518
436935,0.050808024
436955,0.009854796
436961,0.06399927
436963,0.06964432
436964,0.036817808
436970,0.020897636
436975,0.02595855
437005,0.042030286
437014,0.06134132
437020,0.03546657
437043,0.038428143
437045,0.06612596
437070,0.052552365
437078,0.01579432
437095,0.05553188
437097,0.05439016
437123,0.0043905936
437127,0.03193967
437128,0.028679332
437130,0.026764395
437147,0.36796206
437156,0.015060839
437157,0.05573509
437160,0.057157073
437161,0.014963285
437169,0.00940153
437189,0.0949702
437196,0.22412764
437198,0.034822088
437200,0.014165206
437206,0.14372304
437211,0.033117525
437215,0.08222823
437218,0.049945377
437226,0.024110327
437229,0.08142892
437235,0.018365331
437244,0.011508155
437245,0.07645861
437246,0.059856582
437264,0.04079819
437266,0.011418689
437268,0.05794453
437269,0.041016094
437273,0.014058531
437275,0.1309813
437276,0.03373347
437302,0.020081488
437304,0.09972934
437305,0.11595329
437306,0.05902844
437334,0.01652066
437335,0.04831835
437336,0.032115526
437338,0.17205314
437343,0.5542533
437356,0.04657927
437357,0.025622947
437358,0.08545264
437359,0.029458603
437360,0.17175016
437393,0.007105627
437397,0.09899655
437403,0.047183063
437409,0.024757383
437426,0.12200853
437430,0.20688231
437446,0.24671358
437459,0.040015988
437461,0.033981442
437462,0.04517011
437463,0.013808911
437475,0.024184514
437478,0.05955029
437480,0.014214693
437482,0.050059926
437486,0.044200294
437491,0.13377266
437492,0.040280282
437493,0.05255284
437496,0.090554744
437510,0.0120228315
437515,0.012170653
437516,0.054699045
437519,0.007126174
437522,0.02575226
437524,0.025232226
437532,0.08478871
437538,0.012933391
437546,0.052015457
437551,0.06572294
437553,0.0772456
437556,0.06714851
437573,0.18254803
437575,0.028705558
437584,0.112344556
437591,0.18958269
437592,0.030814318
437595,0.027213776
437602,0.022947818
437610,0.020451114
437611,0.019133838
437621,0.13011725
437622,0.12941916
437624,0.029720109
437630,0.024357177
437631,0.12671195
437636,0.32136017
437666,0.009891687
437672,0.08773129
437676,0.058825683
437687,0.03868998
437689,0.12139986
437706,0.29314214
437712,0.13578053
437735,0.0347819
437757,0.0126727335
437763,0.06753681
437790,0.01201876
437791,0.013561976
437795,0.07070631
437803,0.026720943
437810,0.041079037
437811,0.12539317
437813,0.018426077
437820,0.08449932
437823,0.10701868
437832,0.011203949
437841,0.018892556
437852,0.031905122
437858,0.062189918
437862,0.012000876
437892,0.018836178
437896,0.052670557
437903,0.34799635
437905,0.026982259
437911,0.23487511
437913,0.060297873
437918,0.006283107
437922,0.087141044
437933,0.037732076
437936,0.048153434
437945,0.027905358
437966,0.058552273
437967,0.11767049
437972,0.011424412
437977,0.120523274
437984,0.35206726
437996,0.016174704
437997,0.019363394
437999,0.040332288
438001,0.0092922095
438004,0.11001463
438007,0.03635764
438029,0.014994909
438031,0.015817568
438034,0.08807931
438038,0.17758255
438054,0.05478189
438058,0.016905036
438064,0.1212891
438065,0.11019918
438074,0.015889471
438084,0.06145555
438088,0.059873413
438089,0.013057437
438090,0.015026389
438117,0.054437388
438118,0.036278643
438151,0.09574933
438152,0.04524213
438153,0.14803465
438154,0.03421503
438167,0.02408423
438187,0.12587728
438192,0.24849176
438195,0.097841494
438196,0.11888815
438220,0.036123935
438223,0.23425229
438229,0.05779112
438256,0.030180136
438258,0.07376689
438260,0.077102326
438264,0.028919274
438273,0.06896899
438306,0.09544366
438307,0.026742063
438308,0.028530633
438309,0.011311594
438310,0.055108465
438341,0.07212222
438348,0.0058184587
438349,0.031905062
438364,0.021200767
438368,0.11382144
438380,0.12694573
438382,0.01462337
438402,0.036376975
438404,0.09962789
438408,0.19972962
438410,0.09703926
438429,0.0373102
438434,0.07158418
438435,0.017652465
438437,0.10621743
438438,0.09122761
438444,0.08381436
438471,0.021104814
438506,0.015207105
438521,0.032943416
438524,0.1328421
438525,0.08377683
438534,0.011219872
438541,0.019589705
438546,0.010168539
438547,0.045798272
438564,0.034598082
438568,0.011924698
438570,0.01307276
438578,0.014039548
438582,0.03446301
438587,0.06610671
438604,0.024834026
438620,0.028529719
438621,0.011737214
438624,0.031815138
438634,0.18768263
438644,0.04659451
438645,0.048149686
438651,0.080267414
438659,0.022687843
438660,0.011031009
438662,0.028385496
438668,0.0059249266
438673,0.063970774
438677,0.022634668
438683,0.2685219
438687,0.038439192
438700,0.054848433
438713,0.11145386
438714,0.018159188
438715,0.029714191
438717,0.030539067
438721,0.12125577
438738,0.11820247
438749,0.016300252
438750,0.020168398
438756,0.03265067
438771,0.04765132
438777,0.015304715
438781,0.0068647754
438783,0.05870884
438786,0.35148764
438792,0.023307744
438802,0.045105975
438808,0.022698043
438814,0.035453793
438829,0.07164855
438846,0.103795104
438851,0.06302398
438856,0.7094233
438858,0.072770566
438861,0.0045433613
438862,0.07737087
438876,0.21373972
438880,0.034675017
438891,0.086409494
438896,0.08263823
438898,0.10774228
438904,0.008667762
438908,0.035718743
438921,0.13942261
438923,0.070936926
438929,0.03943506
438942,0.019351428
438950,0.13480271
438979,0.20379624
438994,0.09555872
438995,0.052542493
438996,0.0074936636
439002,0.15122408
439013,0.03856635
439015,0.027150402
439017,0.042130765
439029,0.01879231
439047,0.15436703
439048,0.064507246
439049,0.24113278
439050,0.05658704
439061,0.13424768
439065,0.10334221
439069,0.10225808
439070,0.23251295
439071,0.07806169
439072,0.106087916
439073,0.14328888
439076,0.035653103
439077,0.019365836
439078,0.04636007
439089,0.029267957
439095,0.013750602
439113,0.036138862
439122,0.017323181
439127,0.036423538
439153,0.041328106
439154,0.09334192
439157,0.015331068
439197,0.007826138
439205,0.10763254
439207,0.1675965
439209,0.012732032
439213,0.014843324
439218,0.11473018
439222,0.038676474
439229,0.083999805
439233,0.052106608
439235,0.04324228
439236,0.036353312
439239,0.040424615
439248,0.090940125
439255,0.16191524
439265,0.028148219
439266,0.06419386
439268,0.03546502
439270,0.033084285
439276,0.098282956
439285,0.010126482
439294,0.061236072
439296,0.017119529
439299,0.21407676
439310,0.06862955
439319,0.031221483
439320,0.0071035684
439325,0.049203396
439327,0.04935553
439328,0.01820489
439334,0.04971643
439335,0.034806833
439339,0.06371689
439343,0.008398598
439353,0.12369951
439356,0.017622963
439374,0.00925682
439391,0.16500153
439400,0.012377051
439405,0.12601244
439413,0.058525186
439448,0.032196708
439451,0.054319054
439455,0.08718166
439468,0.06925002
439472,0.028059212
439473,0.021877298
439477,0.009038097
439483,0.030260023
439484,0.017948644
439501,0.047284395
439505,0.09373346
439512,0.11131243
439515,0.044871796
439525,0.07053207
439535,0.11557478
439539,0.0074640336
439548,0.24120672
439549,0.18182328
439550,0.08700164
439551,0.046777476
439558,0.02049964
439562,0.015984925
439566,0.03800663
439571,0.019018067
439587,0.025050355
439591,0.05779469
439595,0.03709907
439611,0.1471826
439614,0.110631175
439618,0.32830632
439620,0.09631303
439626,0.070144646
439633,0.02753802
439657,0.03447046
439660,0.08012177
439661,0.02280314
439666,0.028438985
439673,0.029713716
439675,0.051552795
439705,0.049095836
439707,0.13097899
439720,0.04673868
439727,0.05567424
439733,0.038127493
439736,0.03098986
439737,0.080150194
439746,0.132785
439755,0.06994753
439763,0.04774448
439765,0.048013452
439766,0.030997207
439768,0.11957189
439774,0.017487766
439779,0.024929432
439781,0.15090872
439784,0.14918798
439808,0.03897224
439816,0.03739612
439818,0.012103681
439820,0.014587375
439824,0.011921457
439830,0.049327157
439839,0.0083097685
439841,0.24281582
439845,0.043011326
439874,0.04488721
439875,0.00673201
439879,0.029459314
439882,0.022981679
439883,0.24848187
439900,0.09918153
439901,0.020050285
439906,0.07979233
439909,0.21263467
439911,0.12416804
439914,0.019588692
439936,0.11998186
439937,0.015000424
439945,0.033819176
439950,0.02091294
439955,0.109619185
439956,0.018269675
439971,0.08668583
439977,0.049363475
439984,0.17157514
439985,0.02325175
439990,0.01236693
439994,0.08788854
440003,0.0104737505
440030,0.034944598
440042,0.1040791
440048,0.054331806
440054,0.06754274
440073,0.053939614
440074,0.0819081
440080,0.027942177
440082,0.092370525
440085,0.097482026
440088,0.032403506
440091,0.011711114
440100,0.025152907
440103,0.026146378
440113,0.3209984
440119,0.010539872
440127,0.007867962
440130,0.032391205
440131,0.01454146
440135,0.17653523
440139,0.04874966
440147,0.06371282
440156,0.20680904
440158,0.028913686
440162,0.027230378
440163,0.08324619
440176,0.018063592
440181,0.005331874
440191,0.022765497
440192,0.04905484
440215,0.011966955
440219,0.043994527
440222,0.057774413
440238,0.028949294
440239,0.015678294
440244,0.02003734
440245,0.029837687
440252,0.08974991
440266,0.03894381
440267,0.05884459
440281,0.11734567
440283,0.043290857
440292,0.09901524
440307,0.03901945
440309,0.014684469
440313,0.04334036
440315,0.07962829
440320,0.018297628
440332,0.017118398
440336,0.021690326
440338,0.07009664
440342,0.112548195
440350,0.074928865
440352,0.027954781
440356,0.024834879
440359,0.03760276
440384,0.021297304
440395,0.041527744
440396,0.03663462
440397,0.058050618
440401,0.01606216
440408,0.09510899
440411,0.03578954
440425,0.01366035
440439,0.03737053
440451,0.17427108
440460,0.17644899
440463,0.08579214
440473,0.033245966
440479,0.01975015
440497,0.08209401
440506,0.029569553
440509,0.027918117
440518,0.008605412
440528,0.09408912
440536,0.0703625
440543,0.13000964
440561,0.013464607
440562,0.056373797
440566,0.06458118
440572,0.067098856
440574,0.1751171
440585,0.106579185
440592,0.041609544
440601,0.09500704
440606,0.044467136
440632,0.10709906
440643,0.058062132
440653,0.02128774
440669,0.013957258
440682,0.01976678
440691,0.020869575
440701,0.010830161
440706,0.027929021
440708,0.026152158
440714,0.26630762
440721,0.23334382
440723,0.13779023
440750,0.029013086
440759,0.15633635
440773,0.023455104
440792,0.25171307
440793,0.021042041
440798,0.2878744
440804,0.0732053
440819,0.050655305
440827,0.19867054
440851,0.055684984
440861,0.019969128
440862,0.011907452
440868,0.04343472
440874,0.018160773
440877,0.12216806
440883,0.020800153
440884,0.16297495
440886,0.011070354
440900,0.05998153
440902,0.019696182
440904,0.09466508
440910,0.07498077
440913,0.048384447
440915,0.27734038
440923,0.09328053
440924,0.021183833
440927,0.017429464
440936,0.037578985
440968,0.041633766
440973,0.028560428
440975,0.036455005
440979,0.16323592
440986,0.07045855
440987,0.011131971
440995,0.015521884
440998,0.058587305
441000,0.0066149323
441004,0.055252776
441007,0.2839366
441014,0.14228591
441026,0.12927559
441032,0.20685987
441042,0.017455434
441051,0.23517735
441060,0.033218537
441061,0.029966427
441081,0.054156803
441082,0.044220135
441085,0.053980757
441087,0.042878892
441089,0.014268199
441091,0.020513332
441095,0.047806866
441114,0.061045863
441128,0.082880355
441138,0.09918894
441154,0.019741733
441156,0.10935355
441157,0.34047362
441175,0.065488495
441183,0.062385708
441189,0.028010935
441207,0.013641075
441209,0.08402131
441217,0.030011982
441228,0.030075561
441229,0.033356797
441239,0.017031701
441244,0.035823837
441256,0.03561228
441275,0.042830825
441278,0.04940987
441284,0.011934135
441288,0.035585582
441293,0.20978712
441294,0.22706085
441297,0.47810334
441298,0.02696639
441304,0.011679313
441316,0.0075469874
441318,0.03281456
441351,0.06951222
441354,0.09595932
441363,0.06899589
441373,0.20380688
441375,0.019147195
441382,0.048103977
441385,0.026153559
441388,0.03213255
441392,0.10692599
441402,0.18036574
441413,0.096014686
441417,0.16394012
441427,0.04488951
441437,0.06502037
441453,0.124047734
441458,0.055026993
441459,0.014391707
441463,0.0062070545
441466,0.025298368
441475,0.027965525
441479,0.023543674
441497,0.023144877
441501,0.051549308
441509,0.025908936
441513,0.0948186
441546,0.105530396
441547,0.009355377
441563,0.281316
441565,0.021349024
441567,0.060540117
441576,0.12845472
441577,0.07341241
441578,0.05923076
441597,0.02868271
441607,0.021382418
441609,0.026849745
441611,0.050645262
441613,0.030818654
441622,0.02598005
441637,0.044163812
441638,0.014187984
441652,0.031227091
441660,0.14781108
441667,0.09002166
441671,0.048536956
441672,0.018255867
441675,0.06896391
441679,0.029699706
441700,0.042193774
441701,0.024030482
441711,0.0127364015
441725,0.019309685
441732,0.03268906
441741,0.051656388
441743,0.03327236
441761,0.01116182
441763,0.019594142
441766,0.007349697
441778,0.08791461
441780,0.026490549
441782,0.058948822
441785,0.13452889
441796,0.033174112
441808,0.10706804
441809,0.090060346
441811,0.020847922
441825,0.037570022
441828,0.07030885
441835,0.15058775
441860,0.01778433
441865,0.055649467
441871,0.04386999
441874,0.019667314
441876,0.016481921
441885,0.036402408
441896,0.08369522
441908,0.030453935
441913,0.015507418
441921,0.082250595
441926,0.021538258
441936,0.04636177
441941,0.034622386
441947,0.0181423
441957,0.028083108
441961,0.009079909
441969,0.0062369043
441979,0.08680312
441986,0.045458164
441987,0.0084125
441996,0.2513634
441997,0.02388763
441998,0.05413199
442001,0.031659186
442002,0.061089437
442003,0.09650587
442010,0.004880144
442013,0.01346127
442015,0.19976929
442026,0.024756461
442030,0.024983237
442032,0.18617332
442033,0.41543737
442039,0.1150352
442049,0.024577893
442054,0.056853108
442060,0.014633344
442065,0.12231846
442067,0.08552729
442074,0.019007314
442076,0.018829443
442080,0.08012786
442085,0.020358175
442093,0.026666371
442100,0.070006385
442123,0.09672315
442124,0.23242617
442128,0.079472445
442149,0.0784583
442151,0.10408946
442157,0.06174856
442158,0.029140497
442159,0.036586322
442161,0.07671629
442179,0.03544169
442187,0.0824573
442190,0.03978736
442195,0.04435901
442199,0.07900643
442233,0.031177422
442234,0.08441236
442235,0.009368074
442250,0.0030422097
442256,0.03489085
442258,0.25913164
442264,0.11864691
442280,0.024892746
442288,0.00837898
442290,0.016624175
442293,0.16370882
442299,0.104006186
442303,0.22643857
442306,0.019123916
442308,0.025857173
442312,0.07579083
442315,0.03072205
442320,0.04015082
442321,0.10413514
442328,0.12036018
442331,0.30019435
442359,0.014295318
442361,0.023206975
442366,0.04428865
442368,0.06488255
442372,0.16492295
442378,0.03907304
442392,0.18477765
442393,0.018714087
442399,0.07009518
442401,0.2765829
442404,0.009884759
442405,0.11968472
442438,0.070744246
442442,0.043819346
442451,0.19132024
442452,0.017945835
442458,0.10654489
442461,0.11850135
442464,0.018217372
442468,0.057520352
442479,0.12513039
442484,0.09384548
442504,0.043267176
442505,0.014943463
442513,0.0360336
442520,0.0070469826
442527,0.053343426
442539,0.016777748
442540,0.097150646
442541,0.006966005
442555,0.030345611
442577,0.19186577
442586,0.060785282
442588,0.014342578
442613,0.07360981
442616,0.15686886
442622,0.1067759
442626,0.032025132
442627,0.043948844
442641,0.012848431
442647,0.021943225
442653,0.13412914
442656,0.030445736
442662,0.03765002
442672,0.0063433503
442682,0.02983668
442684,0.04896687
442685,0.024766566
442698,0.12990955
442709,0.03593188
442716,0.029758092
442718,0.040010344
442723,0.1032632
442724,0.051249113
442737,0.027912315
442742,0.18848518
442743,0.008966493
442746,0.04659464
442766,0.031023597
442767,0.08178827
442769,0.020978002
442792,0.063608125
442797,0.1097314
442799,0.031014778
442804,0.04894223
442807,0.034094412
442816,0.08894852
442819,0.04376705
442826,0.09936035
442831,0.09934383
442846,0.02024228
442854,0.110020675
442861,0.008065745
442862,0.01556662
442870,0.11885229
442875,0.084275775
442890,0.0101371175
442891,0.08945507
442896,0.05776218
442897,0.04113121
442902,0.022353936
442903,0.10369942
442905,0.017074319
442915,0.13509475
442937,0.047468502
442947,0.36357987
442949,0.04467533
442954,0.1430717
442972,0.03430417
443012,0.15850574
443018,0.123383224
443029,0.0334172
443031,0.020672327
443033,0.008137276
443035,0.067780904
443039,0.005587225
443040,0.03174036
443051,0.062669456
443062,0.028381163
443069,0.18905339
443080,0.09268433
443081,0.10517853
443090,0.08188938
443092,0.012265324
443106,0.03525631
443119,0.09311519
443134,0.017756622
443161,0.059015896
443170,0.022789204
443177,0.035634223
443189,0.027587283
443193,0.025218127
443199,0.070562914
443212,0.05239486
443226,0.27279386
443230,0.026131345
443239,0.061430592
443241,0.013870188
443244,0.012413177
443249,0.021932578
443253,0.04216726
443262,0.016257698
443264,0.56924534
443266,0.06555421
443274,0.022084394
443283,0.01726642
443295,0.008451267
443304,0.014953005
443313,0.06248263
443317,0.0084048305
443324,0.017117875
443339,0.023280662
443344,0.082928486
443345,0.02094785
443352,0.04475157
443355,0.03368226
443356,0.19578506
443360,0.14365324
443364,0.24150014
443368,0.005035779
443375,0.080602854
443380,0.13974836
443391,0.100667804
443392,0.0055065057
443397,0.014996437
443403,0.043039344
443406,0.17126307
443420,0.12836975
443431,0.0058002793
443441,0.045022227
443456,0.12672228
443457,0.18336475
443459,0.043476455
443460,0.049389463
443471,0.05494036
443474,0.09234543
443486,0.082353435
443487,0.047443543
443490,0.01359111
443492,0.15879802
443495,0.06767766
443505,0.026488138
443512,0.041992866
443555,0.021117818
443576,0.15900026
443582,0.003672401
443583,0.014207953
443585,0.01984954
443588,0.01592708
443592,0.014780358
443596,0.07807116
443597,0.0027392113
443606,0.03717958
443607,0.073048435
443608,0.07316391
443611,0.10473672
443612,0.020320702
443618,0.25838548
443623,0.018943626
443632,0.012248196
443633,0.13278109
443634,0.029944694
443637,0.018713906
443638,0.37112308
443669,0.026592854
443672,0.05288624
443685,0.016332466
443686,0.0109395925
443694,0.018710567
443695,0.09261989
443697,0.23268673
443700,0.034027226
443734,0.081061825
443738,0.03578138
443742,0.029587716
443759,0.09636046
443760,0.029291142
443770,0.043436177
443776,0.021646343
443788,0.018145481
443791,0.12765138
443792,0.045689214
443803,0.048787337
443808,0.0351318
443832,0.031801958
443842,0.013503713
443847,0.018168515
443853,0.030555634
443854,0.32167444
443868,0.03033259
443873,0.026811352
443879,0.025938615
443883,0.08567537
443891,0.09747617
443908,0.058017492
443910,0.23357368
443918,0.013784871
443927,0.013982357
443935,0.09662845
443965,0.25907543
443974,0.008487053
443984,0.028717784
443986,0.09183973
443991,0.007652262
443996,0.010316267
444008,0.00902612
444014,0.013064862
444015,0.018932238
444016,0.08749473
444018,0.037410226
444053,0.121586844
444058,0.079185516
444065,0.028868936
444069,0.019179003
444082,0.025524441
444087,0.026774904
444089,0.047295637
444093,0.095282994
444104,0.007746175
444113,0.012756588
444118,0.0872255
444122,0.033384006
444123,0.044711135
444128,0.029381866
444136,0.020092826
444152,0.032201573
444155,0.053706955
444182,0.013383867
444183,0.05138201
444185,0.023336403
444213,0.05278749
444229,0.031949054
444231,0.028721422
444234,0.017656593
444240,0.033383377
444249,0.019256935
444265,0.027624315
444268,0.033806883
444271,0.0663543
444278,0.018827619
444279,0.12061146
444283,0.11254144
444285,0.020802876
444291,0.14074145
444297,0.004752341
444313,0.03849059
444318,0.03775885
444322,0.010463871
444333,0.017707951
444334,0.023314703
444359,0.07245315
444367,0.04693717
444369,0.05085399
444370,0.124352165
444376,0.01868602
444384,0.017534995
444387,0.032606654
444406,0.017030647
444409,0.09317174
444412,0.01366531
444418,0.15952307
444420,0.118067086
444424,0.016301638
444429,0.011576314
444432,0.050373815
444434,0.0504581
444440,0.034766447
444444,0.032320105
444450,0.029254992
444456,0.02335984
444457,0.025464721
444461,0.124517046
444504,0.15818109
444515,0.10856243
444516,0.0905155
444517,0.009398347
444519,0.21065442
444540,0.027734274
444573,0.10589428
444581,0.018526664
444582,0.014849287
444602,0.3505716
444605,0.030634796
444611,0.011910296
444614,0.021299655
444622,0.19852327
444624,0.15306154
444625,0.030647349
444639,0.026722878
444658,0.054037567
444673,0.027279733
444696,0.06524307
444719,0.04425928
444729,0.020602709
444737,0.040781155
444743,0.06267796
444758,0.04674787
444764,0.039939865
444780,0.020285197
444789,0.08347048
444795,0.053167682
444811,0.055228226
444814,0.0065053143
444825,0.048769362
444831,0.0190633
444832,0.012776858
444835,0.17268291
444840,0.05026004
444841,0.07812636
444842,0.121793695
444846,0.0443327
444849,0.060235232
444867,0.016278705
444876,0.03803719
444893,0.027532563
444896,0.10825262
444897,0.015201272
444907,0.04749511
444908,0.015250455
444932,0.054759346
444933,0.033769507
444936,0.024632992
444941,0.06593303
444942,0.044464
444950,0.034854658
444956,0.010576021
444965,0.023048611
444966,0.1755735
444970,0.013844958
444971,0.22676586
444978,0.015728205
444982,0.04629446
444984,0.043711
444986,0.018428052
445001,0.01778881
445016,0.032817245
445027,0.0765538
445029,0.03443147
445032,0.031216571
445037,0.03713519
445043,0.0131972805
445044,0.15871419
445047,0.061104104
445052,0.15980318
445073,0.050645
445075,0.006116885
445076,0.035420865
445092,0.054059487
445095,0.10132999
445106,0.026238568
445110,0.07556096
445123,0.018125536
445124,0.01956219
445141,0.08383005
445151,0.01687692
445160,0.029466901
445161,0.04989551
445164,0.13877583
445165,0.020179473
445169,0.07880638
445175,0.25750092
445178,0.031005435
445182,0.066478625
445183,0.006665918
445192,0.013978372
445193,0.07774528
445200,0.008614309
445202,0.012929305
445203,0.01029103
445207,0.032165512
445245,0.0433568
445256,0.013294025
445282,0.048927363
445294,0.013459573
445300,0.16422175
445316,0.018054016
445331,0.03476795
445332,0.007987719
445343,0.04065009
445345,0.029298048
445346,0.05474626
445354,0.15000391
445355,0.4031279
445356,0.06558743
445366,0.17085832
445369,0.14608367
445390,0.028296651
445392,0.067952015
445398,0.013167432
445401,0.07462465
445417,0.02965173
445427,0.03776981
445465,0.14962974
445469,0.016207874
445472,0.012394759
445475,0.21102858
445483,0.018459521
445484,0.049193013
445493,0.13606419
445496,0.046309028
445504,0.012257874
445505,0.12859763
445507,0.016733056
445531,0.3007698
445536,0.037772316
445544,0.048653945
445559,0.011437096
445580,0.030101728
445589,0.013586993
445591,0.025025394
445595,0.017954284
445601,0.0366732
445612,0.047989506
445639,0.041641034
445656,0.12623103
445666,0.034022436
445682,0.38511467
445686,0.03562531
445700,0.057498205
445713,0.08075711
445716,0.04465383
445725,0.021265205
445728,0.015778495
445731,0.005800755
445742,0.050674822
445743,0.26901716
445755,0.02305204
445766,0.01681911
445781,0.43403548
445798,0.056423396
445799,0.080081865
445801,0.22380935
445810,0.04417999
445813,0.06403299
445822,0.007387347
445824,0.093095884
445826,0.046981096
445828,0.036230735
445829,0.027193073
445838,0.021435207
445840,0.015971977
445845,0.03231689
445847,0.059188846
445849,0.056555577
445852,0.12507354
445853,0.13103214
445856,0.03672117
445863,0.012126544
445864,0.14973536
445871,0.097715214
445907,0.051425025
445908,0.017624596
445917,0.022551121
445919,0.08989419
445925,0.03873278
445930,0.021135645
445938,0.02961892
445943,0.0907226
445946,0.005254201
445948,0.16088451
445970,0.023856966
445972,0.009358065
445974,0.21568657
445976,0.020594634
445979,0.06046547
445993,0.026699616
446001,0.0807514
446004,0.07014091
446025,0.059764463
446026,0.04966032
446046,0.1657338
446048,0.029445248
446055,0.013337291
446064,0.08798449
446068,0.022841956
446078,0.0076341354
446094,0.025878001
446096,0.24972366
446120,0.074292526
446131,0.028565453
446139,0.11864422
446157,0.11635243
446179,0.057837926
446180,0.10012985
446186,0.056925245
446189,0.22809102
446200,0.06635669
446208,0.15999106
446210,0.041354943
446214,0.032079823
446226,0.021079503
446229,0.09829967
446237,0.045658816
446247,0.022827523
446256,0.015226755
446273,0.07552683
446286,0.037247814
446296,0.013847627
446302,0.08634215
446310,0.06962266
446315,0.014484611
446319,0.40613374
446320,0.18251249
446322,0.066525884
446356,0.29287246
446374,0.03200378
446375,0.046695232
446406,0.022787208
446407,0.00797354
446426,0.09800618
446428,0.059627183
446431,0.11302592
446433,0.022530092
446437,0.10196307
446441,0.10326193
446452,0.027511466
446464,0.11006614
446466,0.11470187
446468,0.19785142
446469,0.14157872
446472,0.5376352
446476,0.03283248
446478,0.016158368
446485,0.019012202
446499,0.09371303
446503,0.052029815
446504,0.009155899
446509,0.08071949
446512,0.13534848
446525,0.02393231
446534,0.020436341
446535,0.04529879
446543,0.212491
446546,0.010446363
446550,0.22147101
446555,0.08632239
446560,0.028511608
446564,0.035788804
446572,0.034114547
446593,0.03796488
446616,0.17044526
446617,0.031904243
446625,0.016062453
446626,0.18615964
446631,0.19809985
446643,0.10629626
446647,0.07756624
446652,0.043022703
446655,0.07596565
446657,0.36233976
446663,0.047552742
446665,0.12143293
446676,0.036929555
446684,0.0869177
446694,0.020187134
446699,0.013513518
446702,0.05997132
446713,0.06711391
446720,0.19588561
446724,0.1494369
446728,0.045945406
446730,0.017598897
446738,0.05340246
446742,0.012648754
446743,0.011127353
446744,0.04365792
446750,0.05194639
446759,0.034560375
446760,0.09201959
446772,0.026023792
446786,0.028960053
446799,0.028650306
446800,0.2682759
446803,0.10138654
446812,0.04058185
446813,0.056485955
446815,0.018895373
446816,0.030288076
446832,0.060699683
446845,0.050208166
446846,0.007005271
446847,0.06291664
446850,0.027779477
446851,0.21658918
446855,0.07221474
446856,0.025272144
446867,0.00699588
446877,0.301953
446880,0.07919017
446885,0.014530465
446892,0.017327314
446905,0.09858293
446909,0.13149928
446924,0.01859568
446935,0.02854429
446944,0.034830227
446945,0.03336447
446949,0.0059572556
446952,0.016516779
446957,0.012817522
446961,0.041322887
446979,0.029873885
446980,0.09343259
446987,0.09376269
446991,0.032826327
447001,0.009536465
447013,0.04822515
447014,0.042638842
447023,0.05166876
447062,0.0052999537
447072,0.05296871
447082,0.119808875
447084,0.022632616
447087,0.00966918
447092,0.015857056
447106,0.030350426
447107,0.039250955
447112,0.032618906
447147,0.03644004
447160,0.13762037
447176,0.022043414
447184,0.017927643
447188,0.0076023866
447190,0.097902775
447191,0.022975963
447198,0.09288202
447199,0.04850772
447200,0.09155164
447202,0.019781156
447209,0.22226048
447210,0.1263766
447228,0.2675871
447230,0.0069402414
447235,0.057637267
447246,0.19070584
447248,0.0826317
447263,0.03948431
447265,0.03640535
447272,0.024275662
447285,0.04448919
447293,0.17406341
447305,0.04595361
447312,0.016446726
447326,0.042723455
447327,0.032103587
447361,0.013065748
447367,0.16624214
447381,0.061916895
447387,0.12872735
447390,0.18661822
447391,0.055940714
447416,0.12272458
447419,0.05188041
447420,0.049416173
447422,0.00900854
447425,0.049578167
447444,0.011343223
447458,0.02844539
447460,0.014631797
447467,0.026329719
447479,0.11146486
447482,0.07543246
447496,0.027178094
447504,0.015273107
447507,0.030626496
447519,0.020862741
447522,0.030300347
447528,0.09488107
447529,0.02282973
447532,0.097738504
447540,0.06802854
447543,0.07302298
447546,0.04589954
447554,0.017636886
447571,0.039057974
447575,0.0108082425
447591,0.04861339
447599,0.18194272
447600,0.07372332
447601,0.026662553
447606,0.057020146
447607,0.054037485
447618,0.089097686
447621,0.030366011
447633,0.0077333753
447638,0.013747349
447642,0.026817998
447644,0.06372038
447654,0.19921604
447670,0.020283705
447671,0.07947883
447672,0.05093304
447674,0.058357313
447676,0.10217763
447692,0.22330764
447696,0.100534596
447698,0.10352197
447704,0.01688234
447705,0.05563666
447708,0.07604249
447709,0.24347591
447715,0.0651436
447727,0.021055369
447736,0.030672789
447742,0.01577451
447743,0.11501178
447745,0.053603645
447748,0.16122362
447751,0.23594205
447752,0.014435622
447796,0.027032902
447810,0.04502569
447812,0.050926805
447814,0.35267857
447815,0.025990278
447816,0.1185881
447817,0.25950432
447835,0.04379405
447842,0.33510146
447844,0.005702586
447862,0.15493046
447865,0.103220046
447868,0.16994125
447873,0.0073191226
447876,0.005694421
447881,0.088563725
447882,0.114245884
447883,0.0096079
447904,0.07179676
447907,0.25932133
447915,0.22567712
447931,0.03636958
447945,0.051097013
447947,0.12886247
447958,0.015671171
447967,0.009959788
447968,0.1185138
447972,0.41142666
447975,0.02983142
447976,0.07347859
447978,0.006643677
447983,0.019714847
447993,0.08601125
447998,0.10049349
448001,0.07417917
448005,0.117818825
448007,0.035258774
448011,0.098239645
448012,0.011002393
448016,0.054330572
448030,0.017386097
448039,0.11131985
448040,0.040216126
448045,0.061811138
448046,0.031565752
448051,0.04598797
448084,0.06634579
448091,0.1950914
448100,0.06295977
448125,0.16764577
448143,0.021591486
448146,0.060680546
448150,0.043656964
448160,0.15653092
448163,0.025614046
448165,0.110278785
448182,0.014603698
448185,0.02579818
448188,0.022233123
448189,0.02696771
448209,0.021951852
448210,0.0635168
448218,0.016816098
448224,0.13250893
448241,0.014115996
448243,0.017304717
448244,0.0066288398
448245,0.11917769
448254,0.073041715
448278,0.16542505
448279,0.06104287
448282,0.062402744
448284,0.028031226
448285,0.18112402
448301,0.086693875
448302,0.2604422
448305,0.02932667
448317,0.085217156
448330,0.10000706
448335,0.012525737
448338,0.07177234
448340,0.009034121
448341,0.041437928
448347,0.39886564
448350,0.0331511
448353,0.065529175
448361,0.038746424
448370,0.052449632
448380,0.11567754
448400,0.109000266
448411,0.062162362
448412,0.14522798
448417,0.052644797
448420,0.06302306
448422,0.026822815
448424,0.015032086
448447,0.09717516
448459,0.10435945
448464,0.019392798
448470,0.07407928
448490,0.02619444
448494,0.07264298
448500,0.2631638
448515,0.003710465
448522,0.08422443
448526,0.021307245
448536,0.27176937
448548,0.011381425
448566,0.06305815
448573,0.028553257
448584,0.023971265
448585,0.036104664
448597,0.030712439
448599,0.051264327
448601,0.0065667126
448604,0.025245298
448606,0.029293222
448610,0.04094908
448642,0.07746397
448660,0.02157003
448669,0.012943298
448674,0.04838267
448675,0.04558053
448678,0.0529951
448690,0.036001354
448693,0.027138257
448695,0.14780547
448700,0.107930236
448703,0.018138265
448704,0.115324445
448707,0.016996771
448720,0.27747023
448727,0.18435532
448728,0.046954513
448734,0.26103368
448746,0.021575918
448755,0.04141687
448760,0.29710612
448770,0.031004773
448778,0.034468956
448788,0.044923704
448790,0.123114526
448801,0.032320216
448805,0.04047554
448806,0.009875906
448812,0.011144276
448817,0.17817204
448834,0.022441208
448837,0.29426327
448838,0.02218615
448853,0.10150844
448856,0.0392189
448868,0.03531781
448876,0.009121206
448909,0.18073948
448917,0.061073683
448919,0.17137206
448922,0.08554958
448931,0.048095874
448935,0.017514251
448937,0.016452001
448940,0.0317591
448948,0.06812118
448958,0.06031536
448967,0.048874352
448968,0.036461897
448973,0.11900316
448993,0.027194947
449000,0.23364279
449011,0.21785215
449015,0.00886065
449030,0.02743487
449035,0.025555154
449040,0.008586431
449045,0.0077020004
449060,0.02075539
449081,0.0475172
449082,0.028055187
449087,0.17438965
449095,0.05858003
449105,0.11967543
449110,0.025458334
449117,0.05775712
449126,0.11890848
449134,0.04128048
449141,0.023102803
449148,0.17448471
449155,0.015631957
449158,0.1573914
449160,0.017177755
449178,0.06692622
449180,0.15788342
449183,0.0498647
449186,0.07212856
449193,0.041190933
449196,0.027700987
449203,0.01905245
449213,0.034914583
449214,0.008984796
449215,0.036138706
449216,0.10345232
449224,0.08847028
449227,0.0549956
449230,0.017295167
449233,0.083081014
449253,0.05630426
449254,0.06182665
449264,0.45296493
449289,0.18562745
449302,0.011280732
449308,0.06493425
449314,0.024481636
449322,0.06470062
449323,0.04763545
449364,0.06743762
449368,0.024031695
449391,0.01831379
449403,0.055525154
449408,0.06506656
449409,0.014128636
449412,0.013134813
449424,0.08732859
449427,0.019128228
449462,0.018003669
449465,0.037912346
449469,0.016145304
449475,0.008816337
449476,0.0808183
449483,0.018762736
449484,0.1715282
449487,0.013209483
449492,0.0197822
449499,0.0885419
449502,0.009256598
449506,0.0100092795
449508,0.05689201
449514,0.017566232
449517,0.06830231
449534,0.061000675
449540,0.014644994
449543,0.05910629
449545,0.018837377
449548,0.07502891
449555,0.053935893
449556,0.091553286
449558,0.014702867
449566,0.041222375
449574,0.09638865
449576,0.030430427
449578,0.005499021
449581,0.021706661
449586,0.12300093
449591,0.05680327
449594,0.018297756
449599,0.08347404
449606,0.013255395
449615,0.010643479
449616,0.039226893
449625,0.062486667
449633,0.0264068
449636,0.14887463
449637,0.22784154
449642,0.013204201
449683,0.12327159
449684,0.025690662
449711,0.023517216
449713,0.017998958
449716,0.111579075
449741,0.05423681
449745,0.022695985
449747,0.01886426
449756,0.024480479
449759,0.014849252
449760,0.13137692
449768,0.030320562
449773,0.026984895
449775,0.04133048
449780,0.01458665
449788,0.116962574
449792,0.028137337
449802,0.066030614
449812,0.2232712
449815,0.08093747
449818,0.022841588
449820,0.06339932
449821,0.026451519
449822,0.19987303
449831,0.012404125
449837,0.064853474
449855,0.18294096
449857,0.03418449
449865,0.09313178
449866,0.024032138
449871,0.076349154
449873,0.055266008
449874,0.058413953
449877,0.026275082
449881,0.023548322
449889,0.05118849
449893,0.011601889
449894,0.08501818
449897,0.12010404
449900,0.027407136
449910,0.014833774
449924,0.08504145
449928,0.048403807
449932,0.21757768
449942,0.033620972
449947,0.039828505
449955,0.07274612
449972,0.007385732
449984,0.2046079
450004,0.022449726
450027,0.057280738
450029,0.00836096
450035,0.03667469
450038,0.011663894
450042,0.5115712
450044,0.03244164
450060,0.035793684
450065,0.02530257
450076,0.03440959
450081,0.1461158
450083,0.069256425
450096,0.08013627
450102,0.021431686
450107,0.09435708
450109,0.057548895
450110,0.021517748
450111,0.028639058
450114,0.049416456
450117,0.053311635
450118,0.14422902
450124,0.16407692
450141,0.21924572
450145,0.03174935
450148,0.057903975
450169,0.06683529
450172,0.22069184
450173,0.048750296
450180,0.043145195
450182,0.005370102
450190,0.053138282
450200,0.03149976
450216,0.018475633
450221,0.029661579
450227,0.42174125
450229,0.015397297
450233,0.060589343
450244,0.081611715
450251,0.49936733
450260,0.01228924
450266,0.22721459
450267,0.03606358
450272,0.020514566
450280,0.074930556
450287,0.010759294
450290,0.052818973
450291,0.2697968
450303,0.026631704
450310,0.05507773
450311,0.054228704
450358,0.08655628
450373,0.08062033
450376,0.08575658
450383,0.03854553
450395,0.06400994
450398,0.19108471
450412,0.25171974
450415,0.11825016
450420,0.03955064
450421,0.15456097
450427,0.020186149
450428,0.018728308
450429,0.04976016
450433,0.018499995
450443,0.018643111
450453,0.014220367
450454,0.018667
450458,0.117163345
450464,0.01711024
450469,0.110575035
450475,0.02387204
450478,0.24596648
450498,0.03883483
450501,0.097134754
450503,0.04043425
450513,0.20904142
450523,0.04121575
450530,0.10752811
450537,0.035604104
450543,0.026052373
450554,0.03512869
450555,0.02640805
450558,0.032629207
450568,0.036255285
450569,0.032131936
450580,0.013850636
450581,0.010768759
450588,0.020070659
450589,0.05754497
450602,0.06330076
450603,0.012563257
450621,0.0251212
450626,0.3492812
450640,0.024846708
450641,0.016031584
450644,0.18348493
450658,0.09574163
450672,0.20823771
450685,0.03761668
450687,0.2576083
450689,0.054228667
450690,0.056951743
450693,0.018746478
450699,0.022916378
450706,0.28641415
450708,0.19446088
450710,0.06078794
450716,0.09818177
450722,0.06502254
450752,0.1262127
450759,0.15184537
450763,0.065848835
450767,0.04390991
450768,0.08247007
450772,0.013840336
450778,0.02587121
450781,0.046110287
450788,0.023646465
450792,0.1119607
450817,0.010999458
450820,0.009089803
450835,0.1721962
450848,0.19947177
450853,0.24528556
450865,0.020129977
450878,0.006546158
450883,0.008600682
450885,0.06447675
450896,0.01042909
450897,0.042847816
450898,0.12074565
450904,0.09471801
450908,0.12842764
450917,0.011296342
450921,0.014200021
450923,0.13828354
450926,0.092680685
450929,0.036737382
450937,0.051617075
450963,0.17020331
450971,0.24221344
450973,0.04765896
450978,0.11135799
450982,0.015729534
450995,0.11258583
450997,0.02194023
451033,0.014209649
451035,0.013806202
451037,0.13516024
451039,0.015199395
451063,0.01338563
451079,0.019403193
451081,0.0065698177
451083,0.02593451
451100,0.058888067
451101,0.010845487
451104,0.030881355
451109,0.01697225
451119,0.031055653
451124,0.022694003
451126,0.0144698955
451146,0.07495979
451155,0.012752978
451156,0.015124889
451160,0.17340618
451163,0.0075049354
451168,0.064559124
451175,0.052168526
451184,0.03709296
451189,0.06256723
451206,0.04892018
451208,0.033418916
451225,0.01112495
451226,0.01596023
451228,0.24480467
451230,0.08837302
451235,0.026266865
451239,0.012476886
451242,0.030488199
451247,0.0446408
451248,0.041358035
451255,0.06967265
451261,0.03706568
451270,0.07233367
451277,0.011071027
451278,0.13548873
451282,0.05160368
451283,0.021245155
451302,0.057504598
451310,0.027739733
451315,0.046637174
451328,0.033777878
451330,0.06057199
451331,0.20902044
451338,0.022805722
451342,0.09563913
451347,0.015468607
451350,0.14440994
451351,0.050386127
451354,0.015731564
451358,0.039528668
451370,0.016221268
451379,0.48252064
451383,0.05163839
451390,0.085189246
451391,0.023346344
451392,0.11932631
451412,0.036677066
451422,0.02330501
451429,0.02117761
451432,0.043266308
451437,0.041852124
451442,0.030926254
451455,0.046366923
451457,0.058970798
451464,0.076869644
451472,0.049719404
451474,0.06520133
451488,0.09961566
451512,0.013830518
451516,0.05233147
451519,0.15252726
451528,0.018061178
451531,0.013019412
451551,0.09286994
451564,0.05740973
451570,0.19055435
451571,0.02823457
451575,0.09336437
451576,0.043267637
451582,0.124504834
451586,0.028637808
451587,0.17831957
451594,0.08628792
451596,0.024329595
451600,0.14798124
451615,0.023589825
451616,0.02796834
451646,0.19283672
451648,0.156776
451650,0.025367113
451651,0.17926653
451662,0.09852485
451675,0.0077810627
451680,0.028829418
451682,0.118758336
451688,0.022303872
451691,0.053306438
451698,0.06217098
451703,0.032874905
451709,0.042118642
451714,0.066564105
451716,0.15971577
451719,0.04181837
451724,0.021720454
451726,0.052132748
451733,0.008288521
451743,0.06993873
451747,0.014706011
451756,0.022194387
451761,0.067391254
451762,0.0757518
451768,0.012442562
451785,0.020868396
451805,0.005434242
451811,0.18676578
451817,0.0077412357
451823,0.097873226
451831,0.020195667
451840,0.020923669
451845,0.023853391
451852,0.057539366
451855,0.037919555
451856,0.017709611
451871,0.039615273
451873,0.0735617
451897,0.055385612
451907,0.062452406
451908,0.104157455
451919,0.034247108
451932,0.037847262
451934,0.05651164
451935,0.081453286
451936,0.107549004
451938,0.020010183
451954,0.012417088
451958,0.04756961
451976,0.15620935
451977,0.06858038
451983,0.068646476
452000,0.06184831
452023,0.037460893
452024,0.0085002165
452028,0.013225567
452039,0.033077046
452043,0.0408563
452047,0.022062568
452067,0.08165912
452069,0.010436376
452071,0.018310502
452096,0.3155491
452101,0.23455185
452107,0.09840673
452108,0.021734921
452109,0.09052528
452123,0.030966712
452127,0.027660014
452131,0.054045234
452133,0.01522998
452136,0.14688376
452137,0.07765732
452142,0.043185156
452147,0.06198062
452158,0.04374065
452172,0.050383136
452190,0.12050811
452191,0.051052466
452192,0.009041886
452195,0.029439388
452209,0.040084206
452237,0.036303226
452239,0.009437502
452242,0.07148429
452246,0.00847409
452249,0.12510405
452263,0.047651082
452267,0.02555557
452273,0.07565077
452274,0.066502996
452291,0.15803772
452310,0.10565584
452319,0.04906012
452325,0.029451575
452328,0.07927718
452330,0.18057248
452332,0.026298856
452337,0.01654689
452353,0.16539754
452356,0.15172578
452368,0.00796894
452379,0.18053925
452380,0.37634662
452396,0.04027842
452398,0.13782336
452401,0.026499206
452408,0.0761752
452409,0.052034874
452414,0.064047225
452418,0.11480899
452422,0.06683996
452430,0.11428497
452432,0.015997201
452451,0.06687645
452455,0.027286302
452495,0.05261836
452497,0.2757824
452511,0.075494565
452514,0.01601285
452522,0.06117026
452529,0.10818613
452530,0.16132525
452542,0.023759332
452545,0.014297389
452558,0.018974034
452592,0.13300559
452604,0.01838862
452616,0.016478898
452619,0.026400393
452620,0.02485142
452630,0.035234954
452644,0.093546085
452658,0.010189949
452663,0.038889207
452668,0.033475876
452672,0.06981967
452679,0.017385192
452685,0.062046356
452690,0.07562091
452701,0.1664302
452702,0.10451841
452708,0.048400905
452714,0.021036532
452718,0.10017934
452731,0.008643606
452733,0.064404435
452741,0.052021448
452748,0.20519733
452750,0.045033153
452753,0.056956913
452759,0.00615756
452767,0.2386237
452768,0.39787775
452788,0.025435587
452802,0.025672562
452807,0.054196216
452819,0.047193754
452820,0.017463434
452821,0.015019665
452840,0.18072213
452851,0.0126398895
452861,0.023166254
452865,0.023997145
452871,0.06904476
452882,0.024235616
452903,0.014277914
452906,0.07903494
452907,0.36323604
452914,0.0591915
452929,0.050925385
452931,0.13244784
452932,0.036252636
452948,0.027626786
452950,0.06200446
452963,0.031565584
452974,0.018871885
452982,0.09323753
452984,0.24382381
452994,0.021323483
452995,0.046742324
452998,0.02605697
453003,0.11782576
453021,0.018606327
453040,0.053422257
453042,0.0672535
453052,0.043852985
453056,0.020260384
453066,0.024509415
453067,0.009125922
453072,0.01129114
453085,0.030930934
453093,0.04334849
453094,0.014887337
453100,0.015598937
453101,0.07571303
453107,0.12104842
453110,0.1063478
453111,0.1955064
453113,0.014292732
453114,0.004792162
453124,0.007974174
453129,0.02425062
453142,0.15945707
453145,0.07634082
453152,0.12328492
453159,0.043186035
453168,0.06704568
453196,0.057323292
453212,0.033237893
453214,0.02819706
453215,0.026785132
453220,0.0083182715
453230,0.22897412
453233,0.21400724
453235,0.031248994
453244,0.09965375
453248,0.2300488
453262,0.0057413303
453268,0.036300506
453283,0.020607088
453284,0.03792508
453287,0.021458277
453299,0.038784858
453314,0.044323478
453322,0.04822532
453349,0.29277825
453354,0.09224803
453356,0.105942525
453359,0.07223578
453366,0.0578836
453367,0.065013915
453372,0.018676354
453378,0.22349903
453390,0.012575601
453397,0.09092885
453403,0.016330834
453406,0.296673
453412,0.14496699
453415,0.29283196
453428,0.094829895
453431,0.018821476
453442,0.031774636
453449,0.0091411555
453465,0.0145838875
453473,0.33496472
453476,0.018499605
453479,0.012142467
453480,0.024433874
453481,0.02608524
453493,0.020994127
453494,0.03206392
453507,0.1998906
453509,0.026111264
453514,0.120852694
453524,0.07439812
453534,0.031574946
453538,0.048619896
453544,0.096145466
453549,0.0052580982
453550,0.12817729
453551,0.011855606
453556,0.02980868
453560,0.24791065
453566,0.04400462
453569,0.07541322
453579,0.022426607
453582,0.013419635
453586,0.11928514
453618,0.019090792
453620,0.05469165
453655,0.13632861
453659,0.026568605
453668,0.04381388
453681,0.032153282
453686,0.09568273
453687,0.054743726
453704,0.009138344
453707,0.07279128
453708,0.020770542
453709,0.10628998
453715,0.023257425
453721,0.13411082
453725,0.04269
453727,0.030495185
453747,0.36751783
453753,0.1234856
453755,0.025273405
453761,0.013289573
453763,0.011860859
453766,0.006792643
453774,0.0074647795
453781,0.3002269
453790,0.04880386
453797,0.49512047
453808,0.122781575
453814,0.03255679
453836,0.08757565
453837,0.014364145
453843,0.012293402
453844,0.017132781
453871,0.0087668765
453881,0.10794318
453892,0.27865264
453893,0.026316872
453894,0.030531324
453895,0.03194675
453903,0.070804685
453906,0.06395701
453918,0.07924427
453924,0.06977988
453930,0.110475466
453940,0.012553901
453944,0.09889864
453947,0.23614253
453949,0.10053768
453952,0.10461057
453959,0.09523146
453971,0.05000014
453986,0.25637302
453988,0.021459658
453989,0.09845063
453999,0.14540976
454007,0.08281197
454021,0.008120978
454023,0.11700298
454036,0.026504977
454046,0.013447592
454052,0.08144877
454066,0.041494984
454070,0.06696289
454071,0.0569292
454075,0.19927438
454080,0.018025968
454085,0.02268698
454097,0.114145756
454103,0.023849228
454105,0.05249256
454108,0.02248273
454109,0.045780033
454137,0.115792535
454150,0.00892903
454155,0.02195408
454164,0.06420656
454165,0.051541205
454170,0.12755653
454173,0.017291205
454181,0.0067592426
454183,0.16320093
454188,0.24939528
454192,0.016552804
454198,0.18899801
454200,0.028033236
454209,0.0074255294
454211,0.4285337
454212,0.014713731
454218,0.36270022
454220,0.064680904
454231,0.027945608
454242,0.020212015
454245,0.011451845
454261,0.025790907
454269,0.080315754
454271,0.028492684
454287,0.06937254
454293,0.12455527
454296,0.04100646
454304,0.13212508
454313,0.13646391
454315,0.11904481
454321,0.028464263
454333,0.09267553
454334,0.056579232
454345,0.017105084
454347,0.057173252
454361,0.14328665
454380,0.036310382
454382,0.09888823
454386,0.12065528
454390,0.06945511
454396,0.031733047
454398,0.23079546
454403,0.01495578
454405,0.05079001
454406,0.051185053
454412,0.086113095
454418,0.05603872
454436,0.033507697
454443,0.053632244
454449,0.099300414
454457,0.23481321
454466,0.015236204
454471,0.22728637
454476,0.14613971
454489,0.2096536
454493,0.13552982
454495,0.027017955
454497,0.012601403
454522,0.017658792
454554,0.1475858
454557,0.015941653
454560,0.030976275
454561,0.050391156
454563,0.038306803
454565,0.029112859
454566,0.076023065
454578,0.08828236
454605,0.04621629
454608,0.013315171
454612,0.01511137
454618,0.11528799
454622,0.02894802
454631,0.09173696
454638,0.031285606
454639,0.23499213
454640,0.1475274
454653,0.079446204
454663,0.022103135
454664,0.10237042
454674,0.23663685
454678,0.20289773
454680,0.023707697
454687,0.054996204
454690,0.04831322
454698,0.108364806
454700,0.058590434
454707,0.0059756436
454714,0.04422037
454722,0.12255386
454723,0.024754487
454739,0.08544062
454745,0.026944704
454763,0.104192674
454765,0.022796303
454774,0.034914378
454778,0.01773713
454780,0.046523135
454781,0.15689339
454789,0.018471371
454801,0.04299862
454802,0.023906587
454835,0.14670524
454837,0.04069013
454841,0.01135076
454872,0.059605017
454878,0.030172328
454884,0.0076356167
454891,0.10763016
454897,0.052704617
454908,0.06013761
454912,0.056660466
454922,0.027558537
454929,0.11229132
454935,0.02445854
454946,0.08982602
454959,0.028755002
454970,0.020582998
454991,0.040237345
455002,0.20290282
455005,0.10854416
455016,0.1734571
455021,0.0080929035
455022,0.039124247
455024,0.15205468
455044,0.19806089
455050,0.009546947
455055,0.1900939
455056,0.060861595
455067,0.016122181
455069,0.007612149
455082,0.035373036
455087,0.04055577
455088,0.04266709
455112,0.060789663
455126,0.055426996
455132,0.02546288
455135,0.06954205
455148,0.018238952
455156,0.042337194
455161,0.11813343
455162,0.12469269
455164,0.19718483
455171,0.122842364
455174,0.010311166
455175,0.07412869
455184,0.22151299
455188,0.032190885
455200,0.15445341
455209,0.27216247
455212,0.17296347
455217,0.04608207
455222,0.023643522
455223,0.037977993
455228,0.06493763
455243,0.033563092
455246,0.029882358
455255,0.1470255
455262,0.107089154
455268,0.05817888
455277,0.11226109
455281,0.1071749
455296,0.025147073
455297,0.009119676
455322,0.016893858
455326,0.37288874
455327,0.21306542
455328,0.02489426
455368,0.010010253
455374,0.08746697
455377,0.008731506
455378,0.0053246263
455379,0.048580144
455395,0.017742448
455424,0.07552792
455425,0.016341876
455429,0.011676313
455434,0.16127744
455436,0.038650326
455438,0.035532206
455439,0.055913787
455440,0.014193567
455441,0.019909905
455481,0.0075260233
455482,0.018851234
455483,0.0060355817
455484,0.15975182
455489,0.06588023
455490,0.113766134
455513,0.3450969
455515,0.11959694
455536,0.020203961
455537,0.051178213
455538,0.01911822
455539,0.043684337
455567,0.24679688
455583,0.047322106
455607,0.039655324
455636,0.14659216
455638,0.02299649
455640,0.2609116
455644,0.018665576
455645,0.026878048
455648,0.039853808
455650,0.016130881
455658,0.20044754
455694,0.03013511
455695,0.028523605
455696,0.02206568
455703,0.06638164
455742,0.009881096
455748,0.06197633
455749,0.1107082
455750,0.15143466
455751,0.025900578
455752,0.06326355
455787,0.039745774
455798,0.056159854
455802,0.09643092
455803,0.16715686
455804,0.119706824
455805,0.01483827
455829,0.008955149
455840,0.04199876
455849,0.05320503
455850,0.06999806
455852,0.0429986
455854,0.11812148
455863,0.05519767
455897,0.03274706
455902,0.023234295
455907,0.0116040865
455908,0.058037702
455909,0.031477086
455940,0.035102844
455955,0.08662305
455958,0.050557107
455959,0.13948569
455960,0.012163041
455961,0.32828975
455962,0.036071565
455963,0.025803832
455965,0.013937671
456007,0.27234352
456008,0.019523615
456009,0.040552914
456010,0.056555588
456011,0.02562642
456013,0.23606597
456028,0.10415825
456058,0.16596843
456111,0.16804114
456114,0.06986937
456115,0.030066716
456116,0.012017446
456119,0.021996148
456120,0.10120839
456122,0.08622679
456123,0.023908714
456166,0.08569086
456167,0.022806067
456168,0.038497113
456169,0.073876806
456170,0.018706711
456189,0.10816336
456202,0.10993036
456221,0.025569415
456222,0.06257716
456223,0.016242916
456224,0.028578723
456250,0.37452605
