feature,SK_ID_CURR,TARGET,CNT_CHILDREN,AMT_INCOME_TOTAL,AMT_CREDIT,AMT_ANNUITY,AMT_GOODS_PRICE,REGION_POPULATION_RELATIVE,DAYS_BIRTH,DAYS_EMPLOYED,DAYS_REGISTRATION,DAYS_ID_PUBLISH,OWN_CAR_AGE,FLAG_MOBIL,FLAG_EMP_PHONE,FLAG_WORK_PHONE,FLAG_CONT_MOBILE,FLAG_PHONE,FLAG_EMAIL,CNT_FAM_MEMBERS,REGION_RATING_CLIENT,REGION_RATING_CLIENT_W_CITY,HOUR_APPR_PROCESS_START,REG_REGION_NOT_LIVE_REGION,REG_REGION_NOT_WORK_REGION,LIVE_REGION_NOT_WORK_REGION,REG_CITY_NOT_LIVE_CITY,REG_CITY_NOT_WORK_CITY,LIVE_CITY_NOT_WORK_CITY,EXT_SOURCE_1,EXT_SOURCE_2,EXT_SOURCE_3,APARTMENTS_AVG,BASEMENTAREA_AVG,YEARS_BEGINEXPLUATATION_AVG,YEARS_BUILD_AVG,COMMONAREA_AVG,ELEVATORS_AVG,ENTRANCES_AVG,FLOORSMAX_AVG,FLOORSMIN_AVG,LANDAREA_AVG,LIVINGAPARTMENTS_AVG,LIVINGAREA_AVG,NONLIVINGAPARTMENTS_AVG,NONLIVINGAREA_AVG,APARTMENTS_MODE,BASEMENTAREA_MODE,YEARS_BEGINEXPLUATATION_MODE,YEARS_BUILD_MODE,COMMONAREA_MODE,ELEVATORS_MODE,ENTRANCES_MODE,FLOORSMAX_MODE,FLOORSMIN_MODE,LANDAREA_MODE,LIVINGAPARTMENTS_MODE,LIVINGAREA_MODE,NONLIVINGAPARTMENTS_MODE,NONLIVINGAREA_MODE,APARTMENTS_MEDI,BASEMENTAREA_MEDI,YEARS_BEGINEXPLUATATION_MEDI,YEARS_BUILD_MEDI,COMMONAREA_MEDI,ELEVATORS_MEDI,ENTRANCES_MEDI,FLOORSMAX_MEDI,FLOORSMIN_MEDI,LANDAREA_MEDI,LIVINGAPARTMENTS_MEDI,LIVINGAREA_MEDI,NONLIVINGAPARTMENTS_MEDI,NONLIVINGAREA_MEDI,TOTALAREA_MODE,OBS_30_CNT_SOCIAL_CIRCLE,DEF_30_CNT_SOCIAL_CIRCLE,OBS_60_CNT_SOCIAL_CIRCLE,DEF_60_CNT_SOCIAL_CIRCLE,DAYS_LAST_PHONE_CHANGE,FLAG_DOCUMENT_2,FLAG_DOCUMENT_3,FLAG_DOCUMENT_4,FLAG_DOCUMENT_5,FLAG_DOCUMENT_6,FLAG_DOCUMENT_7,FLAG_DOCUMENT_8,FLAG_DOCUMENT_9,FLAG_DOCUMENT_10,FLAG_DOCUMENT_11,FLAG_DOCUMENT_12,FLAG_DOCUMENT_13,FLAG_DOCUMENT_14,FLAG_DOCUMENT_15,FLAG_DOCUMENT_16,FLAG_DOCUMENT_17,FLAG_DOCUMENT_18,FLAG_DOCUMENT_19,FLAG_DOCUMENT_20,FLAG_DOCUMENT_21,AMT_REQ_CREDIT_BUREAU_HOUR,AMT_REQ_CREDIT_BUREAU_DAY,AMT_REQ_CREDIT_BUREAU_WEEK,AMT_REQ_CREDIT_BUREAU_MON,AMT_REQ_CREDIT_BUREAU_QRT,AMT_REQ_CREDIT_BUREAU_YEAR
SK_ID_CURR,1.0,-0.0021084690181960766,-0.001129236446180263,-0.001820296177495117,-0.0003431612062434398,-0.00043291960830743847,-0.00023178792815828594,0.0008491290653992665,-0.0014998010139041678,0.0013662336541424823,-0.0009733896315420234,-0.00038436660445154483,0.0018183474904075539,0.002804358465132342,-0.0013365226354439801,-0.0004145971513831427,0.0028148030128441414,0.002753105893248153,0.00028078302042718566,-0.0028951291096386703,-0.001074657296468061,-0.0011375980580564423,0.00035029214268257104,-0.00028284407081716884,0.001097498372128957,0.0029030506158366142,-0.0018847551886425151,-0.0015823317896958699,6.716449303561449e-05,8.169710675125175e-05,0.002342064818221242,0.00022200290746980018,0.0015560976365506653,-0.0020696979485813312,0.001550904892576258,0.00589961814317516,-0.001462673601803565,0.004861794634884354,-0.0028791396821249934,0.0048513003866820035,0.003083200156183718,0.0014645209795616588,0.00311923694629178,0.0017701730992239456,-0.002574620663039167,0.0030417698212416946,0.00196144993129388,-0.001411029922363149,0.0018901567173315,0.005244721614853619,-0.0010581955750791593,0.005017249214490173,-0.002844118305974965,0.0043862078443831845,0.002081489618039942,0.0015480235869010672,0.0035890542570683756,0.0021564983039530513,-0.0019229786162672639,0.0019196973351114856,0.0019880526032478884,-0.0016468750883002101,0.0013663697570743451,0.005777437129150502,-0.0010362215727004684,0.005067035298669377,-0.002582654603769201,0.00458827947614986,0.002836949287401766,0.0016990917190736951,0.003272215448503352,0.002205425586430924,-0.0030196353172446204,0.002440394685135761,0.002288369424275866,-0.0014091171061369119,-8.185899919837343e-05,-0.001423306093899165,0.0011872523393366796,-0.000857996123933973,0.0006999595771854919,-0.0034112689215045683,-0.004138584572648188,-0.0010970083098854528,0.002121288261906606,-0.002694100658974431,0.001809200712434299,0.0015047117770160604,-0.0008146608160101893,-0.002012281584833727,-0.0010454148824402664,0.0008963395460444161,-0.0010771647938015714,0.0026037466229890597,-0.000723812657707626,0.0014498909259618635,0.0005090634618420533,0.00016724633114427445,0.001072695174701077,0.0002824706668544872,-0.0026724440148174276,-0.002192886822361863,0.0020988535656884517,0.00048545290250606043,0.0010250162123471907,0.004659167472090865
TARGET,-0.0021084690181960766,1.0,0.01918713359627062,-0.003981865601205793,-0.03036928646142988,-0.012816561515413605,-0.039645281169544896,-0.037227148542444743,0.07823930830982459,-0.04493166265773831,0.04197486283141728,0.05145717260705659,0.0376115642751661,0.0005343955790422479,0.04598221971659226,0.028524322363216906,0.00037012680234920295,-0.023806272330357217,-0.0017583834312544816,0.009307784396531512,0.058899014945713445,0.06089266756482329,-0.02416583143009371,0.005575944520908343,0.006941907545371869,0.002819479184159081,0.044395374805700945,0.05099446436812648,0.03251834110149831,-0.1553171260639496,-0.16047167160520875,-0.17891869762837048,-0.0294975646334316,-0.022745743190148507,-0.009727673268680202,-0.022149284063388727,-0.018549661629760343,-0.03419879367526856,-0.019172182012738025,-0.044003370532402865,-0.033613503251899074,-0.010884822678806584,-0.025030533291064243,-0.03299711746761117,-0.0031761075207260804,-0.013578069781984715,-0.02728387066775288,-0.01995228392431536,-0.009036447354301175,-0.02206820383485666,-0.016340337311304406,-0.03213117100499533,-0.017387422304882893,-0.04322626321381947,-0.03269782531047472,-0.010174103567660402,-0.023393245570197525,-0.03068461576564163,-0.0015565608459037154,-0.012710543748878284,-0.029183758876693472,-0.02208126137318984,-0.009993096559696444,-0.022325926477474216,-0.018572868907710774,-0.033862876768446605,-0.019024756327399944,-0.04376792104770143,-0.033394287191135595,-0.011255826639923302,-0.02462066360650495,-0.03273928440781497,-0.0027571486021083394,-0.013336719980273937,-0.032595546758941996,0.0091306657027761,0.03224757925304534,0.009022143630215059,0.031276472126435764,0.055218483513459246,0.005417144279619328,0.044346346851144976,-0.0026720821701620937,-0.00031577741664638075,-0.02860189397306156,-0.0015195031600879073,-0.00804038446605664,-0.004352408580842042,-0.0014138915975241474,-0.004229349652160023,-0.0007557507043578883,-0.01158322234141947,-0.009463821935576941,-0.006535657584094894,-0.011614671588293178,-0.0033775691474138337,-0.007952385099462259,-0.001357518324300817,0.00021539355797734155,0.003708625029306583,0.0009304246096946755,0.0027044013780418243,0.000787711748903683,-0.012462419228138606,-0.0020219274353457245,0.019929858569467208
CNT_CHILDREN,-0.001129236446180263,0.01918713359627062,1.0,0.012882077388633121,0.0021454434616763095,0.021373778110674785,-0.0018271677541368528,-0.02557283183421459,0.33093766811457903,-0.23981809199482684,0.18339528383577847,-0.02801942642847749,0.008493514622839059,0.0010414797350709725,0.24071352454147907,0.055629718171785754,-0.0007941922495251395,-0.029905728020754137,0.02261866002395915,0.879160640438957,0.02542294734863616,0.024781242664316153,-0.0072921619837574515,-0.013319271640125882,0.008184739915829771,0.014834806313946394,0.020071849530942477,0.07064988824355495,0.0699574996407986,-0.1384697242157068,-0.018014797209265354,-0.04271031229956344,-0.013222050417837368,-0.008463618711386102,0.0069024271483007675,0.030172159513457385,0.0001398981213782044,-0.007059888582729818,-0.008341243169818819,-0.009705012568526909,-0.008752537925298861,-0.0031213758127700483,-0.008647875429650757,-0.010116054680672483,0.0040507399342185465,2.821063471099132e-05,-0.01210484039369962,-0.008512992139379423,0.00619887560382884,0.029548590800103455,0.000440096588642944,-0.006396979253097565,-0.006880463923170696,-0.009550307784636027,-0.008043748475691724,-0.0022124623340105446,-0.007955105056250944,-0.009516602214087403,0.0040771457448914045,0.0002311768946707945,-0.012984704853080814,-0.008799365583681388,0.006401340281057644,0.030123724182508582,0.0006090892157959775,-0.006746787377320296,-0.008324516598051989,-0.009446951664120346,-0.008230782365702193,-0.0028199753315016995,-0.007961849849953156,-0.010067040576072082,0.004132920114288442,6.0891658516020925e-05,-0.008036936388869596,0.015592958906554679,-0.0012617340000335884,0.015231861733529299,-0.0018610749063569653,-0.005865159246001337,0.001785811929366579,0.05683727539460971,-0.0037091973674381095,-0.016736705892276136,-0.1570237517737458,-0.0014976308406310845,0.05169663822663316,-0.0019972329687601587,-0.0027555232569196563,-0.005317703162045484,0.00029294347036405537,0.00394468907287984,-0.0054593845058518164,0.003608959357679933,0.010662336370680687,0.000772754556443028,0.004030511092761979,0.0008641042502740993,0.0009879355688808056,-0.0024502680013358735,-0.0004095572204327583,-0.0003656188171685339,-0.0024360280707744915,-0.010807738776425326,-0.00783578343242947,-0.04154972786658498
AMT_INCOME_TOTAL,-0.001820296177495117,-0.003981865601205793,0.012882077388633121,1.0,0.15687027185193833,0.1916574280369556,0.15961006441433137,0.07479570273649291,0.027260872582891265,-0.06422339973255638,0.027805420137442072,0.008506241272101821,-0.11727333838872092,0.00032547661542525367,0.06399447570117704,-0.017193012451738498,-0.008289503069300225,0.00015894584813773178,0.0383779651546073,0.01634158882203752,-0.08546518870124148,-0.09173452901591887,0.036458999000026686,0.03119119197867701,0.06234045174372762,0.05805866939200197,0.0035738426434533217,0.00643083566741071,0.008285198766186594,0.026232369958295133,0.0609246360903318,-0.030229052894077974,0.034500539922718676,0.017302767065719492,0.005658100139353143,0.04233383429894163,0.08961600862591187,0.045052784286004344,0.005394406146904429,0.06017113775930053,0.1398596624346833,-0.0015982337834937067,0.10691968990806003,0.039975668589588884,0.029519782343408556,0.07460416624731019,0.029994239220045547,0.01282129556853147,0.005283823572000076,0.03729943673287635,0.07562459184117723,0.04103182214435939,0.0020270077326204846,0.05767546264463839,0.13180004564162703,-0.003673821451838904,0.09299096524476957,0.03491464797447923,0.025019645455878606,0.06177807374513058,0.03379773150908061,0.01638130556956124,0.0056388054298486135,0.04200406429632525,0.08791783050885997,0.044159697954912196,0.004786965235629656,0.059681992497375755,0.138488982518648,-0.0018916082634949803,0.10491414469645242,0.03926141564445782,0.02809764545607594,0.07084448773196661,0.041984660451636,-0.01309859455495713,-0.013243810984115246,-0.013015437482671614,-0.013134677812783518,-0.018585118336519286,-0.0009998464362538562,-0.016751321052224436,0.0005286447134582477,0.0015071437727929785,-0.04587766056333438,0.003824723174980332,0.0724506466184512,0.018389031409166742,0.00029007226410954657,0.0023147605514693224,0.002540367562569666,0.02274691182294012,0.020707732225108952,0.010792649672358825,0.007268595468318094,0.0022304778271239932,0.0031298799343393996,0.0024081886121259453,0.0002419814691028518,-0.0005888428475396449,0.0007092101936042427,0.0029439935789655224,0.0023872901872556205,0.02469984762514934,0.004859353398273629,0.011689707516127712
AMT_CREDIT,-0.0003431612062434398,-0.03036928646142988,0.0021454434616763095,0.15687027185193833,1.0,0.7701380033118846,0.9869683054221499,0.09973787576226525,-0.055435947014526914,-0.06683834093092285,0.009621325617373186,-0.006574774427158053,-0.0941907192570196,0.0014355729924164652,0.06551859365513514,-0.02108459932914788,0.023652845693369496,0.026212789103157837,0.01663191235219601,0.06315981300414288,-0.10177638603518252,-0.11091525790094504,0.05273764467839028,0.024009863420361842,0.0519288890437707,0.05260898463510636,-0.02688639203217221,-0.018856162160153244,8.081559967034789e-05,0.16842889977324188,0.13122793587324588,0.04351625546730791,0.06043922582711183,0.03922616454895763,0.006248757791298259,0.035874699109263004,0.04953654103383213,0.08063501985507338,0.014929275958488543,0.10329576974789154,0.07883228907177042,0.006217970472558329,0.058788012950911565,0.07214592307116495,0.014362257440574736,0.037884524864310654,0.05307204666917785,0.031212687499085116,0.004803849937521007,0.03347769090588944,0.04234141331656377,0.07473989060992876,0.00936122350157549,0.10041808945378944,0.07548461793785861,0.0025321179875028724,0.05120766109472926,0.06414173974808354,0.011106103032482299,0.03239040703696554,0.05868221353891728,0.03728099335515099,0.0057650940163719525,0.035589199461384814,0.048565434588068127,0.0790943825984962,0.01369207433913861,0.10277029009650475,0.07837505102056623,0.0054149717900572394,0.057057848872705486,0.07085961905209286,0.013401681912092568,0.03582943133253708,0.07281803102925866,0.00018955131512405068,-0.02122944036468715,0.00023856508904492434,-0.0237669849084974,-0.07370111227659072,0.008905095292884089,0.09636501231135529,0.0006302630686693284,-0.01175641418051268,-0.0467166888945039,-0.00403972698101071,0.08281930091584822,0.022602178970474725,-0.0031001540811628025,0.02898564195854255,0.00385674687438133,0.052428873979214766,0.048828421582430455,0.032251962851956355,0.061925372673528496,0.011743351419305421,0.03432909908409534,0.021081610105609033,0.031023062059498986,-0.016148280699586046,-0.003905918367056464,0.004237703562043917,-0.0012748106379534875,0.054451451253393256,0.015925231396336375,-0.04844773906169011
AMT_ANNUITY,-0.00043291960830743847,-0.012816561515413605,0.021373778110674785,0.1916574280369556,0.7701380033118846,1.0,0.7751092733120319,0.11842909461887131,0.009445469651011238,-0.10433185890127951,0.03851424653577814,0.011268052124728256,-0.09705743994241808,0.00014900522524809894,0.10353316696911898,-0.024803349334046668,0.02234969191902581,0.01080185711358759,0.07170926323186416,0.07553928202600528,-0.12852458061076216,-0.14168177498382536,0.052269429774716616,0.04129898234507629,0.07942049731902151,0.07455036709279701,-0.006213613722255748,0.0008962793186617866,0.010084187257129796,0.11939838192649718,0.12580400336482975,0.030751815701395718,0.07621258728309475,0.0445071086953738,0.013298098923871555,0.03419534672770594,0.057628223074683765,0.10143934470144339,0.014745338760389843,0.13017364867352585,0.09981240288195523,0.008610729941868891,0.07529265342476438,0.0896591299332226,0.021306489035179933,0.04959269200272572,0.0664008335001283,0.034443437237645945,0.012554732113358112,0.030931891920168153,0.049073704462184266,0.09313110316529424,0.00736217285153452,0.12630159675645652,0.09445748117406436,0.0036210352196120415,0.06560556398863931,0.0794256566944775,0.016753676899564002,0.04141770216016035,0.07398706348951517,0.042451733626860826,0.012939838442851157,0.033712593906708284,0.05686514842017333,0.09955853554894961,0.013276090465456941,0.12917901013902675,0.09864180413196226,0.007710756228461561,0.07304935477072032,0.0881342885542784,0.020472853539593123,0.04700866294425253,0.09041455742142541,-0.011986637645352304,-0.022833229342777723,-0.01173051628430724,-0.02400075277009299,-0.06374688627106792,0.0033973715158429935,0.1028432658409,0.001108963234655212,-0.006655300280228277,-0.07389718402009304,-0.0022725453072030676,0.13058378135886772,0.03369143981132196,-0.0033688351526618737,-0.003667917865474806,0.0008471482159087677,0.025115163685229213,0.03685624113379195,0.016124772170481038,0.007198071263314852,0.0031912933551056324,-0.009744583823443023,0.004573015594145987,0.011717680884756982,-0.017598058584695857,0.0038612480256781235,0.0021853339907652682,0.013880508717052669,0.03914807348048992,0.01012353437236831,-0.011320022060820514
AMT_GOODS_PRICE,-0.00023178792815828594,-0.039645281169544896,-0.0018271677541368528,0.15961006441433137,0.9869683054221499,0.7751092733120319,1.0,0.10351970775243372,-0.053442309108482966,-0.06484199002980114,0.011564978109693836,-0.009266807603700716,-0.10373327067926735,0.001398566866603063,0.06348667777016345,0.001086035733335283,0.02070562651625662,0.0421794637057798,0.01704756112594514,0.061185443322916214,-0.10378629719917573,-0.11220837279490015,0.06232044046744616,0.026110961777659897,0.053171094962699235,0.0528640999635686,-0.027211552117098928,-0.02033291672106445,-0.001308621686107207,0.17550221516071146,0.13936679918458464,0.04771683576538008,0.0649176731871244,0.04398153596880113,0.007244762302717795,0.04193650059592958,0.05050662911420378,0.08373557763835936,0.018763568507556425,0.10851245659063684,0.0814109069932183,0.013296527996443926,0.061849531532267056,0.07730695126833122,0.015424331421223536,0.04191171831861852,0.0575226813085587,0.035811016250695764,0.00579880507431631,0.039409845599330424,0.043085937904792225,0.07797751677459808,0.013334787702469014,0.10553211951254822,0.07776952559024129,0.009378915175234663,0.053812761571270094,0.069324255785405,0.011866152266523064,0.036402999045634044,0.06318678041430369,0.0419804778149856,0.0068386774887098725,0.04158345498588381,0.04951912527927968,0.08226581079738575,0.017585258190584707,0.10793596953745811,0.08086275136249599,0.012550261314790458,0.060103548644339005,0.07602760680276786,0.014380913391776341,0.03987394569264619,0.07752689957859184,0.00032812239528831545,-0.022243515046597558,0.00034716627869213473,-0.024506039551521353,-0.07631285538788403,0.010773515392919627,0.07489969416612048,0.0011131155825619768,-0.005201144060347368,-0.05023245205925579,0.00020217255750245043,0.08048230066042222,0.022573645977084056,-0.0021339328502925315,0.03512405174705378,0.004066672076878546,0.052357508146180586,0.04874925976850039,0.03293207078949238,0.058304825325321934,0.012138724921895588,0.032747978093495375,0.02027882331443566,0.03163964425706245,-0.01448635288439553,-0.0032365517821405032,0.004676873000402703,-0.0010066986354309866,0.05642235889919714,0.016432485090105392,-0.05099841698824402
REGION_POPULATION_RELATIVE,0.0008491290653992665,-0.037227148542444743,-0.02557283183421459,0.07479570273649291,0.09973787576226525,0.11842909461887131,0.10351970775243372,1.0,-0.02958227661857735,-0.003979792364621045,-0.053819644026811275,-0.003993374813585334,-0.08142905441603543,0.0013331431440261503,0.004044637683556556,-0.01562757850369292,-0.01247790977629272,0.09093853017237508,0.04001215227824397,-0.024208892184277526,-0.5328765312383351,-0.5315354521931355,0.17128518497578116,0.002117931108286451,0.05694393315052826,0.08101571013538728,-0.050499384768361424,-0.044057287500235735,-0.0151878165200531,0.09999729317840482,0.19892416782177605,-0.0060011345111757345,0.20594208943789258,0.0984233728966569,-0.006682612869553121,-0.05656551357680466,0.164805515569547,0.28068507238580276,0.036840054353504036,0.32265151425952027,0.29434946448093813,-0.05115988843452707,0.19445226223783446,0.21349113228921718,0.02429327770736836,0.07481561161228481,0.17502863195441312,0.06577913286111726,-0.006837244041937858,-0.06377901601337346,0.13093089543426234,0.2515392711933239,0.01598336417887288,0.30399202755537136,0.27565569519419636,-0.06055819287446897,0.1631559019066904,0.1809315213058562,0.016536290251925465,0.049695498214801764,0.20138042524915625,0.09407531372842552,-0.006710688695094735,-0.05779280632894269,0.16027500934893688,0.27439040230460376,0.03362827981689651,0.31831898445080226,0.290743949236136,-0.05254728736915166,0.18923862063941865,0.20934719910277283,0.021873162667053938,0.06606026841534468,0.20214518912556656,-0.011159677205472316,0.006328861384831281,-0.01063808918054482,0.002403551729515085,-0.0440132108118029,-0.0030399264920481306,-0.08464358438025069,0.008102300833588183,0.01603236188605863,0.0007278645828224951,0.002436132748038862,0.08852337245551418,0.03843380170913588,0.0019918278724826675,0.02463201779259066,-0.0004036383335417877,0.03118560586154741,0.032201518401339835,0.009446255645613817,0.006313020655553351,0.0074141374379311014,0.01336705520955064,0.002363603400932572,-4.486098298816189e-05,0.003436735222178078,-0.002224751508521218,0.0013992000061661084,-0.0021486429724360927,0.0786065508377742,-0.0012794972605495007,0.001003324211938229
DAYS_BIRTH,-0.0014998010139041678,0.07823930830982459,0.33093766811457903,0.027260872582891265,-0.055435947014526914,0.009445469651011238,-0.053442309108482966,-0.02958227661857735,1.0,-0.6158641964711599,0.33191208228535374,0.27269066247826196,0.005761036099896536,-0.0030839024250066027,0.6198876962023361,0.17245687043407576,-0.014984502449433834,-0.04240175830852612,0.08820832481070412,0.27889358510974316,0.009360649568895124,0.00807348681572152,0.09106434828554431,0.06548578596110158,0.09581876809289111,0.0695672827954759,0.18038217310572763,0.2424013295511267,0.15888208965251965,-0.6006099739503155,-0.0919958701538689,-0.20547760299779239,0.004778884906027614,-0.00439976156423514,0.0007438888864936401,0.02662320015669223,0.008363543355273157,-0.0014475045880769078,-0.01028122881152851,0.0016336364970036413,0.001538070805527708,0.0030134088655325926,0.011183704231826713,-0.0003335435117605777,0.0022286122652409156,0.0057123964607997835,0.004959203664129878,-0.004319096539365978,0.0007138803619159055,0.025843703123977126,0.00964933111040273,-0.0008887736857381887,-0.009374170681190041,0.001293783798538619,0.0009273567732939482,0.0037998331214861127,0.01174324421353079,-2.0272573019403935e-05,0.003025094926470936,0.005537910605773043,0.005091884599297392,-0.004344780622740278,0.0007872644677302089,0.026843970202745752,0.009176532707238986,-0.001298522830711187,-0.009875943583521283,0.0017905399651138765,0.0017352489986293069,0.003340581119900554,0.011794138484914932,9.95381347375916e-05,0.0021504857768700034,0.006323172610828559,0.0013294772868294453,0.007425425133370454,0.00020553818151151476,0.007022625689556202,0.0019248907406525782,0.08293907155033917,-0.0011914977363837295,0.10966647676599221,-0.002789310834825805,0.01677449882629175,-0.40716019308993434,0.0014694381268017284,0.11324322911654469,0.018212799464760027,-0.00016806175708387224,0.044715758644366756,0.00023609089573889882,0.02633252368297579,0.03073317819070502,0.012952553300900687,0.024044463477669403,0.007876572334315123,0.044498216773040576,0.00361396381289734,0.009015006411932269,0.02728173224159049,0.005285234199864411,0.0022548404351109505,-0.0013356866617305514,0.0013716932949324307,-0.01179947551209152,-0.07198273412528357
DAYS_EMPLOYED,0.0013662336541424823,-0.04493166265773831,-0.23981809199482684,-0.06422339973255638,-0.06683834093092285,-0.10433185890127951,-0.06484199002980114,-0.003979792364621045,-0.6158641964711599,1.0,-0.21024178494202903,-0.27237803882742684,0.028830494865075697,0.0008183064067710917,-0.999755011444388,-0.23397192797046112,0.01274520192423755,0.015291070264423076,-0.06211197562089506,-0.2335493971587974,0.03275027635114745,0.03462381811611561,-0.09113797970955985,-0.0358034118738081,-0.10715034518888834,-0.09553857424800462,-0.09051615755765861,-0.2545590786393098,-0.21810123108946008,0.2898477970950637,-0.020767102465620767,0.11343447510097937,-0.01635863106317797,-0.0013820444554827587,0.008629088061856683,-0.005829978176150014,-0.012527953543203301,-0.009791562921693473,0.004017699999444906,-0.015969566174841257,-0.01589365847047833,-0.009608764204889967,-0.02019214699174223,-0.012438099389086518,-0.0046795617284458415,-0.012857852139974068,-0.014632412730433786,-0.00024291101847138824,0.008637064317658956,-0.005052786871602172,-0.013040879586608054,-0.008802081896734792,0.004942900443302111,-0.015063694000859277,-0.015407343281732646,-0.008757680260219787,-0.019579333236897454,-0.010847087600641517,-0.004860701037069798,-0.011725710760803556,-0.016238976316792535,-0.0015353292906806267,0.00840452684062645,-0.006161263737199479,-0.013008423632442595,-0.00981702571762098,0.00413797948303329,-0.01605081569154624,-0.016326732013504566,-0.009626510410702638,-0.02035431728610492,-0.012630532543788214,-0.004664518283179128,-0.012975401256058788,-0.015126199701399766,0.005734168078288316,0.016717158671443754,0.005887636111516419,0.01421123611035452,0.02303239023124411,-0.0030904726256128297,-0.2490815046784403,0.00043714169239525175,-0.02004085805774161,0.597484437373503,-0.002221480333875445,-0.1215711947203146,-0.023833603951104596,-0.00043909050783663044,-0.028914880025236202,-0.0012254523554329248,-0.025778407232510164,-0.02338347774253109,-0.014285269564657437,-0.0429048279487101,-0.00718745502238983,-0.040395787092210686,-0.010039719001252653,-0.010135444347887722,-0.00839586424585139,-0.004735340222142172,0.00047239066590550006,0.003072097400063001,-0.034456812096115993,0.015344694141719224,0.04998796274724715
DAYS_REGISTRATION,-0.0009733896315420234,0.04197486283141728,0.18339528383577847,0.027805420137442072,0.009621325617373186,0.03851424653577814,0.011564978109693836,-0.053819644026811275,0.33191208228535374,-0.21024178494202903,1.0,0.10189559346869846,-0.02599096565881231,-0.00010039106584258926,0.21236129648227153,0.05828340710845182,-0.0038478275332389667,-0.07518827131919843,0.034388472502677785,0.1734162707332568,0.08021044545668289,0.07403805192124141,-0.010907879565016347,0.02821256882693973,0.036787077593954234,0.027560240745635338,0.06433353056397038,0.09987367318321587,0.07265763462467142,-0.1810945934060858,-0.05991282138744054,-0.10754884384078725,0.01318568746917379,-0.02072946385404928,0.01103469663114432,0.16418366888229147,0.028300133183983833,0.0007461923741466015,-0.06309431581007012,0.0497007699310064,0.021459075684229365,0.0031093662145935883,0.024083732484128772,0.007419058679204733,0.034227766907369776,0.04901173076703896,0.012732266466068986,-0.020010587268086483,0.008782661684940993,0.16274437953400245,0.029172090885713126,0.0027293058637065486,-0.06008719238028438,0.04965687494664012,0.020234522320149672,0.003353555483339135,0.02310433699067559,0.007456540009607599,0.031757571680286215,0.04719655404426895,0.013463346220197436,-0.021503751679913433,0.011038560793280725,0.1640344928159627,0.029250362584754865,0.0017259002690691158,-0.06259932589897885,0.050076117373063216,0.021644746913363426,0.002968246922852075,0.02473352754337885,0.007925539906571208,0.03340120835995416,0.04993146066398465,0.01949523284401593,0.009124693908094714,0.003360731715270352,0.00908835370250125,0.004538140470878687,0.0569825701102052,-0.0044664263996723515,0.03374032194393417,-0.004221065720692504,-0.001243252591872651,-0.13776920164357478,0.0013664248229655865,0.05704069514788174,0.009898160962956957,0.00029192515599794287,0.014731175226127125,0.001682105869858612,0.015469556938677851,0.011636061654707718,0.008195024694752648,0.02593457491647199,0.00210182000138332,0.017040334496323757,0.004763679770776728,0.006970927728722202,0.003859282613774583,-0.0028548775203910267,-0.0005079009841485124,-0.0010690908085509766,-0.011353203398887101,-0.0013076545558684258,-0.02480479507171655
DAYS_ID_PUBLISH,-0.00038436660445154483,0.05145717260705659,-0.02801942642847749,0.008506241272101821,-0.006574774427158053,0.011268052124728256,-0.009266807603700716,-0.003993374813585334,0.27269066247826196,-0.27237803882742684,0.10189559346869846,1.0,0.008633447839139325,-0.0022928360644464308,0.27361146632196387,0.04596379483108317,-0.0008020372169586229,-0.0376596513026518,0.02750456960494456,-0.020911607881919043,-0.005103212733825162,-0.007737420037688274,0.031676326303083376,0.034756721493660506,0.04807076017256955,0.03393766053386136,0.07632599283937874,0.09935436388069778,0.061094140016247536,-0.13237489764474575,-0.05095513124662839,-0.13159686977074733,-0.007321571083641453,-0.014031810793175257,-0.0034155400614509735,-0.007238329280193597,0.00010029457206606532,-0.010554928251707662,-0.015374629307862955,-0.010235310557632807,-0.008865490539404077,-0.007496249056146097,-0.0009527257117173573,-0.011514702320367361,-0.003884059674997827,0.0023079379247020067,-0.007129368509069021,-0.013191812762661915,-0.00259040995559577,-0.0071685182335858725,-1.2426480951629831e-05,-0.010633639156308671,-0.015547834212499376,-0.01030815960983095,-0.008991294101018598,-0.0080261146006189,-0.0015837778140291676,-0.012096084335543546,-0.0036986979592261797,0.001321269686884869,-0.007139326031703237,-0.014128882281167132,-0.00319344162489028,-0.0069387542753299655,0.00037219658874830633,-0.010448175301126293,-0.0156471704079088,-0.010307439592573792,-0.0087543106201119,-0.007634167082280375,-0.0012375289322456111,-0.011315292363556507,-0.003287881501787942,0.002487697822675547,-0.011152528403749612,-0.012454242641489107,0.0027375905995692044,-0.012873714654813776,0.004327885825531133,0.08857589685316476,-0.0003487041671559492,0.05030924007860249,0.0005452882098114883,0.0020664162497526636,-0.17828212313102643,-3.4074557693838057e-05,0.024065155500853152,0.015270975915095948,-0.0012140343081886744,0.02287503891369041,-0.0021926782658132377,0.0030483922104216003,0.00871022801221173,0.0001575055662144264,0.002781774220857095,0.004804301814625564,0.014084053358673954,0.0009025683405781497,7.028015896574642e-05,0.017245689556138404,0.004761338336966747,-0.0009989139276338026,-0.0012494802022864418,-0.009659979747543021,-0.006199922697604921,-0.03509898555662204
OWN_CAR_AGE,0.0018183474904075539,0.0376115642751661,0.008493514622839059,-0.11727333838872092,-0.0941907192570196,-0.09705743994241808,-0.10373327067926735,-0.08142905441603543,0.005761036099896536,0.028830494865075697,-0.02599096565881231,0.008633447839139325,1.0,-0.0023140935005531472,-0.02828221659297391,-0.05647411349761119,0.01229759624949604,-0.06318368910728171,-0.01850974361361193,-0.015060588083636611,0.08749430345741463,0.08881969873086323,-0.07189940236593717,-0.019737088845029525,-0.03182259453129497,-0.02898020166843658,0.00921808200823029,0.016292484748626636,0.008898943618873077,-0.0834108622549871,-0.08075290614093654,-0.014603848287375333,-0.05117651965124341,-0.03336452315502327,0.0004182163527658332,-0.0490680675312245,-0.03552368784094655,-0.0664538659958583,-0.018156095500069254,-0.0836900175171198,-0.07533240496589352,-0.021656576166542627,-0.050552809166143624,-0.06035151644883859,-0.02480605028870552,-0.0313864212643199,-0.04540897251115758,-0.027319805415791137,0.002475778664173965,-0.047273923737925265,-0.030161459297262976,-0.06136485632161765,-0.013054650323144673,-0.08121126966481843,-0.07248887721649443,-0.019342829806552202,-0.04422555529347665,-0.05530235288405827,-0.02200968276906528,-0.027811372330429657,-0.05010249397470773,-0.03201129375951244,0.0007431421640988162,-0.04878724189942202,-0.03506626942243276,-0.0655927663055904,-0.017279941609591988,-0.08325044583828109,-0.0754541359480595,-0.021644784966571743,-0.05012127971792713,-0.059040003915893605,-0.02425095149986416,-0.030683787358832704,-0.06129751446248408,0.0036489240945016188,0.00886785712768197,0.003610879978319572,0.013294810471243873,0.002506438878919486,0.000615575438850401,0.03640301666136862,-0.004151534464585229,0.007117721953270499,0.023364742659057563,0.002299356073843857,-0.05959215467210536,-0.0029113136824216496,-0.002418835026487372,-0.021159928149188417,-0.0035004259545891175,-0.06700872639262548,-0.014647566968639444,-0.038800413059317355,-0.0041995336096191825,0.0006985945279017489,-0.011042925188229413,-0.004991848301921135,-0.00745797597099363,0.0012364413674471886,-0.00020219758729572655,-0.008650453429436671,0.0016607114192780728,-0.021867400286565416,-0.017632100457843396,-0.014384074910554647
FLAG_MOBIL,0.002804358465132342,0.0005343955790422479,0.0010414797350709725,0.00032547661542525367,0.0014355729924164652,0.00014900522524809894,0.001398566866603063,0.0013331431440261503,-0.0030839024250066027,0.0008183064067710917,-0.00010039106584258926,-0.0022928360644464308,-0.0023140935005531472,1.0,-0.0008452057120470469,0.0008998751986668113,-7.798331677188981e-05,0.0011275360061231722,0.0004421991063596468,0.00030230596252997803,0.00018585697077615107,0.00011306488986037561,-0.000517157246042839,0.00022361804191723268,0.0004170454103577527,0.00037124498639932297,0.000525138057281208,0.00098683524881705,0.000843613913954513,,,,-0.00014860005747787745,0.0009625828021402557,-0.0006494789785559828,,,-0.0008050649001260771,0.0011849678314513046,-0.00261592033068077,,-0.0005076704163955711,,-0.0004830361177084501,,,-0.0002825632181300772,0.000835004385074921,-0.0006217725037321784,,,-0.0009239680661019324,0.0010592173575234487,-0.0027031009256916934,,-0.0006175153092754433,,-0.0006334055981754061,,,-0.00016608614226191237,0.000949016797434698,-0.0006414383847219518,,,-0.0008226649160889095,0.0011681461397931325,-0.0026149903294026703,,-0.0005210304433790513,,-0.0005006017768286427,,,-9.690270797984939e-05,0.0010699849844962887,0.0005799500265167133,0.0010666423424086874,0.0004988252731560097,,1.172521747156094e-05,0.0028217933966993613,1.6260268383621998e-05,0.00022339853877721816,0.0005603561094571554,2.4980879438727687e-05,-0.006058864581290352,0.00011277584061898081,8.60387345231545e-06,0.00011301185983996758,4.598926427471931e-06,0.00010725597737300847,9.786389852501609e-05,6.275876160095106e-05,0.00018058018159092826,2.945132839133415e-05,-0.019918568573185746,4.4004273802324984e-05,4.062679250175415e-05,3.300892706426934e-05,,,,,,
FLAG_EMP_PHONE,-0.0013365226354439801,0.04598221971659226,0.24071352454147907,0.06399447570117704,0.06551859365513514,0.10353316696911898,0.06348667777016345,0.004044637683556556,0.6198876962023361,-0.999755011444388,0.21236129648227153,0.27361146632196387,-0.02828221659297391,-0.0008452057120470469,1.0,0.23380112645242904,-0.012818591488028518,-0.016130659365179514,0.06254179840774012,0.23395039037586535,-0.03287101855389708,-0.03471203350110427,0.09135625499969828,0.0366398768590603,0.10835539404949789,0.09644714276487851,0.09216566695557274,0.2564272841534245,0.21921892868605863,-0.2941470823301873,0.019458673545125243,-0.1152927633152438,0.01644088702063554,0.0012920143496486047,-0.008671530927531722,0.005794039719477723,0.012611958377377004,0.009908667593599367,-0.004237677652709751,0.016048407147298004,0.01605762978578886,0.009505648868615501,0.020363930008691276,0.012461663215585032,0.004756191979008832,0.012933920266924567,0.014720111581110813,0.0001378207490237261,-0.008676423015193337,0.005064616719962747,0.013112482815557111,0.00892650953735998,-0.005142301232442153,0.015155960674982878,0.015565726090395958,0.00865730591533699,0.0197359643370841,0.010857884763101863,0.004925614490818447,0.011805943217780503,0.01632271540748041,0.0014386663882378034,-0.008454198381151086,0.0061332417048687304,0.013088726160874644,0.009931598489876087,-0.004349530772038475,0.01612075952877516,0.016485718127896346,0.009519260586962232,0.0205250165638927,0.012654939899023708,0.00474444343690896,0.013055619973944445,0.015158086317243729,-0.00573233160937409,-0.016557308806091308,-0.0058834521411940555,-0.014034468664711329,-0.02110312512508073,0.0030474919949874035,0.24853388342458588,-0.0004666927486877782,0.01977772419024053,-0.5977318081296296,0.0016047963642280983,0.12204264602257162,0.023877705529491627,0.00046253358020636434,0.029372823045185435,0.0011953033244861055,0.025877863206623587,0.023559013389659933,0.014363962267323584,0.04300815249065536,0.007136380824013375,0.04054829965824091,0.010049126796739733,0.010183465822840633,0.008579324105739314,0.004618734718246931,-0.0004379050128387551,-0.0030277190308530704,0.03409187691860383,-0.015271147622120115,-0.0499494938958287
FLAG_WORK_PHONE,-0.0004145971513831427,0.028524322363216906,0.055629718171785754,-0.017193012451738498,-0.02108459932914788,-0.024803349334046668,0.001086035733335283,-0.01562757850369292,0.17245687043407576,-0.23397192797046112,0.05828340710845182,0.04596379483108317,-0.05647411349761119,0.0008998751986668113,0.23380112645242904,1.0,0.021579591948554827,0.29310454908570227,-0.011520342115993364,0.06719068077137645,0.007348822557617566,0.013413999469362978,0.036826122993181706,0.06448445174995834,0.06820245765700349,0.04151341624516206,0.04594772487776847,0.12099976730227047,0.10988999691118097,-0.07654034524744899,-0.01884228779439234,-0.06361726766256073,-0.01313916318130466,-0.0031772662134731257,-0.002610643397720466,0.012344733672714782,0.0012705289487937401,-0.010590727974843105,-0.0032363307328385736,-0.023229890727389638,-0.01570095520241523,-0.0001332550619013765,-0.012239210840747111,-0.011523907954373708,-0.00185951392261388,0.0012548422332830506,-0.01065923712467107,-0.00074839672646608,-0.0020955694178313024,0.012047931641342909,0.002186168624870401,-0.00912151932531029,-0.0017078347194613346,-0.023017849120832386,-0.015107682404387228,0.0013425411655321896,-0.010137353985167881,-0.00866679183432141,-0.00014136656675929743,0.0028066354920687625,-0.012782395398847663,-0.0033315644643038323,-0.0019259548043685944,0.012570537976495936,0.001062765279563947,-0.010445485300324455,-0.002942045818494019,-0.02330296022335743,-0.015637277858102008,-2.490678897644816e-05,-0.01198997520633271,-0.011150455442247525,-0.0011376183672680868,0.0018020895843722162,-0.011875214702210908,-0.012396757886238651,-0.008067843601622167,-0.012619362964956162,-0.007477014017362808,-0.041537239338127564,-0.001992729807371448,0.06034180244275393,-0.0044995515833669815,0.03684699309924372,-0.13834519903709516,0.001902472110233778,0.021464215009371578,0.008252067629141926,0.0027371541123041277,0.1234999120816805,-0.0012726177796463674,0.0017694862159554404,-0.0027121215575639365,0.007688692690589151,0.005691637308201731,0.0013219479258898353,0.032048955463198026,0.011853526437316497,0.0017706700035796856,0.0015413040441323658,-0.005358196754284852,-0.004433660181874846,-0.004403652403779544,-0.0018294333299246606,-0.02296420178869389,-0.07587487958544739
FLAG_CONT_MOBILE,0.0028148030128441414,0.00037012680234920295,-0.0007941922495251395,-0.008289503069300225,0.023652845693369496,0.02234969191902581,0.02070562651625662,-0.01247790977629272,-0.014984502449433834,0.01274520192423755,-0.0038478275332389667,-0.0008020372169586229,0.01229759624949604,-7.798331677188981e-05,-0.012818591488028518,0.021579591948554827,1.0,0.006256809869332826,-0.005355575276925137,0.00021757328122641145,0.01304120245751458,0.013650986595613231,-0.0015593993209270472,0.0010442502739088544,-0.001324247161897102,-0.0029227565405222826,-0.0008781027197478107,0.0032703516788219005,0.003742118444897361,0.002659444271681232,-0.003543470349376477,0.012133806380761895,-0.0024769760735986325,-0.0026664963892976423,0.0013908090756303596,-0.0022021161860126866,-0.004398124727524683,-0.006911744924458578,0.0022524653247585924,-0.01109038751022943,-0.004904932218775769,0.005401884843158055,-0.0038871517328822555,-0.006367406426386066,-0.002609194496852201,-0.006175447983649932,-0.0007986127990641617,-0.00040935800756030245,0.0011074353000249863,-0.0018654183868295619,-0.00394637848380082,-0.005128026133289859,0.003106096853164105,-0.010102578628637695,-0.004727158578392251,0.007187851124235544,-0.0024262185624330597,-0.004669361002241709,-0.0013763559836597673,-0.003761012264242372,-0.0019242510760205463,-0.0022907872373831373,0.0013281582261809354,-0.002367929516358044,-0.0045276674381402844,-0.006194539923919553,0.0025320839393795794,-0.011114256196486368,-0.004913868093510015,0.0059881475277055235,-0.003685974200259655,-0.005597350116971175,-0.0026238863919310403,-0.005861438831769674,-0.004686721033369212,0.0030489428682157027,0.004813650366117201,0.0031203538990002195,0.005182393662379538,-0.028950515197300474,0.0002811783335182491,0.006235210505714499,0.00038993180049211204,0.0053572421102787825,0.009981489879083484,-0.004840522931671713,-0.022399622705141925,-0.008180136996321707,0.00020632647546540354,0.0027100978273818517,0.00011028524353208189,-0.06479967775010163,-0.07283937662339042,-0.01366687627402335,-0.03062469188188469,-0.013136476027201019,-0.043067851841821804,-0.005123254930548893,0.0009742568816264057,-0.015677297601186937,-0.004599552143114777,-0.0024812225541813423,-0.008495914039567037,0.0059217149588437,0.006934477435207891,0.026700397213491794
FLAG_PHONE,0.002753105893248153,-0.023806272330357217,-0.029905728020754137,0.00015894584813773178,0.026212789103157837,0.01080185711358759,0.0421794637057798,0.09093853017237508,-0.04240175830852612,0.015291070264423076,-0.07518827131919843,-0.0376596513026518,-0.06318368910728171,0.0011275360061231722,-0.016130659365179514,0.29310454908570227,0.006256809869332826,1.0,0.014656898713795543,-0.015417916746861656,-0.08382661726274988,-0.07913411868827493,0.05937551283394478,0.002077618106255122,0.004283726475047144,0.005561305067240381,-0.04849565872979805,-0.045717257367992946,-0.023580464500739844,0.08124101489850397,0.06117750060430303,0.0026084028888200394,0.05607706537517509,0.05003670071406955,0.010993454101683979,-0.0047133477762774,0.0460097524218129,0.07734250868949144,0.044376135289833266,0.07183976779003867,0.06286270164892771,0.00841284220856817,0.05182738888383508,0.06511659967498738,0.0009507559209624945,0.016968439638435057,0.05044316040895763,0.04346962040886168,0.010818369048521756,-0.006107452267840027,0.03740326660439396,0.0713976038251956,0.03932628710195331,0.067908973660221,0.05914420583654397,0.006732184543008102,0.045261950705289364,0.058225725534780746,-0.0008912731792986949,0.01209720661611394,0.05574147368183224,0.049052430151772235,0.011566623660513338,-0.004877193726808927,0.04500522231366461,0.07623322124389136,0.04391560806471718,0.07084183091488136,0.06210263363553634,0.008854245273529017,0.051690542064504325,0.06450621262858654,0.0007326512883684108,0.015119231575859114,0.059291607784019394,-0.03348370510874334,-0.029758494025284823,-0.03342752941378793,-0.02843490122262858,-0.06745716292036216,-0.0007275200340940856,-0.008019869887688547,0.003990402469780151,0.07545501489655834,0.009835813177866094,0.013275846442606045,0.00477836981865267,0.012923104992478208,0.004598144724210922,0.0032306334486870984,-0.001594579304656338,0.006996968517804482,0.010320871145830763,0.008000792193050239,0.010354278786793665,0.004409674411987973,0.004054950253766666,0.009659923615337648,0.0006918997046253134,1.9832051206891384e-05,-0.0032505915255710794,-0.0008333291801244897,-0.0002008306388326612,0.03199204816810291,-0.00996918777353784,-0.03158686078890419
FLAG_EMAIL,0.00028078302042718566,-0.0017583834312544816,0.02261866002395915,0.0383779651546073,0.01663191235219601,0.07170926323186416,0.01704756112594514,0.04001215227824397,0.08820832481070412,-0.06211197562089506,0.034388472502677785,0.02750456960494456,-0.01850974361361193,0.0004421991063596468,0.06254179840774012,-0.011520342115993364,-0.005355575276925137,0.014656898713795543,1.0,0.0180809537941381,-0.05206321139935949,-0.050778017519904975,0.023615753572289344,0.01863241138400961,0.0310917591134426,0.02653992191517058,0.014271863451577554,0.004153982326571369,-0.004058174120564464,0.015677911345850854,0.023743010822864927,-0.052171620559261216,0.031460026819174265,0.017072016934745537,0.0034997368291083937,0.005679225110897064,0.021448846000418225,0.040361115458771905,0.008510191060219769,0.047597500937521596,0.044696333200400964,0.0031731885809827775,0.030317009341811425,0.03562351078033949,-0.0015029868144548495,0.015015685324805277,0.028515831824756477,0.01450555882378797,0.0034193278540485886,0.0046219871975753625,0.018632696208589542,0.03828220753589593,0.006582535488678535,0.04539673659114417,0.04162395397082425,0.0023480374773250695,0.028403252940521897,0.03234699595014535,-0.0021531499865243106,0.011369411047233848,0.03109170451571056,0.01704598318321028,0.0034824326092728116,0.005663645454907046,0.02119763306222713,0.040111459724573854,0.008447265178191216,0.04700799271250492,0.04433215202433383,0.00361397197448128,0.030462279388998408,0.03563002616497766,-0.0016630568210245918,0.013872727709183436,0.03633097721894632,-0.0030858465119925783,-0.003177264157331647,-0.002716350884981055,-0.0022163923509790316,-0.01947163977724545,0.0027302280427953123,0.012014619919923968,0.0024668127862635014,0.0007335146320282137,-0.042659699150995066,0.0016784478271297098,0.030473736347090975,0.00948990600895046,0.0017767500868772343,-0.003656176818466552,-0.0006253649902870887,-0.003435849087292684,0.0015022685820936035,-0.0032760294057641052,-0.0126439760805542,-0.0014216360588574085,-0.0081098389450366,-0.0025248416589218996,-0.0017783463353865836,-0.0006470325644407582,0.0033902145734131615,0.003849414671455483,0.021580752837293136,0.025668931634757253,0.013425782275723393,0.05335415158969141
CNT_FAM_MEMBERS,-0.0028951291096386703,0.009307784396531512,0.879160640438957,0.01634158882203752,0.06315981300414288,0.07553928202600528,0.061185443322916214,-0.024208892184277526,0.27889358510974316,-0.2335493971587974,0.1734162707332568,-0.020911607881919043,-0.015060588083636611,0.00030230596252997803,0.23395039037586535,0.06719068077137645,0.00021757328122641145,-0.015417916746861656,0.0180809537941381,1.0,0.02968790440472892,0.030778316846232803,-0.012225970552006034,-0.017133102488583535,0.003135265405739203,0.011850021583681305,0.012252296973843821,0.070720506694614,0.07749722409569476,-0.09656869740687694,-0.0018228277968043304,-0.027963777824327157,-0.011033380145570416,-0.004202788056048955,0.007569280388658415,0.04151762334405697,0.001490189946496201,-0.0013099876345616694,-0.003921546730118152,-0.0031830641904058952,-0.0010888348259645477,0.001603880762205399,-0.00660226449008012,-0.00473906181306054,0.002193023487921375,0.0009307574449973747,-0.00914421688076509,-0.003541574331628685,0.007042726807376585,0.040906124047189775,0.0026075924871494026,0.000473600026090366,-0.002015226561792187,-0.002394681243860767,0.0002555655147491313,0.0033115353724744467,-0.005953454803712477,-0.003080081267265249,0.0021906465715255076,0.0020005411083202874,-0.01093343682634682,-0.004720465889526296,0.0072189363545173925,0.04143407569755691,0.002049062195298166,-0.0009614081853658823,-0.004010027832065826,-0.0028270132619854843,-0.0004766706687424024,0.0019470614636772977,-0.006027481724074902,-0.0044960754548189,0.002309006638585728,0.0010783847278503366,-0.002485964730684065,0.025318140609733933,-0.0026538724629788374,0.02497134959998978,-0.004748882272882166,-0.027108251728385605,0.0005576454391564812,0.06612965270855288,-0.003095799291840436,-0.01517472650761298,-0.15668209000381828,-0.0023025070265516004,0.0566523052681744,-0.006127376561488285,-0.003045175792321214,-0.007931657312967296,0.0009726792215984143,0.005272521248633941,-0.010417500591608422,0.0037196885967600854,0.009685438421376938,0.0007614024655400695,0.0014847042934921248,0.002205454097161632,0.00018779084761839265,-0.005800621653986402,0.0006596452965770323,-0.0012149775116725952,-0.0011740334699577328,-0.00802146321711281,-0.004739169798752714,-0.028570922125354968
REGION_RATING_CLIENT,-0.001074657296468061,0.058899014945713445,0.02542294734863616,-0.08546518870124148,-0.10177638603518252,-0.12852458061076216,-0.10378629719917573,-0.5328765312383351,0.009360649568895124,0.03275027635114745,0.08021044545668289,-0.005103212733825162,0.08749430345741463,0.00018585697077615107,-0.03287101855389708,0.007348822557617566,0.01304120245751458,-0.08382661726274988,-0.05206321139935949,0.02968790440472892,1.0,0.9508422141646482,-0.2856985847569567,-0.04416637845994657,-0.13989026936643265,-0.14656118299813872,0.03574076177105976,0.008360054141476742,-0.019153697212205497,-0.1153412558590532,-0.2928953121396138,-0.012902700210920425,-0.15262528795657146,-0.06268891926729177,0.004485058419305172,0.03973280271409215,-0.11937938972161045,-0.22615454554486275,-0.024540325908568906,-0.23496061074476582,-0.23018163656916735,0.04381088179953684,-0.15665602195518954,-0.16430007172848013,-0.016742893266426466,-0.08126603969754431,-0.12383746914729195,-0.03352002800972924,0.004500249238959464,0.045814196706669835,-0.09423128280726041,-0.2007365908453723,-0.005231571939034535,-0.2198699403376992,-0.21537050265700008,0.05734350128055084,-0.12967635263346255,-0.13344232165817788,-0.008775341850490764,-0.05820833658997053,-0.148448204171098,-0.058770754656866854,0.004494122264345963,0.04068147990614707,-0.11615582724434798,-0.2206952313681898,-0.022238741597178917,-0.23151656994708492,-0.2274517179370665,0.04560178874244037,-0.15230237129649768,-0.16057551171095408,-0.014395871316767507,-0.07380558450141123,-0.16064189527374367,0.034330414045809575,0.015393677481644353,0.0339511975997134,0.017931260992475995,0.026022251860704768,0.0012949995613732623,0.06252808850561829,-0.005889180457960111,-0.014076863771754197,0.02092991302172316,0.0013397896784914625,-0.08439266228436279,-0.03731352619455174,-0.0004917361213906612,-0.010347842504742652,-0.00026284187610287394,-0.03243058842886076,-0.03817893403289728,-0.009284244149892679,-0.005423559778642265,-0.004422106201647522,-0.012532230987596286,-0.0012051937539475266,0.0022173896610813144,-0.0018865551508573323,0.006311922569700033,-0.002240691551772063,0.001683108600170326,-0.06971177106880856,0.00543598215044544,0.0114941199389046
REGION_RATING_CLIENT_W_CITY,-0.0011375980580564423,0.06089266756482329,0.024781242664316153,-0.09173452901591887,-0.11091525790094504,-0.14168177498382536,-0.11220837279490015,-0.5315354521931355,0.00807348681572152,0.03462381811611561,0.07403805192124141,-0.007737420037688274,0.08881969873086323,0.00011306488986037561,-0.03471203350110427,0.013413999469362978,0.013650986595613231,-0.07913411868827493,-0.050778017519904975,0.030778316846232803,0.9508422141646482,1.0,-0.2648152530294951,-0.041142915398292686,-0.13342295658871287,-0.1407708790935858,0.04566861543356624,0.028081288811429336,-0.0028047074554882713,-0.11537389612227586,-0.2882992424138377,-0.01215773724887099,-0.1720989509215196,-0.07502720363641834,-0.0007437721353070097,0.03319677275169257,-0.12895142832785683,-0.23760798341439643,-0.03128938714381471,-0.25139050292348725,-0.23762303411426103,0.03516196925116429,-0.18088389706241736,-0.1825626575093408,-0.019300893146166714,-0.08160276281715262,-0.14441353226054698,-0.047688760040781375,-0.0008720242822157884,0.03857506104735226,-0.10538744730844268,-0.213116920133886,-0.012538619072357229,-0.2372185157512304,-0.22365649820270123,0.047232225732220384,-0.15572025953194907,-0.15290776728313113,-0.012166011673729705,-0.059467861575307694,-0.1679112524048552,-0.07120406931473332,-0.0006444114057174849,0.03412993789130953,-0.12591337466420272,-0.23231590215786194,-0.02876224375587576,-0.24794428911004812,-0.23485255727365503,0.036703891828333515,-0.17693403305434002,-0.17878455941270902,-0.017203330159888352,-0.07459337563653497,-0.17803134573657423,0.030092920681289884,0.01393530399958481,0.02972222547402448,0.01707592339054735,0.025716956804074157,-0.0004076692121804586,0.06708255502729377,-0.005587328961634674,-0.015613559324861869,0.019869884581980125,0.0009995718351355136,-0.08786138853271108,-0.03891384917787068,-0.0016549126383785843,-0.013151532771830649,-0.0001598981606553022,-0.032760226296388646,-0.037711435077446405,-0.009253418117404436,-0.005430360589846577,-0.004193332970566941,-0.013672029687346009,-0.0015299663027476807,0.0026091246077161443,-0.0015011689539537818,0.0062390777866422765,-0.0019528141584705943,0.0011017529175242008,-0.06774077336744891,0.00477318453454225,0.010682812695481412
HOUR_APPR_PROCESS_START,0.00035029214268257104,-0.02416583143009371,-0.0072921619837574515,0.036458999000026686,0.05273764467839028,0.052269429774716616,0.06232044046744616,0.17128518497578116,0.09106434828554431,-0.09113797970955985,-0.010907879565016347,0.031676326303083376,-0.07189940236593717,-0.000517157246042839,0.09135625499969828,0.036826122993181706,-0.0015593993209270472,0.05937551283394478,0.023615753572289344,-0.012225970552006034,-0.2856985847569567,-0.2648152530294951,1.0,0.054893842394708084,0.07503657844329928,0.06092004991587962,0.016975576390423686,0.021504294390577806,0.01550708384423812,0.03200720435515413,0.15686293140891666,-0.040517504976194677,0.0833756669218139,0.04104544442420071,-0.010302761318569076,-0.013769615818954306,0.04554026439438673,0.10525411798278891,0.02095404346154903,0.12033119617203472,0.11836453233537315,0.014850410215100626,0.07919939561889569,0.0846422560935687,0.015506085751064899,0.04493103273986815,0.07515120964752621,0.03444120729811991,-0.011211221087317716,-0.015938361724604517,0.03836220144850926,0.09834660277931864,0.01634218522016354,0.11516982436960538,0.11284092505802512,0.011998651543028512,0.07196249975894049,0.07558257726295858,0.013466703134350715,0.0391982239295989,0.08253125948299647,0.040691466792544574,-0.0097792299579952,-0.01406882229632608,0.04421114831402396,0.10427670043656798,0.020614066513813877,0.11906682149214547,0.11761680436424332,0.014680492361207904,0.07789985667115285,0.08369820329383415,0.015127633999574966,0.04372918472087071,0.07971239784257055,-0.008613119068043785,-0.0056723687225282505,-0.00851831274839154,-0.008738226437810002,-0.014901786230208507,-0.0019640502630159005,-0.01399162708479505,0.00015621969403876608,0.02615831339532759,-0.06958227999122232,0.002103492927434525,0.033338068587991425,0.016208544805779743,-0.0025971082965237174,0.014223847033170634,0.0034645061941185914,0.023928534849809342,0.021617740349721453,0.00946495755092542,0.019066166703709825,0.005232545573272848,0.021583554055947106,0.0025067360450461156,0.00327703900175856,0.003997863903532014,-0.01600531218308128,0.0022735397495459117,-0.0029851127947600835,0.037672984940895646,-0.0006800783753197738,-0.030943108675162725
REG_REGION_NOT_LIVE_REGION,-0.00028284407081716884,0.005575944520908343,-0.013319271640125882,0.03119119197867701,0.024009863420361842,0.04129898234507629,0.026110961777659897,0.002117931108286451,0.06548578596110158,-0.0358034118738081,0.02821256882693973,0.034756721493660506,-0.019737088845029525,0.00022361804191723268,0.0366398768590603,0.06448445174995834,0.0010442502739088544,0.002077618106255122,0.01863241138400961,-0.017133102488583535,-0.04416637845994657,-0.041142915398292686,0.054893842394708084,1.0,0.4508037535844251,0.0882627854733961,0.33923234387682044,0.1430747593086339,0.009838471693149727,-0.03296049593779815,0.01557033506643554,-0.04916181398027938,0.004421481281640901,0.0037994069284314025,0.0011290112223864093,0.0066516390676577145,0.015360296369674132,0.014890366280795316,-0.000996693514259269,0.009630827372611362,0.012720416342623612,-0.013496387743309851,0.010036662337114758,0.005491605682050744,0.0011509161634823347,0.008505354393250371,0.002230442068146953,0.00315453033098171,0.0013609373060285237,0.006074519351805027,0.01180386044255856,0.012964360999830966,-0.0020828890327199844,0.009303554363448522,0.012279266674209408,-0.014235818032794823,0.0064823441666152495,0.0033507642325839573,0.0014247196218925865,0.006674796348235035,0.004015460206793812,0.003588076152818478,0.0010296466664647345,0.006253466691390657,0.015030504824157716,0.014289971723780012,-0.0012025365716882073,0.009322298014671972,0.012442501762684818,-0.013745558165603895,0.009547467354595713,0.0051793541728115235,0.0014639285666588969,0.007698692748214359,0.006843895302907764,-0.02064061287214392,-0.007939673835754673,-0.020592021329125725,-0.007700346192659011,0.03788147371616557,-0.0008062820481994226,-0.033659337574809746,-0.0011181338434732868,0.0095174281692951,-0.02406209320867396,0.002127282553048399,0.023668846545540398,0.017464220498097954,0.0049894137164817765,0.10398716691539765,-0.00031624418186214164,0.003407177567790084,0.002128248866770046,-0.0020174701561367697,-0.006508931711827152,0.004498148499342326,0.008344119498406048,-0.0019340911400316885,-0.002793692615504698,0.005006014205036569,-0.002043750758198157,-0.001341611606024577,0.0012272773481318536,0.0003160453029018485,-0.0018127940213024715,-0.017095109846630163
REG_REGION_NOT_WORK_REGION,0.001097498372128957,0.006941907545371869,0.008184739915829771,0.06234045174372762,0.0519288890437707,0.07942049731902151,0.053171094962699235,0.05694393315052826,0.09581876809289111,-0.10715034518888834,0.036787077593954234,0.04807076017256955,-0.03182259453129497,0.0004170454103577527,0.10835539404949789,0.06820245765700349,-0.001324247161897102,0.004283726475047144,0.0310917591134426,0.003135265405739203,-0.13989026936643265,-0.13342295658871287,0.07503657844329928,0.4508037535844251,1.0,0.8606267802832626,0.1513969814405287,0.23976458605812045,0.197096869797906,-0.049441191378570996,0.029516742352136322,-0.04914286738352943,0.008091041156567643,-0.004678369365092969,0.010519896461072677,0.019668459124123353,0.01950257393479256,0.02057100272426768,-0.011359319933833725,0.031553816887030114,0.04337266837270719,-0.011152049689059718,0.014074043750781183,0.012584662335543308,0.004421805520448265,0.011373370063499214,0.008821732524894344,-0.004370180633837882,0.01111925899662049,0.019683941681248627,0.01896101497525935,0.021148234757304065,-0.010375732345978843,0.031566373888165106,0.044000385179263184,-0.010313133197342563,0.013967998335849578,0.012517344134330179,0.005777321611875709,0.011748875655766338,0.008441398561569582,-0.004787217065388592,0.010503765387792938,0.019655758917641673,0.019849284654501875,0.020918856485188916,-0.011409707084211728,0.031789717270173455,0.043426029258862194,-0.010958233142381745,0.014618430578373984,0.013014333569009039,0.00513178395862793,0.011690112482873063,0.01672211526765332,-0.028855047279116468,-0.01747981943632852,-0.028951845143852933,-0.017061620208791303,0.036388931070132455,0.0007746515739260096,-0.02102059168153753,-0.0020853084285969432,0.015786628244123982,-0.06694939509884884,0.0021440529245131674,0.0598989585102324,0.020255159818203607,0.0020014411684699963,0.05907063010477387,-0.0005897922344281911,0.012488659227631985,0.013183383541610822,0.0026055473059569414,0.000896850809639061,0.0016666055312215499,0.007436167788774257,0.001038254515378363,-0.0012630564093705293,-0.000995086509218454,-0.0017486301478451384,-0.001775043348882428,-0.0007052877272081278,0.008360203479454844,-0.004958858894785342,-0.02158673899105437
LIVE_REGION_NOT_WORK_REGION,0.0029030506158366142,0.002819479184159081,0.014834806313946394,0.05805866939200197,0.05260898463510636,0.07455036709279701,0.0528640999635686,0.08101571013538728,0.0695672827954759,-0.09553857424800462,0.027560240745635338,0.03393766053386136,-0.02898020166843658,0.00037124498639932297,0.09644714276487851,0.04151341624516206,-0.0029227565405222826,0.005561305067240381,0.02653992191517058,0.011850021583681305,-0.14656118299813872,-0.1407708790935858,0.06092004991587962,0.0882627854733961,0.8606267802832626,1.0,0.021075759476833524,0.18586306646511672,0.2366352816244284,-0.031388612332779786,0.03004893659631456,-0.02960275365999413,0.0180937607616357,0.0009646574947184044,0.012031065618919189,0.017096557181437697,0.029340360578693655,0.03259206076597387,-0.007228889821548884,0.04436217725357302,0.0540034483727102,-0.0067795533535591895,0.023999923997404617,0.023489153666695153,0.006018141656788931,0.01531229204330139,0.0178307938680709,0.00035185353834684427,0.012578870919816734,0.01702323134042457,0.028017305183128668,0.032216955109187116,-0.006760766702242159,0.043833244447796474,0.05411320485891433,-0.0067170279652025815,0.022858269251372833,0.022342912895563317,0.007067129949071315,0.014749677320622377,0.018141064493031215,0.0006986666518271775,0.011993578718706892,0.016910891265386422,0.02944513608614271,0.0325666332618311,-0.00729932603410355,0.04441192168690448,0.05392726830651261,-0.006729088504866304,0.024199845848238807,0.023654523809696505,0.006676752713467963,0.015034725313439662,0.027376434049544714,-0.023147255599221036,-0.016967369073395855,-0.02324263264718765,-0.01669334942037554,0.021361090872356128,0.0011938981913286123,-0.011083041680099192,-0.001856297371969281,0.013362756271140605,-0.05914840145137213,0.0007146524254950347,0.060135604634363835,0.015142965029680924,-0.0009822314919957357,0.007408646806040221,-0.0005250205484056725,0.016092804314674383,0.01378025290574379,0.003730319911406397,0.004296240483745745,-0.0013452955647118897,0.004282090462279436,0.0030783861870059353,-0.00025063539296327176,-0.0019686902202309692,-0.0009956811948536929,-0.0009928223583351762,-0.0014861685341339516,0.010246037540830819,-0.0056554834304288395,-0.01742895724638069
REG_CITY_NOT_LIVE_CITY,-0.0018847551886425151,0.044395374805700945,0.020071849530942477,0.0035738426434533217,-0.02688639203217221,-0.006213613722255748,-0.027211552117098928,-0.050499384768361424,0.18038217310572763,-0.09051615755765861,0.06433353056397038,0.07632599283937874,0.00921808200823029,0.000525138057281208,0.09216566695557274,0.04594772487776847,-0.0008781027197478107,-0.04849565872979805,0.014271863451577554,0.012252296973843821,0.03574076177105976,0.04566861543356624,0.016975576390423686,0.33923234387682044,0.1513969814405287,0.021075759476833524,1.0,0.44040921758755625,0.02811184230417053,-0.1409996791622887,-0.043265503869281643,-0.07847695595433996,-0.05259899646806004,-0.02830488737901038,-0.013513856099269325,0.008839575116600894,-0.01738381518430454,-0.04333685461220014,-0.02692344313925426,-0.07017222745753497,-0.0419409780691534,-0.02869553851327685,-0.03651371597418946,-0.05177017050939595,-0.00697387581892607,-0.0154504476255991,-0.04920414530021168,-0.024111424652424527,-0.011394430422924257,0.009429770311606338,-0.016125728634180776,-0.041001053400324235,-0.022897144096646217,-0.06804292573037517,-0.0402104984690874,-0.02589721337229497,-0.0343711539301128,-0.04821055199100169,-0.005419345002028837,-0.01295338344292963,-0.05200384803409904,-0.027964147047850035,-0.013430672090192795,0.008595847622975885,-0.01715826014780083,-0.04278614316347879,-0.026336389476897162,-0.0697856002985287,-0.04160220447068742,-0.028456088859056122,-0.03631712409098329,-0.051275553127130065,-0.006454036212412778,-0.014557167378527405,-0.05222471523289412,-0.01261295277121125,0.007167200874086685,-0.01272291707943472,0.0075571120773046,0.054182776778098546,-0.00189344913670023,0.003116865904821568,6.137445123226226e-05,-0.0001337626913291124,-0.05821383251267254,-0.0014101020420090806,0.018112750290793463,0.005318353718969707,0.003688721794191725,0.055104829063528864,-0.0007426585702491013,0.0002576740928853611,-0.004161906552155654,-0.0024675118963630683,-0.012665961970924124,-0.0010462602247245285,0.013431955855136015,-0.005119117425636887,-0.0011808407203467409,0.0026137879232108986,0.0005491190478455728,-0.002152195342693962,-0.0015172279843296893,-0.010880950687942736,0.000933344915625902,-0.004792820417639861
REG_CITY_NOT_WORK_CITY,-0.0015823317896958699,0.05099446436812648,0.07064988824355495,0.00643083566741071,-0.018856162160153244,0.0008962793186617866,-0.02033291672106445,-0.044057287500235735,0.2424013295511267,-0.2545590786393098,0.09987367318321587,0.09935436388069778,0.016292484748626636,0.00098683524881705,0.2564272841534245,0.12099976730227047,0.0032703516788219005,-0.045717257367992946,0.004153982326571369,0.070720506694614,0.008360054141476742,0.028081288811429336,0.021504294390577806,0.1430747593086339,0.23976458605812045,0.18586306646511672,0.44040921758755625,1.0,0.8255747229688812,-0.18595331143122418,-0.07597042563122056,-0.07972896997414654,-0.09658756885759745,-0.05608631476730364,-0.01662885808565417,0.027666449329123315,-0.03418211713508753,-0.0827820747665008,-0.044390070840346574,-0.11593180221303469,-0.07687199852613606,-0.043509327732528795,-0.07556318617393527,-0.08965514546724496,-0.0039815919905544575,-0.02085718547673752,-0.08874936219324828,-0.04818619966179407,-0.013672886859653522,0.02878583878150025,-0.030077929949945133,-0.07623550455142358,-0.03637583466944292,-0.11191160663174261,-0.07345225893867773,-0.03907563626504315,-0.07013319991352623,-0.08194586110095867,-0.0006925050802874584,-0.014114162505119477,-0.09506992568053126,-0.05501232443962495,-0.01651668724174932,0.02773784197941254,-0.0334378438940525,-0.08119876034866763,-0.043296558412489417,-0.11492004533785666,-0.07638821556216041,-0.04321849527735504,-0.07457525631271023,-0.08834396551334325,-0.0030525746883068613,-0.018822930996653952,-0.08980017087908035,-0.004622931314196333,0.0004933849812476569,-0.004816008259827854,0.001884436904340754,0.046787624315284965,-0.002370478301869734,0.05627516787258997,-0.0023649821742132006,0.012142297570485072,-0.15745707749486224,0.0013399034791397781,0.042820315924601456,-0.001373885925384717,0.000626082005609332,0.03423647971991441,-0.0013955980618862846,-0.0008874922597517762,-0.005579907962748241,-0.001494804163986098,-0.004094872259358553,0.0014674612059311293,0.013919355680424088,-0.0038544449573333223,0.0007027530742768266,0.0034871241825799614,0.00048130962704967555,-0.001981883706905017,-0.0027533468672155262,-0.01218187352409861,-0.005226980788100483,-0.008012899909169126
LIVE_CITY_NOT_WORK_CITY,6.716449303561449e-05,0.03251834110149831,0.0699574996407986,0.008285198766186594,8.081559967034789e-05,0.010084187257129796,-0.001308621686107207,-0.0151878165200531,0.15888208965251965,-0.21810123108946008,0.07265763462467142,0.061094140016247536,0.008898943618873077,0.000843613913954513,0.21921892868605863,0.10988999691118097,0.003742118444897361,-0.023580464500739844,-0.004058174120564464,0.07749722409569476,-0.019153697212205497,-0.0028047074554882713,0.01550708384423812,0.009838471693149727,0.197096869797906,0.2366352816244284,0.02811184230417053,0.8255747229688812,1.0,-0.11930045844050753,-0.05890000617035049,-0.04430997893828127,-0.07788460083414069,-0.046316423374152454,-0.008735618157316,0.024447590011439462,-0.026756618492037282,-0.06595049511608311,-0.0363400962484173,-0.08810428604841182,-0.06049508733301749,-0.03608607039452174,-0.06298982242322868,-0.0716109886693997,0.0008577605154485182,-0.015066786986783617,-0.07152698850262106,-0.03964330566720233,-0.00683896589637195,0.025224929443246946,-0.0235943371701203,-0.06060991405021291,-0.0297906404488468,-0.08493159244587771,-0.05779849683670958,-0.03245307744511614,-0.0584945530225219,-0.06537426908119352,0.003774240508181885,-0.009022330164749678,-0.07661190095000664,-0.045388975239839674,-0.00871196660180603,0.024401984337320364,-0.026165068871172086,-0.06475505783703368,-0.035446847436344096,-0.08728974612301399,-0.059972752701089635,-0.03597296516664591,-0.062256825320362655,-0.0706084246659139,0.0017078390450486183,-0.013311247042765978,-0.0703166063268151,0.00010150540978179006,-0.004082838197378144,-4.162453203384372e-05,-0.003354274479265463,0.021388458362690488,-0.0017386334716913675,0.05394545677010587,-0.0023388124137430203,0.014196011034687693,-0.13322850012879778,0.0014720029555911728,0.042758645198210155,-0.004910768328137254,0.0013196549417952151,0.002713971782571552,-0.0011930521783794438,-0.0009488103769887561,-0.0048756070719928645,0.0002938864552322986,0.003061081036231225,0.001181327569038425,0.006332275995333275,-0.002035333155655403,0.0018773732871067532,0.004401423086463712,-0.0009238913180439009,-0.001960160776602593,-0.0033249470960025544,-0.007592137685435919,-0.0067920610585754625,-0.008415279453395165
EXT_SOURCE_1,8.169710675125175e-05,-0.1553171260639496,-0.1384697242157068,0.026232369958295133,0.16842889977324188,0.11939838192649718,0.17550221516071146,0.09999729317840482,-0.6006099739503155,0.2898477970950637,-0.1810945934060858,-0.13237489764474575,-0.0834108622549871,,-0.2941470823301873,-0.07654034524744899,0.002659444271681232,0.08124101489850397,0.015677911345850854,-0.09656869740687694,-0.1153412558590532,-0.11537389612227586,0.03200720435515413,-0.03296049593779815,-0.049441191378570996,-0.031388612332779786,-0.1409996791622887,-0.18595331143122418,-0.11930045844050753,1.0,0.21398238316333665,0.1868455077003892,0.05403402174613943,0.03996225393618062,0.002119547058258721,0.017102228782916982,0.033380929456593635,0.07453846958228012,0.022378355993254426,0.09315134635494775,0.0744621682075778,0.005494173344520378,0.0458516901743455,0.06820122873168659,0.01585122759860412,0.031500171779837625,0.04758053435055191,0.034692211795074895,0.0014424190017459338,0.015704455243535694,0.02753780680111234,0.06859537831246058,0.017499135236755652,0.08976047910302563,0.07138954036701771,0.002425996320278604,0.03902193077306264,0.06204596024998602,0.013857914952767891,0.026420395382167183,0.05252364348980201,0.03949395705642034,0.002077263074258908,0.01668864804793618,0.03214715093644247,0.07306586929398787,0.021487975665011726,0.09210779356733824,0.07358326881255634,0.0049915097416805545,0.04436773165831258,0.06711063132653669,0.015263450464838232,0.03037531754710295,0.06622711745282826,-0.025787745972018654,-0.028751271055384556,-0.02535052637462123,-0.0305081338279432,-0.1326071851957623,0.0011849396740332596,-0.04479681327028,0.004553445021077732,-0.0005577931304348936,0.19087364235879853,0.0039809219870619835,-0.05005573431247153,0.014149690766645975,0.0025533631044076777,-0.014438939105593773,0.0017171898134886708,-0.004275035851002626,0.009591818277472478,0.002902799351833525,-0.00018587126788987323,-0.0021325953761620045,-0.02573894528610534,0.005130643380823675,-0.005102400278608018,-0.019208135985105818,-0.003963131461523256,-0.005087259220058454,-0.0018008392150819252,0.030819851372307434,-0.0036314924838798898,0.006561999412855205
EXT_SOURCE_2,0.002342064818221242,-0.16047167160520875,-0.018014797209265354,0.0609246360903318,0.13122793587324588,0.12580400336482975,0.13936679918458464,0.19892416782177605,-0.0919958701538689,-0.020767102465620767,-0.05991282138744054,-0.05095513124662839,-0.08075290614093654,,0.019458673545125243,-0.01884228779439234,-0.003543470349376477,0.06117750060430303,0.023743010822864927,-0.0018228277968043304,-0.2928953121396138,-0.2882992424138377,0.15686293140891666,0.01557033506643554,0.029516742352136322,0.03004893659631456,-0.043265503869281643,-0.07597042563122056,-0.05890000617035049,0.21398238316333665,1.0,0.10916729237112816,0.09097104481011214,0.04833827096354371,0.009066238008192706,0.012912342427177616,0.05358690371465767,0.11505849151451206,0.0324888312347695,0.13586324932444216,0.11225451513511389,0.022270001200277192,0.08030662940073523,0.09757928934709598,0.019879706903809552,0.045082973301879464,0.08049629703633597,0.03768175284636332,0.008163242941063364,0.01008820334316407,0.04424406896639115,0.10618002582030646,0.023771020480994644,0.13011661148411852,0.10669371003974455,0.017314413066331663,0.07133156592957636,0.08602636593539209,0.01685624928969184,0.0373134079362329,0.08929369237546637,0.046950616052295016,0.00903505911638947,0.012617826135294418,0.05226887135117544,0.11346758143597123,0.03123609196828398,0.13461179542346963,0.1113691496465418,0.021226833601581518,0.07870322405481955,0.09608189829377457,0.018791014815694645,0.042639921444999604,0.09468727637532047,-0.019235130734692553,-0.030405716539421895,-0.01887790982655691,-0.032340387457855654,-0.1957641653594422,0.0008991840739969452,-0.030699845391313003,0.0030360426226942678,0.004249357441080244,-0.018706795073195868,-0.0005865743021318736,0.05068420178662424,0.016688220415390562,-0.002061374779366668,-0.004368397424489442,0.0021876117432343793,0.023793810298192188,0.02102638815436745,0.008417482979516736,0.013030106641866773,0.002593546953702549,0.0018735021742395412,0.003256274139397057,0.0006135318651930642,-0.007236182440322455,-0.004077495030536218,0.000552522256332642,0.0015069661365524937,0.05198101466564436,-0.002848858584067608,-0.02198407173965806
EXT_SOURCE_3,0.00022200290746980018,-0.17891869762837048,-0.04271031229956344,-0.030229052894077974,0.04351625546730791,0.030751815701395718,0.04771683576538008,-0.0060011345111757345,-0.20547760299779239,0.11343447510097937,-0.10754884384078725,-0.13159686977074733,-0.014603848287375333,,-0.1152927633152438,-0.06361726766256073,0.012133806380761895,0.0026084028888200394,-0.052171620559261216,-0.027963777824327157,-0.012902700210920425,-0.01215773724887099,-0.040517504976194677,-0.04916181398027938,-0.04914286738352943,-0.02960275365999413,-0.07847695595433996,-0.07972896997414654,-0.04430997893828127,0.1868455077003892,0.10916729237112816,1.0,0.005714718636340367,0.00923178930041872,-0.0004057183276512272,0.015680248773873452,-0.0031875393449434042,0.007365971120630031,0.012267928913956484,0.0035229310219705434,0.0018649249724421054,0.010750602074847022,0.004058697115524506,0.005634060312839834,0.006776758016008419,-0.0023361339622555237,0.004879434884719025,0.008078058944981651,-0.0006114506474187756,0.015122532325065718,-0.0026454524476388686,0.0070715541036431425,0.010903323181065412,0.0043784850813855915,0.003083858919142491,0.009397653737581023,0.0043779119059435155,0.0054366572810289684,0.006122066534537178,-0.0026646743854950292,0.005537878398384719,0.009348678875440693,0.00016827450488133416,0.015386445461725594,-0.003320841606978537,0.00739755308673141,0.012180998851484794,0.003808198809372499,0.0018246331576536581,0.010725230092117403,0.0038041414516267347,0.005486260235377344,0.006302307919620969,-0.0028760771335511162,0.0062322607977082865,-0.00041850278003577915,-0.03625257777541926,-0.0007173319856196285,-0.034095901061917004,-0.07525615099569867,,-0.03069561799049114,0.0031933784156086653,-0.005598753587049392,0.0749704280943563,0.00046752021510568654,-0.016327048640043123,-0.006358289812915095,-0.0039511597950645455,-0.010599410146497429,0.001161019341716805,0.0004457838620756295,-0.001344475667378008,0.0008393822589036245,0.00246965374490404,0.0012000155356716282,-0.016152172193155134,-0.0025895283561735614,-0.013836609161023085,-0.013058252218259986,-0.0011926178029469051,-0.007189512129943862,-0.021257943541313783,-0.007856198677601353,-0.02513073474163193,-0.07144896193752244
APARTMENTS_AVG,0.0015560976365506653,-0.0294975646334316,-0.013222050417837368,0.034500539922718676,0.06043922582711183,0.07621258728309475,0.0649176731871244,0.20594208943789258,0.004778884906027614,-0.01635863106317797,0.01318568746917379,-0.007321571083641453,-0.05117651965124341,-0.00014860005747787745,0.01644088702063554,-0.01313916318130466,-0.0024769760735986325,0.05607706537517509,0.031460026819174265,-0.011033380145570416,-0.15262528795657146,-0.1720989509215196,0.0833756669218139,0.004421481281640901,0.008091041156567643,0.0180937607616357,-0.05259899646806004,-0.09658756885759745,-0.07788460083414069,0.05403402174613943,0.09097104481011214,0.005714718636340367,1.0,0.6793885815577781,0.10009804254269578,0.34078373220376157,0.5388998627828996,0.8369580414055918,0.6112408989236247,0.6187458419515024,0.4447177615017905,0.49685235290112195,0.9439521423343666,0.9136187582503591,0.19411351611039726,0.2997188638904484,0.9732594628521724,0.6614788760866419,0.09513081785527225,0.33922247766837843,0.5295089007783684,0.8225532760130118,0.5831580288979985,0.6144975494629524,0.43655319515460267,0.4876514489504565,0.9305540836147111,0.8934631240864942,0.18709595319323644,0.28494223133421426,0.9950808157888431,0.6789769240785504,0.09962012415205147,0.3396701741327424,0.5396103917627805,0.8351226707291775,0.6076293271750116,0.61658145319935,0.44289421718539984,0.49905230578788445,0.9419070556828196,0.912329573424,0.19263484639957718,0.297454357679728,0.8926269259595857,-0.02461141767975482,-0.013608393208071851,-0.024155552779375138,-0.016117852267876463,-0.008563987689666848,0.00356536746751767,-0.04493244969780283,0.0028256890696250125,0.005758952111980434,-0.008993099857938693,0.00201617644484232,0.05615763021097107,0.018879885061418182,-0.002633031537841575,0.01811841833084693,0.0037756511368595537,0.02099853514709601,0.01789564248916623,0.010088795216592599,0.0047385754400863,0.005039175064682917,0.004798575787446909,-7.057575112639382e-05,-0.0029042974588488948,-0.003997758526233861,0.0019333872294296423,0.004937855754314609,9.883594227478723e-05,0.03542035409679415,-0.002786785313642315,-0.016495884530392815
BASEMENTAREA_AVG,-0.0020696979485813312,-0.022745743190148507,-0.008463618711386102,0.017302767065719492,0.03922616454895763,0.0445071086953738,0.04398153596880113,0.0984233728966569,-0.00439976156423514,-0.0013820444554827587,-0.02072946385404928,-0.014031810793175257,-0.03336452315502327,0.0009625828021402557,0.0012920143496486047,-0.0031772662134731257,-0.0026664963892976423,0.05003670071406955,0.017072016934745537,-0.004202788056048955,-0.06268891926729177,-0.07502720363641834,0.04104544442420071,0.0037994069284314025,-0.004678369365092969,0.0009646574947184044,-0.02830488737901038,-0.05608631476730364,-0.046316423374152454,0.03996225393618062,0.04833827096354371,0.00923178930041872,0.6793885815577781,1.0,0.08594998011166878,0.24860974143832998,0.4054586300590611,0.5649071008497972,0.6511595722424859,0.3298433486548733,0.22090837286170872,0.4676605804835232,0.6467740238956317,0.6928906297002276,0.09541771970730023,0.26634916842811845,0.6660234465804427,0.9734957846660562,0.058420625287904086,0.2492853430895252,0.4021059543341674,0.5550961475630131,0.6263821325520199,0.3287576744352194,0.21830711543752146,0.46196936293452007,0.6474320467622424,0.6771592036060505,0.09424903612879548,0.2600469300000905,0.6781741288017071,0.994317337521952,0.0774904445941802,0.24783605504061093,0.40659221791107714,0.5623469166358185,0.6470065164359954,0.3279492065183307,0.21952325487376398,0.4699939767755307,0.6488018911566368,0.6893184254032577,0.0952872500034588,0.265381767869137,0.6723997126604592,-0.015052213092844356,-0.010114139503601658,-0.014729713054083812,-0.012924709764653493,-0.007418426650965277,-0.0012271652310813267,-0.02920193557385343,-0.00038775384882067836,0.0003848924132317893,0.002410981036929637,-0.0021604507491741884,0.03229122597733892,0.010509888506819637,-0.0017711931711531577,0.01351650877055825,0.004685790431411997,0.012704889633204977,0.009088845352218964,0.005939180397761221,0.004900043108522482,0.003497194032125665,0.0046507787313423464,-0.002356517333936944,-4.998562445231164e-05,-0.0038146794161822294,-0.0006760445951920058,0.0051572645885950355,-0.0006499939731631154,0.021661073048658778,-0.0009449226925670965,-0.012364054002092393
YEARS_BEGINEXPLUATATION_AVG,0.001550904892576258,-0.009727673268680202,0.0069024271483007675,0.005658100139353143,0.006248757791298259,0.013298098923871555,0.007244762302717795,-0.006682612869553121,0.0007438888864936401,0.008629088061856683,0.01103469663114432,-0.0034155400614509735,0.0004182163527658332,-0.0006494789785559828,-0.008671530927531722,-0.002610643397720466,0.0013908090756303596,0.010993454101683979,0.0034997368291083937,0.007569280388658415,0.004485058419305172,-0.0007437721353070097,-0.010302761318569076,0.0011290112223864093,0.010519896461072677,0.012031065618919189,-0.013513856099269325,-0.01662885808565417,-0.008735618157316,0.002119547058258721,0.009066238008192706,-0.0004057183276512272,0.10009804254269578,0.08594998011166878,1.0,0.48356446751820537,0.0914834610799832,0.07892072030076444,0.04207501600459682,0.12757331320556828,0.16715151647636728,0.07391674538251031,0.14611973880187754,0.09273632439478359,0.0349793693982131,0.009665812869695421,0.10066516813251354,0.08075404947794576,0.9718933677077852,0.4779914281714554,0.08628601052650388,0.07957834629034191,0.037565902487815814,0.12708560663519403,0.162939614246926,0.07000799782233424,0.14126871980885072,0.08912265849574616,0.03148386597431705,0.008627093379607213,0.10013191380985995,0.08525596429472924,0.9938254172943787,0.4829507180153264,0.09166724162803902,0.07899494656813356,0.04133434754307654,0.12727332997074112,0.16675596265831405,0.07406668615593112,0.14650273592627522,0.09217543642660672,0.034078840537732434,0.00845254232771072,0.10031935118972832,-0.0005649284731943854,-0.005106728947364049,-0.0006263316206572753,-0.004750946889345432,0.002514812323698632,0.0005563743171357382,-0.004265763890109134,-7.484757614351185e-06,-0.005136115487073231,0.006116147647245859,0.0009735861354826359,0.003987750295189092,0.003379600004971483,0.0002097931486861822,-0.00422648235219139,0.0002656594636732671,0.0012481431716791795,0.0008277506136819448,-0.0019168662887622688,-0.0009922903248903868,0.0015323546170410726,0.003945468637073034,0.0009359513466963253,0.0009388703168618463,-5.174030957385613e-05,0.0006280838961300767,-0.0018376239290807657,0.003529746138196388,-0.0005566111246488697,0.001890989787385835,-0.008315386733585608
YEARS_BUILD_AVG,0.00589961814317516,-0.022149284063388727,0.030172159513457385,0.04233383429894163,0.035874699109263004,0.03419534672770594,0.04193650059592958,-0.05656551357680466,0.02662320015669223,-0.005829978176150014,0.16418366888229147,-0.007238329280193597,-0.0490680675312245,,0.005794039719477723,0.012344733672714782,-0.0022021161860126866,-0.0047133477762774,0.005679225110897064,0.04151762334405697,0.03973280271409215,0.03319677275169257,-0.013769615818954306,0.0066516390676577145,0.019668459124123353,0.017096557181437697,0.008839575116600894,0.027666449329123315,0.024447590011439462,0.017102228782916982,0.012912342427177616,0.015680248773873452,0.34078373220376157,0.24860974143832998,0.48356446751820537,1.0,0.23225876003176243,0.3433182362600252,0.09059098419056213,0.5191998370088283,0.3595382135257728,0.18062148352997837,0.3339365460259489,0.3556660076500948,0.07092933212798376,0.12770943711821903,0.32324958596499553,0.23386448299175205,0.2890572676503549,0.989443921960819,0.22349793840036186,0.3340680360860273,0.074728663441579,0.5123823777625841,0.3520922799221506,0.17019025380017597,0.32619466954284065,0.3383921079747639,0.0644937602158283,0.11225684455037988,0.3393241070111522,0.2464412902228734,0.42656390408325556,0.9984946631734793,0.23281003192813285,0.34323645310347956,0.08838472791966201,0.5182004724179915,0.35898435653122657,0.18159158273022652,0.334945043323859,0.35468935740448254,0.06923430115887734,0.12490117473915915,0.3592626641791948,0.0002123807718103806,-0.010501825538652733,9.140217993071791e-05,-0.011485702291964165,0.011723022506757202,0.0017108918000953545,-0.02071349751064945,-0.00015489410023698092,-0.000616610607066927,0.0010224743144738421,0.0007862074498764396,0.02625886081637129,-0.00073224961308842,-0.0004099095759771876,0.00423446145879902,0.0032544212493066603,0.009784892587079269,0.009079175406943476,0.0008727855150077625,0.002155940296103177,0.0011712503648872098,0.006980952280867651,0.0019157281132221266,-0.005382212361995295,-0.00895710725404877,0.0017619345617029434,0.002482477085911296,-0.004234259850839759,-0.0025540171179057394,-0.007246132655309248,-0.025873767786115342
COMMONAREA_AVG,-0.001462673601803565,-0.018549661629760343,0.0001398981213782044,0.08961600862591187,0.04953654103383213,0.057628223074683765,0.05050662911420378,0.164805515569547,0.008363543355273157,-0.012527953543203301,0.028300133183983833,0.00010029457206606532,-0.03552368784094655,,0.012611958377377004,0.0012705289487937401,-0.004398124727524683,0.0460097524218129,0.021448846000418225,0.001490189946496201,-0.11937938972161045,-0.12895142832785683,0.04554026439438673,0.015360296369674132,0.01950257393479256,0.029340360578693655,-0.01738381518430454,-0.03418211713508753,-0.026756618492037282,0.033380929456593635,0.05358690371465767,-0.0031875393449434042,0.5388998627828996,0.4054586300590611,0.0914834610799832,0.23225876003176243,1.0,0.52216607705151,0.3262641112729759,0.4040138441079334,0.29565703820186506,0.25704616626144955,0.5331028008350777,0.5470304521515411,0.10558153721030103,0.227614531286488,0.5159260361270143,0.38820999850314886,0.04814146383211371,0.22935758327734437,0.9771470922157356,0.5055424003421146,0.3019151099829707,0.39806519684785974,0.28879202571460566,0.24419760419603584,0.526574362483823,0.5241855994322185,0.1034567488655464,0.21701795427964632,0.5381200314932504,0.4045487388655884,0.07404763557877755,0.2318411767622437,0.9959780551910289,0.5204886492538272,0.32373818931847304,0.40224975959032905,0.294865516775413,0.2582165269352577,0.5344539359455944,0.5455012754006338,0.10508067491324498,0.22713829067654412,0.5532601124871629,-0.02057255262920107,-0.012499237823691792,-0.02017367231580758,-0.013601028809736985,-0.003536223142243628,-0.0013083066038062385,-0.03705552045444493,0.0035939316565915527,0.002017785002089476,-0.006397044898017153,0.003423695533033947,0.05041364119967541,0.015372875595477774,-0.0028155672851062703,0.014719801492300405,0.0037928492547012896,0.013953700765539145,0.011981055243007887,0.009014721267231083,0.007316248897579389,-0.00018604249008875423,0.015268882738119783,0.006676421562136871,-0.0011064934884620079,-0.005054704704677907,0.006829231345435596,0.005492675057354389,-0.008238303393714742,0.02433081437926566,-0.009804209051102783,-0.01404945276569087
ELEVATORS_AVG,0.004861794634884354,-0.03419879367526856,-0.007059888582729818,0.045052784286004344,0.08063501985507338,0.10143934470144339,0.08373557763835936,0.28068507238580276,-0.0014475045880769078,-0.009791562921693473,0.0007461923741466015,-0.010554928251707662,-0.0664538659958583,-0.0008050649001260771,0.009908667593599367,-0.010590727974843105,-0.006911744924458578,0.07734250868949144,0.040361115458771905,-0.0013099876345616694,-0.22615454554486275,-0.23760798341439643,0.10525411798278891,0.014890366280795316,0.02057100272426768,0.03259206076597387,-0.04333685461220014,-0.0827820747665008,-0.06595049511608311,0.07453846958228012,0.11505849151451206,0.007365971120630031,0.8369580414055918,0.5649071008497972,0.07892072030076444,0.3433182362600252,0.52216607705151,1.0,0.4052049227823794,0.6800780697064711,0.511259837161568,0.37528019927559203,0.8117859636227611,0.8677756706824952,0.12166776892034208,0.2833669227308872,0.8060090307264132,0.5399726808005992,0.07215839233635324,0.33942541430297024,0.5051488643898484,0.9788372822763707,0.37562582743621165,0.670987817566003,0.4996181448339444,0.36173291497734544,0.7970600160213059,0.8389197195187539,0.11486985235257978,0.2647093435009497,0.834522676712717,0.5629990114423526,0.07770286299859165,0.3425078915694452,0.5218935272220543,0.996099443008259,0.4017075933732518,0.677770555687429,0.5094501262124892,0.3765306566862541,0.8126432354212171,0.8655794852431726,0.12084123698052081,0.28014232046003135,0.8446275362090896,-0.032848244256088524,-0.021361459254947354,-0.0324570251349912,-0.022768223695139294,-0.009835705160104643,0.004006559525201326,-0.063958645017963,0.0018836824926776348,0.009482669162593639,-0.004886202064342172,0.0017342914157411958,0.07638704585742072,0.024861373178912686,-0.003110422867532791,0.016416534757910786,0.004466096164772362,0.023654693750296104,0.024126211845161675,0.014047972550289365,0.003114774141529632,0.0033298310438234,0.007211969172191227,0.0011600511267624365,-0.004101038320969352,-0.0043473018423541175,0.0011870149515090514,0.00484146465190937,-0.0003425583403737354,0.04307631005094751,-0.004788319636834424,-0.018543613112380855
ENTRANCES_AVG,-0.0028791396821249934,-0.019172182012738025,-0.008341243169818819,0.005394406146904429,0.014929275958488543,0.014745338760389843,0.018763568507556425,0.036840054353504036,-0.01028122881152851,0.004017699999444906,-0.06309431581007012,-0.015374629307862955,-0.018156095500069254,0.0011849678314513046,-0.004237677652709751,-0.0032363307328385736,0.0022524653247585924,0.044376135289833266,0.008510191060219769,-0.003921546730118152,-0.024540325908568906,-0.03128938714381471,0.02095404346154903,-0.000996693514259269,-0.011359319933833725,-0.007228889821548884,-0.02692344313925426,-0.044390070840346574,-0.0363400962484173,0.022378355993254426,0.0324888312347695,0.012267928913956484,0.6112408989236247,0.6511595722424859,0.04207501600459682,0.09059098419056213,0.3262641112729759,0.4052049227823794,1.0,0.08870764235838247,0.03563155454556513,0.5082557774030464,0.5660557742217923,0.6188817110989934,0.06153284410450956,0.16572923168052472,0.6123640060858824,0.6536367063744966,0.037439778566503656,0.09509545286474035,0.333581681667525,0.4040380207568331,0.9777425562365705,0.09210550984870328,0.038570281909851914,0.5107047732549431,0.5759478126790182,0.6228223184265047,0.06424087866007877,0.17093040638881704,0.6115870384723224,0.6530471780952266,0.04056455073950369,0.08986386097634956,0.3276924282513534,0.4048733239347082,0.9968863663394539,0.08764192979061108,0.03502042497325572,0.5111404843254417,0.5686400930384675,0.6193119164150941,0.06255505775186664,0.16699799601169676,0.595290217904371,-0.0019661065964546964,-0.002794649246609407,-0.0017104002005078923,-0.005736824885848603,-0.012187148751183735,0.0016187509548729537,-0.011970535946533804,0.0023233163641075832,-0.0018081625088770996,0.004719432714168699,-0.004131293432078932,0.01182854148948426,0.0034792142821567077,-0.0006752098516414362,0.011470887083486606,0.003316371142213425,0.0070640408300500935,0.0032765306879579885,0.007700257221759851,0.0029638631293828553,0.00810633083531845,-0.0005020140438892827,-0.0008849531503144285,-0.0035194881754491733,-0.00046106937511479983,-0.003642949542968929,0.0066077069927742,0.001921348073500528,0.012893786356731655,-0.0001385901770033421,-0.010362310819682944
FLOORSMAX_AVG,0.0048513003866820035,-0.044003370532402865,-0.009705012568526909,0.06017113775930053,0.10329576974789154,0.13017364867352585,0.10851245659063684,0.32265151425952027,0.0016336364970036413,-0.015969566174841257,0.0497007699310064,-0.010235310557632807,-0.0836900175171198,-0.00261592033068077,0.016048407147298004,-0.023229890727389638,-0.01109038751022943,0.07183976779003867,0.047597500937521596,-0.0031830641904058952,-0.23496061074476582,-0.25139050292348725,0.12033119617203472,0.009630827372611362,0.031553816887030114,0.04436217725357302,-0.07017222745753497,-0.11593180221303469,-0.08810428604841182,0.09315134635494775,0.13586324932444216,0.0035229310219705434,0.6187458419515024,0.3298433486548733,0.12757331320556828,0.5191998370088283,0.4040138441079334,0.6800780697064711,0.08870764235838247,1.0,0.7424367124625478,0.21886535759105435,0.589761244251346,0.630576842031747,0.1133282658938621,0.25384403351320534,0.5859637029935252,0.29905679402746055,0.10368358748513573,0.5090447649589307,0.3782134240214629,0.6562540734279316,0.06271922077071453,0.9856894240021463,0.7222429236174579,0.20303221265286095,0.5677699499847739,0.597064180904682,0.102180256232213,0.2251717212138854,0.6152429053148205,0.32584221480463493,0.12548908419146856,0.5180322638807109,0.4026907142320185,0.6763055812862361,0.08456265368605685,0.997034142034963,0.7398936452225403,0.21917038336584538,0.5887983943663233,0.6271538591370457,0.11106617685065344,0.24709876546393714,0.6325947104808956,-0.03701792739019881,-0.02741991224306911,-0.036789455583598564,-0.027942934960091394,-0.0071298205213642316,0.0017640069468759698,-0.077061955488594,0.003188044984461534,0.010938477534559671,-0.007094088152501544,0.00262116902116925,0.08693655216859002,0.032662511049904426,-0.0007049130491694032,0.02074191847122546,0.0011086671006002465,0.027861830505709492,0.029715986716109824,0.011309039936633306,0.009119526823541457,0.0014715848593156776,0.012229577984885644,0.0009000086833939009,-0.002701846583313633,-0.005813615321866365,0.0031006584359716963,0.002945854656828891,-4.9885307011039944e-05,0.046762204311965434,-0.0008406858227418698,-0.019749579633252044
FLOORSMIN_AVG,0.003083200156183718,-0.033613503251899074,-0.008752537925298861,0.1398596624346833,0.07883228907177042,0.09981240288195523,0.0814109069932183,0.29434946448093813,0.001538070805527708,-0.01589365847047833,0.021459075684229365,-0.008865490539404077,-0.07533240496589352,,0.01605762978578886,-0.01570095520241523,-0.004904932218775769,0.06286270164892771,0.044696333200400964,-0.0010888348259645477,-0.23018163656916735,-0.23762303411426103,0.11836453233537315,0.012720416342623612,0.04337266837270719,0.0540034483727102,-0.0419409780691534,-0.07687199852613606,-0.06049508733301749,0.0744621682075778,0.11225451513511389,0.0018649249724421054,0.4447177615017905,0.22090837286170872,0.16715151647636728,0.3595382135257728,0.29565703820186506,0.511259837161568,0.03563155454556513,0.7424367124625478,1.0,0.1482229033443666,0.43871545870696116,0.4665188924649264,0.07580063747761456,0.1531109617910086,0.4189087333626032,0.19746330691365785,0.0970349357163534,0.35227322773281056,0.27596597823480096,0.49518462953454273,0.016963843472996464,0.7291792769404015,0.9858751397146137,0.13876362543559861,0.4253709262389667,0.43954435379483686,0.06877766083060614,0.13032866717135866,0.44210790816542045,0.2175161607554752,0.1461463362674605,0.35875551938872957,0.29396219490887815,0.5093939614319986,0.032948958746718715,0.7399277449393056,0.9972409850180423,0.1501332421877351,0.4383196647020057,0.46421626123217546,0.07388206284547735,0.14617840654127834,0.45411090995539216,-0.0328446085094468,-0.021309647984239708,-0.032455272867869485,-0.02071034276553934,-0.008009348220433763,0.0024357210989085424,-0.06705993312606576,0.009838751956010843,0.012006278319469418,-0.01008334458067468,0.002586321011028817,0.07238686050811886,0.027129653364448607,-0.0008042058371750593,0.025524999198335837,0.00364200950183599,0.020490443820843314,0.022270537336504293,0.009146135347593546,0.002836340246116291,-0.002880884054572608,0.01118796988676097,0.0043536525802467885,-0.001683637953919212,-0.004220256863699659,0.003623192528666443,0.004114678024230468,-0.0005929419428954137,0.03911999839269356,-0.004212880503606574,-0.010188844387865437
LANDAREA_AVG,0.0014645209795616588,-0.010884822678806584,-0.0031213758127700483,-0.0015982337834937067,0.006217970472558329,0.008610729941868891,0.013296527996443926,-0.05115988843452707,0.0030134088655325926,-0.009608764204889967,0.0031093662145935883,-0.007496249056146097,-0.021656576166542627,-0.0005076704163955711,0.009505648868615501,-0.0001332550619013765,0.005401884843158055,0.00841284220856817,0.0031731885809827775,0.001603880762205399,0.04381088179953684,0.03516196925116429,0.014850410215100626,-0.013496387743309851,-0.011152049689059718,-0.0067795533535591895,-0.02869553851327685,-0.043509327732528795,-0.03608607039452174,0.005494173344520378,0.022270001200277192,0.010750602074847022,0.49685235290112195,0.4676605804835232,0.07391674538251031,0.18062148352997837,0.25704616626144955,0.37528019927559203,0.5082557774030464,0.21886535759105435,0.1482229033443666,1.0,0.42008382092447943,0.5015711995814341,0.0658546211075327,0.16353834199270476,0.4973954677762727,0.47100369069065035,0.05122628149301192,0.18350970184141308,0.26729386016505374,0.37759183998295,0.4971550203179075,0.22158471572851277,0.15062949941679282,0.9736960647176421,0.4344789721870178,0.5017972090480517,0.06489667002119276,0.16219267650344035,0.49751984164032853,0.4691172151009818,0.06847650440875651,0.18039289291087798,0.2590759709579183,0.37565084102252766,0.5068520386556706,0.21858996651079726,0.14854534477419679,0.9916095332482726,0.42324797145348625,0.5010500834637368,0.06464986095441583,0.16479747172682033,0.49109104198083053,-0.002396327043050131,-0.0030161933406776136,-0.002289236191345266,-0.002366364853983796,-0.0005813147814896432,0.0009967568576994819,0.0030112887644412885,-0.0027753872472615977,-0.008680165331408361,-0.012705339426497134,-0.0025726499185061693,0.0051998047446723365,-0.006113192660820771,-0.001732650020430645,0.008889308998039355,0.00465846723703964,0.002281854853877852,-0.002377485058702797,0.005743360862147919,0.004098707433642997,0.0027828359402620358,-0.0014432154399614304,-0.0003412630232156565,0.0009468138105508553,-0.004053102396863023,-0.0015974074830174174,0.006242824336847374,0.009960166023660061,0.01558666343678803,0.00566161892147864,-0.01176661062283471
LIVINGAPARTMENTS_AVG,0.00311923694629178,-0.025030533291064243,-0.008647875429650757,0.10691968990806003,0.058788012950911565,0.07529265342476438,0.061849531532267056,0.19445226223783446,0.011183704231826713,-0.02019214699174223,0.024083732484128772,-0.0009527257117173573,-0.050552809166143624,,0.020363930008691276,-0.012239210840747111,-0.0038871517328822555,0.05182738888383508,0.030317009341811425,-0.00660226449008012,-0.15665602195518954,-0.18088389706241736,0.07919939561889569,0.010036662337114758,0.014074043750781183,0.023999923997404617,-0.03651371597418946,-0.07556318617393527,-0.06298982242322868,0.0458516901743455,0.08030662940073523,0.004058697115524506,0.9439521423343666,0.6467740238956317,0.14611973880187754,0.3339365460259489,0.5331028008350777,0.8117859636227611,0.5660557742217923,0.589761244251346,0.43871545870696116,0.42008382092447943,1.0,0.88079761087016,0.16046881326989573,0.2932759717681409,0.9082776264153023,0.6248520049252112,0.08309778498858612,0.3320213954100872,0.5230994694402092,0.7941591886582979,0.532032815526392,0.5825939595450625,0.43022361911700047,0.41113069152886295,0.9701166785692984,0.8517033330093854,0.14517495960672724,0.27596054575819423,0.9355783034002807,0.6468590234970727,0.12280192679912494,0.3327555963078907,0.5335643612910437,0.8093309937228178,0.5617106912130064,0.5864242647241378,0.43687420044378983,0.42252151540732485,0.993825491806443,0.8782633731600348,0.15655481632863932,0.29055812178424817,0.8480282339954528,-0.026266490254081315,-0.014426564695310395,-0.025871362571883473,-0.016439418996875926,-0.003748285407495402,0.0007019219436522241,-0.046730914605120584,0.004482470753235754,0.008386687614177905,-0.012780146963140638,-0.002346923592500872,0.06005993890305043,0.01792283939894449,-0.0022816250705725957,0.018608303631268006,0.007947904593066225,0.022757217249493995,0.01835963119797211,0.014336735718956349,0.0027717554068855672,-0.0007844865225835157,0.007125696389329171,0.0013599352795001312,-0.0037604531643392783,-0.005356787113932464,0.0029349538072873126,0.006781518328172859,-0.003701890933731588,0.03446095883164542,-0.007919470025964416,-0.013920251996151265
LIVINGAREA_AVG,0.0017701730992239456,-0.03299711746761117,-0.010116054680672483,0.039975668589588884,0.07214592307116495,0.0896591299332226,0.07730695126833122,0.21349113228921718,-0.0003335435117605777,-0.012438099389086518,0.007419058679204733,-0.011514702320367361,-0.06035151644883859,-0.0004830361177084501,0.012461663215585032,-0.011523907954373708,-0.006367406426386066,0.06511659967498738,0.03562351078033949,-0.00473906181306054,-0.16430007172848013,-0.1825626575093408,0.0846422560935687,0.005491605682050744,0.012584662335543308,0.023489153666695153,-0.05177017050939595,-0.08965514546724496,-0.0716109886693997,0.06820122873168659,0.09757928934709598,0.005634060312839834,0.9136187582503591,0.6928906297002276,0.09273632439478359,0.3556660076500948,0.5470304521515411,0.8677756706824952,0.6188817110989934,0.630576842031747,0.4665188924649264,0.5015711995814341,0.88079761087016,1.0,0.13539613398362735,0.30210058564820147,0.8907210280904588,0.6743592965572327,0.07523028632850234,0.3535656163975048,0.5373179969582288,0.8525905018616313,0.5904046730458539,0.6261675136732046,0.45765719553893086,0.4912345342656433,0.8730976521959933,0.9720498449427692,0.1299379182652944,0.28607232235779695,0.9125041767239913,0.6926127098755115,0.08889158860912949,0.354676336735659,0.5478353028609484,0.8658047966473019,0.6150737902735879,0.6285706381844973,0.46474294555912554,0.5035064806977775,0.8832449651816772,0.9955959097147579,0.13541520108069507,0.30000178482127066,0.9250387081308858,-0.025962921774784643,-0.016163425170274116,-0.025607868191222946,-0.01807061302822612,-0.010645409048663516,0.00213925706464206,-0.05284270309128469,0.0014230149313400494,0.005447240754553334,-0.008951938545531536,-0.0011200053307322613,0.06480242644011139,0.02180542915742839,-0.002413300348187902,0.01995871835570833,0.005314378932274881,0.02288249450912042,0.020921753095133992,0.012087022295812525,0.0048170958029125355,0.008549535455885333,0.006662495455904066,0.0005818648665128736,-0.0029479193183994568,-0.003910332780451366,0.004188008322361576,0.010213745210765849,-0.0012967665916629857,0.035706236397635344,-0.002431766086750915,-0.019040643033232517
NONLIVINGAPARTMENTS_AVG,-0.002574620663039167,-0.0031761075207260804,0.0040507399342185465,0.029519782343408556,0.014362257440574736,0.021306489035179933,0.015424331421223536,0.02429327770736836,0.0022286122652409156,-0.0046795617284458415,0.034227766907369776,-0.003884059674997827,-0.02480605028870552,,0.004756191979008832,-0.00185951392261388,-0.002609194496852201,0.0009507559209624945,-0.0015029868144548495,0.002193023487921375,-0.016742893266426466,-0.019300893146166714,0.015506085751064899,0.0011509161634823347,0.004421805520448265,0.006018141656788931,-0.00697387581892607,-0.0039815919905544575,0.0008577605154485182,0.01585122759860412,0.019879706903809552,0.006776758016008419,0.19411351611039726,0.09541771970730023,0.0349793693982131,0.07092933212798376,0.10558153721030103,0.12166776892034208,0.06153284410450956,0.1133282658938621,0.07580063747761456,0.0658546211075327,0.16046881326989573,0.13539613398362735,1.0,0.21726866873799322,0.1791574907495236,0.0901953465628519,0.02037176759762319,0.06964762067188067,0.10276601800544594,0.11352768998573354,0.05162543717687709,0.10744444000148966,0.07251741023065239,0.06126980170484123,0.14117568648519832,0.12658104639462725,0.9693698285343151,0.20809650993365628,0.19020624165228361,0.09487928436402884,0.03162382474436231,0.07049092136954144,0.1055440994488455,0.12150125097655788,0.06082180437834317,0.11241802587165559,0.07532036295941899,0.0677391297190141,0.1564093286116387,0.13434195026941123,0.9907678743285694,0.21670748099479772,0.14415092042016373,-0.0026600041151609694,0.0038569025656167585,-0.0022836962698126713,0.0001690337183939337,0.0006760675977305928,-0.0011759681141686187,-0.01004848561787188,0.026380070274741436,0.0038086867054499653,-0.002009798861375703,-0.001547524197914769,0.01049099262216994,0.003702928918214121,-0.0008887292700836058,0.007609552981351011,0.002828462471698759,0.0032350694900812648,0.004323510210307373,0.005778403807990966,-0.0013082168139289393,0.0019895741017512862,0.0005234379336863033,-0.0022163299637240493,-0.0015765749549634777,-0.0005136803257741816,-0.0001725092611731253,-0.0007144096694987632,-0.0025252005356511406,0.0013061117678816263,0.001955706676823072,-0.0012102523453545514
NONLIVINGAREA_AVG,0.0030417698212416946,-0.013578069781984715,2.821063471099132e-05,0.07460416624731019,0.037884524864310654,0.04959269200272572,0.04191171831861852,0.07481561161228481,0.0057123964607997835,-0.012857852139974068,0.04901173076703896,0.0023079379247020067,-0.0313864212643199,,0.012933920266924567,0.0012548422332830506,-0.006175447983649932,0.016968439638435057,0.015015685324805277,0.0009307574449973747,-0.08126603969754431,-0.08160276281715262,0.04493103273986815,0.008505354393250371,0.011373370063499214,0.01531229204330139,-0.0154504476255991,-0.02085718547673752,-0.015066786986783617,0.031500171779837625,0.045082973301879464,-0.0023361339622555237,0.2997188638904484,0.26634916842811845,0.009665812869695421,0.12770943711821903,0.227614531286488,0.2833669227308872,0.16572923168052472,0.25384403351320534,0.1531109617910086,0.16353834199270476,0.2932759717681409,0.30210058564820147,0.21726866873799322,1.0,0.2871294307692964,0.2565504054452201,-0.011339931197433237,0.12530314258686695,0.2202847492864544,0.27453776762692694,0.15561289512206308,0.2484985478951109,0.1468999017740217,0.15714692599538274,0.28549412480432057,0.28677914924847686,0.2101955196564026,0.9660865524294072,0.29710485547830556,0.2659485156087113,0.011542504993221202,0.12778318755609067,0.22757432078870582,0.2804684482547822,0.16289329724179732,0.2528929166470953,0.1520328727328069,0.1634888499338353,0.29384148625734186,0.2981867636074085,0.2172415829770744,0.9904435280473327,0.3666043654006493,-0.016209491256322782,-0.011666918184726677,-0.016078889045621252,-0.011551327183442523,-0.0017065886830550275,0.0013179089089704354,-0.029225199308883957,0.00029065415711076683,0.003137041608854224,-0.00954302523909437,0.0033127241239790713,0.03269466392918295,0.012988703597929587,0.00167918495990722,0.006454011052198504,0.010941603361560054,0.007357706304698283,0.016786213623309523,0.009358181320961431,9.617001047891401e-05,0.008186182057033083,0.003770985013815479,0.001146712504646869,-0.0014819776077447814,-0.0001825682773449547,0.003974143889840159,0.002923002563241467,-0.006021758482806319,0.01387682161114978,-0.0031354421545419947,-0.00909599334999566
APARTMENTS_MODE,0.00196144993129388,-0.02728387066775288,-0.01210484039369962,0.029994239220045547,0.05307204666917785,0.0664008335001283,0.0575226813085587,0.17502863195441312,0.004959203664129878,-0.014632412730433786,0.012732266466068986,-0.007129368509069021,-0.04540897251115758,-0.0002825632181300772,0.014720111581110813,-0.01065923712467107,-0.0007986127990641617,0.05044316040895763,0.028515831824756477,-0.00914421688076509,-0.12383746914729195,-0.14441353226054698,0.07515120964752621,0.002230442068146953,0.008821732524894344,0.0178307938680709,-0.04920414530021168,-0.08874936219324828,-0.07152698850262106,0.04758053435055191,0.08049629703633597,0.004879434884719025,0.9732594628521724,0.6660234465804427,0.10066516813251354,0.32324958596499553,0.5159260361270143,0.8060090307264132,0.6123640060858824,0.5859637029935252,0.4189087333626032,0.4973954677762727,0.9082776264153023,0.8907210280904588,0.1791574907495236,0.2871294307692964,1.0,0.6785652513634298,0.10102058306312217,0.3300899461777628,0.5282049468173131,0.8262159264063131,0.6157818533866802,0.5957613296032885,0.4233432251103146,0.5081602885789562,0.9377582516734514,0.9103764440191858,0.18416230368222075,0.2945806678620654,0.9771930586912569,0.6687832538227881,0.09984973117897661,0.32244158000771755,0.5188835106582851,0.8088575852533534,0.6125359331748602,0.5850072580070632,0.4182342923955692,0.5014396299883833,0.9145209052614311,0.8941220953287374,0.1817596588649825,0.2898393215002491,0.8636283987670267,-0.0208341289996624,-0.012628444006859987,-0.020413780514876165,-0.0153374047554351,-0.007597906572033549,0.00388075882119263,-0.03884892151140547,0.0018538521060332948,0.004455746655198885,-0.008589573747177098,-0.0007493103639634998,0.0491224592943934,0.01446230968857111,-0.0024025227717643515,0.01759977160317526,0.004040807507720247,0.018087346191730764,0.015413409280267321,0.009631333790564163,0.004994509811785655,0.005717011171768538,0.00509295279926659,0.00031223057080659116,-0.0028876653069073153,-0.0040400888672179665,0.002079670045007539,0.004367875038760253,0.0004318630826613402,0.03281366206671557,-0.0023929577040628677,-0.014625507889079271
BASEMENTAREA_MODE,-0.001411029922363149,-0.01995228392431536,-0.008512992139379423,0.01282129556853147,0.031212687499085116,0.034443437237645945,0.035811016250695764,0.06577913286111726,-0.004319096539365978,-0.00024291101847138824,-0.020010587268086483,-0.013191812762661915,-0.027319805415791137,0.000835004385074921,0.0001378207490237261,-0.00074839672646608,-0.00040935800756030245,0.04346962040886168,0.01450555882378797,-0.003541574331628685,-0.03352002800972924,-0.047688760040781375,0.03444120729811991,0.00315453033098171,-0.004370180633837882,0.00035185353834684427,-0.024111424652424527,-0.04818619966179407,-0.03964330566720233,0.034692211795074895,0.03768175284636332,0.008078058944981651,0.6614788760866419,0.9734957846660562,0.08075404947794576,0.23386448299175205,0.38820999850314886,0.5399726808005992,0.6536367063744966,0.29905679402746055,0.19746330691365785,0.47100369069065035,0.6248520049252112,0.6743592965572327,0.0901953465628519,0.2565504054452201,0.6785652513634298,1.0,0.05689467184213383,0.24394357285585985,0.40720636947733063,0.5537514242593417,0.6541418183691895,0.30949343340735613,0.20518638214784893,0.48333297676408565,0.6540702744646711,0.6903792119936606,0.09653983729855052,0.27227894437597255,0.663955057224102,0.9779383652419334,0.07226236989403878,0.2333482169214969,0.3909324225807802,0.5410608435350893,0.6525791353847503,0.2986134490885254,0.1970919180786273,0.4750902003525398,0.6296204879613924,0.6736484136380492,0.0917478690447427,0.26135668852285354,0.6492739726882778,-0.01133781437389374,-0.008708839869273684,-0.01101537890964658,-0.011405101853266146,-0.006388832837249936,-0.0018439890288078596,-0.02330170893243448,-0.00015696596643304583,-0.00010087413756013253,0.002780648006278889,-0.0022737076260266388,0.024825497411965314,0.005640640610518261,-0.0014839699511950796,0.013161339384875322,0.004952896277906126,0.00897082841632597,0.0056942298766298775,0.005576798990915148,0.004296963071349196,0.003939619917398706,0.00459566427691914,-0.0024267318002167476,-5.6470953508151294e-05,-0.0037020533679674836,-3.608807329313427e-06,0.004808548725265325,-0.0007939863149236923,0.0200008792349464,-0.000861396122932803,-0.011243494284319984
YEARS_BEGINEXPLUATATION_MODE,0.0018901567173315,-0.009036447354301175,0.00619887560382884,0.005283823572000076,0.004803849937521007,0.012554732113358112,0.00579880507431631,-0.006837244041937858,0.0007138803619159055,0.008637064317658956,0.008782661684940993,-0.00259040995559577,0.002475778664173965,-0.0006217725037321784,-0.008676423015193337,-0.0020955694178313024,0.0011074353000249863,0.010818369048521756,0.0034193278540485886,0.007042726807376585,0.004500249238959464,-0.0008720242822157884,-0.011211221087317716,0.0013609373060285237,0.01111925899662049,0.012578870919816734,-0.011394430422924257,-0.013672886859653522,-0.00683896589637195,0.0014424190017459338,0.008163242941063364,-0.0006114506474187756,0.09513081785527225,0.058420625287904086,0.9718933677077852,0.2890572676503549,0.04814146383211371,0.07215839233635324,0.037439778566503656,0.10368358748513573,0.0970349357163534,0.05122628149301192,0.08309778498858612,0.07523028632850234,0.02037176759762319,-0.011339931197433237,0.10102058306312217,0.05689467184213383,1.0,0.29120729004107393,0.04617221216420141,0.07650309271850157,0.035777848267224154,0.10650674952302215,0.09653219101021482,0.05022182800883906,0.08164581102060445,0.07363204529379581,0.01891835565379641,-0.00479001318376051,0.0954340078873925,0.0578637695743594,0.9635386983841201,0.28903698596658495,0.048225175430351895,0.07267139797653371,0.036991096683733585,0.1034896857396797,0.09688431553232013,0.05140585438376548,0.08331804929250272,0.07497504579095499,0.019932333997558612,-0.012161260048595409,0.0979872700381721,-2.9289175791426497e-05,-0.003590516295214456,-0.00010763495934787911,-0.003390212330122801,0.0017529659668923424,0.0005200692409737749,-0.0040388171106181085,-4.930911100170589e-06,-0.003890274242155885,0.005667250020760028,0.0009481913408368207,0.0034799390895981406,0.0026420460240284822,0.00025256475386494035,-0.006182150218314033,0.0002805854133398299,0.0015570665631343406,0.0002345772403827481,-0.0021435014958672994,-0.0011028337022610446,0.00152034251090423,0.003296794302851728,0.0018631239839663424,0.0009683383407950932,6.896087896913388e-05,0.00046052957136940914,-0.002150778067473349,0.0028559922191247317,-0.0004021024637192001,0.002112598071758655,-0.008161547271622164
YEARS_BUILD_MODE,0.005244721614853619,-0.02206820383485666,0.029548590800103455,0.03729943673287635,0.03347769090588944,0.030931891920168153,0.039409845599330424,-0.06377901601337346,0.025843703123977126,-0.005052786871602172,0.16274437953400245,-0.0071685182335858725,-0.047273923737925265,,0.005064616719962747,0.012047931641342909,-0.0018654183868295619,-0.006107452267840027,0.0046219871975753625,0.040906124047189775,0.045814196706669835,0.03857506104735226,-0.015938361724604517,0.006074519351805027,0.019683941681248627,0.01702323134042457,0.009429770311606338,0.02878583878150025,0.025224929443246946,0.015704455243535694,0.01008820334316407,0.015122532325065718,0.33922247766837843,0.2492853430895252,0.4779914281714554,0.989443921960819,0.22935758327734437,0.33942541430297024,0.09509545286474035,0.5090447649589307,0.35227322773281056,0.18350970184141308,0.3320213954100872,0.3535656163975048,0.06964762067188067,0.12530314258686695,0.3300899461777628,0.24394357285585985,0.29120729004107393,1.0,0.22702882402013358,0.33713531723586027,0.08759030847964286,0.511505805449638,0.3533888512524869,0.17927250645059578,0.3325679541629237,0.34500251196824755,0.06640250245606313,0.11731738237063942,0.3386139862260736,0.24790732005831326,0.4221643697818465,0.9894625274356391,0.23047980547067162,0.3404698263009373,0.09380081220443183,0.5092405424163263,0.3524420314498511,0.1851021716443957,0.33370348980525033,0.35353717181958905,0.06852748004432899,0.12444342223180216,0.3557182359723372,0.0011734877972405606,-0.0101044107997132,0.0010967978710136278,-0.011034766743602075,0.011843479549316189,0.0008106440927032059,-0.019065093212326658,-0.0009428610951216185,-0.0009518241690903241,0.0014118698704286066,0.0003792112968313678,0.02445381662673645,-0.0015239511881330453,-0.0002811774111886746,0.004301809099358486,0.003289626748451428,0.009399522252272679,0.008420484929401385,-6.901834803154732e-05,0.000879567593170932,0.000893045593080639,0.007189933941964055,0.0009016280642355934,-0.005694367284009792,-0.009375328890519164,0.0013039280186152838,0.001469004602266468,-0.004390014537944256,-0.002828705822292384,-0.006996372123386552,-0.025018095832984238
COMMONAREA_MODE,-0.0010581955750791593,-0.016340337311304406,0.000440096588642944,0.07562459184117723,0.04234141331656377,0.049073704462184266,0.043085937904792225,0.13093089543426234,0.00964933111040273,-0.013040879586608054,0.029172090885713126,-1.2426480951629831e-05,-0.030161459297262976,,0.013112482815557111,0.002186168624870401,-0.00394637848380082,0.03740326660439396,0.018632696208589542,0.0026075924871494026,-0.09423128280726041,-0.10538744730844268,0.03836220144850926,0.01180386044255856,0.01896101497525935,0.028017305183128668,-0.016125728634180776,-0.030077929949945133,-0.0235943371701203,0.02753780680111234,0.04424406896639115,-0.0026454524476388686,0.5295089007783684,0.4021059543341674,0.08628601052650388,0.22349793840036186,0.9771470922157356,0.5051488643898484,0.333581681667525,0.3782134240214629,0.27596597823480096,0.26729386016505374,0.5230994694402092,0.5373179969582288,0.10276601800544594,0.2202847492864544,0.5282049468173131,0.40720636947733063,0.04617221216420141,0.22702882402013358,1.0,0.5071356817218396,0.3236930828005327,0.3805205472081782,0.27752865896955575,0.26600033245966687,0.538951734963284,0.5377784232891655,0.10802672274425487,0.22834367342746376,0.5315767188561649,0.40535560035916257,0.06905347729656622,0.223096146408998,0.9798865980420448,0.5063522296089334,0.3329822296199104,0.37702706351953436,0.27543796748236016,0.26972305487663645,0.5270313176563757,0.5384463727762824,0.10416338372085689,0.2248736394774828,0.5431410769731883,-0.016865348066136005,-0.011345449232393374,-0.016467904430607173,-0.012113988565826643,-0.0016779061107567786,-0.001286180631957642,-0.031302129199782876,0.0036703008772846677,0.00017018101704739007,-0.006927969953461863,0.003754222123943902,0.044202145234295685,0.012667353736519317,-0.002710058060941878,0.014240865558343153,0.004022539567871793,0.011700841321106615,0.01061524882470676,0.008605507546212286,0.0068835728128849765,0.00013940393183213776,0.013178300635079975,0.007075060656928814,-0.0007972419564332041,-0.00504940300292932,0.00645590763741422,0.005777928897875196,-0.007190192277056951,0.021796862206236414,-0.008781268435419166,-0.013145233941693106
ELEVATORS_MODE,0.005017249214490173,-0.03213117100499533,-0.006396979253097565,0.04103182214435939,0.07473989060992876,0.09313110316529424,0.07797751677459808,0.2515392711933239,-0.0008887736857381887,-0.008802081896734792,0.0027293058637065486,-0.010633639156308671,-0.06136485632161765,-0.0009239680661019324,0.00892650953735998,-0.00912151932531029,-0.005128026133289859,0.0713976038251956,0.03828220753589593,0.000473600026090366,-0.2007365908453723,-0.213116920133886,0.09834660277931864,0.012964360999830966,0.021148234757304065,0.032216955109187116,-0.041001053400324235,-0.07623550455142358,-0.06060991405021291,0.06859537831246058,0.10618002582030646,0.0070715541036431425,0.8225532760130118,0.5550961475630131,0.07957834629034191,0.3340680360860273,0.5055424003421146,0.9788372822763707,0.4040380207568331,0.6562540734279316,0.49518462953454273,0.37759183998295,0.7941591886582979,0.8525905018616313,0.11352768998573354,0.27453776762692694,0.8262159264063131,0.5537514242593417,0.07650309271850157,0.33713531723586027,0.5071356817218396,1.0,0.4020956151536111,0.6609127819025393,0.4948973911935415,0.3792089087296882,0.8076014600781573,0.8559779438753095,0.11434794307653771,0.2737896304569528,0.8256192782733649,0.55615979018425,0.07854951836476089,0.3336056431764667,0.5070596816805503,0.9828278880055977,0.4042021885216276,0.6556197921451252,0.49452995135353733,0.37998888412575094,0.7994382242546297,0.8557665556334971,0.11409975091611854,0.27525237313807444,0.8208129807423322,-0.029224898502546132,-0.02020677123757244,-0.028832725343540873,-0.02167688224683646,-0.00901203593412849,0.004269608241812955,-0.058005287479744025,0.0011458175476228248,0.007753569097186315,-0.005389648357313378,0.0015403840183284218,0.06989115402502005,0.020989664245180915,-0.00296369346902563,0.015599098810822805,0.004718013159190462,0.021176466455315842,0.02125401451310704,0.013456489263978653,0.0033385414812416685,0.0039727558912171,0.006885239472486158,0.0016257015188370862,-0.004000133707579342,-0.004204800640962225,0.0009876012247537578,0.004600394423112897,-0.0001389580000298372,0.0405624794934656,-0.0042515592229755384,-0.017475600001965123
ENTRANCES_MODE,-0.002844118305974965,-0.017387422304882893,-0.006880463923170696,0.0020270077326204846,0.00936122350157549,0.00736217285153452,0.013334787702469014,0.01598336417887288,-0.009374170681190041,0.004942900443302111,-0.06008719238028438,-0.015547834212499376,-0.013054650323144673,0.0010592173575234487,-0.005142301232442153,-0.0017078347194613346,0.003106096853164105,0.03932628710195331,0.006582535488678535,-0.002015226561792187,-0.005231571939034535,-0.012538619072357229,0.01634218522016354,-0.0020828890327199844,-0.010375732345978843,-0.006760766702242159,-0.022897144096646217,-0.03637583466944292,-0.0297906404488468,0.017499135236755652,0.023771020480994644,0.010903323181065412,0.5831580288979985,0.6263821325520199,0.037565902487815814,0.074728663441579,0.3019151099829707,0.37562582743621165,0.9777425562365705,0.06271922077071453,0.016963843472996464,0.4971550203179075,0.532032815526392,0.5904046730458539,0.05162543717687709,0.15561289512206308,0.6157818533866802,0.6541418183691895,0.035777848267224154,0.08759030847964286,0.3236930828005327,0.4020956151536111,1.0,0.07762603954990034,0.029801418615522414,0.5167946208499536,0.5675405491328566,0.6228913109913812,0.060605195023645496,0.17634882232897467,0.5879513820000927,0.6313210705884167,0.03587820358954316,0.07389760353219384,0.3047518762694211,0.37930077123791084,0.9806771606045123,0.062026656061713266,0.016772941354517665,0.5012372338667126,0.5377313396875668,0.5948294908864142,0.05383726975593402,0.1599253287678285,0.561227554423506,0.0006444563633218027,-0.0025693113779155694,0.000882816232328716,-0.005560134541740088,-0.011254947760252921,0.0018253944371244843,-0.007366264391581977,0.0007067313154926098,-0.0024550200177499712,0.0046088359951762985,-0.004521998958461169,0.006117309793829658,0.0009025980133150961,-0.00041216298259171637,0.010706895901571546,0.0034483371630209428,0.004732316954800597,0.00141301603901141,0.007147265863545466,0.0031281411760713247,0.00828134441974602,-0.000517771335777776,-0.00038435289505981107,-0.0030516169784665205,-0.000877925115476457,-0.003228455403031699,0.005471929718816205,0.0020565864659698673,0.011069069060863333,0.00019531622236361964,-0.008192159090925041
FLOORSMAX_MODE,0.0043862078443831845,-0.04322626321381947,-0.009550307784636027,0.05767546264463839,0.10041808945378944,0.12630159675645652,0.10553211951254822,0.30399202755537136,0.001293783798538619,-0.015063694000859277,0.04965687494664012,-0.01030815960983095,-0.08121126966481843,-0.0027031009256916934,0.015155960674982878,-0.023017849120832386,-0.010102578628637695,0.067908973660221,0.04539673659114417,-0.002394681243860767,-0.2198699403376992,-0.2372185157512304,0.11516982436960538,0.009303554363448522,0.031566373888165106,0.043833244447796474,-0.06804292573037517,-0.11191160663174261,-0.08493159244587771,0.08976047910302563,0.13011661148411852,0.0043784850813855915,0.6144975494629524,0.3287576744352194,0.12708560663519403,0.5123823777625841,0.39806519684785974,0.670987817566003,0.09210550984870328,0.9856894240021463,0.7291792769404015,0.22158471572851277,0.5825939595450625,0.6261675136732046,0.10744444000148966,0.2484985478951109,0.5957613296032885,0.30949343340735613,0.10650674952302215,0.511505805449638,0.3805205472081782,0.6609127819025393,0.07762603954990034,1.0,0.7263342615133062,0.21307511896345524,0.5716251450174136,0.6058849040826737,0.10044008618217244,0.23113836797595338,0.612570447492953,0.325519921564076,0.12464904098089553,0.5125042439338646,0.3972387620761522,0.669191638042724,0.08781825353321328,0.9882374922627122,0.7298710195195898,0.2218729834699417,0.5828110768371945,0.6243215076446501,0.1060623852948903,0.24378499732137762,0.6253741689470894,-0.03542477382007399,-0.026918659715483947,-0.03518308681704035,-0.027447468075509587,-0.006749299784522329,0.0016479654841704862,-0.07325696751940938,0.0005142395603279425,0.010568095935181616,-0.00649421911403961,0.0019739918734336913,0.0826686289548133,0.030659303670929245,-0.0005524436243476049,0.020291329641700634,0.0012151699894949648,0.02661827237179313,0.02864171599482962,0.010438556817183059,0.009007196940456003,0.001394882980155735,0.012276918833920025,0.0009075807287741185,-0.0023615589310569934,-0.0058136200758432885,0.0034699825807807724,0.0025349737142517366,0.0003174434237670332,0.044120691294395296,-0.00036073169611109865,-0.01911055295917961
FLOORSMIN_MODE,0.002081489618039942,-0.03269782531047472,-0.008043748475691724,0.13180004564162703,0.07548461793785861,0.09445748117406436,0.07776952559024129,0.27565569519419636,0.0009273567732939482,-0.015407343281732646,0.020234522320149672,-0.008991294101018598,-0.07248887721649443,,0.015565726090395958,-0.015107682404387228,-0.004727158578392251,0.05914420583654397,0.04162395397082425,0.0002555655147491313,-0.21537050265700008,-0.22365649820270123,0.11284092505802512,0.012279266674209408,0.044000385179263184,0.05411320485891433,-0.0402104984690874,-0.07345225893867773,-0.05779849683670958,0.07138954036701771,0.10669371003974455,0.003083858919142491,0.43655319515460267,0.21830711543752146,0.162939614246926,0.3520922799221506,0.28879202571460566,0.4996181448339444,0.038570281909851914,0.7222429236174579,0.9858751397146137,0.15062949941679282,0.43022361911700047,0.45765719553893086,0.07251741023065239,0.1468999017740217,0.4233432251103146,0.20518638214784893,0.09653219101021482,0.3533888512524869,0.27752865896955575,0.4948973911935415,0.029801418615522414,0.7263342615133062,1.0,0.1486398509798904,0.428473970813962,0.44290752278711487,0.0706632379563046,0.13533108405244298,0.43497319366575404,0.21568948932025092,0.14291881457369282,0.35209886620213693,0.28740303920326427,0.49935476869835477,0.03597957893297982,0.7229700159170199,0.9884055900499595,0.1526917034307194,0.4306566119170148,0.4566195459739607,0.07120144468280733,0.14254076181662706,0.4436580113927472,-0.03120200052095379,-0.020536153295798533,-0.030780572051533287,-0.019894842446996602,-0.007684239433648575,0.0020669189048989093,-0.06383136002199495,0.008293615120866321,0.01146618510132991,-0.009284407153204319,0.001953087802108714,0.06888772684676124,0.02542383422623568,-0.0006742224609272384,0.025603268948560454,0.003722673409363075,0.019556681283699605,0.021516138338836838,0.008957317459418284,0.0033799637357396183,-0.003053969552594656,0.011458372823887142,0.004645555350055295,-0.0005769271222526852,-0.005069313768027487,0.0034098959149501417,0.00398194367123038,-3.900063090292093e-05,0.0354033856153297,-0.0036282037201492414,-0.009011111743175256
LANDAREA_MODE,0.0015480235869010672,-0.010174103567660402,-0.0022124623340105446,-0.003673821451838904,0.0025321179875028724,0.0036210352196120415,0.009378915175234663,-0.06055819287446897,0.0037998331214861127,-0.008757680260219787,0.003353555483339135,-0.0080261146006189,-0.019342829806552202,-0.0006175153092754433,0.00865730591533699,0.0013425411655321896,0.007187851124235544,0.006732184543008102,0.0023480374773250695,0.0033115353724744467,0.05734350128055084,0.047232225732220384,0.011998651543028512,-0.014235818032794823,-0.010313133197342563,-0.0067170279652025815,-0.02589721337229497,-0.03907563626504315,-0.03245307744511614,0.002425996320278604,0.017314413066331663,0.009397653737581023,0.4876514489504565,0.46196936293452007,0.07000799782233424,0.17019025380017597,0.24419760419603584,0.36173291497734544,0.5107047732549431,0.20303221265286095,0.13876362543559861,0.9736960647176421,0.41113069152886295,0.4912345342656433,0.06126980170484123,0.15714692599538274,0.5081602885789562,0.48333297676408565,0.05022182800883906,0.17927250645059578,0.26600033245966687,0.3792089087296882,0.5167946208499536,0.21307511896345524,0.1486398509798904,1.0,0.43917184768269196,0.5125313774248561,0.06503086576147235,0.17043066994239076,0.48993206842138465,0.46513934394886963,0.06455335013840797,0.17006204064456534,0.24730680811685793,0.3638250605151835,0.5107242873973532,0.20300829179584656,0.13922670335427725,0.9808354923366361,0.41582135661517877,0.4924216204518174,0.059949987004153465,0.16132132344877279,0.4783820265487244,-0.0009854061720182983,-0.00357699247656824,-0.0008781246605101211,-0.002881876155821276,-0.0011109214846512113,0.0010281571997982305,0.005545609324772675,-0.0026860115978608145,-0.008390562938526663,-0.012122695373274131,-0.002401656427937442,0.0020817742021455943,-0.008436487884915465,-0.0015445380818112395,0.008711278115698296,0.004872153791203122,0.0004340821964699775,-0.004141012584009141,0.00587004181965298,0.004431149682548924,0.0029989977293576916,-0.0005988584112317153,-0.0003391299506172493,0.0019040927271516373,-0.004111057696917946,-0.0013212233831170744,0.005615657062268768,0.008332340423485216,0.013811789532831619,0.0062065263693568675,-0.0099394094919482
LIVINGAPARTMENTS_MODE,0.0035890542570683756,-0.023393245570197525,-0.007955105056250944,0.09299096524476957,0.05120766109472926,0.06560556398863931,0.053812761571270094,0.1631559019066904,0.01174324421353079,-0.019579333236897454,0.02310433699067559,-0.0015837778140291676,-0.04422555529347665,,0.0197359643370841,-0.010137353985167881,-0.0024262185624330597,0.045261950705289364,0.028403252940521897,-0.005953454803712477,-0.12967635263346255,-0.15572025953194907,0.07196249975894049,0.0064823441666152495,0.013967998335849578,0.022858269251372833,-0.0343711539301128,-0.07013319991352623,-0.0584945530225219,0.03902193077306264,0.07133156592957636,0.0043779119059435155,0.9305540836147111,0.6474320467622424,0.14126871980885072,0.32619466954284065,0.526574362483823,0.7970600160213059,0.5759478126790182,0.5677699499847739,0.4253709262389667,0.4344789721870178,0.9701166785692984,0.8730976521959933,0.14117568648519832,0.28549412480432057,0.9377582516734514,0.6540702744646711,0.08164581102060445,0.3325679541629237,0.538951734963284,0.8076014600781573,0.5675405491328566,0.5716251450174136,0.428473970813962,0.43917184768269196,1.0,0.8784709300891089,0.14472698396489284,0.2893169219981415,0.9321707851535072,0.651764749556933,0.11814661764943421,0.32522288797872945,0.5295573575247466,0.7987303033589754,0.5746760734647554,0.5656488125151207,0.4246612362257814,0.43826923344473523,0.9756053035993311,0.874362481146228,0.14278695190557422,0.2877646607286247,0.8338720831517525,-0.023592759965908046,-0.014732225862473861,-0.023223698650033115,-0.01673227801467536,-0.0037900821850867885,0.0009176568099648252,-0.041679216857207844,0.004488494790093924,0.006278925979027611,-0.01256450123166534,-0.0020270602366324313,0.054372210645213186,0.015086711892855226,-0.0021033373721388838,0.01898707692950993,0.008359875759155757,0.01950007143783967,0.015439011298762184,0.01381025888034247,0.002662329604712141,-0.0004288275822853218,0.0070134710879997345,0.0004855868046321893,-0.003991452690532097,-0.00598767255844431,0.003634380254143463,0.0072236158908281466,-0.0030534617544662585,0.0326666625627696,-0.007405266404944404,-0.013157501925682966
LIVINGAREA_MODE,0.0021564983039530513,-0.03068461576564163,-0.009516602214087403,0.03491464797447923,0.06414173974808354,0.0794256566944775,0.069324255785405,0.1809315213058562,-2.0272573019403935e-05,-0.010847087600641517,0.007456540009607599,-0.012096084335543546,-0.05530235288405827,-0.0006334055981754061,0.010857884763101863,-0.00866679183432141,-0.004669361002241709,0.058225725534780746,0.03234699595014535,-0.003080081267265249,-0.13344232165817788,-0.15290776728313113,0.07558257726295858,0.0033507642325839573,0.012517344134330179,0.022342912895563317,-0.04821055199100169,-0.08194586110095867,-0.06537426908119352,0.06204596024998602,0.08602636593539209,0.0054366572810289684,0.8934631240864942,0.6771592036060505,0.08912265849574616,0.3383921079747639,0.5241855994322185,0.8389197195187539,0.6228223184265047,0.597064180904682,0.43954435379483686,0.5017972090480517,0.8517033330093854,0.9720498449427692,0.12658104639462725,0.28677914924847686,0.9103764440191858,0.6903792119936606,0.07363204529379581,0.34500251196824755,0.5377784232891655,0.8559779438753095,0.6228913109913812,0.6058849040826737,0.44290752278711487,0.5125313774248561,0.8784709300891089,1.0,0.13062350392768785,0.2957249075290548,0.8961340522493685,0.6805489072750609,0.08473604964862248,0.33761427487493323,0.5270757096208452,0.8410730986135301,0.6222348939119926,0.5961927394769511,0.43864039526823984,0.5055293713930451,0.8573794042267625,0.9747433750791382,0.128294462287716,0.29036837739573634,0.8992469341613515,-0.02132033207484743,-0.014851445064192663,-0.02095902899057574,-0.017000247708709244,-0.009606829447080785,0.0022732695412214844,-0.047019870033321955,0.001748831453663066,0.003978979222965009,-0.0082739858581152,-0.0012969381225940192,0.05732202144982906,0.016912592858219343,-0.002183162319148759,0.020719807513932955,0.005666241850430217,0.020089834893655057,0.017499150977145488,0.011278264453370282,0.004919022204587452,0.009294989053327601,0.0061882962216148266,0.0001347542826383404,-0.0025936831783389507,-0.004258612887789812,0.003151998429075175,0.0066592327059731594,-0.000508183431912486,0.03258356151881856,-0.0016412061232330122,-0.017190081981764943
NONLIVINGAPARTMENTS_MODE,-0.0019229786162672639,-0.0015565608459037154,0.0040771457448914045,0.025019645455878606,0.011106103032482299,0.016753676899564002,0.011866152266523064,0.016536290251925465,0.003025094926470936,-0.004860701037069798,0.031757571680286215,-0.0036986979592261797,-0.02200968276906528,,0.004925614490818447,-0.00014136656675929743,-0.0013763559836597673,-0.0008912731792986949,-0.0021531499865243106,0.0021906465715255076,-0.008775341850490764,-0.012166011673729705,0.013466703134350715,0.0014247196218925865,0.005777321611875709,0.007067129949071315,-0.005419345002028837,-0.0006925050802874584,0.003774240508181885,0.013857914952767891,0.01685624928969184,0.006122066534537178,0.18709595319323644,0.09424903612879548,0.03148386597431705,0.0644937602158283,0.1034567488655464,0.11486985235257978,0.06424087866007877,0.102180256232213,0.06877766083060614,0.06489667002119276,0.14517495960672724,0.1299379182652944,0.9693698285343151,0.2101955196564026,0.18416230368222075,0.09653983729855052,0.01891835565379641,0.06640250245606313,0.10802672274425487,0.11434794307653771,0.060605195023645496,0.10044008618217244,0.0706632379563046,0.06503086576147235,0.14472698396489284,0.13062350392768785,1.0,0.21316331465463298,0.18614344279944814,0.09497730138438532,0.028582201064812143,0.0644809168232393,0.10454787174658245,0.11566241019709222,0.06436843701454971,0.1022420513063147,0.06878965719067838,0.06581480867744405,0.1462096282419774,0.12988219670767298,0.978574593750607,0.21174691399170464,0.13799251901129547,-0.0017159394305885406,0.005434018565545077,-0.0013486276565040367,0.0011540342936274333,0.0003296025404642135,-0.0011699699974894418,-0.007484878591083265,0.027314320943391673,0.003676472955003965,-0.0023316424574566156,-0.0016397991350146982,0.008882522639732065,0.0017710906929164325,-0.000827280516566024,0.008014392863607216,0.0029972258151900566,0.000447954379754166,0.0014346187814109805,0.00627079624613412,-0.0007278755717248506,0.002215917077311114,0.0010046659362191878,-0.0021539839038923567,-0.0015429206246781783,-0.0007959930236381281,-0.0011393594699918195,-0.0004437164489680758,-0.002604220018824246,-0.0007012760644274669,0.0023209017950177554,-0.001145679956306279
NONLIVINGAREA_MODE,0.0019196973351114856,-0.012710543748878284,0.0002311768946707945,0.06177807374513058,0.03239040703696554,0.04141770216016035,0.036402999045634044,0.049695498214801764,0.005537910605773043,-0.011725710760803556,0.04719655404426895,0.001321269686884869,-0.027811372330429657,,0.011805943217780503,0.0028066354920687625,-0.003761012264242372,0.01209720661611394,0.011369411047233848,0.0020005411083202874,-0.05820833658997053,-0.059467861575307694,0.0391982239295989,0.006674796348235035,0.011748875655766338,0.014749677320622377,-0.01295338344292963,-0.014114162505119477,-0.009022330164749678,0.026420395382167183,0.0373134079362329,-0.0026646743854950292,0.28494223133421426,0.2600469300000905,0.008627093379607213,0.11225684455037988,0.21701795427964632,0.2647093435009497,0.17093040638881704,0.2251717212138854,0.13032866717135866,0.16219267650344035,0.27596054575819423,0.28607232235779695,0.20809650993365628,0.9660865524294072,0.2945806678620654,0.27227894437597255,-0.00479001318376051,0.11731738237063942,0.22834367342746376,0.2737896304569528,0.17634882232897467,0.23113836797595338,0.13533108405244298,0.17043066994239076,0.2893169219981415,0.2957249075290548,0.21316331465463298,1.0,0.28588417957235596,0.2626644806272636,0.0066378602159568815,0.11240680486839846,0.21897222197008767,0.26534825712090904,0.17066366892566603,0.22547815431175933,0.1301988523533612,0.16374621287250427,0.2786784623900105,0.2851892590467155,0.2102714857521332,0.9758385272985102,0.3469568950419287,-0.012169214125420276,-0.009907940996892657,-0.012042996770663193,-0.01010730581788803,-0.0013934720493072805,0.0008643469950966192,-0.023513194388363617,0.0005174503950446965,0.001771222050508295,-0.009178778624777645,0.0023622912932605516,0.026885081358192706,0.007971824502418104,0.002017983577559989,0.005565075510159353,0.011626796844468806,0.00618629976191336,0.013609892392218619,0.008739261731894779,-7.359453244916092e-05,0.008825463203444578,0.0028033718914091225,0.0015586304281575494,-0.0010167086374578116,-0.00044374938047895526,0.003237833483097172,0.0010128927029911302,-0.005167806075234352,0.01027613629603973,-0.001864675096485602,-0.007928687214453594
APARTMENTS_MEDI,0.0019880526032478884,-0.029183758876693472,-0.012984704853080814,0.03379773150908061,0.05868221353891728,0.07398706348951517,0.06318678041430369,0.20138042524915625,0.005091884599297392,-0.016238976316792535,0.013463346220197436,-0.007139326031703237,-0.05010249397470773,-0.00016608614226191237,0.01632271540748041,-0.012782395398847663,-0.0019242510760205463,0.05574147368183224,0.03109170451571056,-0.01093343682634682,-0.148448204171098,-0.1679112524048552,0.08253125948299647,0.004015460206793812,0.008441398561569582,0.018141064493031215,-0.05200384803409904,-0.09506992568053126,-0.07661190095000664,0.05252364348980201,0.08929369237546637,0.005537878398384719,0.9950808157888431,0.6781741288017071,0.10013191380985995,0.3393241070111522,0.5381200314932504,0.834522676712717,0.6115870384723224,0.6152429053148205,0.44210790816542045,0.49751984164032853,0.9355783034002807,0.9125041767239913,0.19020624165228361,0.29710485547830556,0.9771930586912569,0.663955057224102,0.0954340078873925,0.3386139862260736,0.5315767188561649,0.8256192782733649,0.5879513820000927,0.612570447492953,0.43497319366575404,0.48993206842138465,0.9321707851535072,0.8961340522493685,0.18614344279944814,0.28588417957235596,1.0,0.6804803788912381,0.09996547404568779,0.33851688507572586,0.5407837850264098,0.8374473132894182,0.611440632481629,0.6143368070723236,0.441136437183272,0.5008476292750983,0.9424851483864675,0.9159473447265859,0.1915330977169216,0.29758449208983007,0.8865682509734882,-0.024128117581468763,-0.013500752844646724,-0.02367568083418035,-0.01599492513163945,-0.008690235822543772,0.003496612719765154,-0.043457895490507235,0.0029467914594328284,0.006065039936144149,-0.009009705311191144,-0.0005119373830727199,0.054958413663041016,0.017763554032422656,-0.002598606707381837,0.0179408610914271,0.0038063817402596276,0.0201744716021964,0.017023719142810402,0.009746750155141072,0.004850580985010362,0.005156895899779842,0.004824731436997911,-3.8732839711929874e-05,-0.0029794669119727465,-0.00403024196735263,0.0020683172565655896,0.004634667096957803,4.0802864928703414e-05,0.03518099050882246,-0.0027071654316818835,-0.01612690529757711
BASEMENTAREA_MEDI,-0.0016468750883002101,-0.02208126137318984,-0.008799365583681388,0.01638130556956124,0.03728099335515099,0.042451733626860826,0.0419804778149856,0.09407531372842552,-0.004344780622740278,-0.0015353292906806267,-0.021503751679913433,-0.014128882281167132,-0.03201129375951244,0.000949016797434698,0.0014386663882378034,-0.0033315644643038323,-0.0022907872373831373,0.049052430151772235,0.01704598318321028,-0.004720465889526296,-0.058770754656866854,-0.07120406931473332,0.040691466792544574,0.003588076152818478,-0.004787217065388592,0.0006986666518271775,-0.027964147047850035,-0.05501232443962495,-0.045388975239839674,0.03949395705642034,0.046950616052295016,0.009348678875440693,0.6789769240785504,0.994317337521952,0.08525596429472924,0.2464412902228734,0.4045487388655884,0.5629990114423526,0.6530471780952266,0.32584221480463493,0.2175161607554752,0.4691172151009818,0.6468590234970727,0.6926127098755115,0.09487928436402884,0.2659485156087113,0.6687832538227881,0.9779383652419334,0.0578637695743594,0.24790732005831326,0.40535560035916257,0.55615979018425,0.6313210705884167,0.325519921564076,0.21568948932025092,0.46513934394886963,0.651764749556933,0.6805489072750609,0.09497730138438532,0.2626644806272636,0.6804803788912381,1.0,0.076782116277968,0.24579542661749867,0.4066615152903296,0.5630194347355258,0.6515459859249251,0.3243329008087327,0.2164095354110343,0.47190042634491625,0.6515300822980051,0.6914007603902667,0.09544393007496976,0.2673393489592775,0.6693982858298906,-0.015019987587955528,-0.00996275064377025,-0.014714265631122663,-0.012583550744884178,-0.007851577767841277,-0.0011420349225862282,-0.02797308891369136,-0.00044074298301780896,0.0006314012908161711,0.002295887317847633,-0.0023119543886179995,0.03098899402888834,0.00982320072223958,-0.0017396547434869241,0.013031013578084193,0.004724064267716456,0.011071969842578518,0.007949282501623134,0.00577676124891362,0.004730459757942367,0.00353279390343602,0.004677194836095669,-0.0023379835678051593,-0.0002332547518878656,-0.0037972420440431005,-0.0004592683140368808,0.005279662233664819,-0.0009140766881500005,0.02185087807819587,-0.000986023127323127,-0.011905961834932291
YEARS_BEGINEXPLUATATION_MEDI,0.0013663697570743451,-0.009993096559696444,0.006401340281057644,0.0056388054298486135,0.0057650940163719525,0.012939838442851157,0.0068386774887098725,-0.006710688695094735,0.0007872644677302089,0.00840452684062645,0.011038560793280725,-0.00319344162489028,0.0007431421640988162,-0.0006414383847219518,-0.008454198381151086,-0.0019259548043685944,0.0013281582261809354,0.011566623660513338,0.0034824326092728116,0.0072189363545173925,0.004494122264345963,-0.0006444114057174849,-0.0097792299579952,0.0010296466664647345,0.010503765387792938,0.011993578718706892,-0.013430672090192795,-0.01651668724174932,-0.00871196660180603,0.002077263074258908,0.00903505911638947,0.00016827450488133416,0.09962012415205147,0.0774904445941802,0.9938254172943787,0.42656390408325556,0.07404763557877755,0.07770286299859165,0.04056455073950369,0.12548908419146856,0.1461463362674605,0.06847650440875651,0.12280192679912494,0.08889158860912949,0.03162382474436231,0.011542504993221202,0.09984973117897661,0.07226236989403878,0.9635386983841201,0.4221643697818465,0.06905347729656622,0.07854951836476089,0.03587820358954316,0.12464904098089553,0.14291881457369282,0.06455335013840797,0.11814661764943421,0.08473604964862248,0.028582201064812143,0.0066378602159568815,0.09996547404568779,0.076782116277968,1.0,0.4271033472514701,0.0742569512566686,0.07789615752159083,0.03986871552774202,0.12555661992706124,0.14623365696428706,0.06861319390922847,0.12311210123133594,0.08863837901355905,0.030912816451500125,0.010547193743099682,0.09905513941935419,-0.0003525623315517856,-0.0051339254242088695,-0.00040950214651910144,-0.004882257177555433,0.002799299561059387,0.0005145396026508193,-0.00394707550209983,1.55394942077283e-05,-0.005107386589047901,0.005793734289500524,0.0009973233998181574,0.0036897188717888913,0.00329489588107047,0.0002057950857109589,-0.004212671783547561,0.0002616345582614654,0.0012224283521661376,0.0008555714043542156,-0.0025626180034830637,-0.000988737589870496,0.0015125927239951972,0.0038661597752257778,0.0019058485903292463,0.0009338069991911728,-2.8789756782052923e-05,0.0006597686650056651,-0.0017849887630592446,0.0028371324235744928,-0.0002084530449587118,0.0019660620524405074,-0.008542828623824184
YEARS_BUILD_MEDI,0.005777437129150502,-0.022325926477474216,0.030123724182508582,0.04200406429632525,0.035589199461384814,0.033712593906708284,0.04158345498588381,-0.05779280632894269,0.026843970202745752,-0.006161263737199479,0.1640344928159627,-0.0069387542753299655,-0.04878724189942202,,0.0061332417048687304,0.012570537976495936,-0.002367929516358044,-0.004877193726808927,0.005663645454907046,0.04143407569755691,0.04068147990614707,0.03412993789130953,-0.01406882229632608,0.006253466691390657,0.019655758917641673,0.016910891265386422,0.008595847622975885,0.02773784197941254,0.024401984337320364,0.01668864804793618,0.012617826135294418,0.015386445461725594,0.3396701741327424,0.24783605504061093,0.4829507180153264,0.9984946631734793,0.2318411767622437,0.3425078915694452,0.08986386097634956,0.5180322638807109,0.35875551938872957,0.18039289291087798,0.3327555963078907,0.354676336735659,0.07049092136954144,0.12778318755609067,0.32244158000771755,0.2333482169214969,0.28903698596658495,0.9894625274356391,0.223096146408998,0.3336056431764667,0.07389760353219384,0.5125042439338646,0.35209886620213693,0.17006204064456534,0.32522288797872945,0.33761427487493323,0.0644809168232393,0.11240680486839846,0.33851688507572586,0.24579542661749867,0.4271033472514701,1.0,0.23277793392334128,0.3429123846764515,0.0874907834442897,0.5183154111760985,0.3591352659210915,0.18131893457158146,0.3340514138661837,0.3540269150222067,0.06912595097387489,0.12515080437334306,0.3579722648429243,0.0001815144576584563,-0.010672323612563435,6.784220839187056e-05,-0.011631617926612827,0.01156795364213765,0.0014053874266370247,-0.020411417368633403,0.0001300496830257304,-0.0007248390755324643,0.000765147457704413,0.0011914433587188042,0.026286308116814937,-0.0008138911059725156,-0.00040671666199281755,0.004293118695431294,0.003245882575669916,0.009978146144373699,0.00878389880788419,0.0009413716424108191,0.002159584819727683,0.0011730332069588715,0.006948414396277822,0.0016361581817512629,-0.005205462666491089,-0.008898938244064408,0.0015533165835494615,0.0029440360484430865,-0.0041697462911556476,-0.002668507320939555,-0.007448827618733166,-0.025907792849728672
COMMONAREA_MEDI,-0.0010362215727004684,-0.018572868907710774,0.0006090892157959775,0.08791783050885997,0.048565434588068127,0.05686514842017333,0.04951912527927968,0.16027500934893688,0.009176532707238986,-0.013008423632442595,0.029250362584754865,0.00037219658874830633,-0.03506626942243276,,0.013088726160874644,0.001062765279563947,-0.0045276674381402844,0.04500522231366461,0.02119763306222713,0.002049062195298166,-0.11615582724434798,-0.12591337466420272,0.04421114831402396,0.015030504824157716,0.019849284654501875,0.02944513608614271,-0.01715826014780083,-0.0334378438940525,-0.026165068871172086,0.03214715093644247,0.05226887135117544,-0.003320841606978537,0.5396103917627805,0.40659221791107714,0.09166724162803902,0.23281003192813285,0.9959780551910289,0.5218935272220543,0.3276924282513534,0.4026907142320185,0.29396219490887815,0.2590759709579183,0.5335643612910437,0.5478353028609484,0.1055440994488455,0.22757432078870582,0.5188835106582851,0.3909324225807802,0.048225175430351895,0.23047980547067162,0.9798865980420448,0.5070596816805503,0.3047518762694211,0.3972387620761522,0.28740303920326427,0.24730680811685793,0.5295573575247466,0.5270757096208452,0.10454787174658245,0.21897222197008767,0.5407837850264098,0.4066615152903296,0.0742569512566686,0.23277793392334128,1.0,0.5221475527188608,0.32637247258242813,0.40144209350088594,0.29339965571522914,0.26058687968229605,0.5369845116262563,0.5481189505075013,0.10594371738434219,0.22864537845849883,0.5525777495256963,-0.019840219054477182,-0.012342972202031515,-0.019448452682149626,-0.013267796184472288,-0.003212067638440394,-0.0012345034010263595,-0.03611154641940961,0.0036488142619857267,0.0021653374293094207,-0.006864368027243261,0.003485088788202924,0.0499463636516191,0.014749414107432374,-0.002804658176842487,0.013501390803135498,0.0038273816446534937,0.013408172765571573,0.011543656549610407,0.009054279348943315,0.00709073787261407,-0.00026637442302438185,0.015617004192739096,0.006708630976076397,-0.0011325943114287192,-0.0050281588979284395,0.006976920777760467,0.005642843415169659,-0.008555601077934714,0.024104148477950026,-0.009668712327736933,-0.013818129519139499
ELEVATORS_MEDI,0.005067035298669377,-0.033862876768446605,-0.006746787377320296,0.044159697954912196,0.0790943825984962,0.09955853554894961,0.08226581079738575,0.27439040230460376,-0.001298522830711187,-0.00981702571762098,0.0017259002690691158,-0.010448175301126293,-0.0655927663055904,-0.0008226649160889095,0.009931598489876087,-0.010445485300324455,-0.006194539923919553,0.07623322124389136,0.040111459724573854,-0.0009614081853658823,-0.2206952313681898,-0.23231590215786194,0.10427670043656798,0.014289971723780012,0.020918856485188916,0.0325666332618311,-0.04278614316347879,-0.08119876034866763,-0.06475505783703368,0.07306586929398787,0.11346758143597123,0.00739755308673141,0.8351226707291775,0.5623469166358185,0.07899494656813356,0.34323645310347956,0.5204886492538272,0.996099443008259,0.4048733239347082,0.6763055812862361,0.5093939614319986,0.37565084102252766,0.8093309937228178,0.8658047966473019,0.12150125097655788,0.2804684482547822,0.8088575852533534,0.5410608435350893,0.07267139797653371,0.3404698263009373,0.5063522296089334,0.9828278880055977,0.37930077123791084,0.669191638042724,0.49935476869835477,0.3638250605151835,0.7987303033589754,0.8410730986135301,0.11566241019709222,0.26534825712090904,0.8374473132894182,0.5630194347355258,0.07789615752159083,0.3429123846764515,0.5221475527188608,1.0,0.40458911686577126,0.6757874473785622,0.5087982577887954,0.37777599535180106,0.8142183219635333,0.8683406875915228,0.12144741433099272,0.28002670522239,0.8380276070011439,-0.03197528455529474,-0.0210329783067431,-0.031590176900009787,-0.022331636222448645,-0.01007041087763961,0.003956737920339344,-0.062276712893469206,0.0021051178857539894,0.009403796551320391,-0.005402541248199218,0.0018314793157690036,0.07494231060854267,0.023806347094166576,-0.0030750427228662456,0.01597974581685871,0.004493680147073855,0.023098322092282658,0.02232432854204923,0.013605487825392594,0.0027107874413892503,0.0034559344451198363,0.007036950829131833,0.001195338434525726,-0.004439973715993486,-0.004334223046576875,0.0009281747871453353,0.004626133848782152,-0.0005187464078136074,0.04277710533603304,-0.004499664075009542,-0.0183492605957404
ENTRANCES_MEDI,-0.002582654603769201,-0.019024756327399944,-0.008324516598051989,0.004786965235629656,0.01369207433913861,0.013276090465456941,0.017585258190584707,0.03362827981689651,-0.009875943583521283,0.00413797948303329,-0.06259932589897885,-0.0156471704079088,-0.017279941609591988,0.0011681461397931325,-0.004349530772038475,-0.002942045818494019,0.0025320839393795794,0.04391560806471718,0.008447265178191216,-0.004010027832065826,-0.022238741597178917,-0.02876224375587576,0.020614066513813877,-0.0012025365716882073,-0.011409707084211728,-0.00729932603410355,-0.026336389476897162,-0.043296558412489417,-0.035446847436344096,0.021487975665011726,0.03123609196828398,0.012180998851484794,0.6076293271750116,0.6470065164359954,0.04133434754307654,0.08838472791966201,0.32373818931847304,0.4017075933732518,0.9968863663394539,0.08456265368605685,0.032948958746718715,0.5068520386556706,0.5617106912130064,0.6150737902735879,0.06082180437834317,0.16289329724179732,0.6125359331748602,0.6525791353847503,0.036991096683733585,0.09380081220443183,0.3329822296199104,0.4042021885216276,0.9806771606045123,0.08781825353321328,0.03597957893297982,0.5107242873973532,0.5746760734647554,0.6222348939119926,0.06436843701454971,0.17066366892566603,0.611440632481629,0.6515459859249251,0.03986871552774202,0.0874907834442897,0.32637247258242813,0.40458911686577126,1.0,0.08290915245582685,0.031984234384946575,0.5105865798780932,0.5672212144684763,0.6189632772393159,0.062346081078149346,0.1659155442729717,0.588618023707424,-0.0014780523553686487,-0.002536612236613275,-0.0012172528848987479,-0.005476552783136442,-0.012323576285078403,0.0015652518836991806,-0.01104975207356403,0.002093971627612654,-0.0014939284668310188,0.004560333862295108,-0.0040918928503798175,0.010708200405427169,0.0025838768558980175,-0.0006438758135051639,0.011040870375461274,0.00332428048521808,0.006986900889818355,0.0020999978531910926,0.007587261327078186,0.0030549318696448755,0.008176475425417795,-0.0004079422016545705,-0.0007677905744173428,-0.003843960109222882,-0.0005601006621701712,-0.0037518994242102042,0.006286187676476386,0.0016079704135032985,0.013105941370669845,7.77588575369182e-06,-0.010191120803040877
FLOORSMAX_MEDI,0.00458827947614986,-0.04376792104770143,-0.009446951664120346,0.059681992497375755,0.10277029009650475,0.12917901013902675,0.10793596953745811,0.31831898445080226,0.0017905399651138765,-0.01605081569154624,0.050076117373063216,-0.010307439592573792,-0.08325044583828109,-0.0026149903294026703,0.01612075952877516,-0.02330296022335743,-0.011114256196486368,0.07084183091488136,0.04700799271250492,-0.0028270132619854843,-0.23151656994708492,-0.24794428911004812,0.11906682149214547,0.009322298014671972,0.031789717270173455,0.04441192168690448,-0.0697856002985287,-0.11492004533785666,-0.08728974612301399,0.09210779356733824,0.13461179542346963,0.003808198809372499,0.61658145319935,0.3279492065183307,0.12727332997074112,0.5182004724179915,0.40224975959032905,0.677770555687429,0.08764192979061108,0.997034142034963,0.7399277449393056,0.21858996651079726,0.5864242647241378,0.6285706381844973,0.11241802587165559,0.2528929166470953,0.5850072580070632,0.2986134490885254,0.1034896857396797,0.5092405424163263,0.37702706351953436,0.6556197921451252,0.062026656061713266,0.9882374922627122,0.7229700159170199,0.20300829179584656,0.5656488125151207,0.5961927394769511,0.1022420513063147,0.22547815431175933,0.6143368070723236,0.3243329008087327,0.12555661992706124,0.5183154111760985,0.40144209350088594,0.6757874473785622,0.08290915245582685,1.0,0.7404123089687457,0.2190126480520666,0.5864266069781284,0.626382070234497,0.11086299626362643,0.24724664902276547,0.6299654157803517,-0.03662169781913939,-0.027370807049829086,-0.036389675261943005,-0.027830740419397253,-0.00707768426326344,0.0014548756050164092,-0.0762102697609316,0.0037166798741119786,0.01119508541506311,-0.007097270235576054,0.002528941143229923,0.08596395730288693,0.03250324829178016,-0.0006877305024784423,0.021001071224026252,0.0011149658233429436,0.0276205499217648,0.02938358402006852,0.010505348090148128,0.008889718628379612,0.0015169275977102137,0.012105048423932313,0.0008789864788762901,-0.0026615302873355382,-0.0058308441608394285,0.003301203258678803,0.002751735059276176,8.227451826228405e-05,0.04599234386699968,-0.0007243581367719868,-0.019864682366703013
FLOORSMIN_MEDI,0.002836949287401766,-0.033394287191135595,-0.008230782365702193,0.138488982518648,0.07837505102056623,0.09864180413196226,0.08086275136249599,0.290743949236136,0.0017352489986293069,-0.016326732013504566,0.021644746913363426,-0.0087543106201119,-0.0754541359480595,,0.016485718127896346,-0.015637277858102008,-0.004913868093510015,0.06210263363553634,0.04433215202433383,-0.0004766706687424024,-0.2274517179370665,-0.23485255727365503,0.11761680436424332,0.012442501762684818,0.043426029258862194,0.05392726830651261,-0.04160220447068742,-0.07638821556216041,-0.059972752701089635,0.07358326881255634,0.1113691496465418,0.0018246331576536581,0.44289421718539984,0.21952325487376398,0.16675596265831405,0.35898435653122657,0.294865516775413,0.5094501262124892,0.03502042497325572,0.7398936452225403,0.9972409850180423,0.14854534477419679,0.43687420044378983,0.46474294555912554,0.07532036295941899,0.1520328727328069,0.4182342923955692,0.1970919180786273,0.09688431553232013,0.3524420314498511,0.27543796748236016,0.49452995135353733,0.016772941354517665,0.7298710195195898,0.9884055900499595,0.13922670335427725,0.4246612362257814,0.43864039526823984,0.06878965719067838,0.1301988523533612,0.441136437183272,0.2164095354110343,0.14623365696428706,0.3591352659210915,0.29339965571522914,0.5087982577887954,0.031984234384946575,0.7404123089687457,1.0,0.15037912049891347,0.43731542458251155,0.46334280253248655,0.07385601662758262,0.14582264414661694,0.45189456127793665,-0.03283957175825709,-0.021385106328931987,-0.03245280222968621,-0.020663310665008212,-0.008142122564375942,0.0018854652574541973,-0.0663291995294323,0.009305395073571863,0.011858455998450689,-0.010133084168967941,0.0026033274999884798,0.07194779801488992,0.02688721040562392,-0.0007923224089210361,0.02561158503159889,0.003634840943463241,0.020491507006664474,0.022104465767675354,0.008737549103856207,0.0028810168066205873,-0.0028416696645372852,0.011564548521043548,0.004442870571366988,-0.0011476995459637192,-0.004746905039457349,0.0036779387105183984,0.004187210920094825,-0.0001441235681546036,0.038355814264458034,-0.004121515410621159,-0.010384118346287914
LANDAREA_MEDI,0.0016990917190736951,-0.011255826639923302,-0.0028199753315016995,-0.0018916082634949803,0.0054149717900572394,0.007710756228461561,0.012550261314790458,-0.05254728736915166,0.003340581119900554,-0.009626510410702638,0.002968246922852075,-0.007634167082280375,-0.021644784966571743,-0.0005210304433790513,0.009519260586962232,-2.490678897644816e-05,0.0059881475277055235,0.008854245273529017,0.00361397197448128,0.0019470614636772977,0.04560178874244037,0.036703891828333515,0.014680492361207904,-0.013745558165603895,-0.010958233142381745,-0.006729088504866304,-0.028456088859056122,-0.04321849527735504,-0.03597296516664591,0.0049915097416805545,0.021226833601581518,0.010725230092117403,0.49905230578788445,0.4699939767755307,0.07406668615593112,0.18159158273022652,0.2582165269352577,0.3765306566862541,0.5111404843254417,0.21917038336584538,0.1501332421877351,0.9916095332482726,0.42252151540732485,0.5035064806977775,0.0677391297190141,0.1634888499338353,0.5014396299883833,0.4750902003525398,0.05140585438376548,0.1851021716443957,0.26972305487663645,0.37998888412575094,0.5012372338667126,0.2218729834699417,0.1526917034307194,0.9808354923366361,0.43826923344473523,0.5055293713930451,0.06581480867744405,0.16374621287250427,0.5008476292750983,0.47190042634491625,0.06861319390922847,0.18131893457158146,0.26058687968229605,0.37777599535180106,0.5105865798780932,0.2190126480520666,0.15037912049891347,1.0,0.4263726183564568,0.5038903379627432,0.06538805145417563,0.1661415983946709,0.49255938779624564,-0.002002061991291606,-0.0031598284902313025,-0.0019004170017458265,-0.002375686142406579,-0.0012412407325023728,0.0010297436657262064,0.0034566686182656006,-0.0029226128175338954,-0.008555037630769832,-0.012527712085706954,-0.002542702710747096,0.004616954366669322,-0.006346083446599883,-0.0017161921667003157,0.0091659589738575,0.0046959428430524836,0.0019175798373171913,-0.0025277998907069156,0.00584778947915479,0.004218374089879492,0.0028533910105794555,-0.0015723182884372423,-0.0004540400525736767,0.0013605672276675806,-0.003881310669816882,-0.0018417538942409697,0.00523497544657623,0.00810078049878914,0.015134404314190672,0.006088629269114746,-0.011047581392220562
LIVINGAPARTMENTS_MEDI,0.003272215448503352,-0.02462066360650495,-0.007961849849953156,0.10491414469645242,0.057057848872705486,0.07304935477072032,0.060103548644339005,0.18923862063941865,0.011794138484914932,-0.02035431728610492,0.02473352754337885,-0.0012375289322456111,-0.05012127971792713,,0.0205250165638927,-0.01198997520633271,-0.003685974200259655,0.051690542064504325,0.030462279388998408,-0.006027481724074902,-0.15230237129649768,-0.17693403305434002,0.07789985667115285,0.009547467354595713,0.014618430578373984,0.024199845848238807,-0.03631712409098329,-0.07457525631271023,-0.062256825320362655,0.04436773165831258,0.07870322405481955,0.0038041414516267347,0.9419070556828196,0.6488018911566368,0.14650273592627522,0.334945043323859,0.5344539359455944,0.8126432354212171,0.5686400930384675,0.5887983943663233,0.4383196647020057,0.42324797145348625,0.993825491806443,0.8832449651816772,0.1564093286116387,0.29384148625734186,0.9145209052614311,0.6296204879613924,0.08331804929250272,0.33370348980525033,0.5270313176563757,0.7994382242546297,0.5377313396875668,0.5828110768371945,0.4306566119170148,0.41582135661517877,0.9756053035993311,0.8573794042267625,0.1462096282419774,0.2786784623900105,0.9424851483864675,0.6515300822980051,0.12311210123133594,0.3340514138661837,0.5369845116262563,0.8142183219635333,0.5672212144684763,0.5864266069781284,0.43731542458251155,0.4263726183564568,1.0,0.8846900455382541,0.15728367297446108,0.29294314104825053,0.8461050011686108,-0.026124619273089896,-0.014474493847354079,-0.025724745590822926,-0.016434663823432255,-0.0032969175216804826,0.000593607188734646,-0.045627577043184445,0.004649360413913238,0.008718300189640673,-0.013129879021883097,-0.00225040427609584,0.05934427480507032,0.01708855362510659,-0.002258395985740762,0.018529989767590682,0.008012155784065693,0.021175385767204624,0.016819272895114774,0.013951801794626696,0.002863600389313061,-0.0007052704142250677,0.007353276171393133,0.0013849568381005496,-0.0042890328439414175,-0.005347294790700054,0.002831664245049989,0.0068767957689689725,-0.0038129851825228172,0.034502577716122945,-0.007673220687402335,-0.014214651977562042
LIVINGAREA_MEDI,0.002205425586430924,-0.03273928440781497,-0.010067040576072082,0.03926141564445782,0.07085961905209286,0.0881342885542784,0.07602760680276786,0.20934719910277283,9.95381347375916e-05,-0.012630532543788214,0.007925539906571208,-0.011315292363556507,-0.059040003915893605,-0.0005006017768286427,0.012654939899023708,-0.011150455442247525,-0.005597350116971175,0.06450621262858654,0.03563002616497766,-0.0044960754548189,-0.16057551171095408,-0.17878455941270902,0.08369820329383415,0.0051793541728115235,0.013014333569009039,0.023654523809696505,-0.051275553127130065,-0.08834396551334325,-0.0706084246659139,0.06711063132653669,0.09608189829377457,0.005486260235377344,0.912329573424,0.6893184254032577,0.09217543642660672,0.35468935740448254,0.5455012754006338,0.8655794852431726,0.6193119164150941,0.6271538591370457,0.46421626123217546,0.5010500834637368,0.8782633731600348,0.9955959097147579,0.13434195026941123,0.2981867636074085,0.8941220953287374,0.6736484136380492,0.07497504579095499,0.35353717181958905,0.5384463727762824,0.8557665556334971,0.5948294908864142,0.6243215076446501,0.4566195459739607,0.4924216204518174,0.874362481146228,0.9747433750791382,0.12988219670767298,0.2851892590467155,0.9159473447265859,0.6914007603902667,0.08863837901355905,0.3540269150222067,0.5481189505075013,0.8683406875915228,0.6189632772393159,0.626382070234497,0.46334280253248655,0.5038903379627432,0.8846900455382541,1.0,0.13502867268793384,0.2982212095928259,0.9193633193815423,-0.025247994152409883,-0.015895256726462522,-0.024889128194078798,-0.017687920279156697,-0.010794977791910932,0.0020408849431702188,-0.051805297801617425,0.0014469199547537503,0.005666925125222412,-0.009022001835325241,-0.0010933970284767122,0.0638514324756931,0.020840263560813903,-0.0023813110243692576,0.02007358816130521,0.005352957231757466,0.02259373392354642,0.01974907004413327,0.011785433836040382,0.005061064411618779,0.008703344029770011,0.006601274277339096,0.0008905849851815139,-0.0033217716113017478,-0.0038671171902032743,0.0028951649186740765,0.007160222374968931,-0.001125022263313578,0.03548310573861707,-0.0025087173916636535,-0.019094900511297346
NONLIVINGAPARTMENTS_MEDI,-0.0030196353172446204,-0.0027571486021083394,0.004132920114288442,0.02809764545607594,0.013401681912092568,0.020472853539593123,0.014380913391776341,0.021873162667053938,0.0021504857768700034,-0.004664518283179128,0.03340120835995416,-0.003287881501787942,-0.02425095149986416,,0.00474444343690896,-0.0011376183672680868,-0.0026238863919310403,0.0007326512883684108,-0.0016630568210245918,0.002309006638585728,-0.014395871316767507,-0.017203330159888352,0.015127633999574966,0.0014639285666588969,0.00513178395862793,0.006676752713467963,-0.006454036212412778,-0.0030525746883068613,0.0017078390450486183,0.015263450464838232,0.018791014815694645,0.006302307919620969,0.19263484639957718,0.0952872500034588,0.034078840537732434,0.06923430115887734,0.10508067491324498,0.12084123698052081,0.06255505775186664,0.11106617685065344,0.07388206284547735,0.06464986095441583,0.15655481632863932,0.13541520108069507,0.9907678743285694,0.2172415829770744,0.1817596588649825,0.0917478690447427,0.019932333997558612,0.06852748004432899,0.10416338372085689,0.11409975091611854,0.05383726975593402,0.1060623852948903,0.07120144468280733,0.059949987004153465,0.14278695190557422,0.128294462287716,0.978574593750607,0.2102714857521332,0.1915330977169216,0.09544393007496976,0.030912816451500125,0.06912595097387489,0.10594371738434219,0.12144741433099272,0.062346081078149346,0.11086299626362643,0.07385601662758262,0.06538805145417563,0.15728367297446108,0.13502867268793384,1.0,0.21810541051043986,0.14359019154745112,-0.0021846666986843483,0.004369709711018153,-0.0018105583849900393,0.0005942724643118619,0.000618500613305469,-0.0012387074450502002,-0.008892544617412566,0.02659549882760119,0.004059632580533765,-0.0022429244870233547,-0.0015325294349821487,0.009980851030223002,0.002977520348024888,-0.000875884456194819,0.007749068593994167,0.002878851794576461,0.0013974452810155953,0.0036005198323593186,0.005980764859590383,-0.001302864460671728,0.0020989584838098773,0.0006784815689226638,-0.0023178533455048287,-0.0014924219222479556,-0.0005931129419989971,-5.8360554963228364e-05,-0.0006999253524385345,-0.002725946320354522,0.0010689806627042391,0.002416201785570284,-0.0008552035669086391
NONLIVINGAREA_MEDI,0.002440394685135761,-0.013336719980273937,6.0891658516020925e-05,0.07084448773196661,0.03582943133253708,0.04700866294425253,0.03987394569264619,0.06606026841534468,0.006323172610828559,-0.012975401256058788,0.04993146066398465,0.002487697822675547,-0.030683787358832704,,0.013055619973944445,0.0018020895843722162,-0.005861438831769674,0.015119231575859114,0.013872727709183436,0.0010783847278503366,-0.07380558450141123,-0.07459337563653497,0.04372918472087071,0.007698692748214359,0.011690112482873063,0.015034725313439662,-0.014557167378527405,-0.018822930996653952,-0.013311247042765978,0.03037531754710295,0.042639921444999604,-0.0028760771335511162,0.297454357679728,0.265381767869137,0.00845254232771072,0.12490117473915915,0.22713829067654412,0.28014232046003135,0.16699799601169676,0.24709876546393714,0.14617840654127834,0.16479747172682033,0.29055812178424817,0.30000178482127066,0.21670748099479772,0.9904435280473327,0.2898393215002491,0.26135668852285354,-0.012161260048595409,0.12444342223180216,0.2248736394774828,0.27525237313807444,0.1599253287678285,0.24378499732137762,0.14254076181662706,0.16132132344877279,0.2877646607286247,0.29036837739573634,0.21174691399170464,0.9758385272985102,0.29758449208983007,0.2673393489592775,0.010547193743099682,0.12515080437334306,0.22864537845849883,0.28002670522239,0.1659155442729717,0.24724664902276547,0.14582264414661694,0.1661415983946709,0.29294314104825053,0.2982212095928259,0.21810541051043986,1.0,0.36162729886518064,-0.014430898072634122,-0.011061601610447377,-0.01431161596222538,-0.011023287918439416,-0.0019137701922305646,0.0010758860560097492,-0.027600937428119716,0.00023722449778926233,0.0028945707006213174,-0.009662356637591851,0.003362871490983153,0.030976535082290483,0.011799380954804704,0.0017618062218595573,0.006298055993604208,0.011108495317896941,0.006701413316964056,0.016225466457616973,0.008685511986317476,-0.0005250140561607877,0.008490530728645501,0.0033145054617991095,0.0009194779136744844,-0.0012247983558997951,-0.00013297047429140823,0.0034902862291857047,0.001535191469734877,-0.006230458338829962,0.01288877561547338,-0.002847809121993995,-0.00883303501293362
TOTALAREA_MODE,0.002288369424275866,-0.032595546758941996,-0.008036936388869596,0.041984660451636,0.07281803102925866,0.09041455742142541,0.07752689957859184,0.20214518912556656,0.0013294772868294453,-0.015126199701399766,0.01949523284401593,-0.011152528403749612,-0.06129751446248408,-9.690270797984939e-05,0.015158086317243729,-0.011875214702210908,-0.004686721033369212,0.059291607784019394,0.03633097721894632,-0.002485964730684065,-0.16064189527374367,-0.17803134573657423,0.07971239784257055,0.006843895302907764,0.01672211526765332,0.027376434049544714,-0.05222471523289412,-0.08980017087908035,-0.0703166063268151,0.06622711745282826,0.09468727637532047,0.0062322607977082865,0.8926269259595857,0.6723997126604592,0.10031935118972832,0.3592626641791948,0.5532601124871629,0.8446275362090896,0.595290217904371,0.6325947104808956,0.45411090995539216,0.49109104198083053,0.8480282339954528,0.9250387081308858,0.14415092042016373,0.3666043654006493,0.8636283987670267,0.6492739726882778,0.0979872700381721,0.3557182359723372,0.5431410769731883,0.8208129807423322,0.561227554423506,0.6253741689470894,0.4436580113927472,0.4783820265487244,0.8338720831517525,0.8992469341613515,0.13799251901129547,0.3469568950419287,0.8865682509734882,0.6693982858298906,0.09905513941935419,0.3579722648429243,0.5525777495256963,0.8380276070011439,0.588618023707424,0.6299654157803517,0.45189456127793665,0.49255938779624564,0.8461050011686108,0.9193633193815423,0.14359019154745112,0.36162729886518064,1.0,-0.025601400024890867,-0.01670246256384269,-0.0252439092921891,-0.018520486602204584,-0.008283497139467733,0.0009166198809930564,-0.052895691785492194,0.0004571729983288799,0.005736750112823748,-0.008780158731156553,0.00035008615889760904,0.06506845420728598,0.018340474316869255,-0.0022030072743626015,0.01921369501740267,0.006454035248737178,0.022198641782574254,0.0214777201423052,0.012329530061754876,0.006646781909016449,0.0060892593846333855,0.006601369312721763,0.00019241641679049081,-0.001476318014444408,-0.0038333049728377588,0.0049944831703819135,0.010729976560387303,-0.000867963926479271,0.034799731615640796,-0.0034906761421796963,-0.018945273525257864
OBS_30_CNT_SOCIAL_CIRCLE,-0.0014091171061369119,0.0091306657027761,0.015592958906554679,-0.01309859455495713,0.00018955131512405068,-0.011986637645352304,0.00032812239528831545,-0.011159677205472316,0.007425425133370454,0.005734168078288316,0.009124693908094714,-0.012454242641489107,0.0036489240945016188,0.0010699849844962887,-0.00573233160937409,-0.012396757886238651,0.0030489428682157027,-0.03348370510874334,-0.0030858465119925783,0.025318140609733933,0.034330414045809575,0.030092920681289884,-0.008613119068043785,-0.02064061287214392,-0.028855047279116468,-0.023147255599221036,-0.01261295277121125,-0.004622931314196333,0.00010150540978179006,-0.025787745972018654,-0.019235130734692553,-0.00041850278003577915,-0.02461141767975482,-0.015052213092844356,-0.0005649284731943854,0.0002123807718103806,-0.02057255262920107,-0.032848244256088524,-0.0019661065964546964,-0.03701792739019881,-0.0328446085094468,-0.002396327043050131,-0.026266490254081315,-0.025962921774784643,-0.0026600041151609694,-0.016209491256322782,-0.0208341289996624,-0.01133781437389374,-2.9289175791426497e-05,0.0011734877972405606,-0.016865348066136005,-0.029224898502546132,0.0006444563633218027,-0.03542477382007399,-0.03120200052095379,-0.0009854061720182983,-0.023592759965908046,-0.02132033207484743,-0.0017159394305885406,-0.012169214125420276,-0.024128117581468763,-0.015019987587955528,-0.0003525623315517856,0.0001815144576584563,-0.019840219054477182,-0.03197528455529474,-0.0014780523553686487,-0.03662169781913939,-0.03283957175825709,-0.002002061991291606,-0.026124619273089896,-0.025247994152409883,-0.0021846666986843483,-0.014430898072634122,-0.025601400024890867,1.0,0.32933811330380575,0.998489542510996,0.25349935020942754,-0.014785549078154027,0.0011498875225337362,0.02617695963590661,-0.001588382518545938,-0.010223040515699243,0.0031767305243547784,-0.0017279260975585672,-0.02333926172809415,-0.007670242245642858,0.0014343585599470605,-0.003759000796131128,-0.00044924556251465283,-0.0029005602888485505,-0.003717955265593088,-0.0010025765281016536,0.0044522208482446375,-0.0014644048767598443,0.0033145205191084017,0.0009306338147114923,0.00042955896198761654,-0.0006011683766365721,0.0004883359058348716,-0.0024443273755030146,8.148382821846498e-05,0.0015627658297407872,0.004140453769700954,0.03256650851343549
DEF_30_CNT_SOCIAL_CIRCLE,-8.185899919837343e-05,0.03224757925304534,-0.0012617340000335884,-0.013243810984115246,-0.02122944036468715,-0.022833229342777723,-0.022243515046597558,0.006328861384831281,0.00020553818151151476,0.016717158671443754,0.003360731715270352,0.0027375905995692044,0.00886785712768197,0.0005799500265167133,-0.016557308806091308,-0.008067843601622167,0.004813650366117201,-0.029758494025284823,-0.003177264157331647,-0.0026538724629788374,0.015393677481644353,0.01393530399958481,-0.0056723687225282505,-0.007939673835754673,-0.01747981943632852,-0.016967369073395855,0.007167200874086685,0.0004933849812476569,-0.004082838197378144,-0.028751271055384556,-0.030405716539421895,-0.03625257777541926,-0.013608393208071851,-0.010114139503601658,-0.005106728947364049,-0.010501825538652733,-0.012499237823691792,-0.021361459254947354,-0.002794649246609407,-0.02741991224306911,-0.021309647984239708,-0.0030161933406776136,-0.014426564695310395,-0.016163425170274116,0.0038569025656167585,-0.011666918184726677,-0.012628444006859987,-0.008708839869273684,-0.003590516295214456,-0.0101044107997132,-0.011345449232393374,-0.02020677123757244,-0.0025693113779155694,-0.026918659715483947,-0.020536153295798533,-0.00357699247656824,-0.014732225862473861,-0.014851445064192663,0.005434018565545077,-0.009907940996892657,-0.013500752844646724,-0.00996275064377025,-0.0051339254242088695,-0.010672323612563435,-0.012342972202031515,-0.0210329783067431,-0.002536612236613275,-0.027370807049829086,-0.021385106328931987,-0.0031598284902313025,-0.014474493847354079,-0.015895256726462522,0.004369709711018153,-0.011061601610447377,-0.01670246256384269,0.32933811330380575,1.0,0.33157080584769855,0.8605173800835259,0.0004229292007916804,0.0023950887564395556,0.012654320209555052,-0.002899863673450327,-0.004234655267959185,0.007707034833492885,-0.0007000869393422538,-0.018843782597390425,-0.004219634842854055,-0.0015344185623676562,-0.000997024817504226,-0.0008201745309987217,-0.007685824730975212,-0.004785328099527052,-0.0031948962785439145,-0.004613857826798792,-0.0012328669598016314,-0.0010192670653495811,-0.0033626344531833448,0.0002028437060641551,-0.0006522992306516615,-0.00017739994569046839,-0.001271863364416022,-0.002167170019882657,0.0003307203418901614,-0.0013020194217045326,0.018590235267923697
OBS_60_CNT_SOCIAL_CIRCLE,-0.001423306093899165,0.009022143630215059,0.015231861733529299,-0.013015437482671614,0.00023856508904492434,-0.01173051628430724,0.00034716627869213473,-0.01063808918054482,0.007022625689556202,0.005887636111516419,0.00908835370250125,-0.012873714654813776,0.003610879978319572,0.0010666423424086874,-0.0058834521411940555,-0.012619362964956162,0.0031203538990002195,-0.03342752941378793,-0.002716350884981055,0.02497134959998978,0.0339511975997134,0.02972222547402448,-0.00851831274839154,-0.020592021329125725,-0.028951845143852933,-0.02324263264718765,-0.01272291707943472,-0.004816008259827854,-4.162453203384372e-05,-0.02535052637462123,-0.01887790982655691,-0.0007173319856196285,-0.024155552779375138,-0.014729713054083812,-0.0006263316206572753,9.140217993071791e-05,-0.02017367231580758,-0.0324570251349912,-0.0017104002005078923,-0.036789455583598564,-0.032455272867869485,-0.002289236191345266,-0.025871362571883473,-0.025607868191222946,-0.0022836962698126713,-0.016078889045621252,-0.020413780514876165,-0.01101537890964658,-0.00010763495934787911,0.0010967978710136278,-0.016467904430607173,-0.028832725343540873,0.000882816232328716,-0.03518308681704035,-0.030780572051533287,-0.0008781246605101211,-0.023223698650033115,-0.02095902899057574,-0.0013486276565040367,-0.012042996770663193,-0.02367568083418035,-0.014714265631122663,-0.00040950214651910144,6.784220839187056e-05,-0.019448452682149626,-0.031590176900009787,-0.0012172528848987479,-0.036389675261943005,-0.03245280222968621,-0.0019004170017458265,-0.025724745590822926,-0.024889128194078798,-0.0018105583849900393,-0.01431161596222538,-0.0252439092921891,0.998489542510996,0.33157080584769855,1.0,0.25557005982504094,-0.01520152467683139,0.0009960026113150836,0.02622296800055589,-0.0015381809303585858,-0.010127806670987545,0.003248778144908878,-0.0017449740944066683,-0.023325860117798473,-0.0078000180585280025,0.0014811728402437236,-0.003761881730065609,-0.00043504694192987223,-0.002986950761563554,-0.00364205908959115,-0.0010000805561732457,0.004253546268274666,-0.0013609027665843953,0.003258410756212544,0.0010007930225597885,0.00035100080211110255,-0.0005517064174968252,0.0004132429264352254,-0.0025424343865279478,0.00019706597109502184,0.001638821915659583,0.003931984411258023,0.03295671290944713
DEF_60_CNT_SOCIAL_CIRCLE,0.0011872523393366796,0.031276472126435764,-0.0018610749063569653,-0.013134677812783518,-0.0237669849084974,-0.02400075277009299,-0.024506039551521353,0.002403551729515085,0.0019248907406525782,0.01421123611035452,0.004538140470878687,0.004327885825531133,0.013294810471243873,0.0004988252731560097,-0.014034468664711329,-0.007477014017362808,0.005182393662379538,-0.02843490122262858,-0.0022163923509790316,-0.004748882272882166,0.017931260992475995,0.01707592339054735,-0.008738226437810002,-0.007700346192659011,-0.017061620208791303,-0.01669334942037554,0.0075571120773046,0.001884436904340754,-0.003354274479265463,-0.0305081338279432,-0.032340387457855654,-0.034095901061917004,-0.016117852267876463,-0.012924709764653493,-0.004750946889345432,-0.011485702291964165,-0.013601028809736985,-0.022768223695139294,-0.005736824885848603,-0.027942934960091394,-0.02071034276553934,-0.002366364853983796,-0.016439418996875926,-0.01807061302822612,0.0001690337183939337,-0.011551327183442523,-0.0153374047554351,-0.011405101853266146,-0.003390212330122801,-0.011034766743602075,-0.012113988565826643,-0.02167688224683646,-0.005560134541740088,-0.027447468075509587,-0.019894842446996602,-0.002881876155821276,-0.01673227801467536,-0.017000247708709244,0.0011540342936274333,-0.01010730581788803,-0.01599492513163945,-0.012583550744884178,-0.004882257177555433,-0.011631617926612827,-0.013267796184472288,-0.022331636222448645,-0.005476552783136442,-0.027830740419397253,-0.020663310665008212,-0.002375686142406579,-0.016434663823432255,-0.017687920279156697,0.0005942724643118619,-0.011023287918439416,-0.018520486602204584,0.25349935020942754,0.8605173800835259,0.25557005982504094,1.0,0.002001360065613511,0.0023499527568479595,0.01176205490055914,-0.0024942240243253136,-0.004850227526824213,0.006215714764614437,0.0007838176736861769,-0.01780168633486127,-0.00466751022679774,-0.0013197805388811532,-0.0020681254698012626,-0.000705446617400049,-0.007957208535021035,-0.0038789212976760986,-0.004174713605951731,-0.00592730869548359,-0.000663006312527247,-0.0033163848885453214,-0.0030632741376871503,0.00015666570698173485,0.0003925354930509807,-0.0014607918799891982,-0.0018219560438456452,-0.002536106504147805,-0.001462268995139371,-0.0002906141764552605,0.017189725350973156
DAYS_LAST_PHONE_CHANGE,-0.000857996123933973,0.055218483513459246,-0.005865159246001337,-0.018585118336519286,-0.07370111227659072,-0.06374688627106792,-0.07631285538788403,-0.0440132108118029,0.08293907155033917,0.02303239023124411,0.0569825701102052,0.08857589685316476,0.002506438878919486,,-0.02110312512508073,-0.041537239338127564,-0.028950515197300474,-0.06745716292036216,-0.01947163977724545,-0.027108251728385605,0.026022251860704768,0.025716956804074157,-0.014901786230208507,0.03788147371616557,0.036388931070132455,0.021361090872356128,0.054182776778098546,0.046787624315284965,0.021388458362690488,-0.1326071851957623,-0.1957641653594422,-0.07525615099569867,-0.008563987689666848,-0.007418426650965277,0.002514812323698632,0.011723022506757202,-0.003536223142243628,-0.009835705160104643,-0.012187148751183735,-0.0071298205213642316,-0.008009348220433763,-0.0005813147814896432,-0.003748285407495402,-0.010645409048663516,0.0006760675977305928,-0.0017065886830550275,-0.007597906572033549,-0.006388832837249936,0.0017529659668923424,0.011843479549316189,-0.0016779061107567786,-0.00901203593412849,-0.011254947760252921,-0.006749299784522329,-0.007684239433648575,-0.0011109214846512113,-0.0037900821850867885,-0.009606829447080785,0.0003296025404642135,-0.0013934720493072805,-0.008690235822543772,-0.007851577767841277,0.002799299561059387,0.01156795364213765,-0.003212067638440394,-0.01007041087763961,-0.012323576285078403,-0.00707768426326344,-0.008142122564375942,-0.0012412407325023728,-0.0032969175216804826,-0.010794977791910932,0.000618500613305469,-0.0019137701922305646,-0.008283497139467733,-0.014785549078154027,0.0004229292007916804,-0.01520152467683139,0.002001360065613511,1.0,-0.0014952825735214893,-0.06175982901386807,0.0007522624406300498,-0.013620566010324332,0.034618326555207135,0.003050377334629858,-0.010732342546760776,0.003957113612239316,-4.038462560522164e-05,0.044568513387650555,-0.00450840941815874,0.022177520404474512,0.02755463052588854,0.012595205355450579,0.041697704136123316,0.006234552055377783,0.047604436402621464,0.006852161044591321,0.009170953027435036,0.00982614888006231,-0.0008579809187318815,0.002336505087563516,-0.003495402861472885,-0.04124418191880407,-0.001450949936733573,-0.11272474244855299
FLAG_DOCUMENT_2,0.0006999595771854919,0.005417144279619328,0.001785811929366579,-0.0009998464362538562,0.008905095292884089,0.0033973715158429935,0.010773515392919627,-0.0030399264920481306,-0.0011914977363837295,-0.0030904726256128297,-0.0044664263996723515,-0.0003487041671559492,0.000615575438850401,1.172521747156094e-05,0.0030474919949874035,-0.001992729807371448,0.0002811783335182491,-0.0007275200340940856,0.0027302280427953123,0.0005576454391564812,0.0012949995613732623,-0.0004076692121804586,-0.0019640502630159005,-0.0008062820481994226,0.0007746515739260096,0.0011938981913286123,-0.00189344913670023,-0.002370478301869734,-0.0017386334716913675,0.0011849396740332596,0.0008991840739969452,,0.00356536746751767,-0.0012271652310813267,0.0005563743171357382,0.0017108918000953545,-0.0013083066038062385,0.004006559525201326,0.0016187509548729537,0.0017640069468759698,0.0024357210989085424,0.0009967568576994819,0.0007019219436522241,0.00213925706464206,-0.0011759681141686187,0.0013179089089704354,0.00388075882119263,-0.0018439890288078596,0.0005200692409737749,0.0008106440927032059,-0.001286180631957642,0.004269608241812955,0.0018253944371244843,0.0016479654841704862,0.0020669189048989093,0.0010281571997982305,0.0009176568099648252,0.0022732695412214844,-0.0011699699974894418,0.0008643469950966192,0.003496612719765154,-0.0011420349225862282,0.0005145396026508193,0.0014053874266370247,-0.0012345034010263595,0.003956737920339344,0.0015652518836991806,0.0014548756050164092,0.0018854652574541973,0.0010297436657262064,0.000593607188734646,0.0020408849431702188,-0.0012387074450502002,0.0010758860560097492,0.0009166198809930564,0.0011498875225337362,0.0023950887564395556,0.0009960026113150836,0.0023499527568479595,-0.0014952825735214893,1.0,-0.010174319299296453,-5.862837530976937e-05,-0.0008054906028971678,-0.002020432107321798,-9.00715990754872e-05,-0.0019352169574484506,-0.00040662701002663437,-3.1022312170118174e-05,-0.0004074780060247083,-1.6581988544547763e-05,-0.00038672447172066824,-0.00035286018905475214,-0.00022628434820890877,-0.0006511038082665633,-0.00010619034662706463,-0.000588657635588319,-0.00015866276135856767,-0.0001464848417906476,-0.00011901770130397895,,,,,,
FLAG_DOCUMENT_3,-0.0034112689215045683,0.044346346851144976,0.05683727539460971,-0.016751321052224436,0.09636501231135529,0.1028432658409,0.07489969416612048,-0.08464358438025069,0.10966647676599221,-0.2490815046784403,0.03374032194393417,0.05030924007860249,0.03640301666136862,0.0028217933966993613,0.24853388342458588,0.06034180244275393,0.006235210505714499,-0.008019869887688547,0.012014619919923968,0.06612965270855288,0.06252808850561829,0.06708255502729377,-0.01399162708479505,-0.033659337574809746,-0.02102059168153753,-0.011083041680099192,0.003116865904821568,0.05627516787258997,0.05394545677010587,-0.04479681327028,-0.030699845391313003,-0.03069561799049114,-0.04493244969780283,-0.02920193557385343,-0.004265763890109134,-0.02071349751064945,-0.03705552045444493,-0.063958645017963,-0.011970535946533804,-0.077061955488594,-0.06705993312606576,0.0030112887644412885,-0.046730914605120584,-0.05284270309128469,-0.01004848561787188,-0.029225199308883957,-0.03884892151140547,-0.02330170893243448,-0.0040388171106181085,-0.019065093212326658,-0.031302129199782876,-0.058005287479744025,-0.007366264391581977,-0.07325696751940938,-0.06383136002199495,0.005545609324772675,-0.041679216857207844,-0.047019870033321955,-0.007484878591083265,-0.023513194388363617,-0.043457895490507235,-0.02797308891369136,-0.00394707550209983,-0.020411417368633403,-0.03611154641940961,-0.062276712893469206,-0.01104975207356403,-0.0762102697609316,-0.0663291995294323,0.0034566686182656006,-0.045627577043184445,-0.051805297801617425,-0.008892544617412566,-0.027600937428119716,-0.052895691785492194,0.02617695963590661,0.012654320209555052,0.02622296800055589,0.01176205490055914,-0.06175982901386807,-0.010174319299296453,1.0,-0.014109517591581158,-0.1938495442076035,-0.4862376316968049,-0.021676650682245047,-0.4657297351389177,-0.09785894493697425,-0.007465836414246812,-0.0932418314795718,-0.0011804182424110649,-0.020274368508245755,0.0020991589681776,0.0005920005763655082,0.033417786573932164,0.002536218101138557,0.007976281916818916,0.009423160470112279,0.007395502704085205,-0.025509569266294836,-0.0007606258152170516,0.0009818326265378212,0.008175420233287193,0.010359953373261451,0.00957606856991366,0.04821431400509059
FLAG_DOCUMENT_4,-0.004138584572648188,-0.0026720821701620937,-0.0037091973674381095,0.0005286447134582477,0.0006302630686693284,0.001108963234655212,0.0011131155825619768,0.008102300833588183,-0.002789310834825805,0.00043714169239525175,-0.004221065720692504,0.0005452882098114883,-0.004151534464585229,1.6260268383621998e-05,-0.0004666927486877782,-0.0044995515833669815,0.00038993180049211204,0.003990402469780151,0.0024668127862635014,-0.003095799291840436,-0.005889180457960111,-0.005587328961634674,0.00015621969403876608,-0.0011181338434732868,-0.0020853084285969432,-0.001856297371969281,6.137445123226226e-05,-0.0023649821742132006,-0.0023388124137430203,0.004553445021077732,0.0030360426226942678,0.0031933784156086653,0.0028256890696250125,-0.00038775384882067836,-7.484757614351185e-06,-0.00015489410023698092,0.0035939316565915527,0.0018836824926776348,0.0023233163641075832,0.003188044984461534,0.009838751956010843,-0.0027753872472615977,0.004482470753235754,0.0014230149313400494,0.026380070274741436,0.00029065415711076683,0.0018538521060332948,-0.00015696596643304583,-4.930911100170589e-06,-0.0009428610951216185,0.0036703008772846677,0.0011458175476228248,0.0007067313154926098,0.0005142395603279425,0.008293615120866321,-0.0026860115978608145,0.004488494790093924,0.001748831453663066,0.027314320943391673,0.0005174503950446965,0.0029467914594328284,-0.00044074298301780896,1.55394942077283e-05,0.0001300496830257304,0.0036488142619857267,0.0021051178857539894,0.002093971627612654,0.0037166798741119786,0.009305395073571863,-0.0029226128175338954,0.004649360413913238,0.0014469199547537503,0.02659549882760119,0.00023722449778926233,0.0004571729983288799,-0.001588382518545938,-0.002899863673450327,-0.0015381809303585858,-0.0024942240243253136,0.0007522624406300498,-5.862837530976937e-05,-0.014109517591581158,1.0,-0.001117036284895959,-0.002801889887889081,-0.00012490927149743958,-0.002683715431118117,-0.0005639012087599436,-4.302104606900741e-05,-0.0005650813509053143,-2.2995529449216557e-05,-0.0005363008154476974,-0.0004893385884971488,-0.0003138060540299606,-0.0009029361440738504,-0.00014726238873733242,-0.00081633719371542,-0.00022002995548531595,-0.0002031418900218785,-0.00016505107623014976,-0.0007253360513035622,-0.0006003853245999865,-0.001594716950589866,0.0050047998822182254,0.00031334158772783344,0.00029656574223080816
FLAG_DOCUMENT_5,-0.0010970083098854528,-0.00031577741664638075,-0.016736705892276136,0.0015071437727929785,-0.01175641418051268,-0.006655300280228277,-0.005201144060347368,0.01603236188605863,0.01677449882629175,-0.02004085805774161,-0.001243252591872651,0.0020664162497526636,0.007117721953270499,0.00022339853877721816,0.01977772419024053,0.03684699309924372,0.0053572421102787825,0.07545501489655834,0.0007335146320282137,-0.01517472650761298,-0.014076863771754197,-0.015613559324861869,0.02615831339532759,0.0095174281692951,0.015786628244123982,0.013362756271140605,-0.0001337626913291124,0.012142297570485072,0.014196011034687693,-0.0005577931304348936,0.004249357441080244,-0.005598753587049392,0.005758952111980434,0.0003848924132317893,-0.005136115487073231,-0.000616610607066927,0.002017785002089476,0.009482669162593639,-0.0018081625088770996,0.010938477534559671,0.012006278319469418,-0.008680165331408361,0.008386687614177905,0.005447240754553334,0.0038086867054499653,0.003137041608854224,0.004455746655198885,-0.00010087413756013253,-0.003890274242155885,-0.0009518241690903241,0.00017018101704739007,0.007753569097186315,-0.0024550200177499712,0.010568095935181616,0.01146618510132991,-0.008390562938526663,0.006278925979027611,0.003978979222965009,0.003676472955003965,0.001771222050508295,0.006065039936144149,0.0006314012908161711,-0.005107386589047901,-0.0007248390755324643,0.0021653374293094207,0.009403796551320391,-0.0014939284668310188,0.01119508541506311,0.011858455998450689,-0.008555037630769832,0.008718300189640673,0.005666925125222412,0.004059632580533765,0.0028945707006213174,0.005736750112823748,-0.010223040515699243,-0.004234655267959185,-0.010127806670987545,-0.004850227526824213,-0.013620566010324332,-0.0008054906028971678,-0.1938495442076035,-0.001117036284895959,1.0,-0.03849494315888282,-0.001716118583779858,-0.036871353660988634,-0.007747394025820735,-0.0005910627431222052,-0.007763607905245796,-0.00031593375702672897,-0.007368194409051288,-0.006722984094081143,-0.004311356511550045,-0.012136538350827761,-0.0020232262903649577,-0.010621974479257579,-0.0030229741240973703,-0.002790950330839684,0.0006454957491036857,-0.001019535825604824,-0.0006068650211908703,0.0019043635470389986,0.006738869742048868,-0.004568060627822794,-0.010234412867346733
FLAG_DOCUMENT_6,0.002121288261906606,-0.02860189397306156,-0.1570237517737458,-0.04587766056333438,-0.0467166888945039,-0.07389718402009304,-0.05023245205925579,0.0007278645828224951,-0.40716019308993434,0.597484437373503,-0.13776920164357478,-0.17828212313102643,0.023364742659057563,0.0005603561094571554,-0.5977318081296296,-0.13834519903709516,0.009981489879083484,0.009835813177866094,-0.042659699150995066,-0.15668209000381828,0.02092991302172316,0.019869884581980125,-0.06958227999122232,-0.02406209320867396,-0.06694939509884884,-0.05914840145137213,-0.05821383251267254,-0.15745707749486224,-0.13322850012879778,0.19087364235879853,-0.018706795073195868,0.0749704280943563,-0.008993099857938693,0.002410981036929637,0.006116147647245859,0.0010224743144738421,-0.006397044898017153,-0.004886202064342172,0.004719432714168699,-0.007094088152501544,-0.01008334458067468,-0.012705339426497134,-0.012780146963140638,-0.008951938545531536,-0.002009798861375703,-0.00954302523909437,-0.008589573747177098,0.002780648006278889,0.005667250020760028,0.0014118698704286066,-0.006927969953461863,-0.005389648357313378,0.0046088359951762985,-0.00649421911403961,-0.009284407153204319,-0.012122695373274131,-0.01256450123166534,-0.0082739858581152,-0.0023316424574566156,-0.009178778624777645,-0.009009705311191144,0.002295887317847633,0.005793734289500524,0.000765147457704413,-0.006864368027243261,-0.005402541248199218,0.004560333862295108,-0.007097270235576054,-0.010133084168967941,-0.012527712085706954,-0.013129879021883097,-0.009022001835325241,-0.0022429244870233547,-0.009662356637591851,-0.008780158731156553,0.0031767305243547784,0.007707034833492885,0.003248778144908878,0.006215714764614437,0.034618326555207135,-0.002020432107321798,-0.4862376316968049,-0.002801889887889081,-0.03849494315888282,1.0,-0.004304582914027054,-0.09248533317351826,-0.019432981069601025,-0.0014825773750190628,-0.01873831477338455,-0.00079246449826692,-0.017513704214484564,-0.014318453671006858,-0.009823861130147325,-0.026602550335152072,-0.004372065586501017,-0.02391515036293738,-0.004759265943470916,-0.005981349221204759,-0.0056879368053688525,-0.001566769528920528,0.003606601282213737,0.0028189632334482038,-0.023518418460311538,0.010201111613700568,0.012222932079252107
FLAG_DOCUMENT_7,-0.002694100658974431,-0.0015195031600879073,-0.0014976308406310845,0.003824723174980332,-0.00403972698101071,-0.0022725453072030676,0.00020217255750245043,0.002436132748038862,0.0014694381268017284,-0.002221480333875445,0.0013664248229655865,-3.4074557693838057e-05,0.002299356073843857,2.4980879438727687e-05,0.0016047963642280983,0.001902472110233778,-0.004840522931671713,0.013275846442606045,0.0016784478271297098,-0.0023025070265516004,0.0013397896784914625,0.0009995718351355136,0.002103492927434525,0.002127282553048399,0.0021440529245131674,0.0007146524254950347,-0.0014101020420090806,0.0013399034791397781,0.0014720029555911728,0.0039809219870619835,-0.0005865743021318736,0.00046752021510568654,0.00201617644484232,-0.0021604507491741884,0.0009735861354826359,0.0007862074498764396,0.003423695533033947,0.0017342914157411958,-0.004131293432078932,0.00262116902116925,0.002586321011028817,-0.0025726499185061693,-0.002346923592500872,-0.0011200053307322613,-0.001547524197914769,0.0033127241239790713,-0.0007493103639634998,-0.0022737076260266388,0.0009481913408368207,0.0003792112968313678,0.003754222123943902,0.0015403840183284218,-0.004521998958461169,0.0019739918734336913,0.001953087802108714,-0.002401656427937442,-0.0020270602366324313,-0.0012969381225940192,-0.0016397991350146982,0.0023622912932605516,-0.0005119373830727199,-0.0023119543886179995,0.0009973233998181574,0.0011914433587188042,0.003485088788202924,0.0018314793157690036,-0.0040918928503798175,0.002528941143229923,0.0026033274999884798,-0.002542702710747096,-0.00225040427609584,-0.0010933970284767122,-0.0015325294349821487,0.003362871490983153,0.00035008615889760904,-0.0017279260975585672,-0.0007000869393422538,-0.0017449740944066683,0.0007838176736861769,0.003050377334629858,-9.00715990754872e-05,-0.021676650682245047,-0.00012490927149743958,-0.001716118583779858,-0.004304582914027054,1.0,-0.004123029830985016,-0.0008663293725136631,-6.609383925209835e-05,-0.0008681424415200311,-3.532835590504962e-05,-0.0008239264993722422,-0.000751777768399677,-0.00048210466240461805,-0.0013871935207154296,-0.00022624128277756823,-0.001254150333080976,-0.0003380351208840044,-0.00031208974795584845,-0.0002535702940194209,-0.0010364589231289306,-0.0008579123095825627,-0.0009253594335872303,-0.0030551677303887327,-0.0003517374457863106,0.0035420224840627852
FLAG_DOCUMENT_8,0.001809200712434299,-0.00804038446605664,0.05169663822663316,0.0724506466184512,0.08281930091584822,0.13058378135886772,0.08048230066042222,0.08852337245551418,0.11324322911654469,-0.1215711947203146,0.05704069514788174,0.024065155500853152,-0.05959215467210536,-0.006058864581290352,0.12204264602257162,0.021464215009371578,-0.022399622705141925,0.00477836981865267,0.030473736347090975,0.0566523052681744,-0.08439266228436279,-0.08786138853271108,0.033338068587991425,0.023668846545540398,0.0598989585102324,0.060135604634363835,0.018112750290793463,0.042820315924601456,0.042758645198210155,-0.05005573431247153,0.05068420178662424,-0.016327048640043123,0.05615763021097107,0.03229122597733892,0.003987750295189092,0.02625886081637129,0.05041364119967541,0.07638704585742072,0.01182854148948426,0.08693655216859002,0.07238686050811886,0.0051998047446723365,0.06005993890305043,0.06480242644011139,0.01049099262216994,0.03269466392918295,0.0491224592943934,0.024825497411965314,0.0034799390895981406,0.02445381662673645,0.044202145234295685,0.06989115402502005,0.006117309793829658,0.0826686289548133,0.06888772684676124,0.0020817742021455943,0.054372210645213186,0.05732202144982906,0.008882522639732065,0.026885081358192706,0.054958413663041016,0.03098899402888834,0.0036897188717888913,0.026286308116814937,0.0499463636516191,0.07494231060854267,0.010708200405427169,0.08596395730288693,0.07194779801488992,0.004616954366669322,0.05934427480507032,0.0638514324756931,0.009980851030223002,0.030976535082290483,0.06506845420728598,-0.02333926172809415,-0.018843782597390425,-0.023325860117798473,-0.01780168633486127,-0.010732342546760776,-0.0019352169574484506,-0.4657297351389177,-0.002683715431118117,-0.036871353660988634,-0.09248533317351826,-0.004123029830985016,1.0,-0.01861336214336628,-0.0014200471604410075,-0.01750911622403831,0.0039047507155975467,0.07701881341467114,0.03022772487994185,0.023516827540776816,0.012783418340360135,0.005337527219641316,0.007756347924459848,5.2770079854250665e-05,0.003858706475262242,-0.0015480967520633744,0.0049953675604690155,0.0009319873912596101,0.000640579597864275,0.019247648205706108,-0.003268599096714519,-0.024332787035825202
FLAG_DOCUMENT_9,0.0015047117770160604,-0.004352408580842042,-0.0019972329687601587,0.018389031409166742,0.022602178970474725,0.03369143981132196,0.022573645977084056,0.03843380170913588,0.018212799464760027,-0.023833603951104596,0.009898160962956957,0.015270975915095948,-0.0029113136824216496,0.00011277584061898081,0.023877705529491627,0.008252067629141926,-0.008180136996321707,0.012923104992478208,0.00948990600895046,-0.006127376561488285,-0.03731352619455174,-0.03891384917787068,0.016208544805779743,0.017464220498097954,0.020255159818203607,0.015142965029680924,0.005318353718969707,-0.001373885925384717,-0.004910768328137254,0.014149690766645975,0.016688220415390562,-0.006358289812915095,0.018879885061418182,0.010509888506819637,0.003379600004971483,-0.00073224961308842,0.015372875595477774,0.024861373178912686,0.0034792142821567077,0.032662511049904426,0.027129653364448607,-0.006113192660820771,0.01792283939894449,0.02180542915742839,0.003702928918214121,0.012988703597929587,0.01446230968857111,0.005640640610518261,0.0026420460240284822,-0.0015239511881330453,0.012667353736519317,0.020989664245180915,0.0009025980133150961,0.030659303670929245,0.02542383422623568,-0.008436487884915465,0.015086711892855226,0.016912592858219343,0.0017710906929164325,0.007971824502418104,0.017763554032422656,0.00982320072223958,0.00329489588107047,-0.0008138911059725156,0.014749414107432374,0.023806347094166576,0.0025838768558980175,0.03250324829178016,0.02688721040562392,-0.006346083446599883,0.01708855362510659,0.020840263560813903,0.002977520348024888,0.011799380954804704,0.018340474316869255,-0.007670242245642858,-0.004219634842854055,-0.0078000180585280025,-0.00466751022679774,0.003957113612239316,-0.00040662701002663437,-0.09785894493697425,-0.0005639012087599436,-0.007747394025820735,-0.019432981069601025,-0.0008663293725136631,-0.01861336214336628,1.0,-0.00029837973914217643,-0.00391921725489369,-0.0001594893826497737,0.0006843348861059511,0.0014298498022812245,0.0023289292767699563,0.008480350414093039,0.008570245316595535,0.0018954286781920774,-0.0015260549596089554,-0.0014089249261013004,-0.0011447396465369944,-0.002482382840238628,1.1548303172869053e-05,0.00022276903363032243,0.005266137734366407,-0.0031516656398732973,-0.010376369193844383
FLAG_DOCUMENT_10,-0.0008146608160101893,-0.0014138915975241474,-0.0027555232569196563,0.00029007226410954657,-0.0031001540811628025,-0.0033688351526618737,-0.0021339328502925315,0.0019918278724826675,-0.00016806175708387224,-0.00043909050783663044,0.00029192515599794287,-0.0012140343081886744,-0.002418835026487372,8.60387345231545e-06,0.00046253358020636434,0.0027371541123041277,0.00020632647546540354,0.004598144724210922,0.0017767500868772343,-0.003045175792321214,-0.0004917361213906612,-0.0016549126383785843,-0.0025971082965237174,0.0049894137164817765,0.0020014411684699963,-0.0009822314919957357,0.003688721794191725,0.000626082005609332,0.0013196549417952151,0.0025533631044076777,-0.002061374779366668,-0.0039511597950645455,-0.002633031537841575,-0.0017711931711531577,0.0002097931486861822,-0.0004099095759771876,-0.0028155672851062703,-0.003110422867532791,-0.0006752098516414362,-0.0007049130491694032,-0.0008042058371750593,-0.001732650020430645,-0.0022816250705725957,-0.002413300348187902,-0.0008887292700836058,0.00167918495990722,-0.0024025227717643515,-0.0014839699511950796,0.00025256475386494035,-0.0002811774111886746,-0.002710058060941878,-0.00296369346902563,-0.00041216298259171637,-0.0005524436243476049,-0.0006742224609272384,-0.0015445380818112395,-0.0021033373721388838,-0.002183162319148759,-0.000827280516566024,0.002017983577559989,-0.002598606707381837,-0.0017396547434869241,0.0002057950857109589,-0.00040671666199281755,-0.002804658176842487,-0.0030750427228662456,-0.0006438758135051639,-0.0006877305024784423,-0.0007923224089210361,-0.0017161921667003157,-0.002258395985740762,-0.0023813110243692576,-0.000875884456194819,0.0017618062218595573,-0.0022030072743626015,0.0014343585599470605,-0.0015344185623676562,0.0014811728402437236,-0.0013197805388811532,-4.038462560522164e-05,-3.1022312170118174e-05,-0.007465836414246812,-4.302104606900741e-05,-0.0005910627431222052,-0.0014825773750190628,-6.609383925209835e-05,-0.0014200471604410075,-0.00029837973914217643,1.0,-0.00029900419339054296,-1.2167734297966486e-05,-0.0002837754112407609,-0.00025892606385620134,-0.00016604569574979475,-0.0004777749133101695,-7.792165091031347e-05,-0.00043195239720889293,-0.0001164255009588361,-0.00010748943824197111,-8.733426406193492e-05,-0.0003917137205017162,-0.00032423477202193565,-0.0008612180640132854,0.0009026626680245782,0.0028995751107668325,0.002626828877162657
FLAG_DOCUMENT_11,-0.002012281584833727,-0.004229349652160023,-0.005317703162045484,0.0023147605514693224,0.02898564195854255,-0.003667917865474806,0.03512405174705378,0.02463201779259066,0.044715758644366756,-0.028914880025236202,0.014731175226127125,0.02287503891369041,-0.021159928149188417,0.00011301185983996758,0.029372823045185435,0.1234999120816805,0.0027100978273818517,0.0032306334486870984,-0.003656176818466552,-0.007931657312967296,-0.010347842504742652,-0.013151532771830649,0.014223847033170634,0.10398716691539765,0.05907063010477387,0.007408646806040221,0.055104829063528864,0.03423647971991441,0.002713971782571552,-0.014438939105593773,-0.004368397424489442,-0.010599410146497429,0.01811841833084693,0.01351650877055825,-0.00422648235219139,0.00423446145879902,0.014719801492300405,0.016416534757910786,0.011470887083486606,0.02074191847122546,0.025524999198335837,0.008889308998039355,0.018608303631268006,0.01995871835570833,0.007609552981351011,0.006454011052198504,0.01759977160317526,0.013161339384875322,-0.006182150218314033,0.004301809099358486,0.014240865558343153,0.015599098810822805,0.010706895901571546,0.020291329641700634,0.025603268948560454,0.008711278115698296,0.01898707692950993,0.020719807513932955,0.008014392863607216,0.005565075510159353,0.0179408610914271,0.013031013578084193,-0.004212671783547561,0.004293118695431294,0.013501390803135498,0.01597974581685871,0.011040870375461274,0.021001071224026252,0.02561158503159889,0.0091659589738575,0.018529989767590682,0.02007358816130521,0.007749068593994167,0.006298055993604208,0.01921369501740267,-0.003759000796131128,-0.000997024817504226,-0.003761881730065609,-0.0020681254698012626,0.044568513387650555,-0.0004074780060247083,-0.0932418314795718,-0.0005650813509053143,-0.007763607905245796,-0.01873831477338455,-0.0008681424415200311,-0.01750911622403831,-0.00391921725489369,-0.00029900419339054296,1.0,-0.00015982316477202116,-0.0037273894381930598,-0.003400993311826114,-0.002181009869350935,-0.006275572495585328,-0.001023500723123804,-0.005673693841615543,-0.0015292487136671872,-0.0014118735484115073,-0.0011471353773517515,-0.0029181765519186043,0.003891279614040235,-0.0003355418102766958,-0.002025768238565908,-0.007402147918008635,-0.03288422484060184
FLAG_DOCUMENT_12,-0.0010454148824402664,-0.0007557507043578883,0.00029294347036405537,0.002540367562569666,0.00385674687438133,0.0008471482159087677,0.004066672076878546,-0.0004036383335417877,0.00023609089573889882,-0.0012254523554329248,0.001682105869858612,-0.0021926782658132377,-0.0035004259545891175,4.598926427471931e-06,0.0011953033244861055,-0.0012726177796463674,0.00011028524353208189,-0.001594579304656338,-0.0006253649902870887,0.0009726792215984143,-0.00026284187610287394,-0.0001598981606553022,0.0034645061941185914,-0.00031624418186214164,-0.0005897922344281911,-0.0005250205484056725,-0.0007426585702491013,-0.0013955980618862846,-0.0011930521783794438,0.0017171898134886708,0.0021876117432343793,0.001161019341716805,0.0037756511368595537,0.004685790431411997,0.0002656594636732671,0.0032544212493066603,0.0037928492547012896,0.004466096164772362,0.003316371142213425,0.0011086671006002465,0.00364200950183599,0.00465846723703964,0.007947904593066225,0.005314378932274881,0.002828462471698759,0.010941603361560054,0.004040807507720247,0.004952896277906126,0.0002805854133398299,0.003289626748451428,0.004022539567871793,0.004718013159190462,0.0034483371630209428,0.0012151699894949648,0.003722673409363075,0.004872153791203122,0.008359875759155757,0.005666241850430217,0.0029972258151900566,0.011626796844468806,0.0038063817402596276,0.004724064267716456,0.0002616345582614654,0.003245882575669916,0.0038273816446534937,0.004493680147073855,0.00332428048521808,0.0011149658233429436,0.003634840943463241,0.0046959428430524836,0.008012155784065693,0.005352957231757466,0.002878851794576461,0.011108495317896941,0.006454035248737178,-0.00044924556251465283,-0.0008201745309987217,-0.00043504694192987223,-0.000705446617400049,-0.00450840941815874,-1.6581988544547763e-05,-0.0011804182424110649,-2.2995529449216557e-05,-0.00031593375702672897,-0.00079246449826692,-3.532835590504962e-05,0.0039047507155975467,-0.0001594893826497737,-1.2167734297966486e-05,-0.00015982316477202116,1.0,-0.00015168310448991076,-0.00013840067758985768,-8.87544361521395e-05,-0.00025537935715226444,-4.165053577185242e-05,-0.00023088639115710527,-6.223154201421246e-05,-5.7455054407746406e-05,-4.668174822947114e-05,0.0161420096893818,0.012205543313875042,-0.00046033609200053305,0.0021930890878540028,-0.0009167574721322278,-0.0020536452298440568
FLAG_DOCUMENT_13,0.0008963395460444161,-0.01158322234141947,0.00394468907287984,0.02274691182294012,0.052428873979214766,0.025115163685229213,0.052357508146180586,0.03118560586154741,0.02633252368297579,-0.025778407232510164,0.015469556938677851,0.0030483922104216003,-0.06700872639262548,0.00010725597737300847,0.025877863206623587,0.0017694862159554404,-0.06479967775010163,0.006996968517804482,-0.003435849087292684,0.005272521248633941,-0.03243058842886076,-0.032760226296388646,0.023928534849809342,0.003407177567790084,0.012488659227631985,0.016092804314674383,0.0002576740928853611,-0.0008874922597517762,-0.0009488103769887561,-0.004275035851002626,0.023793810298192188,0.0004457838620756295,0.02099853514709601,0.012704889633204977,0.0012481431716791795,0.009784892587079269,0.013953700765539145,0.023654693750296104,0.0070640408300500935,0.027861830505709492,0.020490443820843314,0.002281854853877852,0.022757217249493995,0.02288249450912042,0.0032350694900812648,0.007357706304698283,0.018087346191730764,0.00897082841632597,0.0015570665631343406,0.009399522252272679,0.011700841321106615,0.021176466455315842,0.004732316954800597,0.02661827237179313,0.019556681283699605,0.0004340821964699775,0.01950007143783967,0.020089834893655057,0.000447954379754166,0.00618629976191336,0.0201744716021964,0.011071969842578518,0.0012224283521661376,0.009978146144373699,0.013408172765571573,0.023098322092282658,0.006986900889818355,0.0276205499217648,0.020491507006664474,0.0019175798373171913,0.021175385767204624,0.02259373392354642,0.0013974452810155953,0.006701413316964056,0.022198641782574254,-0.0029005602888485505,-0.007685824730975212,-0.002986950761563554,-0.007957208535021035,0.022177520404474512,-0.00038672447172066824,-0.020274368508245755,-0.0005363008154476974,-0.007368194409051288,-0.017513704214484564,-0.0008239264993722422,0.07701881341467114,0.0006843348861059511,-0.0002837754112407609,-0.0037273894381930598,-0.00015168310448991076,1.0,-0.003227775051401822,-0.0020699273999371525,-0.005955947124058808,-0.0009713721246387714,-0.0053847231535499515,-0.001451361526704376,0.0425204331413829,0.004908321231257345,-0.0018618857372796603,0.007011715133779081,-0.003935963143642269,0.011011312246638772,-0.004400571448620388,-0.033800668788786965
FLAG_DOCUMENT_14,-0.0010771647938015714,-0.009463821935576941,-0.0054593845058518164,0.020707732225108952,0.048828421582430455,0.03685624113379195,0.04874925976850039,0.032201518401339835,0.03073317819070502,-0.02338347774253109,0.011636061654707718,0.00871022801221173,-0.014647566968639444,9.786389852501609e-05,0.023559013389659933,-0.0027121215575639365,-0.07283937662339042,0.010320871145830763,0.0015022685820936035,-0.010417500591608422,-0.03817893403289728,-0.037711435077446405,0.021617740349721453,0.002128248866770046,0.013183383541610822,0.01378025290574379,-0.004161906552155654,-0.005579907962748241,-0.0048756070719928645,0.009591818277472478,0.02102638815436745,-0.001344475667378008,0.01789564248916623,0.009088845352218964,0.0008277506136819448,0.009079175406943476,0.011981055243007887,0.024126211845161675,0.0032765306879579885,0.029715986716109824,0.022270537336504293,-0.002377485058702797,0.01835963119797211,0.020921753095133992,0.004323510210307373,0.016786213623309523,0.015413409280267321,0.0056942298766298775,0.0002345772403827481,0.008420484929401385,0.01061524882470676,0.02125401451310704,0.00141301603901141,0.02864171599482962,0.021516138338836838,-0.004141012584009141,0.015439011298762184,0.017499150977145488,0.0014346187814109805,0.013609892392218619,0.017023719142810402,0.007949282501623134,0.0008555714043542156,0.00878389880788419,0.011543656549610407,0.02232432854204923,0.0020999978531910926,0.02938358402006852,0.022104465767675354,-0.0025277998907069156,0.016819272895114774,0.01974907004413327,0.0036005198323593186,0.016225466457616973,0.0214777201423052,-0.003717955265593088,-0.004785328099527052,-0.00364205908959115,-0.0038789212976760986,0.02755463052588854,-0.00035286018905475214,0.0020991589681776,-0.0004893385884971488,-0.006722984094081143,-0.014318453671006858,-0.000751777768399677,0.03022772487994185,0.0014298498022812245,-0.00025892606385620134,-0.003400993311826114,-0.00013840067758985768,-0.003227775051401822,1.0,-0.00188867016980241,-0.005434402997163997,-0.0008863120298994589,-0.004913199367795701,-0.0013242702237617825,0.03080493149564097,0.0022909706980995797,0.001168424201275551,0.01311874715333687,-0.0008467035694050133,0.004658181884384239,-0.004401686134194967,-0.033007921747064344
FLAG_DOCUMENT_15,0.0026037466229890597,-0.006535657584094894,0.003608959357679933,0.010792649672358825,0.032251962851956355,0.016124772170481038,0.03293207078949238,0.009446255645613817,0.012952553300900687,-0.014285269564657437,0.008195024694752648,0.0001575055662144264,-0.038800413059317355,6.275876160095106e-05,0.014363962267323584,0.007688692690589151,-0.01366687627402335,0.008000792193050239,-0.0032760294057641052,0.0037196885967600854,-0.009284244149892679,-0.009253418117404436,0.00946495755092542,-0.0020174701561367697,0.0026055473059569414,0.003730319911406397,-0.0024675118963630683,-0.001494804163986098,0.0002938864552322986,0.002902799351833525,0.008417482979516736,0.0008393822589036245,0.010088795216592599,0.005939180397761221,-0.0019168662887622688,0.0008727855150077625,0.009014721267231083,0.014047972550289365,0.007700257221759851,0.011309039936633306,0.009146135347593546,0.005743360862147919,0.014336735718956349,0.012087022295812525,0.005778403807990966,0.009358181320961431,0.009631333790564163,0.005576798990915148,-0.0021435014958672994,-6.901834803154732e-05,0.008605507546212286,0.013456489263978653,0.007147265863545466,0.010438556817183059,0.008957317459418284,0.00587004181965298,0.01381025888034247,0.011278264453370282,0.00627079624613412,0.008739261731894779,0.009746750155141072,0.00577676124891362,-0.0025626180034830637,0.0009413716424108191,0.009054279348943315,0.013605487825392594,0.007587261327078186,0.010505348090148128,0.008737549103856207,0.00584778947915479,0.013951801794626696,0.011785433836040382,0.005980764859590383,0.008685511986317476,0.012329530061754876,-0.0010025765281016536,-0.0031948962785439145,-0.0010000805561732457,-0.004174713605951731,0.012595205355450579,-0.00022628434820890877,0.0005920005763655082,-0.0003138060540299606,-0.004311356511550045,-0.009823861130147325,-0.00048210466240461805,0.023516827540776816,0.0023289292767699563,-0.00016604569574979475,-0.002181009869350935,-8.87544361521395e-05,-0.0020699273999371525,-0.00188867016980241,1.0,-0.0034850073152542477,-0.0005683796195109786,-0.003150766652198234,-0.0008492361386506505,0.028298818386062827,-0.0006370375267706737,-0.0003277165778245579,0.0032791514015235793,0.0014287471545543387,0.0024026702816978135,-0.0015555428444164914,-0.018954745468735577
FLAG_DOCUMENT_16,-0.000723812657707626,-0.011614671588293178,0.010662336370680687,0.007268595468318094,0.061925372673528496,0.007198071263314852,0.058304825325321934,0.006313020655553351,0.024044463477669403,-0.0429048279487101,0.02593457491647199,0.002781774220857095,-0.0041995336096191825,0.00018058018159092826,0.04300815249065536,0.005691637308201731,-0.03062469188188469,0.010354278786793665,-0.0126439760805542,0.009685438421376938,-0.005423559778642265,-0.005430360589846577,0.019066166703709825,-0.006508931711827152,0.000896850809639061,0.004296240483745745,-0.012665961970924124,-0.004094872259358553,0.003061081036231225,-0.00018587126788987323,0.013030106641866773,0.00246965374490404,0.0047385754400863,0.004900043108522482,-0.0009922903248903868,0.002155940296103177,0.007316248897579389,0.003114774141529632,0.0029638631293828553,0.009119526823541457,0.002836340246116291,0.004098707433642997,0.0027717554068855672,0.0048170958029125355,-0.0013082168139289393,9.617001047891401e-05,0.004994509811785655,0.004296963071349196,-0.0011028337022610446,0.000879567593170932,0.0068835728128849765,0.0033385414812416685,0.0031281411760713247,0.009007196940456003,0.0033799637357396183,0.004431149682548924,0.002662329604712141,0.004919022204587452,-0.0007278755717248506,-7.359453244916092e-05,0.004850580985010362,0.004730459757942367,-0.000988737589870496,0.002159584819727683,0.00709073787261407,0.0027107874413892503,0.0030549318696448755,0.008889718628379612,0.0028810168066205873,0.004218374089879492,0.002863600389313061,0.005061064411618779,-0.001302864460671728,-0.0005250140561607877,0.006646781909016449,0.0044522208482446375,-0.004613857826798792,0.004253546268274666,-0.00592730869548359,0.041697704136123316,-0.0006511038082665633,0.033417786573932164,-0.0009029361440738504,-0.012136538350827761,-0.026602550335152072,-0.0013871935207154296,0.012783418340360135,0.008480350414093039,-0.0004777749133101695,-0.006275572495585328,-0.00025537935715226444,-0.005955947124058808,-0.005434402997163997,-0.0034850073152542477,1.0,-0.0016354384991004597,-0.009065921626676769,-0.002443566638036142,0.08222888893875722,0.003544484993425404,-0.0022586859650047158,0.006317925008401092,-0.00975104374383907,0.0020315858258694542,0.0007058140440678271,-0.04875449045486462
FLAG_DOCUMENT_17,0.0014498909259618635,-0.0033775691474138337,0.000772754556443028,0.0022304778271239932,0.011743351419305421,0.0031912933551056324,0.012138724921895588,0.0074141374379311014,0.007876572334315123,-0.00718745502238983,0.00210182000138332,0.004804301814625564,0.0006985945279017489,2.945132839133415e-05,0.007136380824013375,0.0013219479258898353,-0.013136476027201019,0.004409674411987973,-0.0014216360588574085,0.0007614024655400695,-0.004422106201647522,-0.004193332970566941,0.005232545573272848,0.004498148499342326,0.0016666055312215499,-0.0013452955647118897,-0.0010462602247245285,0.0014674612059311293,0.001181327569038425,-0.0021325953761620045,0.002593546953702549,0.0012000155356716282,0.005039175064682917,0.003497194032125665,0.0015323546170410726,0.0011712503648872098,-0.00018604249008875423,0.0033298310438234,0.00810633083531845,0.0014715848593156776,-0.002880884054572608,0.0027828359402620358,-0.0007844865225835157,0.008549535455885333,0.0019895741017512862,0.008186182057033083,0.005717011171768538,0.003939619917398706,0.00152034251090423,0.000893045593080639,0.00013940393183213776,0.0039727558912171,0.00828134441974602,0.001394882980155735,-0.003053969552594656,0.0029989977293576916,-0.0004288275822853218,0.009294989053327601,0.002215917077311114,0.008825463203444578,0.005156895899779842,0.00353279390343602,0.0015125927239951972,0.0011730332069588715,-0.00026637442302438185,0.0034559344451198363,0.008176475425417795,0.0015169275977102137,-0.0028416696645372852,0.0028533910105794555,-0.0007052704142250677,0.008703344029770011,0.0020989584838098773,0.008490530728645501,0.0060892593846333855,-0.0014644048767598443,-0.0012328669598016314,-0.0013609027665843953,-0.000663006312527247,0.006234552055377783,-0.00010619034662706463,0.002536218101138557,-0.00014726238873733242,-0.0020232262903649577,-0.004372065586501017,-0.00022624128277756823,0.005337527219641316,0.008570245316595535,-7.792165091031347e-05,-0.001023500723123804,-4.165053577185242e-05,-0.0009713721246387714,-0.0008863120298994589,-0.0005683796195109786,-0.0016354384991004597,1.0,-0.00147858659065998,-0.00039852813791737456,0.026167123551709227,-0.00029894792245980774,-0.0012823480538367911,-0.0010614431078799095,-0.0028193582468902124,0.00023109772950594137,-0.001384768971710849,-0.009762626650118587
FLAG_DOCUMENT_18,0.0005090634618420533,-0.007952385099462259,0.004030511092761979,0.0031298799343393996,0.03432909908409534,-0.009744583823443023,0.032747978093495375,0.01336705520955064,0.044498216773040576,-0.040395787092210686,0.017040334496323757,0.014084053358673954,-0.011042925188229413,-0.019918568573185746,0.04054829965824091,0.032048955463198026,-0.043067851841821804,0.004054950253766666,-0.0081098389450366,0.0014847042934921248,-0.012532230987596286,-0.013672029687346009,0.021583554055947106,0.008344119498406048,0.007436167788774257,0.004282090462279436,0.013431955855136015,0.013919355680424088,0.006332275995333275,-0.02573894528610534,0.0018735021742395412,-0.016152172193155134,0.004798575787446909,0.0046507787313423464,0.003945468637073034,0.006980952280867651,0.015268882738119783,0.007211969172191227,-0.0005020140438892827,0.012229577984885644,0.01118796988676097,-0.0014432154399614304,0.007125696389329171,0.006662495455904066,0.0005234379336863033,0.003770985013815479,0.00509295279926659,0.00459566427691914,0.003296794302851728,0.007189933941964055,0.013178300635079975,0.006885239472486158,-0.000517771335777776,0.012276918833920025,0.011458372823887142,-0.0005988584112317153,0.0070134710879997345,0.0061882962216148266,0.0010046659362191878,0.0028033718914091225,0.004824731436997911,0.004677194836095669,0.0038661597752257778,0.006948414396277822,0.015617004192739096,0.007036950829131833,-0.0004079422016545705,0.012105048423932313,0.011564548521043548,-0.0015723182884372423,0.007353276171393133,0.006601274277339096,0.0006784815689226638,0.0033145054617991095,0.006601369312721763,0.0033145205191084017,-0.0010192670653495811,0.003258410756212544,-0.0033163848885453214,0.047604436402621464,-0.000588657635588319,0.007976281916818916,-0.00081633719371542,-0.010621974479257579,-0.02391515036293738,-0.001254150333080976,0.007756347924459848,0.0018954286781920774,-0.00043195239720889293,-0.005673693841615543,-0.00023088639115710527,-0.0053847231535499515,-0.004913199367795701,-0.003150766652198234,-0.009065921626676769,-0.00147858659065998,1.0,-0.0022092086412125326,0.08158875880489527,0.006259005142844442,-0.0022308841918436836,0.013281045473900565,-0.0046396913622039565,-0.0015645679323449827,-0.005125306235713684,-0.047431578469024425
FLAG_DOCUMENT_19,0.00016724633114427445,-0.001357518324300817,0.0008641042502740993,0.0024081886121259453,0.021081610105609033,0.004573015594145987,0.02027882331443566,0.002363603400932572,0.00361396381289734,-0.010039719001252653,0.004763679770776728,0.0009025683405781497,-0.004991848301921135,4.4004273802324984e-05,0.010049126796739733,0.011853526437316497,-0.005123254930548893,0.009659923615337648,-0.0025248416589218996,0.002205454097161632,-0.0012051937539475266,-0.0015299663027476807,0.0025067360450461156,-0.0019340911400316885,0.001038254515378363,0.0030783861870059353,-0.005119117425636887,-0.0038544449573333223,-0.002035333155655403,0.005130643380823675,0.003256274139397057,-0.0025895283561735614,-7.057575112639382e-05,-0.002356517333936944,0.0009359513466963253,0.0019157281132221266,0.006676421562136871,0.0011600511267624365,-0.0008849531503144285,0.0009000086833939009,0.0043536525802467885,-0.0003412630232156565,0.0013599352795001312,0.0005818648665128736,-0.0022163299637240493,0.001146712504646869,0.00031223057080659116,-0.0024267318002167476,0.0018631239839663424,0.0009016280642355934,0.007075060656928814,0.0016257015188370862,-0.00038435289505981107,0.0009075807287741185,0.004645555350055295,-0.0003391299506172493,0.0004855868046321893,0.0001347542826383404,-0.0021539839038923567,0.0015586304281575494,-3.8732839711929874e-05,-0.0023379835678051593,0.0019058485903292463,0.0016361581817512629,0.006708630976076397,0.001195338434525726,-0.0007677905744173428,0.0008789864788762901,0.004442870571366988,-0.0004540400525736767,0.0013849568381005496,0.0008905849851815139,-0.0023178533455048287,0.0009194779136744844,0.00019241641679049081,0.0009306338147114923,-0.0033626344531833448,0.0010007930225597885,-0.0030632741376871503,0.006852161044591321,-0.00015866276135856767,0.009423160470112279,-0.00022002995548531595,-0.0030229741240973703,-0.004759265943470916,-0.0003380351208840044,5.2770079854250665e-05,-0.0015260549596089554,-0.0001164255009588361,-0.0015292487136671872,-6.223154201421246e-05,-0.001451361526704376,-0.0013242702237617825,-0.0008492361386506505,-0.002443566638036142,-0.00039852813791737456,-0.0022092086412125326,1.0,0.034980873947232226,-0.00044666868869407226,0.003456061138293711,0.0011260418748699097,-0.0012747336099416817,-0.0027289332719882286,-0.0015752763817744836,-0.00700906084642995
FLAG_DOCUMENT_20,0.001072695174701077,0.00021539355797734155,0.0009879355688808056,0.0002419814691028518,0.031023062059498986,0.011717680884756982,0.03163964425706245,-4.486098298816189e-05,0.009015006411932269,-0.010135444347887722,0.006970927728722202,7.028015896574642e-05,-0.00745797597099363,4.062679250175415e-05,0.010183465822840633,0.0017706700035796856,0.0009742568816264057,0.0006918997046253134,-0.0017783463353865836,0.00018779084761839265,0.0022173896610813144,0.0026091246077161443,0.00327703900175856,-0.002793692615504698,-0.0012630564093705293,-0.00025063539296327176,-0.0011808407203467409,0.0007027530742768266,0.0018773732871067532,-0.005102400278608018,0.0006135318651930642,-0.013836609161023085,-0.0029042974588488948,-4.998562445231164e-05,0.0009388703168618463,-0.005382212361995295,-0.0011064934884620079,-0.004101038320969352,-0.0035194881754491733,-0.002701846583313633,-0.001683637953919212,0.0009468138105508553,-0.0037604531643392783,-0.0029479193183994568,-0.0015765749549634777,-0.0014819776077447814,-0.0028876653069073153,-5.6470953508151294e-05,0.0009683383407950932,-0.005694367284009792,-0.0007972419564332041,-0.004000133707579342,-0.0030516169784665205,-0.0023615589310569934,-0.0005769271222526852,0.0019040927271516373,-0.003991452690532097,-0.0025936831783389507,-0.0015429206246781783,-0.0010167086374578116,-0.0029794669119727465,-0.0002332547518878656,0.0009338069991911728,-0.005205462666491089,-0.0011325943114287192,-0.004439973715993486,-0.003843960109222882,-0.0026615302873355382,-0.0011476995459637192,0.0013605672276675806,-0.0042890328439414175,-0.0033217716113017478,-0.0014924219222479556,-0.0012247983558997951,-0.001476318014444408,0.00042955896198761654,0.0002028437060641551,0.00035100080211110255,0.00015666570698173485,0.009170953027435036,-0.0001464848417906476,0.007395502704085205,-0.0002031418900218785,-0.002790950330839684,-0.005981349221204759,-0.00031208974795584845,0.003858706475262242,-0.0014089249261013004,-0.00010748943824197111,-0.0014118735484115073,-5.7455054407746406e-05,0.0425204331413829,0.03080493149564097,0.028298818386062827,0.08222888893875722,0.026167123551709227,0.08158875880489527,0.034980873947232226,1.0,0.007479886246620722,-0.0018437688443215304,-0.00011960245697960487,-0.0017703938299616921,0.001284672333907119,-0.0010100815926579727,-0.012125525671327327
FLAG_DOCUMENT_21,0.0002824706668544872,0.003708625029306583,-0.0024502680013358735,-0.0005888428475396449,-0.016148280699586046,-0.017598058584695857,-0.01448635288439553,0.003436735222178078,0.02728173224159049,-0.00839586424585139,0.003859282613774583,0.017245689556138404,0.0012364413674471886,3.300892706426934e-05,0.008579324105739314,0.0015413040441323658,-0.015677297601186937,1.9832051206891384e-05,-0.0006470325644407582,-0.005800621653986402,-0.0018865551508573323,-0.0015011689539537818,0.003997863903532014,0.005006014205036569,-0.000995086509218454,-0.0019686902202309692,0.0026137879232108986,0.0034871241825799614,0.004401423086463712,-0.019208135985105818,-0.007236182440322455,-0.013058252218259986,-0.003997758526233861,-0.0038146794161822294,-5.174030957385613e-05,-0.00895710725404877,-0.005054704704677907,-0.0043473018423541175,-0.00046106937511479983,-0.005813615321866365,-0.004220256863699659,-0.004053102396863023,-0.005356787113932464,-0.003910332780451366,-0.0005136803257741816,-0.0001825682773449547,-0.0040400888672179665,-0.0037020533679674836,6.896087896913388e-05,-0.009375328890519164,-0.00504940300292932,-0.004204800640962225,-0.000877925115476457,-0.0058136200758432885,-0.005069313768027487,-0.004111057696917946,-0.00598767255844431,-0.004258612887789812,-0.0007959930236381281,-0.00044374938047895526,-0.00403024196735263,-0.0037972420440431005,-2.8789756782052923e-05,-0.008898938244064408,-0.0050281588979284395,-0.004334223046576875,-0.0005601006621701712,-0.0058308441608394285,-0.004746905039457349,-0.003881310669816882,-0.005347294790700054,-0.0038671171902032743,-0.0005931129419989971,-0.00013297047429140823,-0.0038333049728377588,-0.0006011683766365721,-0.0006522992306516615,-0.0005517064174968252,0.0003925354930509807,0.00982614888006231,-0.00011901770130397895,-0.025509569266294836,-0.00016505107623014976,0.0006454957491036857,-0.0056879368053688525,-0.0002535702940194209,-0.0015480967520633744,-0.0011447396465369944,-8.733426406193492e-05,-0.0011471353773517515,-4.668174822947114e-05,0.004908321231257345,0.0022909706980995797,-0.0006370375267706737,0.003544484993425404,-0.00029894792245980774,0.006259005142844442,-0.00044666868869407226,0.007479886246620722,1.0,-0.0013651894213014815,-0.0011300137258799623,8.142548040303653e-05,-0.0036117680048879637,-0.002004019021836404,-0.005457212993097151
AMT_REQ_CREDIT_BUREAU_HOUR,-0.0026724440148174276,0.0009304246096946755,-0.0004095572204327583,0.0007092101936042427,-0.003905918367056464,0.0038612480256781235,-0.0032365517821405032,-0.002224751508521218,0.005285234199864411,-0.004735340222142172,-0.0028548775203910267,0.004761338336966747,-0.00020219758729572655,,0.004618734718246931,-0.005358196754284852,-0.004599552143114777,-0.0032505915255710794,0.0033902145734131615,0.0006596452965770323,0.006311922569700033,0.0062390777866422765,-0.01600531218308128,-0.002043750758198157,-0.0017486301478451384,-0.0009956811948536929,0.0005491190478455728,0.00048130962704967555,-0.0009238913180439009,-0.003963131461523256,-0.004077495030536218,-0.0011926178029469051,0.0019333872294296423,-0.0006760445951920058,0.0006280838961300767,0.0017619345617029434,0.006829231345435596,0.0011870149515090514,-0.003642949542968929,0.0031006584359716963,0.003623192528666443,-0.0015974074830174174,0.0029349538072873126,0.004188008322361576,-0.0001725092611731253,0.003974143889840159,0.002079670045007539,-3.608807329313427e-06,0.00046052957136940914,0.0013039280186152838,0.00645590763741422,0.0009876012247537578,-0.003228455403031699,0.0034699825807807724,0.0034098959149501417,-0.0013212233831170744,0.003634380254143463,0.003151998429075175,-0.0011393594699918195,0.003237833483097172,0.0020683172565655896,-0.0004592683140368808,0.0006597686650056651,0.0015533165835494615,0.006976920777760467,0.0009281747871453353,-0.0037518994242102042,0.003301203258678803,0.0036779387105183984,-0.0018417538942409697,0.002831664245049989,0.0028951649186740765,-5.8360554963228364e-05,0.0034902862291857047,0.0049944831703819135,0.0004883359058348716,-0.00017739994569046839,0.0004132429264352254,-0.0014607918799891982,-0.0008579809187318815,,-0.0007606258152170516,-0.0007253360513035622,-0.001019535825604824,-0.001566769528920528,-0.0010364589231289306,0.0049953675604690155,-0.002482382840238628,-0.0003917137205017162,-0.0029181765519186043,0.0161420096893818,-0.0018618857372796603,0.001168424201275551,-0.0003277165778245579,-0.0022586859650047158,-0.0012823480538367911,-0.0022308841918436836,0.003456061138293711,-0.0018437688443215304,-0.0013651894213014815,1.0,0.2303742922663628,0.00470560915368616,-1.8312931363158183e-05,-0.002716132825386831,-0.0045970595640507875
AMT_REQ_CREDIT_BUREAU_DAY,-0.002192886822361863,0.0027044013780418243,-0.0003656188171685339,0.0029439935789655224,0.004237703562043917,0.0021853339907652682,0.004676873000402703,0.0013992000061661084,0.0022548404351109505,0.00047239066590550006,-0.0005079009841485124,-0.0009989139276338026,-0.008650453429436671,,-0.0004379050128387551,-0.004433660181874846,-0.0024812225541813423,-0.0008333291801244897,0.003849414671455483,-0.0012149775116725952,-0.002240691551772063,-0.0019528141584705943,0.0022735397495459117,-0.001341611606024577,-0.001775043348882428,-0.0009928223583351762,-0.002152195342693962,-0.001981883706905017,-0.001960160776602593,-0.005087259220058454,0.000552522256332642,-0.007189512129943862,0.004937855754314609,0.0051572645885950355,-0.0018376239290807657,0.002482477085911296,0.005492675057354389,0.00484146465190937,0.0066077069927742,0.002945854656828891,0.004114678024230468,0.006242824336847374,0.006781518328172859,0.010213745210765849,-0.0007144096694987632,0.002923002563241467,0.004367875038760253,0.004808548725265325,-0.002150778067473349,0.001469004602266468,0.005777928897875196,0.004600394423112897,0.005471929718816205,0.0025349737142517366,0.00398194367123038,0.005615657062268768,0.0072236158908281466,0.0066592327059731594,-0.0004437164489680758,0.0010128927029911302,0.004634667096957803,0.005279662233664819,-0.0017849887630592446,0.0029440360484430865,0.005642843415169659,0.004626133848782152,0.006286187676476386,0.002751735059276176,0.004187210920094825,0.00523497544657623,0.0068767957689689725,0.007160222374968931,-0.0006999253524385345,0.001535191469734877,0.010729976560387303,-0.0024443273755030146,-0.001271863364416022,-0.0025424343865279478,-0.0018219560438456452,0.002336505087563516,,0.0009818326265378212,-0.0006003853245999865,-0.0006068650211908703,0.003606601282213737,-0.0008579123095825627,0.0009319873912596101,1.1548303172869053e-05,-0.00032423477202193565,0.003891279614040235,0.012205543313875042,0.007011715133779081,0.01311874715333687,0.0032791514015235793,0.006317925008401092,-0.0010614431078799095,0.013281045473900565,0.0011260418748699097,-0.00011960245697960487,-0.0011300137258799623,0.2303742922663628,1.0,0.21741184749790135,-0.005257937029270973,-0.00441635273392013,-0.0033548454824807597
AMT_REQ_CREDIT_BUREAU_WEEK,0.0020988535656884517,0.000787711748903683,-0.0024360280707744915,0.0023872901872556205,-0.0012748106379534875,0.013880508717052669,-0.0010066986354309866,-0.0021486429724360927,-0.0013356866617305514,0.003072097400063001,-0.0010690908085509766,-0.0012494802022864418,0.0016607114192780728,,-0.0030277190308530704,-0.004403652403779544,-0.008495914039567037,-0.0002008306388326612,0.021580752837293136,-0.0011740334699577328,0.001683108600170326,0.0011017529175242008,-0.0029851127947600835,0.0012272773481318536,-0.0007052877272081278,-0.0014861685341339516,-0.0015172279843296893,-0.0027533468672155262,-0.0033249470960025544,-0.0018008392150819252,0.0015069661365524937,-0.021257943541313783,9.883594227478723e-05,-0.0006499939731631154,0.003529746138196388,-0.004234259850839759,-0.008238303393714742,-0.0003425583403737354,0.001921348073500528,-4.9885307011039944e-05,-0.0005929419428954137,0.009960166023660061,-0.003701890933731588,-0.0012967665916629857,-0.0025252005356511406,-0.006021758482806319,0.0004318630826613402,-0.0007939863149236923,0.0028559922191247317,-0.004390014537944256,-0.007190192277056951,-0.0001389580000298372,0.0020565864659698673,0.0003174434237670332,-3.900063090292093e-05,0.008332340423485216,-0.0030534617544662585,-0.000508183431912486,-0.002604220018824246,-0.005167806075234352,4.0802864928703414e-05,-0.0009140766881500005,0.0028371324235744928,-0.0041697462911556476,-0.008555601077934714,-0.0005187464078136074,0.0016079704135032985,8.227451826228405e-05,-0.0001441235681546036,0.00810078049878914,-0.0038129851825228172,-0.001125022263313578,-0.002725946320354522,-0.006230458338829962,-0.000867963926479271,8.148382821846498e-05,-0.002167170019882657,0.00019706597109502184,-0.002536106504147805,-0.003495402861472885,,0.008175420233287193,-0.001594716950589866,0.0019043635470389986,0.0028189632334482038,-0.0009253594335872303,0.000640579597864275,0.00022276903363032243,-0.0008612180640132854,-0.0003355418102766958,-0.00046033609200053305,-0.003935963143642269,-0.0008467035694050133,0.0014287471545543387,-0.00975104374383907,-0.0028193582468902124,-0.0046396913622039565,-0.0012747336099416817,-0.0017703938299616921,8.142548040303653e-05,0.00470560915368616,0.21741184749790135,1.0,-0.014096181889166216,-0.015114643622938186,0.01891702799152296
AMT_REQ_CREDIT_BUREAU_MON,0.00048545290250606043,-0.012462419228138606,-0.010807738776425326,0.02469984762514934,0.054451451253393256,0.03914807348048992,0.05642235889919714,0.0786065508377742,0.0013716932949324307,-0.034456812096115993,-0.011353203398887101,-0.009659979747543021,-0.021867400286565416,,0.03409187691860383,-0.0018294333299246606,0.0059217149588437,0.03199204816810291,0.025668931634757253,-0.00802146321711281,-0.06971177106880856,-0.06774077336744891,0.037672984940895646,0.0003160453029018485,0.008360203479454844,0.010246037540830819,-0.010880950687942736,-0.01218187352409861,-0.007592137685435919,0.030819851372307434,0.05198101466564436,-0.007856198677601353,0.03542035409679415,0.021661073048658778,-0.0005566111246488697,-0.0025540171179057394,0.02433081437926566,0.04307631005094751,0.012893786356731655,0.046762204311965434,0.03911999839269356,0.01558666343678803,0.03446095883164542,0.035706236397635344,0.0013061117678816263,0.01387682161114978,0.03281366206671557,0.0200008792349464,-0.0004021024637192001,-0.002828705822292384,0.021796862206236414,0.0405624794934656,0.011069069060863333,0.044120691294395296,0.0354033856153297,0.013811789532831619,0.0326666625627696,0.03258356151881856,-0.0007012760644274669,0.01027613629603973,0.03518099050882246,0.02185087807819587,-0.0002084530449587118,-0.002668507320939555,0.024104148477950026,0.04277710533603304,0.013105941370669845,0.04599234386699968,0.038355814264458034,0.015134404314190672,0.034502577716122945,0.03548310573861707,0.0010689806627042391,0.01288877561547338,0.034799731615640796,0.0015627658297407872,0.0003307203418901614,0.001638821915659583,-0.001462268995139371,-0.04124418191880407,,0.010359953373261451,0.0050047998822182254,0.006738869742048868,-0.023518418460311538,-0.0030551677303887327,0.019247648205706108,0.005266137734366407,0.0009026626680245782,-0.002025768238565908,0.0021930890878540028,0.011011312246638772,0.004658181884384239,0.0024026702816978135,0.0020315858258694542,0.00023109772950594137,-0.0015645679323449827,-0.0027289332719882286,0.001284672333907119,-0.0036117680048879637,-1.8312931363158183e-05,-0.005257937029270973,-0.014096181889166216,1.0,-0.00778852487514013,-0.004974592415269155
AMT_REQ_CREDIT_BUREAU_QRT,0.0010250162123471907,-0.0020219274353457245,-0.00783578343242947,0.004859353398273629,0.015925231396336375,0.01012353437236831,0.016432485090105392,-0.0012794972605495007,-0.01179947551209152,0.015344694141719224,-0.0013076545558684258,-0.006199922697604921,-0.017632100457843396,,-0.015271147622120115,-0.02296420178869389,0.006934477435207891,-0.00996918777353784,0.013425782275723393,-0.004739169798752714,0.00543598215044544,0.00477318453454225,-0.0006800783753197738,-0.0018127940213024715,-0.004958858894785342,-0.0056554834304288395,0.000933344915625902,-0.005226980788100483,-0.0067920610585754625,-0.0036314924838798898,-0.002848858584067608,-0.02513073474163193,-0.002786785313642315,-0.0009449226925670965,0.001890989787385835,-0.007246132655309248,-0.009804209051102783,-0.004788319636834424,-0.0001385901770033421,-0.0008406858227418698,-0.004212880503606574,0.00566161892147864,-0.007919470025964416,-0.002431766086750915,0.001955706676823072,-0.0031354421545419947,-0.0023929577040628677,-0.000861396122932803,0.002112598071758655,-0.006996372123386552,-0.008781268435419166,-0.0042515592229755384,0.00019531622236361964,-0.00036073169611109865,-0.0036282037201492414,0.0062065263693568675,-0.007405266404944404,-0.0016412061232330122,0.0023209017950177554,-0.001864675096485602,-0.0027071654316818835,-0.000986023127323127,0.0019660620524405074,-0.007448827618733166,-0.009668712327736933,-0.004499664075009542,7.77588575369182e-06,-0.0007243581367719868,-0.004121515410621159,0.006088629269114746,-0.007673220687402335,-0.0025087173916636535,0.002416201785570284,-0.002847809121993995,-0.0034906761421796963,0.004140453769700954,-0.0013020194217045326,0.003931984411258023,-0.0002906141764552605,-0.001450949936733573,,0.00957606856991366,0.00031334158772783344,-0.004568060627822794,0.010201111613700568,-0.0003517374457863106,-0.003268599096714519,-0.0031516656398732973,0.0028995751107668325,-0.007402147918008635,-0.0009167574721322278,-0.004400571448620388,-0.004401686134194967,-0.0015555428444164914,0.0007058140440678271,-0.001384768971710849,-0.005125306235713684,-0.0015752763817744836,-0.0010100815926579727,-0.002004019021836404,-0.002716132825386831,-0.00441635273392013,-0.015114643622938186,-0.00778852487514013,1.0,0.07620799877518676
AMT_REQ_CREDIT_BUREAU_YEAR,0.004659167472090865,0.019929858569467208,-0.04154972786658498,0.011689707516127712,-0.04844773906169011,-0.011320022060820514,-0.05099841698824402,0.001003324211938229,-0.07198273412528357,0.04998796274724715,-0.02480479507171655,-0.03509898555662204,-0.014384074910554647,,-0.0499494938958287,-0.07587487958544739,0.026700397213491794,-0.03158686078890419,0.05335415158969141,-0.028570922125354968,0.0114941199389046,0.010682812695481412,-0.030943108675162725,-0.017095109846630163,-0.02158673899105437,-0.01742895724638069,-0.004792820417639861,-0.008012899909169126,-0.008415279453395165,0.006561999412855205,-0.02198407173965806,-0.07144896193752244,-0.016495884530392815,-0.012364054002092393,-0.008315386733585608,-0.025873767786115342,-0.01404945276569087,-0.018543613112380855,-0.010362310819682944,-0.019749579633252044,-0.010188844387865437,-0.01176661062283471,-0.013920251996151265,-0.019040643033232517,-0.0012102523453545514,-0.00909599334999566,-0.014625507889079271,-0.011243494284319984,-0.008161547271622164,-0.025018095832984238,-0.013145233941693106,-0.017475600001965123,-0.008192159090925041,-0.01911055295917961,-0.009011111743175256,-0.0099394094919482,-0.013157501925682966,-0.017190081981764943,-0.001145679956306279,-0.007928687214453594,-0.01612690529757711,-0.011905961834932291,-0.008542828623824184,-0.025907792849728672,-0.013818129519139499,-0.0183492605957404,-0.010191120803040877,-0.019864682366703013,-0.010384118346287914,-0.011047581392220562,-0.014214651977562042,-0.019094900511297346,-0.0008552035669086391,-0.00883303501293362,-0.018945273525257864,0.03256650851343549,0.018590235267923697,0.03295671290944713,0.017189725350973156,-0.11272474244855299,,0.04821431400509059,0.00029656574223080816,-0.010234412867346733,0.012222932079252107,0.0035420224840627852,-0.024332787035825202,-0.010376369193844383,0.002626828877162657,-0.03288422484060184,-0.0020536452298440568,-0.033800668788786965,-0.033007921747064344,-0.018954745468735577,-0.04875449045486462,-0.009762626650118587,-0.047431578469024425,-0.00700906084642995,-0.012125525671327327,-0.005457212993097151,-0.0045970595640507875,-0.0033548454824807597,0.01891702799152296,-0.004974592415269155,0.07620799877518676,1.0
