SK_ID_CURR,TARGET
100001,0.5057444
100005,0.6637586
100013,0.15847458
100028,0.29439288
100038,0.70155686
100042,0.4157488
100057,0.0986966
100065,0.34610793
100066,0.09482357
100067,0.7165691
100074,0.43427995
100090,0.18636937
100091,0.7501632
100092,0.4074549
100106,0.5128472
100107,0.8055592
100109,0.35257077
100117,0.121067815
100128,0.44867417
100141,0.3273086
100150,0.15939997
100168,0.08714057
100169,0.5236615
100170,0.69228303
100171,0.29652113
100172,0.49911538
100184,0.6860437
100187,0.4236122
100212,0.16155949
100222,0.6193286
100223,0.13533877
100232,0.1439922
100241,0.7345934
100245,0.2009008
100253,0.23441368
100256,0.45972836
100271,0.11044056
100278,0.82208216
100280,0.114008814
100306,0.7529634
100311,0.5922982
100312,0.26525363
100330,0.68889487
100331,0.33092618
100352,0.7270274
100358,0.514231
100367,0.10128181
100382,0.84875834
100384,0.6103391
100385,0.6464059
100386,0.31053308
100399,0.100939386
100404,0.55635387
100416,0.14059891
100422,0.26160017
100426,0.33994865
100438,0.119578816
100444,0.7373283
100445,0.6992728
100446,0.46145272
100447,0.1346547
100450,0.47475085
100466,0.20597535
100483,0.12547787
100484,0.2250307
100494,0.3721942
100510,0.68388665
100512,0.18211249
100517,0.16548327
100548,0.33006108
100551,0.44625488
100552,0.67119884
100553,0.22293971
100561,0.7613973
100568,0.89061177
100569,0.29990247
100591,0.45061183
100592,0.38252956
100602,0.37091914
100607,0.4644175
100613,0.59784317
100617,0.7329879
100618,0.49841335
100622,0.21026437
100625,0.62844175
100677,0.81138974
100699,0.40607044
100702,0.90821356
100711,0.38171312
100729,0.6191214
100740,0.79548204
100744,0.6417994
100745,0.2494172
100747,0.7515498
100751,0.8625329
100752,0.12260944
100753,0.8895162
100754,0.7556846
100760,0.5051578
100762,0.6097804
100763,0.3492549
100765,0.10601363
100770,0.62084
100772,0.22871251
100777,0.25285572
100791,0.10139746
100792,0.087900765
100797,0.3527018
100823,0.18292058
100826,0.30546802
100830,0.44866198
100836,0.7702328
100872,0.38373443
100910,0.43869233
100913,0.64788246
100918,0.23696932
100931,0.089250766
100952,0.23418124
100953,0.21386783
100965,0.8191408
100970,0.31323892
100982,0.75030607
100983,0.76075095
100984,0.2763005
100987,0.48848617
100997,0.5334962
100998,0.72447276
101002,0.29210103
101005,0.7980834
101008,0.82141244
101020,0.41536644
101021,0.2652935
101024,0.3159413
101025,0.85859805
101026,0.1472152
101031,0.124104686
101041,0.10601929
101051,0.1381597
101055,0.5344139
101056,0.9052202
101057,0.25356826
101064,0.23003623
101079,0.57949835
101087,0.27527457
101090,0.35937434
101092,0.41839856
101097,0.7445652
101099,0.18823974
101107,0.6773663
101118,0.42467016
101125,0.6348462
101126,0.10947675
101128,0.14800103
101136,0.6685438
101140,0.7602058
101149,0.5926157
101160,0.70862085
101169,0.79409325
101181,0.16329642
101186,0.105543524
101190,0.4217002
101193,0.7247336
101194,0.61040956
101198,0.68697715
101200,0.191225
101204,0.24694596
101211,0.40477902
101213,0.45951912
101223,0.37258393
101225,0.63496214
101237,0.34622273
101243,0.6088952
101244,0.5361317
101258,0.31684077
101259,0.6467367
101268,0.68239546
101269,0.2537126
101271,0.36957234
101279,0.29465294
101281,0.55619556
101287,0.22090736
101292,0.3271422
101294,0.1268971
101296,0.59728396
101297,0.16549328
101299,0.2434894
101301,0.13100085
101305,0.39323512
101308,0.6342315
101318,0.10930061
101327,0.7693349
101329,0.11496345
101332,0.42545208
101337,0.20871261
101343,0.12822577
101345,0.13778695
101346,0.1069503
101353,0.12999465
101354,0.7340482
101355,0.70702225
101356,0.18904261
101362,0.51182485
101363,0.8534483
101365,0.100269936
101366,0.52919424
101367,0.84220725
101368,0.09990156
101374,0.76926345
101380,0.10118718
101383,0.32302353
101398,0.23277967
101399,0.8338668
101401,0.73846155
101412,0.47376767
101426,0.37922004
101427,0.9093378
101428,0.7791245
101429,0.704065
101434,0.35444975
101440,0.70622987
101448,0.41720834
101449,0.3015161
101465,0.52318263
101467,0.094907306
101472,0.5309283
101478,0.78800344
101497,0.48850718
101504,0.5281276
101547,0.10669114
101548,0.46724072
101555,0.7223793
101570,0.13478841
101572,0.30030888
101578,0.18419662
101580,0.7006952
101588,0.78049225
101602,0.19198963
101610,0.67645544
101614,0.3643452
101616,0.16236064
101643,0.5647664
101644,0.3592843
101649,0.3485493
101650,0.4554327
101665,0.12792863
101667,0.5217865
101669,0.43085054
101674,0.62413865
101675,0.13068059
101678,0.35094532
101682,0.36797023
101686,0.40633705
101697,0.7716043
101700,0.87895447
101711,0.18218772
101714,0.16031402
101715,0.89215434
101728,0.16014075
101732,0.42556915
101757,0.7313679
101758,0.48690596
101759,0.5593501
101762,0.10078533
101764,0.45569775
101780,0.86419964
101784,0.09511757
101789,0.12281442
101816,0.46591076
101819,0.24503899
101827,0.098824956
101863,0.37123162
101867,0.2833992
101870,0.09792524
101873,0.8872492
101878,0.47999316
101879,0.37826562
101880,0.27354133
101887,0.45108202
101897,0.17978543
101901,0.51830196
101903,0.76429176
101920,0.12488577
101921,0.20459552
101922,0.37894627
101961,0.4498215
101962,0.2930925
101971,0.36673257
101976,0.8766209
102002,0.610565
102005,0.13701339
102007,0.83594435
102017,0.18284489
102019,0.7679396
102029,0.12596567
102051,0.6639736
102052,0.1312644
102054,0.18723637
102062,0.60071856
102067,0.7360073
102068,0.6380762
102070,0.4398415
102090,0.43741384
102092,0.44706815
102099,0.48178095
102100,0.23576836
102112,0.6066028
102113,0.22281545
102122,0.7752454
102123,0.45303714
102125,0.32981753
102126,0.79805756
102146,0.14749995
102147,0.60491616
102151,0.43131295
102158,0.64997846
102159,0.27588663
102162,0.6178504
102165,0.2703716
102166,0.24484245
102174,0.11999083
102193,0.8817982
102198,0.24918804
102205,0.71597975
102206,0.08788432
102218,0.3132414
102221,0.21487975
102230,0.44109198
102238,0.42912734
102248,0.435311
102252,0.6413154
102259,0.36116493
102262,0.602082
102273,0.32737985
102286,0.59935033
102293,0.100758955
102294,0.25505462
102296,0.36842823
102298,0.6394861
102303,0.18033743
102309,0.2702118
102315,0.36436138
102340,0.17295474
102342,0.4252303
102344,0.406988
102346,0.4349189
102347,0.14465463
102374,0.3197371
102380,0.138457
102387,0.11547243
102393,0.26644203
102403,0.12717928
102413,0.32360864
102414,0.14421813
102415,0.18433864
102416,0.61761254
102439,0.25653377
102441,0.19022812
102443,0.106459886
102444,0.5881656
102445,0.62108403
102448,0.2777887
102449,0.3851724
102450,0.6762464
102456,0.09362972
102458,0.8442167
102459,0.3926545
102465,0.18520647
102470,0.6602557
102471,0.28958344
102475,0.46878973
102476,0.7745277
102506,0.2613727
102509,0.32919085
102519,0.17146645
102522,0.56413484
102545,0.17140163
102549,0.31138504
102562,0.10576676
102563,0.12093044
102568,0.58104753
102582,0.35088137
102592,0.1025416
102597,0.7013952
102605,0.39439687
102614,0.14838105
102617,0.7624417
102634,0.4153796
102652,0.17502075
102655,0.093904905
102671,0.370904
102694,0.8542596
102701,0.245967
102703,0.095943175
102704,0.1458418
102713,0.09729916
102720,0.83033
102731,0.097167715
102733,0.4315875
102749,0.1388922
102755,0.49532065
102763,0.22688386
102770,0.4174061
102772,0.5404345
102799,0.74054193
102838,0.14886585
102854,0.24147522
102862,0.74801826
102863,0.16141558
102867,0.08682512
102868,0.099839926
102878,0.3749754
102887,0.4443259
102898,0.78532517
102904,0.50517017
102912,0.5001127
102919,0.28204992
102927,0.50020343
102932,0.3353483
102933,0.66718537
102935,0.16052096
102958,0.52890414
102969,0.7751516
102971,0.2035035
102975,0.33030623
102979,0.22830051
102982,0.09558385
102987,0.72305924
102989,0.38595274
102995,0.51132584
102996,0.11990196
103000,0.46169567
103001,0.48274758
103004,0.3332329
103010,0.12496991
103025,0.76980007
103029,0.24413121
103046,0.60884094
103056,0.438718
103062,0.41284004
103078,0.15593119
103083,0.12656462
103092,0.3899161
103096,0.41790438
103097,0.5296169
103102,0.7012674
103112,0.28605464
103132,0.48386574
103144,0.5955221
103145,0.5095421
103146,0.11633583
103147,0.6305664
103158,0.4167449
103171,0.4146244
103173,0.17888331
103184,0.20255132
103195,0.7825431
103196,0.25194836
103206,0.10387622
103230,0.71297765
103231,0.8575903
103232,0.1956991
103239,0.3935416
103240,0.7576198
103243,0.11548236
103252,0.4923033
103258,0.33845323
103259,0.6664372
103279,0.16006583
103280,0.12767678
103286,0.17363544
103287,0.9162289
103290,0.18056756
103298,0.122610815
103315,0.11470277
103319,0.2874386
103334,0.7209423
103336,0.3802623
103345,0.39144403
103368,0.17737448
103371,0.86909264
103377,0.12701763
103398,0.18149269
103404,0.52880627
103408,0.7926417
103410,0.3720025
103418,0.32276583
103420,0.5774889
103432,0.48886102
103433,0.14236474
103436,0.12796214
103440,0.13745734
103453,0.28194895
103459,0.45705208
103460,0.23880488
103461,0.09454016
103462,0.24394485
103473,0.68450016
103474,0.13118424
103475,0.80428994
103478,0.677088
103480,0.8108159
103484,0.2437707
103494,0.7970477
103513,0.5322394
103515,0.4640093
103516,0.7364875
103525,0.48026603
103541,0.79975694
103544,0.09245944
103562,0.8653977
103570,0.8556845
103572,0.54836005
103574,0.11180048
103575,0.5132058
103591,0.72454536
103594,0.14656565
103609,0.28088343
103613,0.63922817
103614,0.2835313
103615,0.3593937
103624,0.18753962
103625,0.8221219
103628,0.7691005
103629,0.13707413
103647,0.5008439
103648,0.18109725
103651,0.44803214
103658,0.22710405
103668,0.34191823
103669,0.32130057
103676,0.28076193
103682,0.4853351
103683,0.28998125
103689,0.16993406
103725,0.43740404
103733,0.6725113
103744,0.29560074
103762,0.51782084
103771,0.8485548
103773,0.09728547
103783,0.33159682
103784,0.5677782
103808,0.13866429
103812,0.40878794
103813,0.72972643
103814,0.52530897
103818,0.78910667
103824,0.15650932
103828,0.14504121
103830,0.8447307
103840,0.12678514
103842,0.51837164
103847,0.78208804
103848,0.5670669
103851,0.15090996
103854,0.6019808
103857,0.83366907
103861,0.09406192
103862,0.64998686
103865,0.41006806
103870,0.10324228
103876,0.12256807
103891,0.8839384
103908,0.35800382
103914,0.49038133
103918,0.6635966
103940,0.19091107
103963,0.5909701
103966,0.5735923
103971,0.76052576
103980,0.56148136
103984,0.41958705
103985,0.17153488
103998,0.75469756
104019,0.09397597
104026,0.22244564
104035,0.48567867
104044,0.5850401
104045,0.4787369
104047,0.77947646
104051,0.32981655
104058,0.38939485
104063,0.11772406
104066,0.8172681
104087,0.20471148
104089,0.29076067
104095,0.18162145
104098,0.5771824
104104,0.23759013
104110,0.88277227
104120,0.4873949
104122,0.11734748
104131,0.13458464
104132,0.4084872
104135,0.1684665
104136,0.255844
104149,0.5564864
104150,0.5371186
104156,0.883727
104165,0.51233417
104175,0.18076487
104179,0.63202274
104184,0.75981015
104206,0.31695533
104216,0.90438086
104230,0.69950044
104257,0.11960827
104272,0.33401415
104273,0.21028861
104278,0.22050455
104294,0.55095476
104295,0.22001687
104297,0.34177306
104298,0.49598077
104308,0.27487138
104318,0.21477735
104319,0.6605588
104320,0.4501643
104327,0.53136206
104334,0.5546289
104344,0.19054304
104350,0.18139257
104351,0.60840863
104354,0.2240864
104369,0.59263605
104376,0.5713394
104381,0.14290549
104384,0.36074546
104391,0.14545146
104394,0.3301623
104398,0.7434101
104402,0.10232851
104408,0.41299605
104409,0.22859316
104410,0.9125093
104412,0.32049242
104417,0.593965
104424,0.4399947
104426,0.27675334
104435,0.46473584
104445,0.30946863
104458,0.20323923
104460,0.4098252
104466,0.21920924
104472,0.69372433
104473,0.6130886
104479,0.109372176
104480,0.12797147
104482,0.53613526
104499,0.2685532
104501,0.12087245
104502,0.12260598
104506,0.59224683
104510,0.08671511
104512,0.5000179
104520,0.75286466
104528,0.3731966
104529,0.14316829
104541,0.63629806
104578,0.21662802
104584,0.66206735
104588,0.6146032
104602,0.49331996
104610,0.19288927
104611,0.7227225
104618,0.6696189
104620,0.20566863
104622,0.16461489
104624,0.24625722
104625,0.7546463
104634,0.4794161
104639,0.51371163
104646,0.15914284
104647,0.35675588
104652,0.29177076
104670,0.465336
104677,0.14524484
104685,0.7218515
104691,0.21491802
104696,0.7081434
104699,0.14736444
104712,0.6381233
104714,0.20265248
104717,0.43159384
104718,0.13602802
104740,0.2837357
104741,0.3114334
104743,0.09062919
104744,0.39467964
104747,0.41307223
104767,0.41137818
104772,0.81306034
104776,0.6566849
104779,0.2964544
104814,0.1506046
104815,0.15104294
104830,0.45754775
104831,0.65199137
104833,0.39373899
104839,0.3716654
104840,0.2630212
104860,0.6397868
104861,0.275504
104866,0.5066015
104870,0.101729274
104877,0.36128286
104878,0.122616
104879,0.11753338
104880,0.3368769
104899,0.12742291
104906,0.40118197
104907,0.57909447
104913,0.46121663
104916,0.4527546
104921,0.557986
104930,0.40774992
104931,0.8377287
104936,0.26008582
104937,0.15400636
104942,0.1273105
104943,0.28597283
104969,0.38632348
104972,0.87203157
104988,0.36605492
105013,0.16916658
105015,0.12608162
105019,0.41990787
105027,0.5066449
105030,0.5755629
105035,0.8618667
105041,0.16173495
105051,0.73616827
105056,0.5118098
105067,0.909492
105071,0.5728064
105072,0.25070196
105074,0.589248
105091,0.44434133
105101,0.285976
105103,0.33000022
105134,0.28112066
105139,0.0976279
105142,0.72328407
105146,0.37858108
105163,0.46648553
105168,0.6780828
105172,0.101724654
105176,0.871531
105195,0.42859715
105196,0.83186704
105197,0.1506721
105203,0.42399994
105223,0.69516426
105227,0.7033
105228,0.090903655
105230,0.73845744
105231,0.74303967
105239,0.33692858
105242,0.69730526
105244,0.39660385
105245,0.33674636
105248,0.42207012
105249,0.11164559
105266,0.77057797
105271,0.79115367
105276,0.45624647
105282,0.18310933
105292,0.53840053
105297,0.10954782
105332,0.4206189
105333,0.14929327
105343,0.43363875
105344,0.19403672
105345,0.7197239
105357,0.3602871
105359,0.6155023
105366,0.44782138
105367,0.47443712
105370,0.102999866
105377,0.38620466
105390,0.13166209
105399,0.09615432
105403,0.64840794
105404,0.39589754
105414,0.21121489
105417,0.60573643
105425,0.71892524
105452,0.7559958
105454,0.4046343
105456,0.41680112
105470,0.17989665
105471,0.34857395
105483,0.5594816
105493,0.68006927
105508,0.5691743
105514,0.6023164
105515,0.21899073
105528,0.8413105
105529,0.09878832
105531,0.30751437
105532,0.38096195
105558,0.17850055
105574,0.10400769
105578,0.101938985
105584,0.90777254
105595,0.43019068
105617,0.6359506
105618,0.4059643
105621,0.21386327
105625,0.3100569
105629,0.3036652
105630,0.14705327
105634,0.13275087
105635,0.10473234
105641,0.6767202
105647,0.67989373
105648,0.49408647
105655,0.24373752
105657,0.23085526
105672,0.40135387
105678,0.74935454
105682,0.5984066
105691,0.34973237
105692,0.1959341
105706,0.14977235
105712,0.30182612
105720,0.4179426
105734,0.10233613
105735,0.22380765
105736,0.8227217
105737,0.16921434
105738,0.6350137
105740,0.8442116
105744,0.36377195
105747,0.3680023
105749,0.77613604
105754,0.47978115
105758,0.29046604
105760,0.42298296
105767,0.73790264
105784,0.64085
105791,0.22877425
105802,0.6341552
105807,0.6945645
105809,0.38470864
105816,0.44049856
105817,0.21523546
105824,0.6573679
105832,0.5067199
105856,0.13820831
105865,0.22985922
105899,0.7695503
105906,0.30542746
105916,0.34459126
105923,0.29117152
105937,0.70319647
105965,0.39887327
105966,0.40178698
105968,0.29961368
105973,0.25878197
105976,0.546305
105978,0.6254975
105979,0.3718625
105991,0.47811386
105998,0.5710063
105999,0.14085984
106000,0.6545604
106001,0.2674038
106010,0.8123261
106011,0.24494646
106013,0.6025074
106015,0.20527096
106026,0.15430385
106032,0.3433241
106035,0.82078946
106040,0.48202744
106041,0.82993007
106044,0.121451326
106053,0.74540544
106054,0.08862096
106065,0.8089954
106081,0.21333481
106083,0.50995606
106087,0.119004406
106090,0.55991936
106101,0.14594617
106102,0.46538776
106109,0.35239702
106116,0.53960377
106150,0.09112591
106155,0.70061415
106166,0.13293985
106176,0.71285874
106189,0.17327116
106199,0.5134561
106205,0.599501
106206,0.7276904
106211,0.15827253
106214,0.3529903
106216,0.3325869
106217,0.3877962
106225,0.33341122
106249,0.15539406
106256,0.53510153
106258,0.36280057
106261,0.37013927
106262,0.44137347
106264,0.10432856
106271,0.169924
106276,0.10969011
106277,0.48188534
106286,0.50239915
106293,0.11846323
106295,0.4806649
106296,0.11328058
106297,0.7597619
106298,0.17841865
106311,0.3264322
106314,0.50475615
106320,0.3886382
106334,0.4734212
106346,0.45940536
106347,0.1358865
106349,0.4337178
106354,0.5184148
106360,0.12623446
106373,0.61338335
106377,0.44379845
106386,0.6688715
106387,0.3388081
106391,0.10222974
106401,0.8482376
106411,0.57035106
106413,0.8819241
106426,0.664612
106427,0.52957606
106428,0.52496237
106434,0.48533377
106438,0.2484643
106440,0.31142464
106441,0.34445688
106452,0.7117833
106453,0.75537205
106454,0.30392107
106457,0.5608562
106484,0.23837115
106488,0.5490786
106491,0.7798107
106514,0.52350026
106527,0.37395412
106528,0.36129886
106529,0.086967684
106534,0.72008544
106550,0.7638376
106577,0.17502852
106585,0.51004773
106590,0.1062514
106607,0.35776776
106610,0.4575423
106611,0.39830405
106612,0.5083954
106624,0.33709893
106631,0.0889558
106647,0.80350864
106660,0.6742683
106674,0.17586708
106687,0.31220496
106712,0.40645528
106713,0.4169246
106717,0.50380135
106720,0.49394345
106721,0.5022455
106724,0.34045887
106735,0.6152274
106739,0.1788851
106740,0.6266859
106754,0.6540753
106760,0.8178365
106761,0.5193865
106784,0.6524057
106787,0.5490701
106797,0.1130943
106798,0.331116
106802,0.6704643
106803,0.45945966
106804,0.8969264
106805,0.40972525
106810,0.6549531
106812,0.81965065
106813,0.5166265
106817,0.5184361
106822,0.39423648
106823,0.20818524
106827,0.14581114
106841,0.51860267
106851,0.49039724
106852,0.14948542
106853,0.64541256
106854,0.8992705
106861,0.32770514
106873,0.26765144
106877,0.12625086
106878,0.086296834
106881,0.70520276
106900,0.11736353
106906,0.3582362
106907,0.7004917
106914,0.53445894
106916,0.6928837
106924,0.103810094
106931,0.22920045
106936,0.73693174
106937,0.5997662
106938,0.117429145
106939,0.42049155
106943,0.58976436
106944,0.728766
106967,0.39701524
106980,0.26145232
106986,0.39848348
106987,0.16510202
106990,0.14535207
107013,0.14868644
107023,0.37348825
107033,0.31646448
107037,0.52292645
107048,0.13046898
107071,0.14849618
107081,0.08564158
107113,0.49976587
107130,0.32544592
107131,0.30578583
107145,0.599711
107156,0.6637438
107219,0.5107123
107222,0.6894396
107223,0.8572548
107232,0.8207616
107245,0.4913411
107246,0.26921183
107247,0.6269345
107256,0.09929807
107259,0.13453145
107260,0.16437775
107279,0.75068355
107280,0.4486361
107281,0.18531865
107285,0.3976746
107329,0.15195723
107337,0.67940074
107349,0.6669638
107350,0.25310794
107351,0.24798024
107359,0.7849353
107391,0.6071135
107394,0.47536477
107395,0.29739803
107406,0.43071088
107416,0.4917529
107417,0.13779251
107418,0.48920903
107419,0.4276011
107444,0.12677997
107445,0.24468048
107446,0.82938796
107460,0.5971583
107470,0.50818
107475,0.3661136
107520,0.17194127
107526,0.6476882
107527,0.25984627
107530,0.10857771
107532,0.5908309
107534,0.64736444
107535,0.5023103
107554,0.8423701
107556,0.09398811
107559,0.65108603
107561,0.21988478
107564,0.3753219
107566,0.16714954
107571,0.49715585
107590,0.84211373
107602,0.6298495
107625,0.54424787
107626,0.8886498
107635,0.09512519
107636,0.6040086
107645,0.45728695
107652,0.8374584
107655,0.25783297
107668,0.21252209
107670,0.25849426
107677,0.10295842
107680,0.68053627
107683,0.7743312
107684,0.2557905
107691,0.34485424
107692,0.39789632
107703,0.27631423
107709,0.33285826
107710,0.7778047
107721,0.75419015
107725,0.7254341
107727,0.4988932
107739,0.1709789
107740,0.5848082
107741,0.3385649
107747,0.26576492
107765,0.89605623
107768,0.16677643
107775,0.7164072
107782,0.8988669
107790,0.29834077
107801,0.1807768
107807,0.13095365
107811,0.51311046
107817,0.42594653
107826,0.326168
107838,0.74959797
107839,0.17989552
107843,0.46431005
107847,0.5511553
107849,0.5360546
107850,0.6281395
107867,0.49498507
107871,0.52926886
107908,0.33050913
107913,0.27731848
107927,0.22750732
107931,0.3127342
107955,0.15465593
107962,0.48445815
107977,0.44732448
107978,0.39474264
107993,0.11977486
108010,0.62327826
108016,0.20796336
108018,0.9045521
108027,0.8283715
108045,0.76638263
108069,0.70754766
108082,0.19853982
108089,0.5800314
108092,0.15602532
108106,0.10185082
108112,0.57756984
108120,0.6808482
108122,0.8179956
108135,0.21655762
108170,0.09034966
108171,0.534794
108177,0.10846759
108180,0.6691363
108183,0.4445192
108184,0.22400536
108185,0.36988848
108192,0.41484898
108195,0.8242762
108196,0.5700061
108218,0.23099563
108219,0.6962319
108243,0.60863066
108249,0.1166707
108251,0.27779952
108274,0.26007178
108280,0.8731553
108289,0.44735587
108292,0.19789217
108295,0.40715066
108327,0.24990337
108332,0.42345285
108346,0.2100855
108349,0.72905636
108353,0.48735446
108362,0.32749248
108363,0.42455262
108377,0.8500357
108378,0.5497988
108381,0.11396769
108383,0.8028279
108390,0.52203614
108407,0.2029451
108408,0.43650523
108411,0.4339864
108412,0.4016854
108419,0.22309582
108436,0.81704575
108437,0.777882
108438,0.67380804
108441,0.23274972
108448,0.18006615
108449,0.4642284
108466,0.23368794
108467,0.6718447
108473,0.34842744
108474,0.49543023
108476,0.19418725
108479,0.13169372
108486,0.14584422
108493,0.13232443
108501,0.16367875
108506,0.8817934
108510,0.29473948
108511,0.39500943
108514,0.38925532
108517,0.09631521
108519,0.49969906
108522,0.13308242
108548,0.5912898
108554,0.47042292
108555,0.70439315
108559,0.51260227
108562,0.15523958
108571,0.6146739
108572,0.1716356
108579,0.27412578
108583,0.14733979
108584,0.10113202
108592,0.4633628
108602,0.21751927
108609,0.12666973
108613,0.66956395
108616,0.28453335
108618,0.63025695
108620,0.18440364
108643,0.10364641
108649,0.2121289
108654,0.65000767
108655,0.14478041
108656,0.46134335
108667,0.7240883
108668,0.6435874
108682,0.4549605
108690,0.5353467
108691,0.5603936
108692,0.7669416
108695,0.49241105
108699,0.22063163
108710,0.77868766
108718,0.83352846
108739,0.6369242
108740,0.1028845
108741,0.09029625
108742,0.666949
108763,0.09943248
108767,0.651144
108769,0.68823165
108779,0.77602196
108788,0.23992206
108801,0.43514514
108802,0.20863476
108810,0.51204973
108811,0.11642142
108813,0.16563594
108814,0.7450665
108825,0.29061344
108826,0.6255646
108830,0.28759173
108834,0.29599437
108852,0.22756395
108887,0.73806983
108901,0.598925
108908,0.10126242
108910,0.6072902
108920,0.3661541
108922,0.3569375
108929,0.7986825
108930,0.2707784
108937,0.55754983
108938,0.1405406
108943,0.500923
108948,0.235113
108953,0.46569145
108956,0.6724046
108965,0.23803481
108985,0.5175633
108986,0.67373544
108987,0.19353195
108990,0.13783592
108991,0.2736304
108993,0.8203309
109000,0.62229437
109001,0.5244575
109012,0.8129964
109014,0.4436509
109015,0.5110621
109021,0.28955305
109037,0.5930984
109042,0.53846383
109044,0.46607053
109046,0.9057123
109064,0.08941599
109084,0.5088803
109086,0.2508217
109092,0.09806171
109093,0.33706775
109100,0.7161191
109101,0.09166576
109110,0.3650662
109114,0.59382445
109126,0.4073859
109152,0.11836194
109162,0.28236225
109167,0.3657754
109168,0.4136288
109169,0.10528669
109179,0.42711645
109184,0.56027263
109191,0.43288124
109192,0.35641754
109193,0.19200276
109196,0.6956494
109206,0.630559
109210,0.15539098
109244,0.49490044
109249,0.13076547
109273,0.36641955
109276,0.85629654
109281,0.24288487
109287,0.5510296
109297,0.64979917
109298,0.2703623
109306,0.20810635
109309,0.6139693
109321,0.8785353
109328,0.7368328
109336,0.2913914
109342,0.355176
109346,0.18915604
109347,0.63241816
109348,0.627144
109362,0.6726215
109363,0.11159295
109367,0.4549535
109370,0.08770847
109393,0.52354085
109405,0.1985962
109413,0.6971597
109414,0.9134182
109421,0.26042882
109427,0.6695669
109428,0.34303373
109429,0.88302225
109437,0.10914136
109443,0.2643684
109461,0.32575938
109468,0.41932666
109469,0.12289734
109471,0.6492812
109479,0.5305351
109484,0.105780356
109501,0.6090005
109505,0.3472724
109535,0.22547878
109539,0.09457584
109544,0.43665347
109545,0.1257365
109551,0.6495119
109553,0.4319564
109555,0.26198304
109561,0.33900142
109580,0.12272701
109583,0.80929595
109593,0.75013983
109604,0.58408254
109620,0.27601662
109635,0.16909146
109637,0.85997
109638,0.39943144
109642,0.3086682
109649,0.31375155
109652,0.30684245
109656,0.3088353
109663,0.23150396
109696,0.8129143
109700,0.81504405
109709,0.4422122
109735,0.41601276
109740,0.21860686
109741,0.5376711
109749,0.5581047
109764,0.12263137
109771,0.5975249
109772,0.15172577
109773,0.86104006
109798,0.4977796
109802,0.76445675
109804,0.28909925
109813,0.20954303
109818,0.49546096
109848,0.50453687
109850,0.10343988
109851,0.17391948
109855,0.1610792
109871,0.7900811
109877,0.5470354
109883,0.08950958
109886,0.12400557
109905,0.50032085
109936,0.87914354
109950,0.5140297
109958,0.37152877
109959,0.35524184
109969,0.23244749
109971,0.19717953
109984,0.13022384
109985,0.8668944
109988,0.38140592
109992,0.41153833
110005,0.45462197
110009,0.43461457
110011,0.8345585
110014,0.35740703
110026,0.39876935
110042,0.30579045
110058,0.09433845
110069,0.67302907
110080,0.17730938
110087,0.2760397
110091,0.3065545
110094,0.5294117
110098,0.85172576
110105,0.21584931
110117,0.4827848
110136,0.53593934
110138,0.66032284
110149,0.5813939
110164,0.7636942
110202,0.6906762
110212,0.094606295
110226,0.08637307
110236,0.16287474
110249,0.11419981
110257,0.5592833
110258,0.08831549
110277,0.188042
110282,0.31625122
110284,0.20951784
110286,0.48098537
110289,0.13050179
110304,0.2423269
110319,0.3922198
110324,0.6616832
110326,0.1957184
110335,0.36071935
110337,0.5245238
110338,0.287172
110343,0.21639185
110345,0.3039146
110347,0.6541665
110355,0.09726885
110359,0.3396351
110360,0.5909078
110364,0.44205803
110371,0.7027074
110372,0.23635
110376,0.63260937
110379,0.8299822
110380,0.18195425
110393,0.4781985
110401,0.8390099
110406,0.24391626
110411,0.28821516
110416,0.14516021
110420,0.2809329
110443,0.14795496
110465,0.19665404
110468,0.27428865
110469,0.7405994
110471,0.86134684
110487,0.83920944
110491,0.8044747
110504,0.6079693
110547,0.23937406
110550,0.25130343
110559,0.8274574
110578,0.37804282
110582,0.34173357
110590,0.14712131
110598,0.24897271
110601,0.8990974
110602,0.5683144
110604,0.22381534
110625,0.84961903
110626,0.6722903
110636,0.8446406
110637,0.44547164
110638,0.69808054
110646,0.42393428
110648,0.40670687
110652,0.4032517
110681,0.33250225
110682,0.59693164
110687,0.6994213
110691,0.10621029
110694,0.4622652
110695,0.15478393
110696,0.50533265
110708,0.218623
110710,0.113314025
110717,0.5556846
110730,0.21228477
110740,0.19281897
110742,0.31507853
110747,0.25010937
110761,0.26801288
110766,0.16694742
110769,0.23970404
110774,0.45767036
110803,0.09934582
110805,0.1541711
110809,0.8466622
110827,0.4759819
110832,0.2111222
110839,0.4826459
110859,0.74879307
110861,0.109565966
110863,0.8182028
110865,0.45448905
110881,0.57961434
110889,0.19188087
110891,0.10903521
110894,0.1224686
110895,0.5885042
110907,0.8849892
110914,0.49348363
110933,0.11529584
110934,0.112724304
110937,0.24339966
110953,0.3356222
110954,0.741192
110958,0.7162812
110970,0.5588255
110974,0.5927623
110977,0.52908784
110989,0.28174573
110993,0.88767886
110994,0.6769394
111018,0.10716509
111019,0.28976306
111030,0.24582566
111032,0.3495487
111041,0.14778994
111045,0.40274507
111048,0.26995236
111052,0.47873306
111070,0.87112355
111084,0.70492864
111091,0.4950619
111104,0.12654746
111108,0.38995206
111112,0.16092989
111127,0.12426045
111142,0.53672147
111146,0.87522244
111165,0.37737483
111168,0.16619635
111169,0.88371265
111172,0.15050942
111173,0.093070105
111174,0.76349705
111175,0.842097
111176,0.25435507
111177,0.44469547
111180,0.17517547
111182,0.17900142
111192,0.3078355
111194,0.528488
111196,0.7913204
111197,0.23719789
111198,0.2678255
111205,0.24900365
111207,0.24399288
111222,0.09391396
111228,0.2298138
111233,0.26971066
111256,0.5555249
111258,0.099688046
111262,0.15973708
111263,0.53379136
111267,0.09283238
111269,0.42995572
111276,0.37504342
111277,0.87458605
111279,0.6865129
111290,0.2119912
111294,0.08992292
111295,0.7356923
111315,0.862438
111318,0.56130683
111327,0.11013799
111328,0.45155108
111332,0.54744816
111338,0.15504114
111343,0.7772019
111344,0.22502959
111345,0.8867487
111347,0.2698056
111356,0.12536976
111359,0.5630324
111367,0.14787062
111368,0.216962
111391,0.7500638
111408,0.09664244
111412,0.5934282
111419,0.31282184
111422,0.15586486
111423,0.8678317
111439,0.42339474
111452,0.8502139
111456,0.40802968
111467,0.23300914
111478,0.74161744
111482,0.48802006
111488,0.8115254
111503,0.58596396
111510,0.20597996
111512,0.16557896
111518,0.42673612
111532,0.5538154
111537,0.107492894
111541,0.5852722
111544,0.6655007
111550,0.1071027
111554,0.5052693
111560,0.6922866
111566,0.099624194
111567,0.7482051
111592,0.40399933
111618,0.33911484
111620,0.5189935
111627,0.16710801
111641,0.82718956
111646,0.89044875
111652,0.35241342
111657,0.17859958
111664,0.43839163
111665,0.6850395
111669,0.11448466
111673,0.118365765
111687,0.105170965
111688,0.12940675
111689,0.22839586
111694,0.6078061
111695,0.34548357
111698,0.14160705
111703,0.097487666
111709,0.10291426
111712,0.13429779
111715,0.6201006
111724,0.31738868
111730,0.14413705
111747,0.1909471
111760,0.14606187
111761,0.2952156
111763,0.6094108
111776,0.24633363
111777,0.22784685
111781,0.104877956
111793,0.314468
111804,0.7225835
111810,0.72689307
111816,0.3066902
111818,0.57410103
111830,0.24527055
111832,0.3729991
111841,0.17953561
111842,0.35628706
111843,0.41133556
111846,0.6661628
111848,0.85153514
111856,0.18927954
111857,0.15456997
111877,0.12104783
111882,0.15126368
111883,0.6120088
111891,0.18130815
111893,0.30561706
111901,0.17335398
111912,0.5569764
111913,0.26882195
111955,0.35378987
111958,0.273522
111960,0.57979786
111967,0.2258792
112000,0.54599655
112003,0.62913984
112015,0.8245392
112019,0.90137
112020,0.27071053
112028,0.59609085
112029,0.5359241
112031,0.29501402
112039,0.35888493
112042,0.10937624
112049,0.091898635
112052,0.68213934
112054,0.106129475
112055,0.3048204
112063,0.3099444
112070,0.39163607
112071,0.33363757
112080,0.15090428
112083,0.22190845
112085,0.08844507
112089,0.4540763
112098,0.8674611
112100,0.42261285
112105,0.35325265
112124,0.2716376
112126,0.48626748
112127,0.2551193
112128,0.31869575
112148,0.21232347
112149,0.40029532
112165,0.66128355
112170,0.24332698
112171,0.32666686
112176,0.41177112
112186,0.2182072
112199,0.45659873
112203,0.12303532
112214,0.60552484
112215,0.24771503
112216,0.3466293
112224,0.541997
112225,0.404851
112231,0.79709953
112234,0.5129724
112235,0.22578803
112236,0.46913874
112254,0.6948125
112265,0.600764
112271,0.38061947
112284,0.19512846
112287,0.60538995
112295,0.66009027
112303,0.84184647
112307,0.6884792
112310,0.19223416
112312,0.72530645
112313,0.34405482
112326,0.33071288
112333,0.4251863
112334,0.16432934
112339,0.41852942
112347,0.37503797
112350,0.29146662
112356,0.76838696
112357,0.53692824
112359,0.65163416
112360,0.46518797
112371,0.8015602
112385,0.1433321
112392,0.3726757
112401,0.66531116
112405,0.3269483
112414,0.8023089
112429,0.55589074
112448,0.18965285
112467,0.69545203
112468,0.71646804
112469,0.59563756
112491,0.5483642
112500,0.5034917
112510,0.84242487
112535,0.7733358
112537,0.27422297
112551,0.40867823
112552,0.4301905
112556,0.60636663
112577,0.39961743
112590,0.5241374
112593,0.2683661
112596,0.72936255
112601,0.102183536
112604,0.6308796
112622,0.14055902
112655,0.15460055
112663,0.09316809
112667,0.09851412
112670,0.318048
112676,0.20240377
112677,0.6355816
112679,0.16926216
112683,0.57981485
112688,0.34712416
112692,0.5698332
112696,0.7667563
112702,0.20483433
112709,0.1027823
112720,0.18056178
112735,0.21695773
112738,0.535298
112742,0.124432884
112748,0.10302575
112749,0.16393913
112766,0.1696765
112767,0.12931699
112769,0.52498233
112771,0.55920786
112775,0.1945971
112794,0.58369565
112795,0.15573677
112796,0.1584491
112815,0.26433912
112817,0.51188236
112821,0.48243394
112822,0.6187123
112829,0.7651631
112831,0.6231047
112835,0.14324439
112838,0.3017776
112842,0.41911045
112844,0.7167026
112845,0.11104068
112846,0.2628834
112847,0.11256934
112867,0.4047373
112868,0.4741075
112874,0.23154391
112879,0.1758752
112882,0.6009744
112886,0.6222223
112895,0.44407365
112896,0.6213667
112902,0.3204532
112904,0.26605847
112917,0.8836165
112932,0.6309855
112944,0.24926355
112946,0.67335767
112947,0.27797925
112948,0.32377365
112966,0.7400134
112967,0.15804899
112971,0.5622365
112973,0.42151096
112974,0.19432646
112978,0.5144031
112988,0.15044785
112992,0.76696086
113003,0.3747784
113004,0.27847177
113007,0.90116096
113020,0.7479483
113025,0.7405232
113032,0.11153225
113042,0.724226
113047,0.1286076
113066,0.14993608
113067,0.7917824
113071,0.5619812
113087,0.7818911
113108,0.09657205
113109,0.28621927
113123,0.28308195
113128,0.8598701
113134,0.6162823
113151,0.47631565
113175,0.8223684
113181,0.104260035
113188,0.74087137
113191,0.4804779
113193,0.83529776
113201,0.75831854
113209,0.5046115
113222,0.5604442
113248,0.09454296
113272,0.5621485
113276,0.09667475
113287,0.08568722
113302,0.36392558
113308,0.32711223
113316,0.5112114
113318,0.25230753
113320,0.48974472
113322,0.8405395
113325,0.8030147
113326,0.7040065
113332,0.3284918
113346,0.8399101
113352,0.11446629
113361,0.15393808
113362,0.11875266
113365,0.2774776
113366,0.3263344
113368,0.15003818
113382,0.09588052
113385,0.4046364
113390,0.5588104
113391,0.33231965
113393,0.5784106
113396,0.37591636
113397,0.26910448
113402,0.3234309
113403,0.3249095
113405,0.4720395
113406,0.7299851
113410,0.86223114
113413,0.39178762
113418,0.3262091
113419,0.13494454
113435,0.80691636
113438,0.59145844
113447,0.13685979
113458,0.54670954
113466,0.16015841
113475,0.2831455
113482,0.4921129
113490,0.09295699
113505,0.18333685
113508,0.5144319
113520,0.14070268
113532,0.42348945
113535,0.23625216
113549,0.2384525
113557,0.68969023
113558,0.116551
113561,0.3183522
113566,0.15546784
113569,0.4866754
113574,0.15905522
113576,0.6304447
113577,0.14296903
113585,0.2859405
113587,0.8528123
113599,0.649615
113601,0.46493384
113602,0.27028814
113605,0.7073716
113609,0.75315136
113611,0.6269105
113616,0.47094786
113627,0.9148065
113631,0.8107753
113643,0.3510185
113652,0.6125666
113657,0.1574639
113659,0.15517828
113672,0.27914336
113680,0.13004275
113692,0.6298704
113694,0.45781392
113695,0.48955345
113701,0.1182523
113733,0.13950272
113738,0.5038962
113740,0.5518711
113742,0.3330164
113777,0.08861964
113783,0.54781586
113788,0.5528581
113789,0.16267009
113791,0.7438926
113795,0.57729954
113799,0.46440908
113805,0.119295694
113820,0.47681427
113822,0.15511535
113824,0.11921909
113829,0.50464785
113832,0.10736714
113833,0.4419466
113841,0.1366784
113849,0.4953092
113862,0.61685383
113863,0.85777605
113864,0.19272564
113870,0.10283026
113875,0.4715027
113882,0.27264205
113887,0.49403858
113894,0.44915795
113909,0.24513867
113930,0.63209516
113936,0.4621205
113939,0.41920787
113942,0.33092427
113943,0.8274676
113945,0.55290145
113947,0.09360574
113950,0.119916365
113951,0.54562855
113957,0.6878872
113966,0.60606194
113967,0.11857306
113977,0.38241947
113984,0.56603247
113986,0.5061428
113992,0.12711509
113998,0.09231482
113999,0.90524936
114003,0.53124684
114010,0.19441254
114011,0.7006058
114032,0.10666976
114047,0.29462188
114055,0.26307
114056,0.6531729
114064,0.82786876
114065,0.116420634
114067,0.45283973
114068,0.09212613
114075,0.10111008
114076,0.5399435
114077,0.09998504
114094,0.27362567
114095,0.14380758
114109,0.5599019
114114,0.5235287
114116,0.42241186
114127,0.08933647
114158,0.5442301
114168,0.68802816
114169,0.5925538
114171,0.6140942
114180,0.8702387
114193,0.17602919
114198,0.25791132
114201,0.23526184
114202,0.80546075
114207,0.44188902
114210,0.6696653
114221,0.48109758
114222,0.70945185
114227,0.6534341
114250,0.08812812
114253,0.5447246
114265,0.31640366
114267,0.6478451
114273,0.853552
114280,0.8862979
114281,0.27715614
114283,0.9178111
114291,0.77899486
114310,0.8507033
114316,0.09822293
114326,0.10128063
114327,0.21259272
114339,0.5319216
114352,0.42226005
114359,0.77499485
114360,0.34481594
114382,0.66979396
114396,0.68907315
114397,0.27205774
114415,0.5792597
114425,0.21279985
114434,0.3216253
114456,0.77408755
114463,0.105120204
114469,0.09424614
114476,0.11580162
114480,0.09346105
114482,0.6554525
114492,0.12552261
114493,0.6650593
114501,0.44114083
114506,0.6989464
114510,0.38736796
114515,0.86156344
114524,0.6948956
114545,0.8758226
114546,0.095059946
114560,0.20339957
114562,0.55711794
114563,0.47521558
114566,0.7118602
114599,0.15250753
114601,0.10580094
114607,0.3831279
114612,0.24223165
114622,0.6238569
114625,0.8992026
114634,0.5583202
114635,0.40741113
114641,0.09802397
114644,0.40457267
114645,0.45879632
114651,0.13241012
114653,0.10395521
114654,0.58944136
114667,0.45197582
114668,0.85290796
114670,0.20284848
114686,0.40774667
114688,0.7780126
114690,0.5798811
114691,0.17424181
114700,0.34741375
114706,0.33175477
114740,0.49517506
114741,0.5714374
114755,0.09748183
114757,0.13985945
114767,0.29826218
114772,0.889169
114780,0.52783173
114782,0.40763733
114791,0.31478795
114815,0.5897367
114823,0.2700697
114835,0.25411242
114838,0.09757721
114840,0.25740123
114842,0.7608878
114844,0.58869517
114850,0.7644989
114853,0.11960962
114856,0.8919986
114857,0.18988988
114858,0.5662862
114864,0.35843584
114871,0.12384624
114875,0.46914577
114879,0.38151777
114893,0.39956507
114912,0.38159496
114922,0.29474163
114930,0.093898654
114945,0.1645374
114951,0.11100752
114958,0.14345485
114962,0.4848391
114976,0.627211
114978,0.55985975
114987,0.24619535
115002,0.28353092
115005,0.37313947
115023,0.72385174
115030,0.14210805
115033,0.7903986
115034,0.7067146
115038,0.08948846
115046,0.49206668
115049,0.5254926
115055,0.19650678
115059,0.3094643
115076,0.49622914
115078,0.23781633
115081,0.5070731
115085,0.20017527
115096,0.41299495
115101,0.19690228
115114,0.48763978
115119,0.33062512
115121,0.35852498
115122,0.4874963
115144,0.34938124
115147,0.7564532
115151,0.0972598
115172,0.14280254
115175,0.39590907
115183,0.107433654
115185,0.544276
115197,0.37230098
115200,0.2524633
115207,0.34241235
115217,0.090829216
115230,0.6466666
115237,0.110430464
115246,0.15958294
115251,0.14184621
115269,0.77156776
115290,0.46742985
115299,0.50433993
115309,0.88323337
115310,0.33908868
115311,0.09317537
115312,0.17110926
115323,0.09309397
115324,0.15217108
115341,0.69582516
115342,0.39388055
115343,0.10653698
115350,0.6771102
115354,0.46608442
115360,0.5489112
115368,0.25503787
115373,0.3754175
115396,0.882232
115400,0.7276218
115401,0.2968109
115404,0.14489271
115405,0.36363202
115406,0.18629932
115407,0.24927075
115412,0.11990676
115413,0.24900515
115415,0.5033312
115423,0.14961639
115427,0.3452082
115428,0.08962454
115439,0.588038
115440,0.70830923
115447,0.47651514
115450,0.14115849
115457,0.52540827
115459,0.49987176
115463,0.24896249
115473,0.86120236
115477,0.09962768
115479,0.09673131
115480,0.67714196
115481,0.31549743
115485,0.5224777
115489,0.26152545
115495,0.15483029
115500,0.3773214
115521,0.438492
115572,0.13058591
115580,0.26054552
115582,0.20901637
115586,0.20009507
115587,0.56627285
115588,0.40828913
115591,0.46928656
115592,0.1909784
115618,0.1024621
115619,0.482858
115621,0.7567
115632,0.49233496
115646,0.53423285
115658,0.43934357
115671,0.27165997
115680,0.48902285
115686,0.412969
115688,0.17604983
115705,0.586652
115707,0.1344486
115708,0.5035824
115726,0.8086844
115759,0.41891465
115773,0.11616383
115777,0.12224678
115778,0.68056136
115781,0.093410395
115801,0.89453113
115804,0.5293992
115810,0.5228164
115812,0.79377985
115820,0.87688637
115827,0.37614214
115831,0.5160792
115841,0.446079
115846,0.7497682
115852,0.1588426
115857,0.15961516
115858,0.41989833
115860,0.21961176
115865,0.12224887
115867,0.28209665
115869,0.44786546
115877,0.6738619
115904,0.49974227
115913,0.36833444
115916,0.21075998
115928,0.66524225
115932,0.19278146
115933,0.10338435
115937,0.86165076
115938,0.114991665
115957,0.20318535
115958,0.2583784
115969,0.11772163
115980,0.54313135
115984,0.098741464
116006,0.37363467
116007,0.7394767
116008,0.5353704
116009,0.7935971
116011,0.114293076
116012,0.69778854
116015,0.9033656
116025,0.4695321
116047,0.22929949
116052,0.30214354
116068,0.18209387
116077,0.43685633
116084,0.31445393
116089,0.21870087
116093,0.14482063
116097,0.5181963
116102,0.57827234
116118,0.29752174
116119,0.10137659
116125,0.16365479
116128,0.31958428
116135,0.15179902
116140,0.84672683
116141,0.12971166
116142,0.37389973
116153,0.60912466
116156,0.17031862
116157,0.44005615
116167,0.117984034
116168,0.62041485
116175,0.13465816
116187,0.3043982
116189,0.5879735
116191,0.472902
116201,0.71004057
116210,0.7695661
116213,0.5146564
116215,0.81078565
116223,0.37412804
116226,0.15292129
116228,0.09414443
116241,0.22917636
116247,0.35724655
116266,0.1173266
116276,0.8870989
116287,0.18694894
116289,0.5371556
116292,0.54416454
116306,0.2488865
116309,0.10040587
116312,0.1254397
116313,0.3218387
116335,0.117099
116342,0.61296964
116348,0.15283765
116367,0.51118344
116380,0.4135725
116383,0.74919605
116389,0.7483668
116395,0.6652392
116397,0.20028536
116398,0.8757488
116402,0.61004245
116404,0.39436263
116406,0.095376715
116424,0.6879517
116428,0.08855674
116436,0.18014799
116440,0.10733283
116448,0.33010128
116458,0.29301882
116466,0.24607286
116469,0.19875087
116473,0.32815382
116474,0.43479753
116479,0.27126837
116480,0.32811698
116491,0.2222542
116493,0.22614509
116505,0.53067875
116511,0.41216776
116525,0.6055496
116535,0.44883052
116544,0.16423334
116546,0.10089404
116562,0.30273402
116565,0.4675139
116578,0.2388916
116579,0.279101
116580,0.8298571
116582,0.101621024
116584,0.12486401
116586,0.39256534
116596,0.14402124
116597,0.5915738
116598,0.116629116
116604,0.8767364
116608,0.2539054
116609,0.38816118
116613,0.32692468
116614,0.4806161
116615,0.49591836
116633,0.2501907
116637,0.31438413
116643,0.24585938
116647,0.3630637
116656,0.2525883
116659,0.61503375
116662,0.50835216
116676,0.40832382
116680,0.41307047
116681,0.36294863
116683,0.78815454
116684,0.20295902
116712,0.27523527
116720,0.22727497
116726,0.6533642
116729,0.13877518
116737,0.6440885
116745,0.14006372
116747,0.4183685
116766,0.09213829
116781,0.14106828
116783,0.15354371
116787,0.36479688
116788,0.8765475
116789,0.09778561
116801,0.1621238
116803,0.16080135
116804,0.8568336
116806,0.47345546
116815,0.6411761
116817,0.2887271
116825,0.18684262
116828,0.10715279
116829,0.16590516
116853,0.758502
116854,0.5313058
116859,0.45289773
116860,0.74408793
116865,0.5640767
116872,0.7118136
116880,0.7017385
116882,0.3558644
116893,0.3899308
116896,0.6332272
116906,0.10600602
116908,0.3321142
116925,0.112257525
116926,0.87504077
116948,0.45334852
116949,0.5035018
116955,0.5824514
116964,0.24334402
116974,0.36960703
116976,0.8485649
116990,0.10046918
116993,0.37823644
116994,0.5587023
116997,0.47790277
117003,0.096636444
117007,0.25413176
117011,0.35264748
117012,0.45826682
117019,0.10360266
117021,0.106906705
117030,0.56825125
117036,0.4258621
117043,0.5445608
117054,0.25138178
117070,0.6324535
117077,0.81518435
117087,0.31071773
117093,0.24272554
117105,0.23562108
117112,0.28723824
117129,0.8182249
117135,0.7537245
117138,0.7332372
117142,0.23404716
117148,0.7837356
117157,0.6120939
117170,0.13033138
117171,0.22743995
117172,0.6503632
117178,0.6376244
117186,0.47283557
117187,0.6860022
117193,0.8120196
117194,0.71712375
117199,0.12052908
117207,0.30059478
117211,0.26995853
117216,0.78905123
117217,0.16847287
117218,0.25251445
117219,0.46148396
117224,0.16604517
117225,0.121203616
117239,0.54429054
117242,0.45815465
117249,0.42345735
117255,0.2860999
117257,0.6534075
117272,0.09135639
117284,0.70081246
117287,0.22114153
117293,0.15553014
117298,0.89175504
117299,0.1381569
117307,0.31642225
117321,0.42930624
117323,0.3011829
117326,0.44097096
117327,0.44316125
117341,0.15987262
117350,0.35303676
117362,0.83288884
117375,0.44042358
117391,0.6619384
117392,0.39406365
117396,0.7279145
117399,0.30882895
117400,0.7024948
117402,0.44467798
117406,0.8112605
117417,0.91216254
117418,0.6215685
117425,0.77991664
117428,0.28571433
117443,0.3686472
117448,0.35050076
117449,0.1336742
117450,0.66449875
117463,0.46226203
117467,0.22380282
117478,0.20600592
117480,0.78220165
117483,0.68826497
117484,0.65306807
117495,0.49754626
117498,0.087045014
117501,0.4418743
117503,0.6842697
117520,0.9041422
117524,0.5293307
117525,0.84754014
117526,0.7777494
117527,0.50673234
117531,0.16472213
117545,0.46274215
117547,0.89958745
117557,0.4872497
117563,0.41772532
117564,0.42853597
117598,0.8091135
117599,0.5258355
117610,0.17988952
117614,0.29625076
117616,0.78810537
117623,0.34822008
117625,0.8108944
117633,0.22476988
117634,0.5336035
117639,0.6147979
117652,0.11321451
117653,0.6556446
117660,0.22076595
117661,0.09239412
117662,0.5525469
117676,0.2718704
117677,0.6975982
117681,0.18136151
117684,0.44419828
117707,0.4891392
117736,0.8522661
117737,0.6135633
117741,0.5863673
117746,0.6189777
117753,0.65378445
117755,0.40675297
117775,0.37548703
117784,0.5705019
117786,0.3814564
117791,0.26781067
117801,0.67583424
117805,0.18978548
117816,0.17138429
117824,0.50514746
117835,0.47147602
117837,0.16019511
117847,0.55120826
117853,0.4561813
117854,0.33257765
117886,0.48162848
117900,0.15785995
117920,0.81390667
117924,0.37581483
117925,0.7177149
117934,0.2934639
117957,0.3534124
117959,0.8020383
117967,0.77114135
117969,0.8172896
117981,0.1271415
117982,0.12016596
117996,0.633239
118000,0.5561242
118018,0.628613
118025,0.60939986
118026,0.8341055
118044,0.39897776
118045,0.618972
118048,0.33841494
118055,0.78374475
118058,0.23567282
118060,0.82422316
118066,0.12195838
118071,0.5226846
118072,0.7083414
118082,0.20390287
118089,0.69757706
118106,0.406954
118115,0.14356337
118127,0.7508154
118144,0.73568016
118150,0.22023328
118151,0.1218792
118157,0.8477146
118162,0.12319544
118163,0.19275802
118166,0.12990607
118181,0.22313277
118191,0.113847055
118202,0.8721739
118205,0.6028152
118214,0.26479214
118251,0.6517002
118264,0.841322
118271,0.8682077
118272,0.4774507
118276,0.72709334
118287,0.84438044
118291,0.21891442
118292,0.31493434
118294,0.16519502
118305,0.31599972
118312,0.46701393
118319,0.22595115
118321,0.21114558
118326,0.57742834
118342,0.839539
118343,0.30851224
118353,0.58203304
118354,0.14302501
118358,0.3591947
118359,0.57874703
118365,0.531633
118367,0.19314262
118368,0.3790848
118371,0.33464986
118378,0.6195545
118379,0.3044207
118383,0.2083445
118386,0.4036194
118387,0.21866772
118400,0.56841654
118403,0.54089415
118428,0.62677217
118440,0.5522329
118459,0.24585022
118490,0.23757696
118491,0.11110765
118492,0.56228447
118498,0.6904833
118499,0.40722892
118509,0.46032307
118518,0.16107942
118531,0.57714355
118532,0.23586048
118546,0.08629565
118548,0.29453072
118558,0.423341
118560,0.45333436
118561,0.13496438
118562,0.8090615
118564,0.2647972
118569,0.49900112
118578,0.18585855
118585,0.29145712
118591,0.15027893
118592,0.4077768
118594,0.34475845
118611,0.09560402
118614,0.30080158
118622,0.10670212
118641,0.51566803
118642,0.2822263
118650,0.15523067
118666,0.2298613
118696,0.42312855
118697,0.12410269
118710,0.118464574
118717,0.4964589
118720,0.2157545
118735,0.12731056
118747,0.1246988
118750,0.6048159
118789,0.13396804
118791,0.44886404
118803,0.78496945
118804,0.42856187
118806,0.74882275
118809,0.3116746
118823,0.59482
118842,0.48594034
118871,0.897627
118874,0.6960077
118876,0.21728052
118886,0.5891649
118888,0.58427966
118889,0.11729998
118894,0.61372554
118898,0.12646852
118905,0.80355406
118911,0.15480883
118915,0.36154616
118916,0.7845894
118925,0.30398917
118926,0.32495946
118929,0.456566
118935,0.27279487
118947,0.5839058
118951,0.29632726
118953,0.23776823
118960,0.68255615
118973,0.12045132
119001,0.33280778
119003,0.57034177
119009,0.6975446
119011,0.40423453
119012,0.67005473
119014,0.67547554
119025,0.104609564
119047,0.5643927
119049,0.22891437
119057,0.4614038
119062,0.16647741
119064,0.09755002
119069,0.5750055
119079,0.09098373
119088,0.11207186
119091,0.90206635
119095,0.7271981
119104,0.20019695
119108,0.84117097
119109,0.33454305
119115,0.4604908
119125,0.08780562
119146,0.32627064
119148,0.39481747
119160,0.6863394
119164,0.8959067
119169,0.57673293
119179,0.5615647
119187,0.15437074
119191,0.11977694
119205,0.13413407
119207,0.5127571
119208,0.17398004
119217,0.55050004
119230,0.28269133
119232,0.3670999
119236,0.7290297
119238,0.24365956
119240,0.4369745
119250,0.7265838
119251,0.60426515
119252,0.24965106
119266,0.28690648
119267,0.16486979
119270,0.74433404
119272,0.40201107
119276,0.39208734
119281,0.13254336
119295,0.45267832
119313,0.65656227
119318,0.2023278
119321,0.6007223
119340,0.46418232
119341,0.08944611
119344,0.72543216
119348,0.49588823
119353,0.35764232
119361,0.69523793
119362,0.8966597
119376,0.72820973
119383,0.47215942
119391,0.61180997
119394,0.44542268
119395,0.4175087
119415,0.40955397
119430,0.70442724
119441,0.14261428
119454,0.39720932
119468,0.45957562
119474,0.8888162
119492,0.15134043
119496,0.76468354
119500,0.68033266
119501,0.5855771
119510,0.23465821
119518,0.17895837
119524,0.8016763
119533,0.36911166
119540,0.40000346
119553,0.11207805
119573,0.3200748
119593,0.3608561
119594,0.1799118
119595,0.785271
119596,0.5405903
119607,0.84565854
119609,0.41525763
119616,0.24096365
119618,0.46530706
119619,0.70325977
119628,0.29515162
119630,0.096753955
119632,0.16247647
119648,0.9003894
119671,0.1409212
119675,0.53718054
119683,0.4886868
119689,0.25840384
119697,0.3531871
119698,0.8830264
119702,0.8338222
119709,0.44647804
119715,0.08852753
119718,0.09795053
119719,0.8260972
119731,0.6186782
119736,0.49667558
119745,0.5897356
119749,0.15629284
119751,0.4947344
119757,0.77510774
119761,0.18393975
119762,0.53193164
119771,0.4304088
119778,0.24002245
119784,0.13126543
119788,0.16821674
119802,0.085999995
119803,0.8422089
119806,0.39011714
119810,0.26818204
119811,0.7754756
119813,0.8044181
119820,0.4427407
119821,0.8985989
119842,0.5174808
119843,0.4653435
119844,0.2968711
119861,0.09697447
119866,0.27584895
119868,0.4430141
119875,0.44839838
119896,0.86562437
119898,0.09144129
119921,0.43994108
119922,0.5157569
119929,0.23249115
119934,0.15289396
119938,0.4847427
119947,0.15555385
119948,0.89800406
119967,0.5712798
119977,0.21817788
119980,0.39575708
119984,0.25604218
119989,0.6232591
119990,0.30324206
119994,0.44384
119999,0.8091952
120004,0.34774667
120020,0.547048
120030,0.11292992
120036,0.24951027
120050,0.7941195
120051,0.8654425
120053,0.5217305
120075,0.49756956
120076,0.1001967
120088,0.11711479
120099,0.553642
120101,0.26891807
120102,0.11445102
120108,0.089297526
120145,0.57323927
120146,0.63021755
120154,0.42733434
120156,0.4379552
120165,0.5380172
120166,0.12577666
120176,0.1397916
120179,0.8037329
120182,0.098943286
120198,0.11163327
120205,0.7962851
120208,0.39060184
120214,0.09252858
120220,0.6130206
120227,0.35371086
120233,0.5156047
120240,0.44072777
120243,0.15436436
120266,0.36012173
120268,0.6055865
120280,0.41259253
120281,0.4476834
120284,0.1550955
120298,0.19743901
120304,0.45579776
120306,0.6031412
120320,0.71066046
120325,0.3679925
120326,0.43224508
120335,0.7956658
120341,0.21005262
120343,0.20358422
120388,0.13777584
120390,0.27019218
120404,0.09775795
120405,0.41582972
120408,0.7407935
120415,0.7661089
120421,0.89479256
120422,0.2900214
120433,0.4830746
120437,0.80609304
120440,0.36626962
120441,0.56605685
120449,0.7759038
120457,0.67772746
120459,0.29457405
120460,0.124603756
120463,0.6551761
120464,0.16229452
120470,0.58916473
120488,0.8566601
120535,0.10690336
120538,0.24678338
120539,0.7794971
120541,0.60912204
120562,0.30975956
120570,0.51401436
120580,0.17459276
120581,0.47597694
120591,0.8821656
120593,0.67639154
120598,0.30108228
120603,0.1517898
120607,0.780486
120642,0.15266179
120647,0.36219788
120649,0.090876885
120664,0.10281704
120665,0.11282258
120671,0.7943451
120678,0.33047253
120679,0.18099964
120680,0.7509147
120681,0.4842362
120691,0.7048332
120696,0.22218756
120697,0.6628845
120713,0.43266127
120721,0.73907685
120725,0.5754053
120734,0.78957283
120740,0.8106143
120748,0.75825703
120755,0.2336372
120759,0.22507204
120761,0.45237297
120764,0.5552394
120770,0.28105018
120777,0.2214343
120796,0.09555239
120803,0.2544827
120809,0.3640284
120811,0.20519717
120826,0.51774645
120829,0.39176202
120832,0.34545183
120840,0.7740014
120857,0.42854613
120885,0.23268534
120891,0.15182577
120894,0.24287497
120905,0.7849478
120913,0.3743083
120914,0.10645634
120918,0.25141793
120921,0.3075243
120923,0.56943357
120927,0.7428807
120928,0.68682426
120934,0.6630977
120936,0.2866007
120942,0.45949093
120946,0.39230672
120947,0.34977758
120953,0.1281585
120955,0.14137219
120956,0.72780097
120977,0.41561505
120980,0.77336824
120981,0.3717302
120982,0.10170677
120991,0.762452
121011,0.39107922
121013,0.10407379
121018,0.47776732
121020,0.29870272
121037,0.11582633
121038,0.13760093
121039,0.2306935
121045,0.5782135
121046,0.13696004
121059,0.766478
121066,0.82279944
121078,0.7058774
121080,0.89615494
121081,0.5684528
121086,0.5805543
121099,0.46335313
121100,0.53797376
121107,0.3972444
121108,0.32686496
121111,0.34759337
121130,0.4248548
121131,0.47457358
121135,0.8336893
121152,0.09565347
121156,0.20235632
121160,0.4313027
121162,0.79887646
121175,0.61064434
121181,0.3655139
121186,0.2221927
121197,0.09734239
121201,0.74728507
121208,0.25382078
121215,0.65037465
121220,0.802661
121225,0.8031424
121227,0.19303167
121228,0.7601985
121243,0.7204655
121258,0.40915057
121259,0.213107
121265,0.10600119
121279,0.21064705
121280,0.5617718
121281,0.72648656
121283,0.089685634
121288,0.27416834
121296,0.11836373
121300,0.23983975
121308,0.5724719
121321,0.5013604
121323,0.13242893
121332,0.13691029
121334,0.2170814
121348,0.09385688
121350,0.22025293
121351,0.7355651
121363,0.13183546
121379,0.3701036
121380,0.23435642
121383,0.32816377
121387,0.6174314
121414,0.30723166
121416,0.1428556
121422,0.7117083
121423,0.26367852
121427,0.48959163
121431,0.113604434
121438,0.1578852
121460,0.67019206
121479,0.11798645
121482,0.2664929
121483,0.8267196
121488,0.5119514
121489,0.65276986
121492,0.40002206
121502,0.14950074
121503,0.12653524
121513,0.24306174
121544,0.47847104
121545,0.1778069
121546,0.24347296
121552,0.7373269
121553,0.47213256
121556,0.78777146
121557,0.5101004
121583,0.4260946
121588,0.1602401
121596,0.5415406
121597,0.16051386
121612,0.09717656
121618,0.42533454
121619,0.2792476
121621,0.41501164
121622,0.5706482
121626,0.3859861
121628,0.51556516
121630,0.8207404
121631,0.31383827
121632,0.5767954
121641,0.29196566
121695,0.59839344
121733,0.7463013
121754,0.41295657
121762,0.5905589
121765,0.112531
121766,0.13723321
121771,0.1321731
121772,0.90646094
121778,0.7880762
121791,0.443468
121792,0.09804276
121822,0.54955375
121825,0.7399704
121832,0.15207867
121841,0.42310557
121846,0.29564106
121850,0.47924107
121851,0.39394623
121853,0.8308477
121857,0.40730155
121862,0.23851146
121863,0.10032063
121875,0.177505
121881,0.5915823
121896,0.73062366
121901,0.11987922
121908,0.73120105
121909,0.4178795
121916,0.31348458
121919,0.3598152
121921,0.28341287
121933,0.5051243
121947,0.3417195
121948,0.84206605
121963,0.7904845
121968,0.17469785
121970,0.2928102
121978,0.70882845
121991,0.54345685
121996,0.32544082
121997,0.8709332
122000,0.65125304
122015,0.6736123
122017,0.59635735
122027,0.6908988
122044,0.11244941
122047,0.41773316
122055,0.800076
122065,0.6946616
122069,0.1251309
122074,0.61139727
122086,0.56384677
122089,0.5599519
122099,0.11703771
122102,0.32653123
122118,0.4008598
122124,0.18152638
122125,0.114058964
122129,0.10326401
122133,0.6951852
122135,0.5967481
122136,0.5508933
122142,0.33502772
122154,0.17093313
122158,0.85135627
122160,0.19003761
122165,0.16331655
122166,0.3223078
122170,0.17694178
122175,0.09983723
122192,0.3809005
122207,0.19090153
122210,0.40699637
122215,0.1198125
122222,0.121840484
122234,0.86597145
122235,0.11835676
122236,0.31093422
122248,0.70965564
122256,0.13937764
122257,0.10281599
122258,0.46426556
122259,0.160369
122260,0.47981915
122264,0.19371852
122266,0.7405872
122268,0.42260116
122271,0.7525888
122283,0.367629
122286,0.10005685
122288,0.25644964
122301,0.30476993
122313,0.10871774
122322,0.2826469
122323,0.14055933
122324,0.28378645
122336,0.39016744
122338,0.690091
122349,0.12057509
122351,0.49982828
122354,0.5364138
122358,0.51884365
122376,0.70581937
122378,0.48627448
122387,0.3454701
122392,0.65074164
122405,0.81383365
122409,0.5179908
122411,0.7233539
122415,0.26247978
122416,0.5208976
122425,0.74574524
122452,0.41128612
122453,0.7738477
122456,0.57134825
122458,0.83377314
122465,0.35153246
122468,0.085072674
122477,0.10934091
122483,0.10148498
122517,0.81853974
122521,0.90873814
122537,0.1235
122538,0.6256443
122552,0.575217
122557,0.37904656
122561,0.13884154
122568,0.5601527
122573,0.7939458
122583,0.7908102
122590,0.6661854
122609,0.323624
122617,0.12909058
122621,0.18493803
122635,0.65637463
122638,0.4026754
122639,0.55369246
122644,0.12800208
122675,0.2795995
122699,0.71268946
122703,0.18051924
122706,0.49096498
122712,0.5534443
122730,0.5026361
122731,0.13685788
122736,0.6287863
122741,0.31319037
122745,0.11641971
122751,0.57372576
122768,0.32593793
122785,0.70701236
122797,0.5706527
122812,0.8012511
122816,0.13974202
122817,0.38765287
122826,0.84381205
122838,0.69632846
122845,0.09001389
122848,0.5653705
122850,0.10894682
122856,0.117737785
122862,0.72594917
122869,0.7322329
122871,0.5684303
122874,0.8788771
122875,0.16250052
122885,0.3368643
122901,0.58179873
122902,0.32025018
122903,0.6970071
122904,0.23984589
122910,0.32078162
122921,0.3239581
122925,0.5456078
122964,0.43469366
122975,0.16711989
122977,0.3651538
122984,0.8142701
122999,0.34426343
123004,0.9121191
123009,0.34460625
123012,0.5094399
123018,0.16236119
123025,0.7101077
123037,0.34505016
123038,0.59275836
123039,0.27599287
123045,0.50546104
123046,0.1569382
123051,0.3560725
123052,0.539473
123056,0.6101543
123061,0.56886643
123072,0.6335022
123074,0.29864886
123086,0.5245407
123087,0.47760835
123091,0.83451873
123094,0.16289897
123105,0.42957824
123110,0.5843659
123113,0.18159866
123114,0.8382415
123124,0.3116106
123131,0.16278626
123136,0.91321635
123146,0.24028355
123147,0.57142633
123155,0.5880115
123163,0.34644073
123182,0.18488735
123196,0.1743943
123200,0.14832729
123204,0.3545186
123207,0.10286947
123210,0.24769947
123215,0.5661843
123227,0.11824918
123234,0.3191779
123239,0.74899924
123249,0.6633556
123252,0.50423837
123255,0.092778906
123257,0.3212764
123260,0.16471109
123263,0.6269647
123274,0.34135896
123275,0.3635807
123276,0.10568716
123292,0.3774392
123308,0.14136402
123316,0.18712386
123328,0.13718814
123330,0.564859
123331,0.6741343
123334,0.6056319
123343,0.087258644
123344,0.6207182
123345,0.21536659
123352,0.57790685
123356,0.21025285
123365,0.6716425
123368,0.30431813
123376,0.15298274
123381,0.37114334
123384,0.26396915
123389,0.27598208
123401,0.7301748
123419,0.21103017
123433,0.4781589
123438,0.71663034
123441,0.76963264
123456,0.52423173
123457,0.5663952
123476,0.10579583
123477,0.6067973
123489,0.77880454
123490,0.3616619
123496,0.7774963
123502,0.5185845
123503,0.79195696
123513,0.34803003
123515,0.45036352
123530,0.6227168
123532,0.23894885
123537,0.28713644
123539,0.4248082
123540,0.382114
123546,0.10097002
123547,0.73767495
123554,0.48853022
123572,0.21594201
123574,0.73932993
123575,0.74559253
123576,0.31963325
123584,0.20354164
123586,0.45580977
123591,0.47531748
123606,0.19115295
123607,0.73366123
123615,0.13996226
123616,0.7554114
123619,0.67249423
123621,0.5582719
123622,0.12980694
123633,0.2781958
123635,0.5353463
123658,0.42345116
123659,0.23769386
123663,0.37545088
123666,0.29861665
123670,0.31294155
123678,0.22984697
123688,0.6413605
123707,0.119931445
123709,0.6073673
123720,0.61126935
123741,0.2564053
123751,0.38811526
123759,0.44930953
123765,0.6906247
123766,0.31105152
123793,0.8366275
123794,0.09276161
123809,0.5300484
123837,0.15380765
123839,0.4359358
123843,0.28794524
123851,0.5697448
123854,0.42984533
123860,0.12753679
123863,0.79749686
123879,0.61937827
123888,0.667917
123891,0.3451777
123912,0.14761229
123942,0.4289823
123952,0.7448552
123953,0.2364704
123958,0.7554759
123966,0.09839623
123977,0.22552584
123981,0.16901049
124000,0.0867805
124023,0.21492644
124026,0.15417264
124027,0.42592508
124033,0.59456575
124053,0.4535918
124057,0.27647147
124065,0.8568827
124074,0.09404343
124079,0.78194916
124095,0.1788324
124110,0.6591344
124138,0.15199597
124167,0.7465568
124168,0.5635137
124175,0.10755334
124176,0.7549521
124181,0.3587334
124195,0.42195538
124197,0.104375295
124206,0.14886649
124225,0.20589203
124230,0.5493929
124231,0.62876815
124253,0.52317405
124257,0.5899825
124263,0.22727284
124277,0.41890576
124285,0.2846865
124289,0.11744599
124299,0.8695208
124303,0.44149658
124309,0.7946752
124316,0.332943
124319,0.70392925
124335,0.7405244
124347,0.85711896
124359,0.71282256
124362,0.106863655
124363,0.6699889
124389,0.18478328
124390,0.31430548
124393,0.65362775
124401,0.89131665
124406,0.15192953
124407,0.24541932
124416,0.65055674
124423,0.12886576
124429,0.19222097
124431,0.5111905
124439,0.08814732
124441,0.14350858
124451,0.33948335
124454,0.11023364
124463,0.7458379
124492,0.40942976
124493,0.71292204
124503,0.2885725
124506,0.54945534
124514,0.53872615
124516,0.10341339
124519,0.10698532
124520,0.6891295
124539,0.43633735
124545,0.75265145
124546,0.2220359
124552,0.33217484
124553,0.8416192
124555,0.17708662
124575,0.10397795
124586,0.39696255
124587,0.12438837
124591,0.8360847
124595,0.3020337
124597,0.31717047
124625,0.687849
124628,0.12127271
124647,0.86834466
124648,0.17447631
124654,0.7085624
124655,0.50952303
124656,0.28010312
124658,0.23591468
124674,0.80731094
124675,0.29710534
124686,0.6462947
124696,0.8106369
124698,0.28514874
124702,0.42301852
124704,0.67012036
124705,0.10820097
124719,0.12374983
124732,0.13166182
124734,0.7083268
124737,0.09098797
124742,0.681927
124793,0.33960485
124816,0.84016734
124820,0.19797884
124823,0.7719237
124826,0.15874468
124829,0.23443475
124844,0.68447787
124850,0.12262303
124866,0.3583323
124868,0.15515192
124874,0.4128157
124875,0.397381
124876,0.09793544
124887,0.56842333
124893,0.88618267
124901,0.15812524
124905,0.7483776
124906,0.5687319
124931,0.650466
124938,0.5108152
124940,0.8025959
124947,0.53445005
124948,0.21978232
124949,0.12206806
124971,0.7989743
124974,0.23113805
124976,0.420514
125004,0.8704666
125025,0.5873074
125029,0.42412362
125031,0.30597168
125037,0.53495646
125046,0.10517577
125052,0.115529805
125053,0.19310236
125090,0.4545016
125093,0.50068796
125100,0.4752934
125101,0.123063676
125104,0.768965
125111,0.2631964
125133,0.48510498
125144,0.59953153
125145,0.4398116
125149,0.5413363
125157,0.38087344
125158,0.87860703
125164,0.21495318
125167,0.11936601
125170,0.37557098
125177,0.19426912
125185,0.8716016
125190,0.44911945
125196,0.5540364
125200,0.79517174
125203,0.6308772
125215,0.5159822
125221,0.4750978
125224,0.1033638
125227,0.60787743
125252,0.47164446
125256,0.12348637
125264,0.14016932
125266,0.48565003
125267,0.13571516
125268,0.9032889
125270,0.10591694
125271,0.44662684
125276,0.13586383
125290,0.1954503
125300,0.33827904
125311,0.37153512
125327,0.17247437
125338,0.33155632
125359,0.3939242
125360,0.178785
125366,0.10280883
125373,0.4212085
125376,0.9105732
125384,0.10491944
125387,0.6738822
125388,0.2701514
125393,0.10980627
125394,0.7564965
125396,0.092092946
125397,0.09722399
125408,0.5484236
125409,0.66368985
125414,0.8356401
125423,0.34062278
125425,0.5306112
125436,0.7448628
125450,0.6354072
125465,0.46668497
125471,0.8944289
125488,0.38452396
125496,0.6171422
125500,0.8898075
125505,0.21436931
125507,0.43575093
125519,0.10835799
125521,0.76490855
125524,0.50147784
125531,0.7084291
125542,0.43313187
125552,0.13777263
125560,0.40059605
125573,0.14465816
125574,0.4908049
125576,0.6092032
125592,0.27048752
125604,0.57036275
125622,0.31994063
125628,0.1581794
125649,0.43360108
125668,0.55344915
125695,0.38784924
125698,0.2109324
125701,0.80980444
125705,0.5235822
125709,0.7796391
125713,0.11233517
125720,0.5639315
125727,0.91454715
125747,0.38587302
125752,0.25557044
125758,0.474867
125772,0.65089345
125779,0.91519076
125798,0.43525755
125804,0.45520926
125814,0.4953088
125817,0.09411884
125835,0.09093835
125838,0.37245846
125842,0.4577865
125852,0.8524821
125878,0.12981336
125886,0.21853147
125896,0.8666932
125924,0.64447373
125930,0.34509432
125939,0.27347255
125957,0.7151184
125961,0.3400579
125972,0.3481244
125973,0.6355665
125975,0.11131158
125983,0.22107357
125984,0.8131606
125990,0.69310546
126016,0.59904283
126022,0.48849198
126028,0.7609627
126047,0.5658728
126048,0.40249625
126067,0.19615118
126068,0.15610065
126069,0.39072075
126088,0.6489366
126121,0.14998235
126123,0.1698624
126125,0.10152995
126136,0.59676784
126159,0.15471822
126162,0.5015666
126165,0.67705667
126172,0.5494063
126175,0.77492726
126178,0.12179947
126184,0.13967074
126198,0.6507532
126202,0.5645391
126203,0.119783156
126205,0.10942239
126214,0.34906173
126231,0.85994554
126238,0.59697455
126242,0.63958347
126252,0.10004698
126263,0.41295254
126265,0.5990539
126267,0.6152118
126274,0.17730439
126299,0.21627511
126307,0.496919
126310,0.7004835
126329,0.4283123
126331,0.48875815
126340,0.10676647
126341,0.65124685
126348,0.55909705
126349,0.16941279
126351,0.1444804
126354,0.2506894
126366,0.16869235
126370,0.15079685
126398,0.4790257
126407,0.50778073
126409,0.7024482
126431,0.08939568
126438,0.7537942
126448,0.2363249
126462,0.14190449
126464,0.5155578
126468,0.23332085
126472,0.62418544
126473,0.30632228
126479,0.50669867
126484,0.5647798
126486,0.1443661
126488,0.26446027
126490,0.39254868
126494,0.2705158
126506,0.49715242
126510,0.43205985
126513,0.3470121
126526,0.8657303
126533,0.25714678
126538,0.5514111
126549,0.68128926
126553,0.6083266
126554,0.29077882
126555,0.15687431
126579,0.33737984
126584,0.15101218
126594,0.253746
126595,0.4035794
126596,0.8539123
126602,0.31100872
126611,0.124946855
126614,0.16474427
126636,0.1654159
126638,0.23018278
126651,0.57597625
126658,0.2639985
126674,0.14120974
126685,0.09250983
126688,0.78700155
126689,0.1086882
126707,0.84981287
126715,0.54211706
126716,0.09461096
126721,0.6968647
126722,0.15300445
126732,0.51277333
126738,0.42947587
126743,0.38146627
126744,0.24752347
126752,0.100771636
126759,0.4204721
126763,0.8347886
126775,0.37435645
126778,0.6540371
126784,0.20935203
126791,0.33002484
126792,0.22977613
126804,0.8141805
126816,0.67878824
126817,0.22200923
126822,0.08901094
126832,0.25919902
126842,0.19910611
126849,0.11359102
126850,0.213408
126861,0.14854936
126871,0.11357707
126872,0.6798315
126880,0.24750747
126888,0.404151
126896,0.102591686
126913,0.29183313
126918,0.28885916
126954,0.10157563
126961,0.27792966
126963,0.1564939
126965,0.78118503
126968,0.86410475
126971,0.08703541
126981,0.536548
126984,0.71151036
126985,0.67284214
126995,0.8858279
126999,0.76776737
127007,0.45066586
127015,0.58253866
127038,0.30959272
127054,0.27252612
127057,0.2122847
127062,0.7475622
127083,0.6113826
127098,0.14545938
127102,0.099696025
127110,0.107104085
127111,0.21049234
127116,0.30397335
127126,0.09274552
127135,0.12429041
127137,0.2180942
127142,0.29922178
127151,0.2914208
127155,0.13650493
127156,0.28560877
127160,0.31556508
127169,0.56199056
127174,0.48865917
127175,0.33140823
127177,0.48915562
127192,0.13631754
127193,0.27655476
127196,0.31909987
127197,0.5592125
127204,0.40372548
127207,0.6764566
127215,0.23940863
127226,0.65815675
127230,0.4542274
127244,0.29798537
127247,0.19998822
127249,0.27858496
127259,0.562568
127299,0.6052469
127304,0.1507627
127308,0.6938024
127309,0.47349468
127313,0.4831149
127316,0.3050409
127317,0.2820465
127318,0.22242793
127333,0.19148216
127334,0.12603176
127336,0.3137787
127346,0.5619071
127370,0.1521669
127375,0.69833136
127390,0.5313599
127392,0.58397025
127398,0.3572362
127400,0.37307462
127402,0.7478693
127407,0.5115449
127412,0.12898463
127413,0.25220856
127415,0.21780998
127418,0.7260772
127425,0.569157
127432,0.106881864
127436,0.08961016
127448,0.20323963
127449,0.5350065
127463,0.62548673
127464,0.757705
127468,0.29942456
127481,0.36399838
127492,0.6451229
127495,0.104137965
127496,0.44337705
127501,0.6517736
127508,0.33380586
127531,0.35115963
127554,0.13771294
127562,0.09963837
127565,0.10281105
127567,0.28215
127582,0.24250452
127593,0.4039632
127595,0.1457172
127614,0.23233205
127627,0.6211752
127630,0.4120951
127638,0.66326445
127639,0.20702957
127641,0.21463744
127643,0.44927195
127665,0.27876368
127674,0.0892141
127676,0.57652307
127693,0.736705
127701,0.18086483
127702,0.57772976
127709,0.62628055
127720,0.40090045
127733,0.19637007
127739,0.6066218
127753,0.11206482
127756,0.17219743
127757,0.6795746
127777,0.70710367
127810,0.7951946
127811,0.37277845
127821,0.7190153
127835,0.2887377
127839,0.19760358
127870,0.58134985
127878,0.8299235
127887,0.66467035
127918,0.41576138
127919,0.7856369
127920,0.37675494
127932,0.18183978
127933,0.76913345
127953,0.1459358
127955,0.2722577
127957,0.08954318
127961,0.37085217
127967,0.84789026
127970,0.5888209
127975,0.4078679
127985,0.10064083
127991,0.106310576
127997,0.102728225
127999,0.24140477
128004,0.18860556
128005,0.44665986
128015,0.5623941
128018,0.20330408
128044,0.3937923
128046,0.26008877
128047,0.5620417
128048,0.77579576
128054,0.33006606
128066,0.3435924
128070,0.08573426
128071,0.40215996
128094,0.7012042
128095,0.31250098
128099,0.5674382
128116,0.11504535
128130,0.42303362
128132,0.5989971
128133,0.8394238
128140,0.11486334
128154,0.4485731
128156,0.7850365
128160,0.16795424
128165,0.8334189
128166,0.17060538
128169,0.22997145
128171,0.4745646
128177,0.4505223
128178,0.2139648
128182,0.08760141
128191,0.6128583
128199,0.6691868
128213,0.65755713
128214,0.4001243
128216,0.24336149
128217,0.7262866
128226,0.45237926
128229,0.29808438
128232,0.55604
128246,0.19761729
128273,0.65609956
128274,0.40179652
128283,0.26067993
128284,0.32480454
128294,0.8582743
128295,0.5879372
128297,0.37022552
128300,0.19418058
128314,0.18126501
128317,0.15423259
128339,0.14275566
128340,0.11691972
128342,0.5053093
128343,0.26681328
128364,0.7420582
128368,0.87543106
128377,0.23915681
128380,0.1757911
128383,0.4423663
128407,0.2096918
128409,0.10294175
128423,0.4257121
128428,0.14928477
128433,0.47139245
128438,0.6727232
128439,0.6212161
128446,0.2678387
128447,0.25399882
128450,0.58837175
128455,0.79246336
128457,0.34911662
128464,0.23338479
128465,0.3209549
128471,0.19310528
128474,0.6806095
128483,0.48698473
128514,0.41025284
128516,0.3030036
128519,0.48415104
128528,0.3214394
128529,0.74905807
128536,0.42164123
128541,0.1471452
128542,0.29587168
128545,0.11786555
128557,0.10488107
128560,0.5608783
128568,0.5650767
128571,0.21929461
128578,0.12355003
128582,0.5542829
128588,0.7652893
128597,0.63579243
128610,0.72223145
128619,0.700469
128630,0.3720684
128680,0.4761106
128684,0.3995493
128687,0.2377443
128699,0.7764781
128702,0.40122324
128704,0.3471908
128710,0.7872093
128720,0.5107097
128724,0.2895664
128727,0.48691446
128744,0.30373186
128745,0.24875471
128760,0.41153786
128766,0.89802754
128770,0.46802434
128782,0.62461704
128822,0.10293166
128830,0.80491257
128836,0.5457318
128845,0.4127368
128858,0.15760127
128859,0.25598025
128860,0.53828055
128874,0.39590374
128880,0.5579127
128882,0.6782313
128883,0.6786986
128884,0.1449643
128892,0.65282446
128905,0.4855413
128910,0.46574408
128912,0.6423314
128915,0.37480482
128917,0.6441237
128937,0.13730709
128942,0.62987375
128945,0.14597742
128957,0.3657492
128962,0.23332945
128970,0.096733004
128985,0.53581065
128986,0.20146282
128992,0.09378581
128994,0.4709011
129003,0.2845399
129005,0.50398594
129010,0.12429553
129024,0.67385185
129038,0.19215974
129042,0.364965
129049,0.17352358
129062,0.8539459
129067,0.66602176
129070,0.33665043
129073,0.10380508
129074,0.6477003
129088,0.21423104
129090,0.59241796
129101,0.82172656
129102,0.36827117
129106,0.63928723
129108,0.62728715
129120,0.43529427
129122,0.3266592
129123,0.8557499
129135,0.5127497
129141,0.39313295
129152,0.67628175
129160,0.3878049
129168,0.5048797
129174,0.4204591
129178,0.4613765
129183,0.37250715
129187,0.20768738
129197,0.4660054
129200,0.39242446
129205,0.54975593
129222,0.39641276
129230,0.47524562
129235,0.10917029
129251,0.25420216
129274,0.24756847
129282,0.14735748
129284,0.29986516
129298,0.49358398
129299,0.44966853
129311,0.38162988
129312,0.15766716
129313,0.17280376
129314,0.33154523
129321,0.56395704
129329,0.43298393
129330,0.65883416
129332,0.3488033
129338,0.4195135
129345,0.13215826
129349,0.55069524
129353,0.20637909
129357,0.103593335
129358,0.71889293
129365,0.45294547
129376,0.22025944
129380,0.10533443
129382,0.5645952
129402,0.4502624
129403,0.088929154
129412,0.32216042
129441,0.88634855
129442,0.30905855
129448,0.69704884
129466,0.18345653
129475,0.26463857
129483,0.222921
129484,0.15643895
129499,0.14172034
129501,0.15056294
129508,0.12761652
129510,0.6943631
129526,0.5854086
129527,0.87981904
129533,0.32789314
129535,0.89054
129536,0.80678254
129545,0.5392241
129553,0.73925865
129557,0.66622835
129560,0.3780096
129576,0.6255605
129580,0.48253998
129585,0.681018
129587,0.089661434
129597,0.35207257
129611,0.1132597
129619,0.33789095
129622,0.68000805
129631,0.366608
129632,0.18394363
129640,0.16344997
129647,0.38739341
129658,0.17251264
129676,0.11162912
129683,0.16328046
129685,0.09192846
129701,0.5229775
129706,0.8242933
129707,0.11576762
129720,0.34958512
129727,0.57298875
129728,0.16088328
129768,0.45099083
129775,0.25172758
129790,0.10873223
129804,0.26241457
129805,0.5596216
129813,0.0980085
129816,0.1634009
129823,0.63258713
129826,0.86406827
129831,0.25716913
129833,0.10311346
129851,0.2795759
129857,0.76910585
129860,0.3906852
129914,0.5249042
129926,0.51656276
129933,0.45311755
129939,0.3670557
129949,0.35917664
129959,0.5275857
129962,0.8602019
129963,0.72050697
129964,0.25110123
129977,0.09646211
129985,0.11459351
129987,0.2481105
129992,0.37800023
130002,0.6241034
130016,0.4789794
130045,0.43927482
130048,0.66368175
130051,0.31149268
130053,0.52573645
130056,0.103666134
130061,0.21898334
130062,0.47704172
130065,0.47801703
130066,0.5918726
130070,0.5511924
130079,0.54335535
130080,0.6746447
130098,0.38665608
130109,0.6360754
130110,0.37931496
130116,0.19205993
130125,0.8468626
130134,0.8058143
130137,0.33227003
130138,0.22537911
130146,0.2937902
130148,0.48605773
130154,0.12915342
130156,0.19708054
130158,0.7005735
130159,0.25417882
130177,0.09948497
130186,0.90397835
130204,0.66761893
130205,0.47442827
130206,0.4781076
130211,0.34022132
130217,0.4732312
130218,0.33432356
130235,0.46586308
130236,0.8698561
130239,0.12972479
130256,0.5158257
130260,0.09577687
130261,0.629999
130262,0.24801014
130263,0.63311213
130264,0.09303037
130266,0.82995725
130277,0.69489884
130278,0.29368824
130281,0.7634655
130297,0.25578377
130302,0.73599374
130320,0.34694493
130325,0.78043735
130329,0.09555592
130338,0.7759349
130339,0.19565345
130340,0.67180103
130344,0.24881616
130347,0.31666338
130353,0.44909492
130358,0.14428455
130366,0.24425757
130371,0.39892048
130374,0.52670026
130389,0.31788498
130390,0.55608886
130404,0.42185077
130426,0.27003333
130440,0.19855408
130449,0.9127612
130451,0.1380534
130452,0.53276044
130453,0.53083646
130463,0.21122752
130466,0.14163183
130467,0.15322591
130475,0.48089018
130489,0.5908972
130490,0.14853069
130495,0.66544676
130497,0.31128046
130499,0.12281168
130504,0.28154445
130513,0.300971
130528,0.16302764
130533,0.757876
130543,0.30476955
130567,0.56956327
130571,0.5815535
130572,0.40457553
130589,0.505319
130592,0.75369227
130603,0.60989213
130623,0.17472029
130641,0.41837293
130687,0.31040657
130690,0.5913939
130698,0.37597865
130707,0.40219706
130709,0.67797375
130718,0.79316765
130722,0.47759545
130732,0.44763938
130735,0.5324214
130757,0.38851854
130760,0.1786338
130771,0.28013855
130772,0.19130786
130774,0.5096577
130779,0.28218466
130795,0.6349327
130828,0.6235946
130833,0.18514875
130843,0.09478544
130855,0.7298163
130871,0.17025366
130878,0.58838993
130885,0.7183713
130889,0.6905631
130894,0.3610217
130896,0.6307583
130905,0.38248727
130906,0.2627543
130930,0.13269448
130931,0.7015552
130943,0.7098045
130946,0.11072212
130947,0.6531518
130950,0.12550737
130954,0.19177154
130966,0.17228915
130983,0.65543425
131003,0.22230345
131005,0.09906096
131009,0.26897255
131013,0.55052865
131027,0.2993725
131030,0.8555671
131031,0.170699
131033,0.09271635
131039,0.4015389
131045,0.73417795
131057,0.47434998
131072,0.11547914
131084,0.6523169
131088,0.11932545
131089,0.15343417
131091,0.18860775
131093,0.5482865
131114,0.77507234
131118,0.10506175
131123,0.49923882
131130,0.64851594
131144,0.12174494
131162,0.7660395
131163,0.12109356
131166,0.5481515
131179,0.6842246
131181,0.30267957
131183,0.87451833
131219,0.20476797
131227,0.202472
131231,0.1456915
131235,0.5684896
131242,0.5958528
131251,0.28467008
131257,0.39055008
131263,0.40575004
131268,0.64780307
131271,0.15104887
131275,0.19139145
131286,0.62032974
131290,0.6924024
131300,0.14979792
131306,0.17601016
131316,0.68352765
131321,0.8471226
131322,0.2585138
131326,0.08696757
131333,0.6322695
131335,0.7820881
131352,0.0979034
131354,0.11040633
131366,0.49516347
131373,0.5448883
131388,0.33164364
131394,0.15763742
131404,0.61422837
131405,0.5782065
131411,0.096926235
131416,0.743709
131421,0.37095255
131424,0.27684677
131426,0.7337035
131443,0.8635544
131470,0.8307811
131471,0.6844861
131476,0.111778855
131477,0.110617384
131479,0.8044621
131493,0.8405936
131495,0.64009494
131496,0.57895035
131498,0.6940635
131504,0.28221166
131525,0.83723724
131528,0.280751
131548,0.28660682
131549,0.2509536
131550,0.6476683
131557,0.86118126
131564,0.28157243
131565,0.14863354
131576,0.6119489
131602,0.81323516
131628,0.40276644
131629,0.25527158
131641,0.6670452
131647,0.13668667
131664,0.10330861
131677,0.6236709
131681,0.46042305
131682,0.41816035
131688,0.8206899
131690,0.28985164
131691,0.24711208
131709,0.4525698
131713,0.20261258
131719,0.56898224
131733,0.66859066
131734,0.5038507
131743,0.8230333
131747,0.42076674
131748,0.7386924
131758,0.22091046
131759,0.83006954
131764,0.35393125
131771,0.16596514
131788,0.1403551
131791,0.7427753
131798,0.3342866
131810,0.5964318
131812,0.27480134
131815,0.4713917
131823,0.46614674
131824,0.1020203
131828,0.5075163
131844,0.27930126
131846,0.2649446
131848,0.23399752
131863,0.102120206
131864,0.20346555
131889,0.14329474
131890,0.50370276
131892,0.73254484
131895,0.30892387
131896,0.5354184
131897,0.11455782
131905,0.21258208
131906,0.36615583
131907,0.8670965
131914,0.11301856
131921,0.105709724
131922,0.46639654
131925,0.15294157
131936,0.33597797
131941,0.7181166
131950,0.15941696
131952,0.5286984
131959,0.8779401
131983,0.12443015
131987,0.5921677
131994,0.30081016
132004,0.7236933
132009,0.40740865
132012,0.2776703
132013,0.23466744
132014,0.8987439
132028,0.8277854
132054,0.2973905
132061,0.24216089
132062,0.57974374
132078,0.634575
132082,0.08891069
132086,0.64706343
132089,0.40614876
132095,0.55685115
132109,0.5339449
132110,0.4467267
132121,0.0967596
132125,0.12844439
132127,0.7749357
132128,0.143299
132134,0.3173653
132139,0.12888667
132141,0.1100715
132149,0.9020418
132150,0.2510269
132152,0.18996409
132153,0.64510983
132164,0.13758801
132179,0.8532533
132182,0.4581453
132189,0.22133021
132193,0.15068623
132194,0.09852373
132195,0.521395
132208,0.87931526
132211,0.5947346
132212,0.35397467
132216,0.13207845
132219,0.23611271
132223,0.46419945
132238,0.39778104
132242,0.09327786
132268,0.13124953
132275,0.1956812
132276,0.5778262
132279,0.14251983
132289,0.85678214
132290,0.091662586
132300,0.7978975
132319,0.44527218
132340,0.09375801
132344,0.62809783
132345,0.09140371
132346,0.68711245
132352,0.5451506
132353,0.18680632
132358,0.9052421
132381,0.2803579
132382,0.09555838
132383,0.7659818
132410,0.36285645
132419,0.101447314
132423,0.30188897
132432,0.57401973
132434,0.20670258
132440,0.7477288
132441,0.29914862
132452,0.11355537
132453,0.14085801
132456,0.3316793
132459,0.1482593
132462,0.1266604
132463,0.42584395
132468,0.75202334
132485,0.9013312
132490,0.12465153
132500,0.2769616
132521,0.42214835
132555,0.38960242
132560,0.1521215
132562,0.118056215
132575,0.514119
132587,0.19887853
132591,0.63261855
132611,0.39048514
132615,0.24773405
132617,0.7549044
132622,0.81495917
132629,0.17169003
132638,0.26341817
132642,0.16987698
132658,0.2784315
132664,0.576523
132668,0.10631617
132676,0.68785644
132704,0.64118147
132707,0.50824076
132719,0.46275088
132723,0.87907356
132724,0.6415899
132732,0.5036449
132754,0.359981
132756,0.3974637
132766,0.5408325
132767,0.3762803
132775,0.4283952
132776,0.7106387
132785,0.538277
132787,0.37226355
132793,0.581294
132807,0.13205157
132811,0.0893661
132818,0.23643623
132834,0.20471212
132846,0.14279677
132861,0.2564383
132870,0.77293104
132882,0.11753025
132884,0.13187787
132885,0.80609685
132888,0.4129376
132898,0.5181951
132912,0.24187821
132916,0.6491554
132917,0.10103397
132932,0.5635845
132940,0.24072336
132943,0.1427041
132962,0.44212502
132965,0.66149074
132969,0.10335096
132974,0.4934217
132977,0.22821932
132978,0.41464826
132982,0.24678625
132983,0.08667998
132996,0.10821086
133006,0.1255595
133007,0.119064115
133025,0.1898228
133027,0.3759632
133033,0.44636875
133038,0.30333784
133040,0.29717746
133041,0.118860915
133044,0.47377977
133053,0.2791307
133063,0.573775
133065,0.09909293
133083,0.3417362
133084,0.18552834
133091,0.51735944
133092,0.10119613
133107,0.5390217
133111,0.6366217
133122,0.17676102
133132,0.11230376
133140,0.7435756
133147,0.25710988
133150,0.089100495
133168,0.36406782
133170,0.14611351
133184,0.29088128
133228,0.17533787
133229,0.2156176
133230,0.09879201
133232,0.48900518
133242,0.58043766
133246,0.652564
133247,0.51280993
133253,0.25181413
133268,0.58072984
133271,0.6475604
133272,0.18540113
133296,0.86122924
133299,0.71428233
133302,0.7412249
133315,0.44873258
133330,0.12528822
133331,0.48369592
133332,0.110506855
133333,0.3647211
133334,0.8964373
133361,0.85655963
133363,0.5962917
133404,0.12449866
133412,0.9072832
133418,0.48427838
133422,0.675866
133426,0.7333071
133450,0.38554054
133465,0.4608118
133468,0.29525712
133469,0.12975135
133474,0.1779507
133479,0.3073442
133490,0.7077497
133492,0.13189039
133495,0.12217062
133496,0.20071205
133501,0.6990608
133502,0.5134201
133511,0.61803216
133515,0.28428018
133528,0.6285245
133539,0.28056526
133551,0.21652956
133564,0.30402905
133569,0.39228967
133570,0.26341823
133578,0.43093958
133586,0.13671823
133587,0.83187073
133597,0.59434223
133608,0.116576515
133624,0.5372212
133626,0.64957744
133645,0.39397123
133655,0.1254289
133658,0.48207343
133659,0.19404441
133660,0.3699078
133664,0.103518315
133684,0.8079373
133685,0.105174825
133688,0.7603258
133706,0.29817432
133713,0.24489604
133723,0.09888273
133730,0.46354583
133733,0.10658973
133760,0.46587268
133762,0.6704761
133777,0.14737526
133793,0.111911036
133816,0.382506
133818,0.5588093
133824,0.5057374
133841,0.73678976
133850,0.25204474
133877,0.41545486
133880,0.5867778
133887,0.18661354
133889,0.89177036
133896,0.76514345
133916,0.7179989
133920,0.15499449
133936,0.42487732
133939,0.34687027
133940,0.19896758
133942,0.36559418
133956,0.7363706
133957,0.50273335
133965,0.60422945
133972,0.8027719
133973,0.28153417
134008,0.3975835
134016,0.8227896
134039,0.4798417
134040,0.15598044
134045,0.5611533
134050,0.7248565
134056,0.82810897
134082,0.7822051
134085,0.63030744
134089,0.13791099
134102,0.44147223
134118,0.10821396
134131,0.14932859
134135,0.53125036
134137,0.24289691
134150,0.53230864
134159,0.15813114
134183,0.23778518
134186,0.6857177
134211,0.22227621
134216,0.20988505
134217,0.12894884
134218,0.3938933
134230,0.2167
134233,0.80153424
134234,0.14762259
134236,0.7960067
134241,0.12413805
134242,0.2086648
134273,0.24140379
134277,0.111882426
134287,0.506514
134293,0.23337224
134302,0.103046924
134306,0.80035484
134307,0.13111746
134325,0.29439574
134330,0.64880913
134334,0.4752968
134338,0.76262623
134339,0.13377173
134348,0.1815282
134355,0.0909134
134369,0.8228268
134387,0.2690262
134399,0.6514534
134400,0.11946796
134405,0.19625701
134407,0.10938428
134433,0.16180138
134448,0.15197542
134460,0.17146169
134463,0.78678805
134467,0.26534972
134485,0.12889902
134486,0.65866995
134490,0.83198124
134494,0.64582676
134501,0.86819226
134508,0.13072611
134512,0.69108784
134514,0.08635039
134519,0.111995436
134528,0.40895262
134536,0.400417
134540,0.38780856
134546,0.15118264
134549,0.48770222
134558,0.62026614
134560,0.7072464
134588,0.6421622
134590,0.16404298
134591,0.662559
134594,0.34166822
134622,0.28543723
134626,0.107715674
134639,0.33951095
134649,0.6909864
134654,0.41389704
134658,0.3230844
134683,0.5117322
134688,0.8757097
134689,0.86463445
134697,0.28816992
134698,0.8490681
134718,0.45646197
134742,0.32148144
134751,0.67134464
134760,0.30342776
134763,0.13030286
134764,0.32239547
134765,0.43282735
134773,0.101314224
134790,0.34903586
134794,0.3482537
134802,0.26810816
134805,0.10209159
134807,0.5347593
134812,0.63334674
134813,0.11670573
134823,0.63612336
134824,0.5577705
134838,0.64128727
134841,0.26904926
134857,0.159316
134862,0.783465
134865,0.48461282
134880,0.82692677
134883,0.4296648
134884,0.7990629
134916,0.15085645
134918,0.2738301
134919,0.6108834
134921,0.10382866
134928,0.8328095
134943,0.4918169
134950,0.27630478
134968,0.19076377
134971,0.8591394
134972,0.22738928
135011,0.6039921
135013,0.86702436
135016,0.118474156
135031,0.5888
135036,0.14452982
135041,0.18836035
135052,0.15219188
135053,0.38564226
135054,0.8535393
135060,0.14618574
135072,0.37593237
135078,0.29342136
135079,0.3566892
135090,0.59581804
135113,0.18594643
135123,0.11054997
135128,0.70446026
135136,0.74748933
135152,0.27847278
135163,0.23348562
135166,0.19266103
135186,0.5340946
135188,0.38379565
135194,0.20667511
135214,0.16495936
135220,0.30023605
135235,0.16379026
135236,0.16099222
135241,0.6032747
135243,0.4287063
135253,0.3207718
135258,0.620539
135264,0.44474304
135271,0.22404788
135274,0.49731842
135275,0.52182317
135288,0.51625115
135290,0.33408076
135299,0.40286523
135304,0.506027
135309,0.12154142
135345,0.86527014
135359,0.45937538
135360,0.7098751
135361,0.5031485
135363,0.6331083
135365,0.32447746
135369,0.5949808
135380,0.096614234
135387,0.6170362
135389,0.48740453
135390,0.845088
135393,0.28841555
135401,0.485496
135409,0.7947388
135410,0.5173379
135412,0.10685151
135430,0.37564862
135434,0.09918785
135435,0.38925186
135445,0.7265786
135449,0.8493047
135460,0.6098697
135461,0.108139135
135491,0.37395748
135500,0.5631728
135504,0.36133465
135506,0.6352213
135521,0.54176474
135523,0.8992507
135527,0.26960832
135528,0.62315786
135530,0.87141556
135540,0.6124978
135541,0.9126113
135562,0.46069473
135578,0.22976328
135584,0.6428543
135589,0.7367966
135590,0.2170471
135591,0.7606646
135596,0.15045935
135607,0.08844112
135622,0.11704843
135626,0.64697313
135635,0.35403696
135636,0.45868874
135650,0.16201477
135656,0.14323816
135657,0.87669337
135672,0.81601065
135673,0.25961518
135678,0.7347905
135679,0.08847093
135684,0.6514347
135701,0.12289215
135704,0.5081274
135713,0.51100785
135716,0.67031324
135718,0.13964115
135723,0.13691023
135737,0.22104257
135738,0.094515346
135745,0.09640242
135746,0.70946836
135752,0.30227283
135755,0.43584067
135756,0.24814126
135765,0.13847752
135778,0.3347351
135779,0.4672162
135788,0.102168776
135803,0.60470456
135804,0.41570148
135809,0.10942532
135811,0.8925561
135812,0.36867213
135823,0.68938583
135834,0.47964472
135838,0.08913181
135843,0.6366942
135847,0.20794012
135857,0.8893481
135865,0.30411297
135872,0.4380046
135885,0.6977676
135888,0.112614326
135899,0.35994378
135910,0.3132172
135930,0.42782483
135941,0.85957164
135943,0.5420248
135949,0.5132865
135950,0.37522587
135951,0.6755817
135954,0.5798256
135966,0.8080037
135967,0.29007953
135971,0.19174021
135974,0.61322117
135975,0.3627563
135985,0.08534262
136004,0.19860062
136009,0.4297336
136033,0.61726975
136041,0.71202916
136051,0.13376655
136057,0.46901962
136070,0.77644336
136099,0.110111356
136103,0.1318843
136114,0.7570289
136116,0.3589835
136140,0.2718853
136160,0.10917501
136185,0.25486422
136201,0.116264306
136211,0.53517765
136213,0.68734163
136224,0.7022415
136234,0.3496894
136244,0.27144465
136255,0.094357
136257,0.37584668
136260,0.10253337
136261,0.5614724
136263,0.5497494
136267,0.18983844
136277,0.5361645
136289,0.28696224
136293,0.3787754
136296,0.20822233
136302,0.65157413
136312,0.14912933
136317,0.693639
136337,0.7903567
136355,0.13715692
136356,0.8768659
136383,0.33185598
136390,0.31605336
136406,0.13645026
136416,0.14735967
136417,0.10630963
136429,0.6939121
136440,0.34863028
136445,0.8573183
136449,0.14161304
136454,0.5455012
136457,0.08723283
136467,0.8396703
136474,0.70191723
136503,0.10988041
136505,0.71271145
136558,0.1333406
136578,0.43848366
136579,0.10091156
136582,0.1482825
136583,0.11147138
136588,0.5492396
136593,0.20243931
136605,0.82170904
136617,0.4335689
136620,0.4641333
136625,0.1923341
136640,0.5045858
136643,0.80142474
136653,0.729916
136654,0.5504378
136660,0.124438114
136661,0.19880295
136663,0.44363922
136683,0.82201743
136711,0.6598079
136726,0.8502356
136730,0.62506133
136739,0.60705674
136740,0.75580364
136745,0.118851714
136751,0.33421943
136754,0.42268926
136758,0.49442112
136762,0.54061776
136763,0.28393793
136778,0.09439608
136782,0.2115183
136798,0.5331439
136808,0.80671275
136811,0.39830214
136829,0.37430474
136832,0.17419878
136838,0.55239147
136846,0.4968814
136848,0.51039845
136852,0.35101393
136854,0.34767765
136856,0.22246097
136862,0.84128296
136863,0.4834046
136885,0.09322691
136887,0.694529
136902,0.4274804
136918,0.18719594
136922,0.33906803
136923,0.12635683
136929,0.86439574
136940,0.65642405
136967,0.8083612
136968,0.727085
136972,0.43200484
136984,0.5558289
136993,0.5828465
136994,0.27187628
136995,0.124776766
136999,0.13810387
137013,0.14870642
137015,0.53982747
137023,0.6016491
137025,0.751233
137032,0.37133726
137033,0.8902611
137045,0.34819072
137049,0.1185429
137051,0.5114006
137052,0.2891985
137101,0.7693107
137119,0.69353527
137142,0.5080009
137149,0.61856294
137166,0.116387635
137167,0.11586839
137192,0.19741556
137193,0.6435232
137194,0.57037944
137204,0.63491017
137214,0.19742431
137222,0.47444752
137223,0.26959366
137234,0.1568223
137254,0.098988995
137269,0.116632074
137284,0.27118632
137285,0.8882894
137286,0.81753284
137287,0.37632853
137300,0.53961843
137305,0.6640819
137313,0.37994066
137344,0.74818164
137346,0.62833416
137354,0.60832465
137356,0.7286129
137357,0.6768113
137364,0.6749979
137368,0.09020775
137380,0.48521823
137383,0.39292067
137395,0.17396204
137432,0.112719916
137433,0.48339704
137435,0.45734683
137444,0.29960006
137453,0.52591556
137454,0.31235403
137455,0.50530744
137456,0.20209454
137457,0.6095697
137465,0.36116612
137476,0.59542644
137515,0.38841206
137544,0.5837851
137549,0.1326651
137560,0.51270556
137577,0.83634716
137590,0.113982394
137591,0.35738143
137592,0.5313101
137595,0.3603359
137614,0.5876963
137624,0.2889941
137640,0.08958809
137651,0.6720074
137657,0.10996716
137658,0.79590005
137672,0.45362246
137673,0.35110077
137687,0.8442827
137688,0.59804475
137689,0.20462914
137700,0.7722608
137711,0.4355118
137715,0.6963502
137718,0.22291498
137721,0.17072102
137722,0.8583946
137726,0.3828689
137739,0.764287
137741,0.09188477
137743,0.4868924
137747,0.1094598
137761,0.37627497
137796,0.2515438
137807,0.5209247
137809,0.442643
137824,0.13611908
137827,0.48200428
137846,0.79521805
137862,0.11372848
137865,0.27000356
137868,0.5419816
137875,0.11181311
137878,0.4273485
137883,0.5004598
137888,0.1957771
137913,0.62011033
137915,0.11171202
137934,0.4942507
137936,0.74187994
137937,0.5281322
137942,0.46465123
137944,0.8382692
137947,0.11921836
137960,0.31047013
137977,0.58072984
138006,0.5640657
138007,0.2671419
138008,0.16672964
138019,0.54255986
138021,0.12637642
138022,0.5391928
138025,0.60150295
138044,0.19401367
138046,0.35759154
138050,0.7300568
138068,0.67553353
138084,0.4273716
138085,0.26275852
138086,0.093476765
138087,0.095018975
138089,0.65963244
138100,0.3639323
138105,0.31164712
138107,0.4968788
138127,0.14744644
138128,0.49742353
138129,0.09107492
138131,0.10334667
138132,0.16535245
138150,0.13499367
138156,0.1608997
138169,0.60572267
138174,0.5650659
138177,0.2579032
138187,0.5041905
138189,0.3758329
138193,0.48785976
138203,0.20312127
138209,0.19208638
138237,0.1960679
138243,0.5577526
138273,0.15129936
138274,0.24885115
138275,0.10153798
138277,0.4066301
138285,0.16446052
138289,0.732299
138308,0.3318615
138313,0.37748083
138317,0.100052126
138326,0.6226161
138327,0.58040667
138338,0.31715468
138367,0.24400379
138377,0.75358284
138416,0.11521683
138417,0.41899273
138419,0.30085874
138425,0.76183784
138430,0.40408868
138454,0.5036673
138465,0.23719248
138470,0.14687295
138480,0.19894767
138481,0.6350793
138486,0.24303855
138492,0.25322658
138496,0.4507163
138519,0.7402743
138520,0.6517871
138522,0.60791075
138545,0.08656842
138556,0.75141287
138560,0.089911625
138564,0.21953659
138573,0.29419643
138581,0.55984074
138585,0.5538216
138591,0.42417815
138598,0.1746985
138600,0.17232125
138602,0.2718899
138613,0.452137
138639,0.26241186
138651,0.30396253
138652,0.5328566
138661,0.8295317
138674,0.16336246
138678,0.90410316
138679,0.10502398
138686,0.33196986
138695,0.5114553
138711,0.4746565
138728,0.73892957
138731,0.26592404
138744,0.6771135
138752,0.88952976
138754,0.6569782
138756,0.62783223
138770,0.38417947
138771,0.85435706
138807,0.093108855
138818,0.11701126
138819,0.3996358
138820,0.13057673
138831,0.37967336
138843,0.23497923
138871,0.5484399
138873,0.26680878
138876,0.30959818
138880,0.76962954
138881,0.48220003
138882,0.10090066
138890,0.350179
138892,0.11534692
138893,0.4913722
138917,0.2549789
138921,0.2686004
138922,0.8142277
138924,0.12324057
138926,0.09825339
138932,0.6677463
138946,0.66307896
138959,0.6426485
138961,0.28848782
138964,0.090398885
138968,0.555792
138969,0.5207749
138980,0.47756213
138992,0.6232865
139002,0.5810572
139010,0.5622583
139011,0.253886
139017,0.7018684
139030,0.14661358
139032,0.6313043
139034,0.70020604
139039,0.628486
139049,0.89930767
139053,0.27059066
139058,0.64833045
139062,0.6012928
139067,0.9136294
139069,0.8575402
139070,0.8948306
139075,0.26893726
139082,0.34088126
139092,0.43453708
139098,0.49458507
139108,0.70804864
139127,0.8489796
139130,0.58194405
139145,0.19411059
139164,0.49800718
139174,0.18086292
139175,0.52260005
139178,0.13057426
139180,0.11753266
139181,0.8586841
139186,0.20787361
139189,0.41698173
139190,0.17921658
139191,0.11000044
139198,0.14878666
139201,0.54650396
139204,0.49711177
139208,0.08907258
139211,0.19424394
139215,0.37329948
139225,0.77969235
139226,0.334608
139231,0.21358635
139246,0.63491774
139252,0.26597273
139256,0.13294409
139258,0.1993765
139268,0.37546703
139272,0.21724887
139283,0.5027615
139286,0.20113721
139289,0.44478804
139290,0.829591
139291,0.4864282
139293,0.27911407
139303,0.18126687
139304,0.22466274
139307,0.7280203
139319,0.22840142
139321,0.3543173
139326,0.3273542
139327,0.5106444
139355,0.7627634
139363,0.4003056
139375,0.3600843
139397,0.47138643
139412,0.59548
139413,0.2513511
139415,0.5235413
139416,0.6053224
139449,0.60600084
139461,0.3994389
139462,0.7903943
139463,0.7515098
139486,0.13041347
139493,0.63099474
139515,0.73905015
139516,0.49710277
139522,0.4093481
139532,0.1664916
139542,0.19310167
139545,0.35283393
139552,0.868783
139553,0.6390793
139555,0.42709714
139559,0.71533895
139560,0.50334775
139564,0.31791925
139565,0.14211862
139567,0.10369536
139568,0.20906638
139572,0.3457331
139573,0.29120833
139592,0.25717288
139595,0.7133127
139597,0.6271731
139598,0.5122548
139607,0.5687714
139609,0.65559727
139628,0.48768267
139653,0.39010558
139656,0.9006517
139661,0.13744095
139673,0.36685
139674,0.2288859
139683,0.09418458
139714,0.48747316
139724,0.25582024
139737,0.7441009
139749,0.49826604
139755,0.088207625
139756,0.40557522
139757,0.20858559
139763,0.681202
139769,0.76729906
139774,0.78406274
139775,0.13314916
139777,0.26183853
139780,0.519947
139788,0.7977018
139794,0.72968835
139831,0.6708322
139832,0.18571304
139834,0.48117474
139839,0.28732094
139843,0.66436535
139844,0.1500184
139858,0.5259825
139861,0.832431
139864,0.80627567
139865,0.73725826
139874,0.41750214
139876,0.39303318
139895,0.10912803
139903,0.50320137
139917,0.18640953
139930,0.27170703
139934,0.52648187
139935,0.29496446
139946,0.17834228
139958,0.14943954
139977,0.27249613
139981,0.38788983
139989,0.1149738
139992,0.5146091
139995,0.24325255
139996,0.6770307
139997,0.29320878
140005,0.60372996
140010,0.53388274
140018,0.61555123
140026,0.42084774
140027,0.5287322
140031,0.21610294
140037,0.11654999
140039,0.09498511
140040,0.5984445
140042,0.1349085
140049,0.79703695
140084,0.31237078
140087,0.36542013
140096,0.30508897
140101,0.90006274
140114,0.24254172
140117,0.58280843
140129,0.6590395
140131,0.91088384
140132,0.15765826
140136,0.7984801
140144,0.10374774
140151,0.6015832
140172,0.17001276
140174,0.15400554
140190,0.79484725
140196,0.25828135
140200,0.13779569
140204,0.48868725
140223,0.29588166
140232,0.3190156
140234,0.50788754
140237,0.32341725
140245,0.8312788
140247,0.6664726
140248,0.11353506
140298,0.18990761
140305,0.8806697
140311,0.109279916
140312,0.8696223
140318,0.5994421
140325,0.31943017
140327,0.85959464
140334,0.29886574
140337,0.29248843
140338,0.088671595
140343,0.20162363
140376,0.28040618
140378,0.6452716
140381,0.08929258
140382,0.5701244
140384,0.3326431
140386,0.62573385
140390,0.22119822
140402,0.20033397
140406,0.105448134
140425,0.26613963
140426,0.56835526
140434,0.15382442
140435,0.4377842
140436,0.76628923
140451,0.3837713
140452,0.2015137
140454,0.57438207
140455,0.23059672
140483,0.54609036
140504,0.35795894
140512,0.32195237
140518,0.15450767
140534,0.4568894
140545,0.08795295
140546,0.5475887
140560,0.15680072
140563,0.09819492
140564,0.5738397
140569,0.17976068
140577,0.47996646
140638,0.29142532
140655,0.24849112
140664,0.6079147
140669,0.30706152
140672,0.8923732
140682,0.22938135
140693,0.592753
140700,0.12463491
140701,0.32086578
140704,0.30255014
140705,0.47426575
140719,0.11329595
140749,0.8357195
140750,0.18846725
140751,0.5201563
140752,0.4981793
140762,0.37792882
140772,0.32110435
140778,0.7843019
140779,0.28233713
140780,0.18400826
140802,0.08802375
140804,0.7655769
140807,0.369711
140813,0.18462071
140827,0.22955298
140840,0.16692896
140845,0.51155233
140847,0.48294953
140861,0.106037736
140862,0.7497369
140872,0.10519713
140879,0.20562443
140880,0.7869672
140886,0.5240759
140924,0.10374279
140938,0.106371
140944,0.29491183
140945,0.8632882
140961,0.129458
140963,0.37246913
140967,0.53681225
140982,0.66254646
140990,0.14372094
140993,0.13420688
140996,0.8621406
141004,0.25341162
141025,0.902888
141030,0.19501966
141031,0.21053962
141032,0.5608723
141067,0.13272355
141072,0.61514944
141081,0.12643383
141084,0.5021455
141085,0.35487306
141089,0.40132675
141090,0.22680716
141093,0.30307144
141095,0.5924166
141110,0.17781645
141114,0.29427746
141119,0.80499035
141147,0.3383408
141150,0.7347806
141159,0.69036895
141160,0.849988
141167,0.12551403
141206,0.46233124
141213,0.366673
141215,0.906643
141222,0.24874365
141255,0.46831626
141283,0.09229829
141298,0.8326133
141306,0.26464257
141310,0.67458814
141320,0.1881757
141323,0.6880116
141329,0.5786694
141333,0.3352262
141339,0.11594975
141340,0.4444146
141344,0.3621139
141345,0.17968658
141347,0.50156826
141350,0.41646856
141356,0.14421116
141358,0.3073042
141365,0.107084006
141368,0.1995367
141369,0.115192614
141376,0.6380802
141377,0.4075886
141385,0.11405961
141387,0.22660786
141388,0.8519234
141389,0.43846202
141390,0.40527394
141409,0.18543732
141410,0.4096621
141411,0.7568736
141414,0.42265448
141422,0.45989025
141426,0.55527997
141457,0.09492827
141470,0.34143633
141480,0.3801214
141481,0.28022793
141492,0.09425063
141493,0.22895083
141496,0.38330767
141497,0.20498496
141502,0.21374178
141503,0.14904152
141504,0.8915865
141507,0.45001882
141515,0.16625057
141524,0.8873231
141528,0.29221988
141540,0.09190844
141542,0.29307213
141551,0.7197438
141573,0.49194208
141580,0.13881369
141588,0.6236816
141596,0.8025054
141597,0.13573183
141602,0.8343155
141608,0.25904047
141611,0.098844625
141612,0.5982163
141618,0.44185215
141628,0.42533386
141632,0.57067597
141634,0.6732892
141637,0.5174413
141638,0.7104046
141639,0.2528048
141640,0.7943301
141644,0.839335
141654,0.64371216
141656,0.16121171
141668,0.46660408
141717,0.76697445
141718,0.30535385
141723,0.8337817
141743,0.40360236
141744,0.4692244
141750,0.18365116
141753,0.24161881
141762,0.6957707
141809,0.4278546
141815,0.24203563
141826,0.14020336
141832,0.16594306
141840,0.18656631
141869,0.6458223
141870,0.53388697
141887,0.713102
141915,0.12123461
141925,0.11027158
141945,0.89583844
141949,0.1753421
141958,0.34483144
141959,0.18263154
141963,0.15227571
141989,0.22320817
141995,0.3230574
141997,0.602722
142005,0.4324152
142008,0.39673483
142012,0.16831529
142014,0.08561692
142025,0.69606984
142036,0.111822605
142037,0.39174742
142038,0.109513134
142039,0.22197656
142064,0.4628227
142065,0.79498386
142070,0.59159684
142074,0.36857468
142079,0.6909492
142084,0.6935068
142087,0.56509995
142102,0.16481788
142106,0.09441164
142115,0.3387207
142120,0.08746558
142132,0.24808133
142139,0.5832752
142142,0.124927536
142153,0.44085294
142160,0.7008635
142162,0.22325736
142163,0.18343657
142167,0.20860413
142168,0.36565638
142177,0.5433755
142180,0.866954
142183,0.113144934
142186,0.50613743
142189,0.51963323
142195,0.20235159
142198,0.15091817
142210,0.25486267
142215,0.8037459
142222,0.23579887
142223,0.5904827
142224,0.24748269
142236,0.21512905
142237,0.15596867
142239,0.23284118
142242,0.23957026
142243,0.44114155
142244,0.19097465
142255,0.093275316
142273,0.08693907
142289,0.45827708
142294,0.08958642
142303,0.7082985
142305,0.40131032
142339,0.80770993
142359,0.85015035
142361,0.092656106
142364,0.15335086
142378,0.8841938
142380,0.5613298
142383,0.4969876
142387,0.49665493
142393,0.41333342
142396,0.77050847
142407,0.7549284
142409,0.40197134
142427,0.09456204
142429,0.8833353
142430,0.43723688
142431,0.20846711
142433,0.4523336
142439,0.57180166
142440,0.11043372
142446,0.3271788
142459,0.34489048
142478,0.13868622
142481,0.29180947
142491,0.46228853
142495,0.13365912
142497,0.1705085
142510,0.49452332
142513,0.6974378
142521,0.37269053
142529,0.7305198
142537,0.153604
142542,0.8603563
142558,0.20277624
142574,0.44225696
142575,0.12973207
142579,0.61471313
142587,0.12861985
142590,0.8886133
142610,0.23266113
142614,0.14007027
142621,0.09013209
142641,0.11663451
142650,0.21092188
142653,0.11649936
142667,0.6096263
142671,0.8288804
142676,0.6230424
142680,0.5610992
142684,0.1480047
142685,0.11742864
142686,0.47132957
142689,0.68239856
142691,0.70448065
142704,0.243304
142707,0.2968267
142724,0.14911506
142727,0.38118282
142728,0.3242687
142741,0.3202412
142747,0.77404344
142748,0.6227874
142752,0.30082792
142755,0.12845941
142756,0.34622037
142759,0.090063736
142762,0.17165826
142771,0.4266002
142778,0.37933788
142783,0.7092634
142789,0.7247513
142790,0.48824826
142791,0.6973998
142793,0.85383713
142795,0.72868377
142803,0.7289968
142819,0.23859763
142822,0.32167074
142825,0.38867226
142833,0.22415784
142871,0.17044473
142872,0.20233974
142883,0.7130558
142905,0.12982894
142906,0.33065733
142917,0.5950613
142921,0.5094954
142927,0.39310157
142932,0.097195596
142940,0.54943484
142962,0.70498943
142969,0.37173164
142976,0.21324164
142977,0.78293747
142982,0.6773253
142988,0.34340158
142990,0.4264318
142992,0.19171819
143012,0.34856543
143013,0.8380864
143016,0.5493419
143017,0.23797575
143033,0.48131037
143058,0.17785029
143059,0.29827535
143060,0.19313143
143065,0.53248537
143076,0.19849527
143081,0.8610043
143088,0.1968466
143089,0.40070957
143090,0.135123
143094,0.09338427
143100,0.16134979
143115,0.26920664
143132,0.36828938
143135,0.08778523
143136,0.50557035
143149,0.8433601
143151,0.47718197
143152,0.2387308
143153,0.52505594
143162,0.22664073
143166,0.18892212
143167,0.18785882
143187,0.5004189
143188,0.29351732
143190,0.35683346
143191,0.096891455
143195,0.8874543
143207,0.51622415
143209,0.6032796
143227,0.2650366
143231,0.40373898
143232,0.25300735
143244,0.17552269
143263,0.39126003
143268,0.8266416
143275,0.64140475
143278,0.71898174
143302,0.4487775
143320,0.45766866
143328,0.80791366
143336,0.1036939
143339,0.31919855
143340,0.65749085
143353,0.108508766
143360,0.19000742
143361,0.70642185
143385,0.83826876
143388,0.27380165
143389,0.5118424
143390,0.16016653
143393,0.7744088
143396,0.8188884
143419,0.5538962
143421,0.1020176
143422,0.12722644
143431,0.1155099
143433,0.62032926
143440,0.65611035
143442,0.110173844
143463,0.13250011
143466,0.17362894
143475,0.3459801
143500,0.45421913
143510,0.21363704
143528,0.29705396
143532,0.31602332
143535,0.5854739
143538,0.4355389
143548,0.28924048
143550,0.38452658
143555,0.11795382
143576,0.5471495
143593,0.67741376
143595,0.4765451
143596,0.167567
143597,0.44291985
143599,0.19423124
143601,0.22470029
143602,0.38774294
143605,0.09636072
143609,0.7420751
143611,0.508431
143613,0.09775501
143618,0.37767127
143652,0.2451511
143667,0.22808208
143679,0.45683634
143680,0.13669366
143692,0.68643516
143703,0.65842056
143712,0.5140169
143714,0.43631428
143715,0.42678094
143729,0.50319123
143732,0.28661975
143738,0.12240261
143740,0.39127094
143743,0.50109506
143772,0.4187521
143773,0.27630693
143792,0.2941579
143802,0.22466798
143808,0.21189089
143819,0.16170643
143820,0.5784825
143825,0.10495693
143828,0.1290707
143831,0.6984908
143834,0.09435049
143835,0.14461003
143843,0.13850775
143860,0.10012544
143874,0.39818227
143889,0.6068262
143903,0.15244295
143921,0.57554424
143936,0.21932516
143944,0.35269585
143947,0.60952365
143948,0.14237195
143957,0.8731804
143964,0.7661433
143965,0.09338178
143971,0.23557487
143976,0.5616284
143977,0.745418
143983,0.78259534
143991,0.35798773
144015,0.33745876
144032,0.23617186
144057,0.199587
144065,0.13689017
144087,0.11272703
144090,0.14517085
144091,0.78057086
144092,0.23740755
144139,0.45838016
144150,0.21329154
144151,0.22542231
144153,0.6612094
144154,0.8716975
144159,0.8734413
144168,0.34440723
144169,0.2414685
144178,0.71566993
144179,0.13556005
144183,0.118963525
144186,0.4792644
144190,0.8357003
144191,0.20284972
144199,0.78169966
144226,0.5509845
144227,0.10572512
144229,0.24312353
144237,0.33384672
144247,0.15344824
144249,0.4174928
144259,0.5681411
144260,0.44524264
144282,0.5089965
144295,0.68658334
144304,0.29036185
144314,0.3815112
144318,0.5235562
144324,0.83194095
144325,0.09750617
144333,0.32430783
144334,0.31030327
144336,0.17007986
144350,0.5329004
144354,0.12808616
144357,0.17966104
144359,0.15263098
144365,0.17701806
144385,0.5414028
144386,0.22588956
144387,0.72823095
144390,0.23767792
144393,0.22552255
144398,0.28500786
144402,0.20484921
144416,0.47322187
144422,0.15670983
144446,0.6940544
144451,0.26414156
144461,0.30386412
144464,0.5703284
144483,0.22718364
144498,0.70532393
144499,0.21752796
144534,0.16906133
144549,0.43588266
144563,0.11664749
144570,0.8919986
144579,0.21639563
144580,0.23189545
144581,0.10843033
144582,0.16393735
144587,0.12837681
144588,0.28445032
144589,0.38554528
144590,0.17271893
144598,0.554033
144601,0.15087
144610,0.3424539
144611,0.5004193
144612,0.15889712
144613,0.20488383
144617,0.43584564
144635,0.87623465
144640,0.54906654
144644,0.41825342
144645,0.19734254
144654,0.2710505
144656,0.5839134
144657,0.8292693
144658,0.4174654
144659,0.48321313
144665,0.17999503
144667,0.34860188
144675,0.18899423
144677,0.7599264
144678,0.1632106
144690,0.29187074
144701,0.84941435
144702,0.70982164
144716,0.46088502
144721,0.15824012
144722,0.8153285
144729,0.37684292
144744,0.17803597
144753,0.11719675
144761,0.15789577
144764,0.8311858
144767,0.1547438
144780,0.77030784
144781,0.6708951
144784,0.44517052
144806,0.39972034
144810,0.5687109
144811,0.35605448
144824,0.18774012
144828,0.67191947
144829,0.2866247
144835,0.78190047
144849,0.2000577
144850,0.092989795
144870,0.43628243
144881,0.6976607
144891,0.1176728
144898,0.6969485
144904,0.26703623
144906,0.12802602
144909,0.22116171
144910,0.707173
144912,0.71298915
144963,0.5749196
144965,0.6147637
144966,0.43649778
144979,0.3434047
144990,0.47572428
144991,0.27252704
144992,0.8973175
144999,0.54806954
145006,0.20975204
145007,0.521219
145008,0.14217603
145009,0.55584854
145011,0.10079378
145014,0.4821314
145025,0.16014004
145036,0.38259444
145041,0.15906549
145058,0.47312412
145071,0.51437825
145106,0.44338387
145110,0.19351909
145142,0.6604937
145146,0.58343667
145147,0.21373118
145148,0.5180333
145149,0.17187436
145154,0.31589425
145157,0.5042645
145158,0.11426026
145167,0.18925665
145172,0.55849344
145174,0.13077848
145192,0.10762654
145195,0.5755587
145196,0.8473189
145199,0.12416645
145209,0.7247275
145242,0.12639774
145248,0.11686144
145249,0.34077203
145250,0.514239
145281,0.40482652
145287,0.47881556
145288,0.67725736
145298,0.51628584
145303,0.08454793
145309,0.37319326
145333,0.52401376
145336,0.35612518
145339,0.49728423
145350,0.4803705
145353,0.13219452
145354,0.12154105
145358,0.17899834
145382,0.83305866
145383,0.8337683
145389,0.3373597
145390,0.5799591
145391,0.61040694
145392,0.7202509
145407,0.11390585
145410,0.31727314
145412,0.7007226
145415,0.5395937
145418,0.47317445
145419,0.39599973
145440,0.12571308
145451,0.6962335
145476,0.7427155
145481,0.30546558
145482,0.087748505
145484,0.2533854
145502,0.5253424
145512,0.54156065
145515,0.11955971
145521,0.11717439
145523,0.13371193
145554,0.26327467
145557,0.30621958
145560,0.7732525
145563,0.62595093
145569,0.19536431
145586,0.88271034
145601,0.29784933
145602,0.42139176
145615,0.6138448
145623,0.36182016
145638,0.1049117
145640,0.14189078
145645,0.3610841
145654,0.14488144
145664,0.48846275
145677,0.19765629
145679,0.173575
145681,0.4009604
145698,0.1999295
145709,0.08845941
145713,0.27533558
145720,0.417323
145780,0.48091754
145781,0.43573254
145798,0.6609031
145811,0.62380123
145819,0.26148236
145833,0.35051334
145834,0.51515216
145835,0.4550572
145844,0.17115042
145862,0.29707357
145869,0.60421866
145871,0.1360291
145872,0.08957316
145874,0.8395763
145888,0.16019514
145891,0.47959465
145907,0.5139431
145908,0.599821
145919,0.31887874
145925,0.20833133
145940,0.3526239
145941,0.34309927
145943,0.48625636
145951,0.107800335
145954,0.5723826
145957,0.2830871
145962,0.71901804
145974,0.1815613
145976,0.54316086
145987,0.10300925
145988,0.871523
145989,0.3073093
145990,0.26341704
145991,0.7496029
145993,0.37766138
146000,0.8233904
146001,0.30902565
146006,0.316816
146011,0.10773494
146014,0.33091488
146020,0.14961936
146021,0.0936494
146022,0.6319443
146026,0.5833138
146028,0.7679461
146032,0.42579275
146033,0.574943
146037,0.71546525
146059,0.4443013
146060,0.9087089
146063,0.49686944
146069,0.6474761
146086,0.21999176
146090,0.91047287
146092,0.1057744
146094,0.6853614
146097,0.21313837
146098,0.68199337
146106,0.30707213
146115,0.13392048
146121,0.44368947
146122,0.5059853
146140,0.27018574
146142,0.16485338
146146,0.51465017
146149,0.3933448
146153,0.31800386
146155,0.14279866
146156,0.16992594
146159,0.54760617
146172,0.62027353
146176,0.52883774
146184,0.31378576
146186,0.2002857
146191,0.17008834
146198,0.12822011
146199,0.16976678
146202,0.21792455
146206,0.7608684
146214,0.1566994
146221,0.40267915
146232,0.43345448
146239,0.559825
146246,0.6626897
146247,0.26549825
146252,0.20693442
146255,0.15671352
146256,0.10609768
146262,0.46973625
146277,0.5577218
146292,0.54703784
146303,0.107651964
146305,0.60816586
146313,0.4203932
146317,0.39014438
146330,0.32694766
146344,0.32124084
146345,0.4233612
146347,0.7748341
146356,0.16136676
146369,0.36366493
146384,0.5926669
146385,0.18798895
146386,0.6189067
146388,0.116722785
146404,0.23623446
146409,0.7463412
146413,0.13430096
146421,0.63043165
146428,0.64549214
146451,0.59194076
146458,0.11892836
146466,0.09497036
146476,0.22628076
146485,0.11713823
146486,0.46706912
146487,0.45540127
146500,0.36756906
146502,0.41802514
146512,0.7988465
146514,0.20978916
146515,0.87034404
146516,0.40867916
146533,0.12179044
146535,0.33457834
146541,0.6823414
146557,0.5511111
146562,0.6126907
146565,0.10149589
146570,0.2038276
146571,0.17931478
146574,0.51988024
146587,0.30224016
146591,0.09338852
146597,0.7595227
146600,0.3906672
146614,0.8820632
146621,0.5002069
146623,0.2490008
146631,0.5464833
146644,0.132188
146649,0.11172867
146651,0.16935216
146652,0.46012527
146663,0.23982252
146680,0.21917203
146683,0.60419
146714,0.59032184
146724,0.44904333
146730,0.19291942
146732,0.6136607
146738,0.2055594
146752,0.5733479
146755,0.60728467
146756,0.26179475
146759,0.62874675
146760,0.77423435
146761,0.16130307
146765,0.22931097
146806,0.60513973
146809,0.8246442
146810,0.34047675
146811,0.329081
146815,0.5211352
146820,0.86642617
146821,0.20047636
146824,0.64969116
146829,0.36066464
146842,0.63700217
146864,0.30005977
146891,0.6676982
146918,0.4629029
146955,0.29672948
146957,0.73205787
146972,0.22704239
146973,0.30080274
146979,0.7000535
146982,0.40736103
146984,0.31061134
146997,0.5442504
147001,0.35389468
147008,0.7118947
147014,0.10532063
147022,0.3504135
147038,0.15571229
147048,0.604749
147060,0.13219878
147061,0.28387058
147077,0.48776358
147082,0.27526104
147083,0.2985491
147085,0.49010065
147086,0.26523274
147099,0.4624949
147127,0.1934737
147128,0.47596893
147133,0.17353739
147138,0.13360257
147139,0.08725119
147150,0.42317814
147155,0.6662255
147171,0.23079449
147172,0.362115
147182,0.4535662
147195,0.24747933
147199,0.26784888
147216,0.6024682
147224,0.10123558
147225,0.29406613
147230,0.554486
147240,0.31486678
147250,0.25158748
147253,0.09021838
147254,0.8794708
147264,0.20749004
147294,0.37941894
147308,0.32697943
147309,0.59180045
147315,0.4149117
147319,0.1511836
147329,0.15477933
147340,0.2692131
147345,0.85098493
147353,0.115896
147354,0.80937093
147364,0.71740925
147366,0.5629115
147373,0.4246006
147382,0.1733381
147383,0.8067222
147390,0.26872176
147408,0.36292008
147411,0.108348124
147415,0.5593435
147416,0.70443964
147425,0.092761524
147427,0.21049984
147438,0.5339031
147439,0.1393556
147457,0.3184844
147459,0.10180967
147463,0.2668834
147469,0.43435806
147476,0.7676735
147483,0.113314584
147497,0.22999163
147502,0.86749095
147515,0.49666005
147523,0.5109822
147527,0.19643305
147541,0.7476591
147551,0.5541881
147552,0.40207118
147561,0.11968324
147571,0.21823503
147587,0.13978906
147657,0.6648048
147659,0.3077477
147670,0.15762004
147695,0.6040791
147696,0.49518603
147702,0.8861615
147710,0.8672354
147711,0.12484591
147712,0.4857818
147713,0.58001006
147720,0.28063944
147722,0.55863726
147742,0.11472557
147750,0.39498234
147761,0.6726367
147764,0.65519285
147770,0.17602934
147771,0.62614363
147774,0.8440859
147786,0.09910248
147787,0.58983165
147791,0.09687071
147792,0.47124767
147793,0.7318918
147794,0.23816836
147801,0.42825738
147824,0.09226421
147826,0.12868363
147840,0.36608097
147847,0.09283302
147862,0.4575281
147865,0.50070524
147882,0.46857
147893,0.8019399
147925,0.40046173
147932,0.7776743
147942,0.50589645
147953,0.14324641
147955,0.8296949
147964,0.71230966
147966,0.5898723
147981,0.10324612
147982,0.7026822
147990,0.25754446
147998,0.5699011
148002,0.6988255
148013,0.67900825
148025,0.49821135
148026,0.6667162
148031,0.67139876
148035,0.619181
148042,0.5047383
148047,0.10853672
148050,0.417329
148063,0.44590485
148065,0.76379865
148069,0.8690149
148070,0.51530397
148075,0.7469208
148076,0.17462057
148087,0.09313963
148091,0.5671589
148102,0.6304498
148107,0.3387707
148108,0.5988086
148113,0.11143181
148131,0.4022846
148141,0.6482273
148149,0.57003874
148150,0.58567786
148163,0.76999146
148175,0.4068928
148185,0.79666877
148187,0.44010648
148198,0.6343407
148204,0.8491833
148205,0.21878621
148212,0.6792686
148216,0.8755336
148217,0.3872311
148223,0.16307065
148224,0.83291006
148235,0.67462033
148255,0.5487336
148276,0.13451776
148285,0.22999461
148289,0.19007123
148292,0.69580495
148294,0.6059006
148314,0.25018626
148319,0.10453014
148320,0.57302296
148322,0.54558545
148323,0.45329592
148325,0.55639493
148333,0.4154355
148339,0.20190063
148359,0.45067838
148361,0.619085
148364,0.3552831
148380,0.24907385
148382,0.2341828
148386,0.6512278
148393,0.567876
148394,0.42007405
148404,0.5817999
148419,0.52685845
148423,0.18829079
148437,0.7776331
148440,0.27415946
148448,0.208582
148449,0.12526342
148450,0.256191
148451,0.24879137
148458,0.6207404
148471,0.50741416
148475,0.17042321
148476,0.38153213
148497,0.59465116
148511,0.2744576
148512,0.36051682
148534,0.64491844
148545,0.6575944
148557,0.4735571
148564,0.20716096
148570,0.47158805
148586,0.38701528
148596,0.60718256
148600,0.47993472
148607,0.23812604
148609,0.57375824
148622,0.18129613
148623,0.18731461
148625,0.6453433
148626,0.08957813
148628,0.12630442
148632,0.29639602
148639,0.38332045
148643,0.4217319
148644,0.5159983
148680,0.09004396
148702,0.7089443
148716,0.22188202
148717,0.46856827
148726,0.8396518
148738,0.56366915
148746,0.43321586
148749,0.27759114
148750,0.5631045
148769,0.2639953
148791,0.48237526
148803,0.18034627
148804,0.16551681
148823,0.11838276
148831,0.44095364
148849,0.18731008
148850,0.22778913
148855,0.3848829
148893,0.49315652
148896,0.39621165
148899,0.50717926
148903,0.34907734
148910,0.4170488
148911,0.46996456
148912,0.8574853
148913,0.53720826
148933,0.58472043
148935,0.14796393
148937,0.111787535
148946,0.8649313
148955,0.5720938
148980,0.35246205
148996,0.7713423
149015,0.7811987
149025,0.25944626
149028,0.6692835
149029,0.2757606
149035,0.12656999
149050,0.18730073
149051,0.2276049
149052,0.60884905
149056,0.12475737
149062,0.19745988
149067,0.44806916
149076,0.79389817
149090,0.7703255
149106,0.82127655
149107,0.34624717
149118,0.8141068
149119,0.372865
149130,0.65494305
149154,0.329518
149157,0.42035854
149158,0.3789282
149160,0.3186514
149163,0.5776067
149164,0.6561283
149165,0.13039793
149166,0.35373783
149214,0.60201997
149231,0.7331311
149236,0.13107921
149237,0.28858075
149246,0.094896324
149247,0.45780239
149253,0.17567612
149254,0.18230867
149265,0.7204347
149266,0.40273103
149277,0.6269335
149283,0.6288494
149289,0.620298
149310,0.44155076
149314,0.13239656
149318,0.52000576
149319,0.15161327
149320,0.5294214
149321,0.77962923
149333,0.28925857
149337,0.76359963
149338,0.1520575
149341,0.44801453
149342,0.14000566
149349,0.18546864
149351,0.7074007
149354,0.25810668
149360,0.100491785
149362,0.32548738
149366,0.12847477
149372,0.89693433
149376,0.6058703
149388,0.6140552
149393,0.21373731
149401,0.26744628
149405,0.761572
149412,0.50739235
149415,0.25573897
149416,0.29511276
149430,0.7749771
149435,0.45095727
149436,0.33365503
149444,0.5886098
149456,0.28618762
149471,0.09068591
149480,0.08458832
149481,0.2544956
149490,0.4816079
149491,0.37530234
149503,0.38745025
149512,0.16879539
149524,0.35039422
149525,0.10572296
149532,0.40996152
149533,0.7111967
149536,0.8943868
149540,0.47214612
149548,0.26289797
149563,0.6337438
149568,0.6375185
149569,0.796879
149570,0.48402387
149582,0.11971161
149584,0.32787508
149587,0.5326866
149592,0.44989517
149596,0.6770471
149599,0.47436887
149612,0.3592362
149643,0.5078915
149648,0.7653659
149665,0.14977223
149666,0.6068313
149671,0.27782348
149675,0.3078885
149676,0.83541685
149677,0.11611241
149680,0.7901999
149711,0.18543422
149723,0.3841592
149726,0.34340706
149727,0.11035924
149730,0.10941447
149733,0.73580015
149734,0.7509389
149736,0.7567549
149750,0.10256662
149752,0.8991252
149767,0.4140674
149791,0.56704587
149793,0.1483709
149810,0.109524414
149850,0.19002447
149857,0.5174035
149858,0.20469105
149860,0.8791083
149882,0.13890064
149889,0.09850334
149890,0.76439613
149918,0.16146737
149919,0.2750131
149927,0.12227391
149928,0.13816114
149940,0.81318647
149944,0.38046372
149947,0.73203033
149951,0.62112015
149956,0.49344468
149958,0.74984926
149969,0.2661918
149988,0.2588794
149996,0.61732644
150007,0.17951839
150018,0.4829074
150025,0.18125378
150054,0.50719285
150064,0.75777465
150070,0.31858945
150074,0.35165164
150078,0.2472034
150084,0.4781465
150106,0.36872023
150111,0.89671034
150115,0.09083918
150117,0.623169
150120,0.69037104
150127,0.53849345
150128,0.58907795
150130,0.7185475
150132,0.64234656
150135,0.10524923
150145,0.3904572
150148,0.34510875
150153,0.5388115
150154,0.11054875
150173,0.11762795
150174,0.62295955
150176,0.5545663
150177,0.47982
150178,0.55501974
150179,0.78974235
150187,0.097222835
150207,0.34937876
150223,0.40528944
150224,0.17151137
150229,0.13766284
150233,0.47267517
150245,0.19772995
150252,0.14424407
150257,0.6826766
150258,0.46269768
150267,0.24670678
150268,0.693056
150272,0.8173039
150282,0.16023937
150289,0.7547438
150299,0.08838416
150307,0.6471762
150310,0.14990385
150311,0.39854217
150312,0.41901138
150313,0.23949036
150324,0.7339835
150335,0.15532728
150343,0.5225197
150354,0.10709459
150363,0.17484367
150365,0.21591672
150377,0.116070755
150381,0.64582425
150382,0.15233974
150414,0.580329
150418,0.67772704
150431,0.23928045
150449,0.3246298
150450,0.84867215
150473,0.096299
150475,0.16111174
150476,0.6979165
150478,0.75747555
150488,0.6937507
150499,0.594362
150501,0.583334
150503,0.32898644
150518,0.23501478
150529,0.5895365
150531,0.19520916
150532,0.6047769
150535,0.5686696
150543,0.6923065
150545,0.52457875
150548,0.39255467
150552,0.259027
150558,0.5773458
150574,0.6536599
150576,0.8624753
150577,0.3779748
150594,0.5887531
150601,0.1449973
150604,0.25800347
150618,0.12695418
150626,0.42076477
150627,0.38638976
150635,0.8443797
150648,0.15125701
150649,0.6938369
150650,0.6072692
150651,0.29045585
150652,0.15616898
150657,0.73109806
150659,0.4545557
150666,0.5378279
150667,0.5401896
150680,0.10344519
150698,0.90009093
150700,0.9072981
150713,0.18295148
150715,0.1628143
150718,0.08936265
150724,0.55000997
150731,0.29777014
150734,0.16237186
150738,0.09357001
150744,0.20001152
150745,0.6953259
150746,0.68764305
150749,0.13931313
150750,0.5484393
150753,0.15066917
150759,0.24351877
150762,0.113571845
150764,0.17271031
150782,0.4260688
150784,0.35835394
150785,0.37116453
150786,0.29511246
150789,0.42486587
150802,0.4755367
150809,0.3320624
150810,0.59711814
150817,0.27208325
150820,0.25359085
150822,0.4000609
150845,0.12920354
150846,0.665735
150854,0.5908573
150858,0.84539783
150866,0.35324642
150869,0.111951485
150874,0.4320309
150887,0.092115276
150889,0.15387757
150892,0.7130191
150896,0.120470785
150901,0.85149693
150914,0.8616241
150918,0.33259404
150919,0.30932224
150929,0.35092276
150935,0.3335593
150941,0.15885429
150949,0.3064719
150950,0.5618864
150951,0.16332522
150952,0.11040601
150980,0.8224203
150981,0.1722986
150986,0.58578247
150987,0.579906
151004,0.42544812
151005,0.5960103
151010,0.22858125
151012,0.37454456
151016,0.23589958
151021,0.6373457
151022,0.10737952
151023,0.838814
151024,0.8297557
151035,0.76467884
151036,0.5202581
151039,0.19578761
151041,0.5850804
151043,0.3791282
151052,0.86453754
151058,0.8648329
151065,0.78231484
151066,0.41207924
151067,0.8951172
151069,0.31029305
151070,0.16557132
151080,0.6603093
151090,0.59375805
151092,0.88147295
151100,0.2427053
151108,0.41118136
151113,0.35410875
151119,0.39852157
151131,0.28228942
151145,0.17921019
151147,0.6208905
151148,0.11306417
151149,0.7059593
151153,0.5294255
151158,0.115922034
151167,0.23130819
151169,0.26337975
151185,0.11129489
151186,0.8046757
151187,0.56860924
151203,0.39857727
151206,0.093371265
151213,0.69717145
151237,0.5268154
151254,0.19598715
151255,0.452002
151264,0.4060942
151266,0.2125134
151267,0.28737813
151270,0.119549476
151286,0.1183836
151288,0.6131925
151289,0.6316523
151290,0.51983076
151303,0.2454159
151304,0.69335306
151308,0.2338568
151315,0.09372239
151324,0.3403193
151329,0.10874249
151335,0.12063566
151343,0.100549765
151347,0.8895708
151348,0.74661434
151357,0.3960574
151366,0.48166615
151372,0.15370013
151374,0.14227928
151394,0.14459483
151395,0.65299994
151403,0.20468698
151410,0.25259322
151412,0.5939235
151419,0.33477086
151443,0.10782475
151464,0.095729694
151466,0.5021873
151467,0.091811754
151476,0.4878142
151480,0.3349416
151481,0.82762593
151486,0.56360835
151487,0.41749123
151490,0.45401746
151498,0.39391428
151500,0.13415729
151504,0.10634127
151516,0.15620986
151519,0.27828565
151528,0.5888717
151529,0.42035955
151539,0.7700953
151540,0.16545354
151556,0.87546176
151558,0.11244959
151559,0.32643664
151581,0.16991119
151586,0.6250311
151589,0.6158143
151603,0.4992658
151604,0.15497097
151610,0.2928668
151637,0.4976371
151652,0.7949718
151654,0.17884451
151667,0.5869011
151668,0.54146326
151669,0.17544465
151678,0.13400969
151697,0.4590708
151706,0.34422556
151729,0.17040251
151730,0.2253968
151737,0.10553973
151744,0.47909433
151756,0.54097205
151785,0.27748147
151800,0.16873315
151801,0.10223394
151821,0.374892
151822,0.53593963
151834,0.5242511
151845,0.49653468
151846,0.16706882
151847,0.6507471
151848,0.6070915
151859,0.4065594
151872,0.81367165
151875,0.69685316
151883,0.2500145
151888,0.2421181
151895,0.20960627
151896,0.13685411
151900,0.33598912
151913,0.0939857
151920,0.29661304
151928,0.39162028
151933,0.2543837
151934,0.45812842
151948,0.68598413
151951,0.1490154
151963,0.124747165
151964,0.10005861
151965,0.13182786
151966,0.17868958
151974,0.3320077
151975,0.823217
151978,0.35584906
151982,0.6632621
151993,0.35306793
152002,0.10630229
152005,0.5262191
152017,0.18795796
152020,0.6139164
152039,0.32883346
152047,0.6981003
152064,0.5998471
152071,0.23302135
152076,0.19833289
152088,0.15941823
152091,0.27785197
152093,0.24081302
152100,0.7096502
152107,0.2824658
152115,0.105939
152119,0.097766116
152123,0.2238593
152129,0.5886106
152140,0.87955683
152141,0.3205684
152142,0.54713637
152148,0.37665313
152170,0.11647322
152171,0.23614928
152176,0.12361168
152186,0.5462622
152192,0.83137953
152204,0.36982456
152215,0.09065738
152220,0.39884308
152230,0.18234314
152256,0.36932445
152265,0.5464861
152266,0.8408726
152268,0.16115189
152272,0.7811274
152286,0.087013245
152299,0.4095329
152305,0.350477
152324,0.15438648
152329,0.560492
152355,0.13334131
152356,0.13121453
152365,0.5592851
152369,0.8355493
152373,0.22343065
152374,0.6130376
152383,0.5211047
152395,0.6303475
152403,0.6640106
152404,0.52799094
152406,0.24851435
152425,0.38214797
152437,0.3098553
152438,0.4656049
152442,0.6316619
152460,0.5729337
152461,0.22496335
152462,0.15978016
152472,0.5173549
152473,0.5040193
152477,0.3046169
152506,0.31498766
152522,0.109010726
152530,0.46423405
152535,0.08639972
152543,0.10710313
152548,0.3888239
152556,0.35552064
152562,0.39224288
152563,0.6255764
152565,0.3923523
152591,0.34695026
152593,0.24092744
152612,0.5519321
152619,0.41458002
152627,0.35213932
152628,0.1727907
152632,0.7835768
152638,0.5975231
152646,0.22423442
152662,0.7954047
152679,0.5925394
152680,0.16410455
152699,0.7598508
152703,0.32088885
152717,0.7003651
152720,0.49277985
152721,0.23446153
152735,0.14061356
152736,0.09840633
152739,0.87398887
152755,0.18861566
152769,0.13445957
152785,0.69414365
152788,0.36978218
152791,0.19668052
152808,0.4517811
152815,0.14542088
152816,0.72132546
152817,0.29618284
152818,0.10994416
152819,0.7807603
152820,0.23744422
152823,0.34416208
152831,0.21507795
152832,0.59812784
152833,0.5686617
152835,0.34912688
152838,0.1947335
152846,0.14919892
152862,0.85084736
152864,0.12378305
152865,0.3584437
152871,0.1236862
152874,0.10559971
152875,0.09231452
152876,0.8960015
152877,0.90298057
152881,0.83110046
152892,0.10586807
152908,0.78977257
152909,0.4493395
152915,0.14541864
152916,0.75583
152923,0.16830553
152932,0.14213932
152934,0.21255653
152936,0.17287052
152948,0.15379792
152951,0.47003803
152956,0.35576823
152963,0.45979023
152964,0.85614604
152978,0.6139611
152980,0.44522312
152986,0.52101374
153001,0.81245726
153002,0.5725358
153007,0.38583362
153009,0.23050888
153017,0.19596703
153018,0.64858234
153022,0.79327023
153027,0.8643626
153032,0.36354998
153033,0.5265905
153034,0.2780823
153037,0.59106445
153051,0.902
153052,0.48111546
153057,0.20396724
153067,0.83781815
153084,0.2915872
153088,0.58783615
153089,0.17262569
153093,0.278142
153094,0.512268
153095,0.84260476
153105,0.60785145
153108,0.66244155
153110,0.34155655
153119,0.7164413
153135,0.087259404
153139,0.13944298
153146,0.27446705
153154,0.43348354
153185,0.15282308
153195,0.73652375
153196,0.09175826
153198,0.3248095
153202,0.09540903
153203,0.1451396
153209,0.24929164
153223,0.5084972
153224,0.39603454
153227,0.4519676
153230,0.38682282
153233,0.39216563
153234,0.16941102
153235,0.7623902
153243,0.61262214
153263,0.5448232
153269,0.5082962
153272,0.104854085
153276,0.7620576
153279,0.4699498
153291,0.6231469
153311,0.22258304
153328,0.80298275
153330,0.7388152
153341,0.51117563
153345,0.38718942
153393,0.2035113
153394,0.4124553
153395,0.4255423
153420,0.63580495
153428,0.7348391
153432,0.35116434
153449,0.18657938
153458,0.8393901
153459,0.10124752
153472,0.22361614
153475,0.09599567
153479,0.65838933
153480,0.505492
153490,0.51708335
153491,0.19926196
153501,0.288269
153502,0.3797843
153507,0.49931964
153513,0.8121502
153514,0.44493458
153519,0.7070697
153520,0.14431547
153556,0.6502707
153577,0.3848887
153582,0.8916892
153594,0.6541309
153595,0.27121523
153598,0.66186416
153601,0.23796816
153625,0.15967186
153641,0.113467366
153654,0.22825396
153676,0.41899464
153681,0.08686907
153704,0.49405855
153706,0.34055007
153710,0.6113911
153720,0.49947163
153734,0.5137415
153738,0.26642123
153743,0.23238069
153748,0.3029562
153756,0.7285581
153757,0.28226873
153759,0.19880703
153764,0.830617
153782,0.09629516
153796,0.76674604
153802,0.83433264
153809,0.90191823
153810,0.1596893
153817,0.72201866
153821,0.09424244
153823,0.09302298
153830,0.40326363
153834,0.14690803
153839,0.2025325
153842,0.5607353
153847,0.71406156
153855,0.16085455
153873,0.09396588
153875,0.57767564
153882,0.6252038
153884,0.13985883
153885,0.8120665
153886,0.44421595
153890,0.3334985
153892,0.13561091
153897,0.35500416
153898,0.6985983
153901,0.54556537
153924,0.39501312
153928,0.36543006
153929,0.68420994
153949,0.114093736
153979,0.26011866
153980,0.08865485
153981,0.24861924
154010,0.8486328
154015,0.3832259
154039,0.6040857
154043,0.08549278
154044,0.4923576
154046,0.58622974
154047,0.20162857
154058,0.37091285
154060,0.18114284
154065,0.89011836
154083,0.5372724
154100,0.7060299
154108,0.6064951
154120,0.78730726
154121,0.39187226
154122,0.42663532
154128,0.51076174
154137,0.40150097
154143,0.5822267
154151,0.5569917
154158,0.16704068
154176,0.10812424
154184,0.5474228
154191,0.35888135
154215,0.75063604
154216,0.34990177
154220,0.12501866
154222,0.5882217
154227,0.3517053
154241,0.105908945
154243,0.3870401
154244,0.42687458
154254,0.1389605
154264,0.26807374
154265,0.5417552
154268,0.5948403
154269,0.12391692
154299,0.09825664
154307,0.28085154
154315,0.60093576
154325,0.4984919
154327,0.4888031
154332,0.7457093
154346,0.11429346
154347,0.13103424
154353,0.8201146
154369,0.27242738
154376,0.14423914
154377,0.68235004
154379,0.39430305
154389,0.1813863
154402,0.6380509
154403,0.104204714
154416,0.2873415
154428,0.41884837
154430,0.15999933
154442,0.8678904
154447,0.33599868
154468,0.09005782
154470,0.1646003
154473,0.53784186
154480,0.24164635
154486,0.30668655
154500,0.41556475
154507,0.6863214
154529,0.102778345
154549,0.10667198
154557,0.28489062
154571,0.77266496
154578,0.29935867
154580,0.12480528
154591,0.29127225
154611,0.8731439
154623,0.117279306
154650,0.46200937
154655,0.6099868
154659,0.44209707
154680,0.6939042
154681,0.15946536
154690,0.6893872
154711,0.41287592
154712,0.25039276
154722,0.09922346
154731,0.24048737
154747,0.80984247
154749,0.47473934
154750,0.43376297
154760,0.24092883
154763,0.18622087
154786,0.7142227
154788,0.44670847
154792,0.43163684
154807,0.8330578
154812,0.11102216
154818,0.7141356
154819,0.47975904
154824,0.4417539
154839,0.71693456
154840,0.105995856
154843,0.3210984
154847,0.62323123
154849,0.5996657
154850,0.12260856
154851,0.5345146
154853,0.2818888
154858,0.27823433
154868,0.85624516
154871,0.19210695
154877,0.22316343
154916,0.1871968
154920,0.18164025
154922,0.65623087
154924,0.3004218
154933,0.6657834
154942,0.8393239
154955,0.5366291
154957,0.84695154
154966,0.22128187
154971,0.16996461
154972,0.2397224
154973,0.41131827
154974,0.09818793
154979,0.16291769
154982,0.4983214
154990,0.7810734
154991,0.23941772
154994,0.6482368
154995,0.44876134
155009,0.086432174
155014,0.1165072
155017,0.10838908
155018,0.42445853
155019,0.32001194
155020,0.27160105
155027,0.24947378
155034,0.7417659
155047,0.15826665
155049,0.8761174
155052,0.64819604
155053,0.15402716
155059,0.52430654
155060,0.7683968
155069,0.14891714
155077,0.7935142
155078,0.37878764
155086,0.48634663
155088,0.49336743
155094,0.21882433
155099,0.12050761
155100,0.3071427
155116,0.2156895
155117,0.7107114
155119,0.42005554
155120,0.09477904
155133,0.70619965
155135,0.87896675
155141,0.8137821
155144,0.08945692
155145,0.15022801
155174,0.47770104
155194,0.53470653
155196,0.12826043
155204,0.43866408
155232,0.64021933
155240,0.13900314
155246,0.2305337
155254,0.17936274
155267,0.14630131
155273,0.38035062
155274,0.41280562
155283,0.5838854
155296,0.8493466
155312,0.14501326
155318,0.11761061
155322,0.42945668
155323,0.726917
155329,0.72289413
155342,0.10335894
155346,0.8479784
155366,0.61660594
155369,0.52806723
155372,0.5451421
155378,0.47220573
155382,0.42299736
155390,0.21511982
155401,0.66712326
155428,0.39082623
155443,0.48238596
155445,0.2583885
155450,0.5533617
155452,0.47188824
155453,0.12683289
155480,0.67903864
155482,0.11498613
155484,0.62248516
155485,0.17801204
155496,0.7275109
155497,0.6931542
155531,0.17867848
155541,0.12807035
155547,0.5423854
155550,0.59375286
155551,0.58143985
155565,0.7677595
155567,0.10916106
155569,0.6798761
155573,0.16644616
155575,0.58509547
155581,0.10911085
155591,0.36420497
155593,0.71545464
155594,0.2635027
155610,0.858708
155623,0.38425922
155624,0.70449936
155629,0.26280954
155638,0.65866953
155650,0.15143636
155652,0.29634652
155687,0.6321076
155697,0.6102815
155715,0.8135526
155718,0.3358829
155719,0.10719991
155723,0.68440926
155730,0.43900907
155731,0.31260937
155737,0.80377215
155738,0.52352685
155740,0.39613515
155742,0.094628915
155755,0.31243265
155766,0.5115228
155768,0.12032811
155771,0.5910466
155803,0.27894768
155808,0.13301943
155809,0.4190713
155812,0.1665794
155820,0.71431106
155832,0.67538166
155841,0.47210297
155847,0.73465633
155848,0.5437533
155855,0.5832741
155886,0.41870862
155893,0.5521919
155905,0.30765688
155910,0.86988664
155912,0.121355884
155919,0.86629623
155921,0.31947976
155937,0.32243994
155939,0.7483706
155950,0.21171044
155987,0.5668113
155988,0.57962805
156005,0.23572299
156006,0.10494542
156010,0.308136
156018,0.3455898
156021,0.76268363
156026,0.47474676
156030,0.5130683
156033,0.10057714
156038,0.43108097
156041,0.5211875
156049,0.24295846
156050,0.094865285
156068,0.3396465
156069,0.8889832
156087,0.10406283
156088,0.6002906
156095,0.43299308
156104,0.64371663
156107,0.121445306
156108,0.47759297
156111,0.6013096
156119,0.11609694
156123,0.2472348
156140,0.8904093
156149,0.12653422
156161,0.20547256
156180,0.74837434
156186,0.43947235
156189,0.76311576
156194,0.2795007
156200,0.12994313
156213,0.9055663
156214,0.48275247
156228,0.11751276
156234,0.098076515
156236,0.67985797
156243,0.3551825
156256,0.23117112
156268,0.4830269
156269,0.11277569
156270,0.42987278
156274,0.57867306
156290,0.21000366
156291,0.21316926
156292,0.2633964
156298,0.28448832
156301,0.696058
156302,0.759528
156309,0.5220652
156355,0.15494716
156365,0.09346623
156367,0.6418475
156372,0.0892678
156376,0.45699593
156377,0.5812702
156389,0.3425304
156400,0.5490678
156404,0.87082225
156405,0.17084056
156426,0.4161222
156427,0.19533408
156429,0.36840847
156430,0.2836819
156431,0.2066476
156432,0.46855763
156449,0.35924348
156463,0.21566452
156464,0.38131645
156478,0.13952847
156492,0.7296523
156508,0.44261193
156509,0.33550543
156517,0.6481391
156526,0.48086172
156527,0.094851874
156538,0.7942176
156542,0.17287204
156543,0.5559807
156555,0.13277316
156556,0.6421101
156561,0.59419304
156563,0.095830984
156564,0.52811265
156567,0.12435691
156570,0.3232655
156581,0.22275598
156594,0.41801396
156597,0.36342967
156600,0.43634096
156601,0.2970788
156627,0.48454535
156629,0.54263246
156642,0.10554109
156644,0.17181768
156663,0.09117475
156674,0.17740485
156688,0.12865223
156696,0.3693393
156707,0.09725836
156723,0.67647827
156728,0.7695095
156731,0.26318288
156732,0.26070836
156733,0.62632245
156768,0.51295966
156773,0.62893933
156782,0.64445543
156815,0.4456362
156837,0.16757055
156854,0.49073452
156861,0.61276585
156862,0.128523
156878,0.86413896
156903,0.5739417
156910,0.18746583
156925,0.37583274
156933,0.1059001
156952,0.3612926
156953,0.635891
156963,0.8949212
156965,0.8471257
156989,0.1101974
156994,0.3321274
156996,0.3070386
157005,0.327069
157011,0.16815169
157046,0.33450517
157058,0.34049767
157061,0.6734126
157065,0.55460197
157066,0.23096983
157067,0.5942253
157090,0.75789124
157091,0.6111246
157096,0.12237011
157101,0.90955013
157104,0.22865452
157109,0.23999408
157116,0.48184404
157120,0.79127425
157121,0.36065456
157124,0.7178195
157125,0.2641315
157132,0.54048246
157153,0.5997048
157157,0.83101386
157159,0.53661865
157168,0.3088688
157189,0.28095186
157195,0.35000062
157203,0.2700371
157210,0.5406656
157212,0.17986974
157220,0.20317149
157239,0.593389
157241,0.36246216
157246,0.18656322
157247,0.6800945
157252,0.1694993
157253,0.907852
157265,0.30694342
157291,0.52363783
157292,0.17727788
157301,0.545768
157306,0.82687163
157312,0.9032617
157314,0.5701236
157332,0.2602655
157333,0.43438798
157337,0.7355114
157345,0.44909462
157347,0.6315228
157363,0.789444
157376,0.14886945
157382,0.38902354
157397,0.105809
157409,0.17722455
157411,0.10113515
157422,0.1987923
157428,0.26735926
157434,0.71364075
157442,0.290408
157446,0.15088582
157456,0.3526394
157465,0.42089283
157469,0.3395969
157482,0.2358007
157497,0.21579297
157507,0.09708392
157510,0.7165303
157515,0.10781379
157529,0.27047062
157530,0.68174034
157541,0.7853877
157546,0.79107946
157553,0.29545686
157554,0.3673211
157562,0.74376756
157565,0.5562596
157566,0.26206025
157571,0.13048476
157572,0.10665502
157574,0.11149112
157575,0.23162377
157581,0.8863212
157590,0.88662815
157604,0.12059667
157611,0.7374102
157617,0.7332338
157620,0.33491555
157623,0.5606032
157651,0.70481867
157653,0.24541341
157664,0.70287585
157690,0.5269317
157704,0.36040592
157712,0.71225053
157722,0.7213419
157727,0.18963084
157764,0.14027844
157765,0.8288964
157775,0.26586494
157777,0.58965844
157789,0.6232504
157802,0.82916284
157803,0.3116759
157804,0.2720651
157805,0.50700414
157822,0.5744927
157823,0.22228603
157827,0.4020108
157836,0.42436603
157839,0.37182978
157847,0.3905711
157859,0.1739039
157864,0.14003184
157866,0.7767658
157877,0.52924263
157886,0.2816636
157892,0.4146886
157903,0.13184167
157913,0.5792717
157919,0.15371262
157920,0.5938612
157923,0.51539636
157926,0.27752656
157927,0.76035535
157948,0.15591373
157949,0.3204348
157952,0.19951996
157955,0.814144
157958,0.6240947
157960,0.3877767
157966,0.39207435
157970,0.39064816
157979,0.2421407
157980,0.443877
157985,0.12034148
157997,0.7530693
157998,0.6971266
158002,0.62876415
158004,0.45351255
158005,0.6195964
158007,0.17981802
158008,0.2053124
158015,0.17008032
158033,0.52005965
158036,0.21063648
158041,0.44779077
158044,0.32795063
158049,0.4918827
158061,0.22490461
158078,0.24481055
158099,0.10807825
158100,0.29539797
158102,0.38536218
158107,0.52210516
158114,0.3511602
158127,0.7708664
158128,0.6786926
158142,0.43976247
158145,0.7672465
158146,0.6727602
158167,0.10099771
158176,0.5851599
158184,0.1104285
158197,0.3216882
158201,0.5237534
158202,0.7192511
158205,0.4075096
158208,0.7931318
158211,0.68206435
158215,0.39968926
158218,0.38472596
158221,0.88481694
158223,0.40304074
158230,0.15510881
158234,0.15186723
158235,0.25747058
158245,0.6152694
158254,0.45695043
158267,0.49566448
158277,0.17304154
158283,0.4571534
158289,0.6871823
158290,0.3224986
158298,0.20443918
158307,0.13615164
158332,0.47058412
158336,0.18541048
158342,0.1426717
158344,0.202008
158347,0.6317183
158352,0.09164952
158354,0.35243014
158355,0.41155416
158357,0.11914739
158365,0.17795432
158366,0.08747875
158367,0.40932578
158368,0.90383124
158384,0.6827569
158388,0.09641741
158395,0.6399868
158413,0.45007443
158425,0.32845443
158426,0.36173254
158432,0.10220603
158444,0.46036682
158453,0.232587
158454,0.5798223
158459,0.14702314
158462,0.15806006
158468,0.5016665
158469,0.5195893
158470,0.27060583
158483,0.48606202
158485,0.22807525
158490,0.7487454
158494,0.24274762
158500,0.2474527
158503,0.123215966
158504,0.12336224
158519,0.37594074
158523,0.19312225
158527,0.16414765
158533,0.28962803
158535,0.14838172
158539,0.24114236
158544,0.71402115
158547,0.19646059
158551,0.62807053
158552,0.11447584
158560,0.21457647
158616,0.894265
158638,0.2174645
158642,0.20405476
158651,0.09299171
158653,0.15405086
158677,0.1256693
158683,0.13019834
158687,0.26158693
158693,0.3917444
158700,0.33355257
158703,0.27333528
158705,0.802219
158706,0.33408874
158708,0.18212217
158712,0.41692004
158714,0.62928903
158715,0.2732337
158752,0.12088198
158753,0.13365008
158763,0.16020082
158764,0.33506557
158767,0.67095757
158770,0.08765345
158781,0.31029627
158789,0.58130854
158790,0.103785746
158791,0.9095578
158795,0.70417744
158796,0.13634385
158800,0.18151766
158806,0.41942814
158807,0.6742409
158815,0.59072715
158824,0.18297637
158828,0.71676457
158831,0.8382751
158840,0.26538077
158841,0.08572208
158847,0.53619045
158856,0.5520988
158858,0.638087
158884,0.43875408
158885,0.24082568
158891,0.5010172
158898,0.48364624
158911,0.2652223
158913,0.10100955
158918,0.40084404
158926,0.4257008
158929,0.5633373
158939,0.7256674
158940,0.46207666
158952,0.43525046
158963,0.13984482
158973,0.36291784
158977,0.7599996
158988,0.5976576
159013,0.7461442
159016,0.45588547
159018,0.092650354
159024,0.83889896
159034,0.62874717
159035,0.6006374
159039,0.56359595
159049,0.6246827
159056,0.43422258
159068,0.46803552
159078,0.7478526
159099,0.45816344
159103,0.69584554
159106,0.8044065
159113,0.2587249
159117,0.2686229
159124,0.88648903
159132,0.43183798
159139,0.27337953
159142,0.47665942
159145,0.41197526
159147,0.24907124
159174,0.17471197
159201,0.5026359
159203,0.23458385
159212,0.8578128
159214,0.5402524
159221,0.44517747
159240,0.26301065
159241,0.17305806
159242,0.41268978
159244,0.6281848
159250,0.55016536
159275,0.4849717
159284,0.4339209
159293,0.426496
159295,0.15541312
159301,0.20463412
159310,0.4272251
159314,0.26516393
159318,0.119802505
159333,0.27511835
159334,0.1663327
159335,0.5489676
159337,0.70937216
159338,0.2643968
159340,0.74754196
159361,0.27767336
159384,0.66150415
159402,0.5275666
159421,0.1795952
159424,0.7054798
159425,0.108964875
159426,0.47200644
159439,0.6156753
159445,0.20281558
159449,0.27180785
159460,0.8745707
159475,0.45057562
159481,0.290946
159483,0.23236623
159494,0.2223412
159504,0.105528586
159512,0.66752994
159522,0.81925434
159524,0.49281105
159526,0.13479921
159528,0.18646587
159547,0.7979994
159555,0.18445218
159562,0.3983413
159563,0.20922217
159565,0.678498
159569,0.58398676
159578,0.28374168
159579,0.7890556
159581,0.15652062
159594,0.4576915
159598,0.10533757
159604,0.6294527
159605,0.27177194
159620,0.46680006
159631,0.19892287
159633,0.18701242
159659,0.31082538
159661,0.869282
159667,0.119773
159669,0.4586265
159682,0.5448213
159683,0.29640517
159693,0.43497205
159698,0.2643405
159702,0.73196805
159703,0.2984811
159707,0.16008419
159716,0.46718794
159732,0.26635587
159734,0.4279903
159740,0.34081954
159748,0.61286545
159751,0.5138606
159756,0.44989786
159758,0.8186626
159767,0.5500452
159769,0.7716146
159775,0.62777853
159802,0.51251686
159804,0.6173686
159817,0.42050606
159818,0.08975955
159824,0.13036203
159837,0.123452075
159840,0.34135056
159842,0.77831775
159851,0.118930586
159865,0.89286625
159866,0.7995863
159872,0.3470675
159874,0.13514937
159879,0.2086958
159883,0.29680187
159884,0.32569835
159898,0.79065305
159903,0.45711985
159906,0.6703606
159914,0.5884655
159915,0.8446929
159917,0.14122698
159929,0.42760432
159949,0.75232226
159951,0.5054697
159953,0.5376147
159957,0.5798851
159968,0.5219787
159972,0.30543163
159973,0.5078028
159993,0.4473242
160008,0.8040704
160011,0.49435592
160013,0.40785182
160015,0.22034247
160017,0.08715107
160023,0.715042
160028,0.53346753
160035,0.4799223
160074,0.46153006
160076,0.29086223
160077,0.4940178
160080,0.2670915
160084,0.57936263
160089,0.89211035
160094,0.22704186
160101,0.22852081
160103,0.1116124
160111,0.35924596
160114,0.23903058
160116,0.116139635
160119,0.7646206
160123,0.15849885
160141,0.4039159
160147,0.17914535
160151,0.121942185
160172,0.8805355
160173,0.16537488
160177,0.70888966
160178,0.34639752
160180,0.15621708
160181,0.27319384
160188,0.2977599
160189,0.09409799
160193,0.22247133
160205,0.19281754
160214,0.5909621
160215,0.331635
160217,0.10908686
160262,0.15016198
160263,0.21835417
160273,0.23509756
160282,0.858881
160295,0.82465017
160297,0.34436792
160303,0.09776962
160305,0.4536106
160309,0.11968305
160324,0.22711909
160338,0.63158125
160366,0.48592496
160375,0.18847658
160381,0.08797561
160398,0.20948263
160400,0.5105207
160406,0.54634064
160410,0.15678544
160411,0.10021487
160418,0.2823967
160440,0.11267838
160441,0.5046462
160450,0.8834374
160465,0.2932971
160470,0.5034682
160471,0.67270553
160472,0.8679629
160479,0.64460754
160490,0.29904214
160500,0.7609426
160503,0.1164624
160504,0.42287678
160515,0.17047277
160541,0.6848115
160545,0.5188163
160562,0.41116822
160589,0.13161772
160594,0.1410209
160595,0.2591613
160598,0.45220193
160601,0.12610182
160605,0.77906996
160606,0.16421902
160607,0.14963554
160608,0.85718185
160610,0.54929686
160614,0.5585707
160615,0.12927927
160626,0.16043809
160634,0.12971085
160656,0.24286409
160660,0.16056189
160666,0.6209727
160672,0.44304457
160673,0.10126177
160674,0.19341904
160681,0.39175445
160683,0.6830748
160694,0.14748792
160710,0.59064096
160715,0.7303878
160719,0.67041576
160732,0.4027792
160734,0.11317526
160737,0.8975519
160742,0.38862878
160747,0.10028099
160749,0.80904007
160753,0.5462363
160756,0.48100677
160757,0.47578397
160763,0.12067102
160782,0.25081524
160789,0.3262008
160804,0.28328028
160805,0.5234434
160813,0.37835306
160815,0.12078493
160819,0.09359812
160820,0.63303643
160822,0.33627918
160823,0.5620433
160837,0.5681059
160841,0.15651159
160847,0.64534974
160861,0.51677954
160886,0.21914299
160891,0.3274277
160897,0.2943107
160914,0.6331208
160915,0.8156121
160929,0.5435984
160930,0.08957384
160931,0.23172034
160935,0.6225309
160939,0.40464094
160953,0.10111065
160954,0.27897373
160962,0.4532886
160966,0.22009392
160982,0.22715858
160983,0.3598905
160991,0.10701745
160998,0.16140732
161009,0.46756822
161014,0.31828243
161017,0.7545087
161021,0.3291654
161023,0.23587412
161027,0.2449101
161028,0.41245967
161030,0.8560094
161031,0.15563491
161033,0.20551942
161050,0.44300908
161053,0.3801102
161054,0.30238026
161055,0.15536253
161059,0.38364992
161061,0.4996414
161065,0.5582026
161069,0.48256773
161072,0.17936791
161073,0.23959489
161080,0.5636789
161083,0.36342382
161104,0.29490036
161111,0.7266188
161139,0.8067048
161149,0.2093842
161158,0.761052
161171,0.59668136
161175,0.30971134
161201,0.5585133
161202,0.6554046
161205,0.3007414
161228,0.151276
161233,0.3012141
161234,0.5533663
161237,0.27931723
161238,0.42677712
161250,0.6018861
161251,0.45315477
161253,0.31447956
161254,0.17103404
161283,0.26429832
161291,0.47492436
161297,0.209936
161300,0.3783491
161314,0.49160776
161315,0.29417074
161336,0.36578292
161341,0.7867577
161343,0.71859694
161351,0.77174634
161352,0.2752173
161353,0.32675514
161361,0.748264
161366,0.26361972
161368,0.798247
161378,0.31873348
161379,0.6969102
161380,0.23613736
161398,0.7638842
161408,0.11533587
161432,0.15443616
161439,0.7441448
161461,0.2839741
161467,0.7488384
161468,0.44683906
161471,0.30532992
161477,0.5143208
161503,0.13852318
161514,0.1575512
161524,0.7737024
161527,0.3264306
161528,0.105999
161531,0.9019771
161536,0.13391693
161537,0.2483782
161548,0.36074033
161558,0.3511738
161572,0.13496302
161586,0.104993105
161605,0.41654485
161606,0.5622348
161607,0.7020984
161618,0.68057036
161640,0.6368455
161658,0.3609198
161660,0.15028046
161661,0.48855543
161662,0.8639775
161677,0.63459504
161681,0.46649426
161682,0.14691596
161683,0.24398448
161685,0.12886651
161686,0.108462796
161687,0.40952408
161691,0.26725215
161701,0.47887978
161707,0.39691326
161709,0.15113279
161710,0.17933744
161711,0.26868975
161714,0.6865159
161742,0.43112075
161751,0.25069255
161764,0.49305576
161771,0.72783446
161781,0.59290934
161782,0.5177657
161800,0.12851556
161810,0.43933418
161812,0.34987667
161813,0.122316524
161816,0.09935936
161838,0.7452932
161841,0.5677675
161845,0.24450596
161871,0.38054895
161877,0.82433444
161882,0.2405042
161885,0.5095228
161886,0.28017744
161895,0.36633223
161897,0.6991934
161914,0.6166461
161921,0.6221511
161922,0.342195
161927,0.7962196
161946,0.09030953
161952,0.44282246
161954,0.6696073
161955,0.51898724
161961,0.72648615
161977,0.6277876
161980,0.51241475
161989,0.8334797
161993,0.7109383
162002,0.3022483
162011,0.30001283
162012,0.09727929
162015,0.20917214
162016,0.14719576
162019,0.25777677
162021,0.5309319
162022,0.7984984
162023,0.52627605
162025,0.2824992
162028,0.1725942
162029,0.25476366
162030,0.096354604
162031,0.7222664
162033,0.66193587
162037,0.102637365
162044,0.54366773
162071,0.55146194
162093,0.36628336
162094,0.56800705
162100,0.09775915
162102,0.736026
162105,0.16704926
162109,0.76658314
162116,0.49767673
162117,0.25334728
162118,0.7187269
162120,0.5334288
162125,0.36891663
162128,0.79376864
162131,0.7769913
162133,0.6048592
162135,0.5427438
162156,0.14899518
162157,0.20856604
162165,0.58180314
162166,0.09726677
162170,0.6553559
162201,0.15481944
162202,0.20048417
162206,0.0850018
162211,0.22633283
162227,0.27752888
162232,0.13491969
162235,0.5269781
162237,0.7420789
162248,0.2928079
162261,0.53639215
162262,0.2419866
162280,0.3307245
162282,0.15605725
162284,0.37713754
162287,0.76201177
162305,0.35521197
162308,0.2519865
162309,0.21845856
162312,0.34180197
162313,0.15456022
162316,0.25413278
162324,0.34327027
162325,0.30145884
162333,0.13795663
162334,0.35697037
162337,0.26000795
162340,0.22207764
162344,0.77246666
162347,0.18207772
162350,0.41085982
162351,0.6854181
162365,0.5807178
162368,0.22802606
162379,0.480817
162383,0.28322145
162392,0.40271896
162393,0.43674543
162397,0.4311641
162398,0.63382566
162406,0.7992331
162410,0.559268
162418,0.1475358
162420,0.5528462
162424,0.8523503
162425,0.22564842
162438,0.3037251
162442,0.11764249
162462,0.4103093
162476,0.09653745
162477,0.2613503
162480,0.42786682
162491,0.36286038
162493,0.22726536
162503,0.13498348
162504,0.14313008
162513,0.56201833
162516,0.86737096
162517,0.23240821
162522,0.68157125
162523,0.5720866
162542,0.52958983
162584,0.71142036
162586,0.25376105
162589,0.34282774
162594,0.3338091
162616,0.105394885
162630,0.60780936
162637,0.5990271
162652,0.3080739
162659,0.80408007
162668,0.11964563
162674,0.13912256
162680,0.36733973
162685,0.87617546
162689,0.7544149
162711,0.29299226
162714,0.10887681
162732,0.12422444
162741,0.23633403
162758,0.64736336
162759,0.19273612
162775,0.60652673
162776,0.18034591
162777,0.16141923
162782,0.4266414
162786,0.16631222
162794,0.4898892
162799,0.13455746
162801,0.7893628
162802,0.69641554
162807,0.3967065
162820,0.197183
162827,0.13547868
162833,0.25778183
162837,0.22925153
162844,0.36414066
162860,0.12000974
162862,0.37404832
162864,0.634042
162868,0.4868721
162880,0.2202962
162895,0.8824918
162898,0.40227246
162918,0.68439865
162924,0.50280935
162931,0.56216514
162936,0.34183663
162978,0.5164188
162979,0.19782561
162988,0.52664924
162989,0.7009154
163013,0.5889686
163014,0.15018938
163021,0.5142297
163024,0.09614669
163027,0.08940072
163030,0.17205457
163031,0.18338858
163032,0.21676353
163039,0.5092266
163042,0.20401464
163048,0.21559078
163049,0.14142543
163068,0.25134918
163071,0.24357958
163074,0.85360575
163079,0.24374865
163080,0.09722112
163085,0.4485357
163093,0.23879042
163094,0.8471631
163109,0.53879386
163116,0.3920594
163117,0.35917664
163118,0.47449788
163119,0.8464275
163121,0.19238928
163131,0.25754073
163132,0.38328338
163133,0.54325914
163182,0.39856738
163187,0.30019265
163188,0.8557763
163195,0.12467475
163197,0.10735179
163200,0.08607489
163206,0.82116246
163207,0.34220272
163214,0.8005558
163222,0.095843025
163224,0.28540382
163226,0.7666498
163235,0.6530333
163240,0.37117708
163258,0.5294081
163263,0.28562373
163264,0.79426754
163265,0.4245127
163266,0.38662648
163268,0.7288078
163272,0.20594594
163273,0.85358894
163278,0.75390846
163288,0.09636159
163299,0.6814929
163302,0.7205737
163307,0.15759933
163321,0.26501784
163349,0.4438356
163352,0.55769277
163353,0.7070475
163357,0.7495566
163362,0.25718012
163375,0.4987379
163385,0.28514755
163386,0.6766114
163390,0.49574453
163408,0.54028285
163423,0.47803295
163426,0.7733286
163437,0.8249187
163452,0.31689614
163472,0.23114876
163473,0.16112903
163479,0.11722788
163480,0.4807109
163487,0.20089337
163492,0.86750656
163493,0.46000597
163523,0.6131732
163524,0.3649617
163527,0.38284004
163528,0.4977007
163531,0.11156844
163538,0.6149178
163556,0.12798275
163563,0.80054104
163566,0.77166814
163570,0.112671115
163571,0.23491132
163574,0.1570224
163578,0.24137795
163580,0.37402904
163597,0.7345671
163601,0.53737503
163604,0.6054887
163609,0.31800932
163618,0.5414107
163634,0.64759815
163647,0.5019581
163660,0.87638295
163661,0.27494383
163666,0.35951388
163667,0.48298627
163669,0.6539691
163676,0.15007783
163681,0.16002588
163682,0.13457079
163684,0.5261158
163714,0.7082642
163724,0.17544383
163728,0.7792111
163729,0.08829581
163738,0.17876518
163742,0.5091763
163743,0.72000843
163748,0.59406555
163759,0.40189144
163782,0.12946776
163793,0.3246317
163800,0.24350525
163801,0.45914498
163802,0.5584308
163814,0.40091047
163820,0.512222
163821,0.16505244
163848,0.24613547
163852,0.58632636
163854,0.44033015
163855,0.76679146
163882,0.14749016
163895,0.339755
163900,0.83889127
163907,0.7602139
163915,0.19135723
163926,0.3596823
163929,0.13819475
163934,0.68952954
163940,0.40907803
163943,0.46167928
163944,0.18212119
163949,0.1728974
163951,0.3069213
163952,0.33776847
163965,0.6948331
163970,0.13815111
163980,0.30883053
163981,0.28514418
163988,0.75197655
163989,0.56014115
163991,0.3384226
164015,0.23968421
164028,0.4924463
164030,0.39671272
164031,0.49944094
164037,0.14629632
164049,0.5051926
164052,0.61018074
164059,0.12753154
164083,0.6208332
164095,0.35414168
164106,0.83870035
164116,0.3531846
164117,0.8746464
164119,0.18298663
164133,0.7840875
164134,0.46701992
164142,0.30603564
164143,0.08966129
164147,0.27602082
164148,0.74518603
164150,0.63791704
164152,0.3832328
164156,0.42866865
164157,0.5884077
164158,0.090874314
164166,0.87128776
164191,0.25544864
164194,0.43490988
164198,0.09973627
164201,0.09934725
164202,0.48497665
164207,0.91331327
164228,0.15412529
164240,0.5175784
164241,0.14332077
164244,0.123021275
164256,0.5577234
164262,0.50165933
164269,0.26289156
164276,0.12443362
164281,0.84494114
164290,0.54593235
164300,0.8442288
164305,0.78361183
164307,0.40115783
164308,0.10732646
164309,0.098936275
164314,0.26575926
164319,0.25304237
164331,0.21133195
164332,0.09651211
164343,0.5220865
164349,0.502772
164363,0.1930732
164373,0.5254495
164410,0.7151929
164417,0.34400648
164436,0.18514574
164438,0.12436668
164441,0.24460192
164445,0.14850798
164451,0.3930962
164452,0.13357554
164502,0.501069
164513,0.656091
164526,0.7899178
164527,0.33032495
164528,0.55299747
164530,0.20409904
164537,0.7206335
164542,0.644442
164546,0.1948152
164555,0.8954449
164556,0.09050186
164568,0.6456647
164571,0.8526392
164572,0.85232186
164574,0.35565376
164580,0.15926765
164597,0.17414771
164601,0.0892213
164619,0.4673113
164633,0.17542088
164642,0.17430337
164652,0.76956993
164676,0.39891773
164682,0.113376334
164685,0.45515537
164691,0.63045853
164696,0.15227164
164708,0.42692864
164711,0.6817785
164712,0.7206928
164717,0.42337278
164721,0.18965603
164740,0.10148107
164746,0.11211742
164755,0.25926918
164761,0.28206366
164764,0.18723504
164766,0.91436553
164776,0.8183647
164777,0.22453308
164783,0.3435355
164786,0.11258173
164799,0.7090309
164808,0.54547346
164812,0.33856308
164815,0.60160387
164816,0.1714176
164817,0.57635015
164818,0.71525955
164819,0.7936204
164821,0.41428843
164822,0.16848464
164825,0.16664608
164834,0.6586552
164841,0.1821426
164842,0.4188533
164853,0.24161221
164855,0.72007084
164856,0.30814222
164878,0.13615786
164883,0.1711069
164887,0.12467471
164888,0.10774453
164889,0.279904
164891,0.89520603
164892,0.111195736
164922,0.21569203
164924,0.41470435
164933,0.85578233
164938,0.18749243
164939,0.722263
164949,0.18855828
164950,0.3915333
164957,0.6578916
164961,0.47376868
164963,0.1822303
164972,0.14443713
164980,0.13702874
164981,0.18556458
165020,0.5092932
165027,0.48225442
165046,0.38915348
165048,0.49905682
165049,0.47909465
165058,0.37266895
165065,0.10170854
165081,0.26924136
165082,0.67206734
165090,0.21354187
165107,0.22283736
165131,0.47747302
165133,0.58134246
165137,0.21818635
165140,0.8436362
165142,0.51971763
165143,0.49784225
165152,0.703989
165154,0.36459184
165158,0.46354312
165166,0.13119562
165168,0.63930583
165171,0.17371857
165175,0.64669436
165182,0.11587288
165188,0.7975164
165190,0.16197847
165199,0.14083241
165202,0.749921
165203,0.5478236
165204,0.7236347
165208,0.20774294
165221,0.2867981
165243,0.1558097
165283,0.5240747
165300,0.29293486
165302,0.53025174
165304,0.24042073
165313,0.20839423
165336,0.6398869
165339,0.53084034
165363,0.79545623
165376,0.45303
165380,0.7937978
165385,0.12755111
165386,0.36952814
165410,0.2650346
165422,0.1925799
165426,0.40147468
165428,0.41234803
165445,0.6090389
165452,0.38614714
165454,0.3215413
165455,0.13235135
165462,0.42583397
165465,0.44159326
165466,0.49653375
165467,0.678778
165476,0.1763872
165477,0.5511276
165478,0.8620192
165497,0.26374626
165500,0.45442662
165511,0.5969203
165513,0.58318657
165515,0.8673883
165521,0.12215833
165522,0.5421833
165523,0.49012563
165530,0.4880343
165537,0.25143978
165538,0.12068187
165539,0.57031506
165545,0.11815874
165550,0.24371421
165551,0.35202554
165552,0.4940846
165557,0.2690357
165558,0.47737244
165560,0.1890487
165574,0.7990043
165576,0.74456334
165587,0.3192966
165601,0.08816898
165605,0.104053654
165606,0.09270815
165607,0.20712055
165624,0.5542254
165632,0.33435184
165633,0.42187873
165634,0.3009549
165646,0.17820203
165649,0.10777313
165651,0.61396194
165661,0.42634106
165666,0.4166506
165669,0.48935878
165674,0.42193356
165685,0.6616477
165687,0.37868968
165692,0.59072006
165721,0.78977025
165726,0.8295691
165748,0.32268152
165749,0.55543274
165752,0.1928925
165755,0.2315432
165758,0.28503346
165761,0.099168494
165762,0.22930962
165780,0.23746341
165781,0.13391347
165789,0.4726724
165802,0.098669834
165806,0.396995
165817,0.24716768
165822,0.8343122
165837,0.12887624
165840,0.78294474
165846,0.10275985
165853,0.16757047
165864,0.8332324
165865,0.17830773
165868,0.51152927
165869,0.3557179
165871,0.47077638
165880,0.17592877
165887,0.6178001
165904,0.78474396
165907,0.35653487
165910,0.6988014
165915,0.47334078
165917,0.34593818
165918,0.9063434
165919,0.5096605
165923,0.61842966
165931,0.12228718
165932,0.30412722
165934,0.9051968
165939,0.4754886
165944,0.6120104
165951,0.89741755
165955,0.13802922
165959,0.7704541
165966,0.6132397
165970,0.30279365
165975,0.10106803
165977,0.09800323
165990,0.8484669
165997,0.32018566
166003,0.53072095
166008,0.22015412
166020,0.23647486
166025,0.15685844
166033,0.32037014
166038,0.43509933
166042,0.3084685
166049,0.101248205
166071,0.09196485
166091,0.7168208
166093,0.8123072
166095,0.20191483
166104,0.10029577
166107,0.28923228
166108,0.12877025
166110,0.24240328
166112,0.59865177
166135,0.36101776
166136,0.14192823
166138,0.5534991
166153,0.8909866
166155,0.74219173
166158,0.44168225
166164,0.7811027
166186,0.58617127
166191,0.45626792
166196,0.1801921
166197,0.6348926
166202,0.2795934
166215,0.09449176
166230,0.29787207
166243,0.8062473
166244,0.5887387
166255,0.08996106
166258,0.6255958
166263,0.7728083
166271,0.5343024
166283,0.44949776
166286,0.3341427
166291,0.14278658
166294,0.74392855
166303,0.65558374
166306,0.6578673
166309,0.2336982
166316,0.60985136
166317,0.11365597
166321,0.6853056
166331,0.40188587
166349,0.5006533
166374,0.089561105
166387,0.08897588
166393,0.28067338
166400,0.28076503
166420,0.08408564
166446,0.09297877
166449,0.30555764
166452,0.3840764
166495,0.26870483
166501,0.17908883
166514,0.47942036
166515,0.44211134
166521,0.5929251
166525,0.10876178
166529,0.42743886
166536,0.61471957
166542,0.16498034
166543,0.6757533
166545,0.13948998
166550,0.37451476
166560,0.16863911
166567,0.21423171
166570,0.18050486
166573,0.26790324
166582,0.86166537
166583,0.8328861
166590,0.21982472
166594,0.6587663
166618,0.91050637
166623,0.60243464
166626,0.5812918
166641,0.5653473
166654,0.16220121
166682,0.6702074
166685,0.52430487
166688,0.48090288
166692,0.47118393
166701,0.18352053
166702,0.6633554
166705,0.43060887
166713,0.40562493
166733,0.18645266
166734,0.42503482
166738,0.46999836
166739,0.09072539
166740,0.23869361
166755,0.8652639
166761,0.7844885
166764,0.44511184
166773,0.3573641
166774,0.40281463
166814,0.29471484
166819,0.829856
166834,0.7331236
166841,0.7702955
166848,0.7659556
166857,0.58922637
166858,0.13131356
166873,0.17690755
166889,0.21546915
166890,0.096315615
166891,0.35223347
166902,0.42121822
166908,0.44462273
166916,0.3547661
166920,0.40113327
166922,0.292696
166926,0.32017177
166928,0.47952682
166930,0.85590863
166931,0.15952508
166932,0.18118994
166937,0.100646414
166941,0.16173963
166944,0.132099
166960,0.5559088
166972,0.22327277
166973,0.39717004
166978,0.19014788
166984,0.67169213
166994,0.32336703
166995,0.49626422
166996,0.087017834
167001,0.11086074
167006,0.47478747
167007,0.22048433
167037,0.7589408
167041,0.3451547
167051,0.76391006
167052,0.6471499
167054,0.30005702
167057,0.4582143
167058,0.5846962
167059,0.21709126
167060,0.1932629
167066,0.24987537
167077,0.31620258
167078,0.17287368
167080,0.60917014
167089,0.66682726
167090,0.5372527
167091,0.3847208
167096,0.35119432
167105,0.55889785
167121,0.26987597
167128,0.2106722
167131,0.8967074
167139,0.50004345
167140,0.8763077
167149,0.37002346
167152,0.90645075
167153,0.64227015
167163,0.685925
167167,0.50344706
167171,0.1868436
167178,0.21830562
167179,0.3008114
167182,0.25320202
167187,0.1557184
167192,0.41924715
167208,0.23573846
167212,0.52486175
167217,0.2978347
167230,0.599647
167236,0.101804376
167238,0.8275132
167239,0.31034067
167257,0.8110563
167260,0.5354987
167264,0.33763957
167271,0.28273734
167273,0.75580996
167276,0.5301179
167283,0.5275496
167295,0.20582935
167296,0.8498766
167299,0.729046
167310,0.12433845
167313,0.5747075
167323,0.33632421
167328,0.76401246
167329,0.55551827
167333,0.29327813
167349,0.43067762
167351,0.1508883
167359,0.31782907
167363,0.12927687
167371,0.15063286
167384,0.5497787
167387,0.49977967
167389,0.38330513
167393,0.09306821
167401,0.4241397
167427,0.37241462
167428,0.11325094
167433,0.45276904
167434,0.18558888
167437,0.41440386
167438,0.26014897
167454,0.3563826
167475,0.106575325
167480,0.37034768
167491,0.4039056
167494,0.48543656
167495,0.261972
167503,0.34760234
167521,0.49486062
167529,0.40820363
167530,0.3006161
167550,0.4064084
167554,0.67572427
167557,0.81968904
167562,0.26620403
167566,0.41234735
167572,0.86903274
167573,0.60525036
167578,0.51229477
167592,0.79852444
167597,0.16506736
167621,0.4793658
167622,0.10981003
167631,0.71720743
167637,0.9032072
167638,0.271171
167645,0.41221017
167648,0.818288
167697,0.8495818
167698,0.229656
167701,0.307217
167708,0.20258282
167714,0.2089132
167717,0.7925617
167727,0.15286486
167737,0.15882479
167746,0.78641486
167751,0.7299163
167753,0.38582963
167755,0.35162815
167771,0.45089746
167805,0.40862617
167811,0.27236977
167815,0.32583916
167829,0.22548713
167830,0.3161915
167834,0.3436049
167841,0.72041255
167846,0.14903809
167851,0.91172904
167871,0.12738705
167890,0.49780715
167898,0.13207589
167901,0.08653918
167902,0.17399572
167907,0.73971385
167911,0.3965579
167912,0.12469204
167916,0.46114433
167917,0.22091302
167928,0.4864759
167940,0.50368446
167947,0.29414797
167948,0.2849845
167953,0.10557856
167957,0.6717534
167958,0.4999609
167968,0.129448
167970,0.47217312
167977,0.15634693
167980,0.23221466
167993,0.7323627
167994,0.70925057
167998,0.44943726
168000,0.5807839
168006,0.44358996
168011,0.38964188
168012,0.28750896
168013,0.47763234
168022,0.08741735
168026,0.6731996
168032,0.097687826
168046,0.5356788
168054,0.5307258
168071,0.5301638
168078,0.8211609
168092,0.5571842
168093,0.7580504
168097,0.20208985
168105,0.7319187
168107,0.67064357
168108,0.36771142
168115,0.7035772
168127,0.4453678
168133,0.70489264
168135,0.33173165
168162,0.17740391
168163,0.18875648
168165,0.8407417
168169,0.41704714
168171,0.62178135
168174,0.30195126
168175,0.8340835
168186,0.126517
168202,0.26806816
168204,0.20747663
168208,0.29502416
168229,0.5526444
168239,0.13033663
168245,0.19386205
168276,0.15338421
168309,0.68354726
168313,0.61481297
168322,0.12176872
168323,0.088676795
168326,0.8187097
168331,0.55291545
168349,0.7101747
168384,0.38304132
168398,0.11839145
168403,0.09187545
168405,0.65765285
168416,0.08933288
168418,0.5869962
168420,0.60174525
168422,0.10781815
168436,0.7200102
168438,0.32226238
168443,0.10906963
168444,0.35838822
168446,0.14536752
168454,0.51066107
168459,0.37207493
168462,0.34599024
168472,0.40749845
168485,0.08855363
168496,0.7009412
168503,0.1710287
168515,0.34031925
168516,0.21495005
168520,0.7847434
168521,0.43354815
168531,0.11203072
168542,0.54067403
168548,0.39204404
168551,0.097996
168575,0.116228156
168580,0.30074117
168588,0.4911356
168593,0.29936555
168614,0.20919207
168615,0.17166993
168622,0.12836327
168623,0.57644993
168634,0.0941607
168645,0.7320415
168651,0.7947742
168683,0.41079977
168691,0.8578755
168708,0.6258343
168716,0.3921694
168718,0.2550599
168720,0.52143717
168722,0.79000956
168731,0.6021033
168736,0.38809672
168738,0.6793666
168747,0.2762557
168751,0.7010162
168752,0.57030284
168753,0.13229436
168774,0.8723947
168782,0.25001767
168788,0.09120294
168790,0.411278
168791,0.58600444
168793,0.70987296
168796,0.53347003
168802,0.24543601
168803,0.4913662
168810,0.7878476
168817,0.1365281
168820,0.825427
168823,0.412241
168827,0.71440077
168828,0.67524785
168831,0.61845404
168842,0.6284801
168845,0.39376488
168855,0.55702764
168856,0.667092
168861,0.48308975
168876,0.09100811
168897,0.60005033
168899,0.16427302
168913,0.73347026
168915,0.17418566
168916,0.4360307
168929,0.82976794
168930,0.09622043
168933,0.8251944
168954,0.35963106
168957,0.7951762
168959,0.10625974
168960,0.5517538
168961,0.56054646
168968,0.41548643
168969,0.5481441
168994,0.30970109
168995,0.45543894
169003,0.35352677
169004,0.9064954
169008,0.39444685
169009,0.5269446
169014,0.36638394
169030,0.19834466
169048,0.33640823
169061,0.76537466
169070,0.7530599
169092,0.088729575
169117,0.73955214
169118,0.7929669
169121,0.57399327
169123,0.40988532
169124,0.71059614
169137,0.5674064
169138,0.20294012
169143,0.09888162
169165,0.573611
169166,0.48429683
169167,0.55223715
169168,0.2645551
169175,0.08897083
169184,0.28073248
169195,0.2441282
169196,0.11816608
169197,0.5082692
169202,0.90368646
169204,0.5597931
169212,0.5017019
169214,0.80512786
169218,0.8751365
169239,0.16801713
169248,0.10226218
169252,0.23047186
169254,0.85842913
169257,0.6182786
169264,0.8287715
169267,0.39910623
169269,0.7734265
169278,0.31429827
169297,0.28502786
169299,0.6426956
169301,0.67557395
169306,0.17352049
169323,0.75977445
169328,0.6780155
169330,0.5980372
169331,0.15506266
169346,0.64097995
169348,0.38557938
169350,0.67680913
169353,0.09803078
169355,0.74728304
169364,0.84929836
169365,0.26314077
169367,0.1011881
169370,0.16010454
169378,0.53802496
169385,0.08850452
169387,0.6914686
169389,0.2935999
169395,0.74628526
169412,0.4477514
169426,0.84406316
169427,0.6775406
169432,0.224081
169436,0.830475
169453,0.36460942
169455,0.8838392
169457,0.3243867
169458,0.13464439
169461,0.6316529
169467,0.36151266
169470,0.31489524
169477,0.096583754
169481,0.2092942
169483,0.7753899
169490,0.6495736
169491,0.3976332
169495,0.13619708
169504,0.5965347
169514,0.11214808
169517,0.72054267
169523,0.11027906
169528,0.8396347
169534,0.5105147
169535,0.18201151
169537,0.33702058
169541,0.4310388
169546,0.16745442
169549,0.096486315
169554,0.7162675
169561,0.13869217
169571,0.15406801
169580,0.792037
169597,0.14813903
169598,0.20927645
169625,0.742639
169626,0.44637606
169627,0.64410025
169628,0.5093949
169629,0.54938126
169658,0.355266
169659,0.24128503
169668,0.27257067
169669,0.5620786
169673,0.17666103
169674,0.15801604
169676,0.7471791
169677,0.6112181
169678,0.54710937
169680,0.33982667
169695,0.6113544
169698,0.7714549
169710,0.7388536
169719,0.15720153
169720,0.49919498
169722,0.16401255
169735,0.47515926
169745,0.120166525
169749,0.50879383
169754,0.18616138
169760,0.40636736
169772,0.43998325
169773,0.15901679
169780,0.1713087
169788,0.22386086
169793,0.48545757
169809,0.7396863
169810,0.41501465
169824,0.09209873
169831,0.5061071
169833,0.4336209
169836,0.1406835
169859,0.44951802
169864,0.88958204
169872,0.15321322
169895,0.84691435
169911,0.10246396
169914,0.28502133
169960,0.68682915
169961,0.83236146
169964,0.3969471
169974,0.23053901
169988,0.19456674
169989,0.093446955
169995,0.093557194
170007,0.15908022
170026,0.41875085
170030,0.88353425
170033,0.49817717
170041,0.6831403
170043,0.11532571
170048,0.1402901
170050,0.2295255
170051,0.29148814
170056,0.6586659
170072,0.8439373
170076,0.17599545
170080,0.6223091
170101,0.18935932
170102,0.12788591
170107,0.74229294
170115,0.23629136
170119,0.31145987
170128,0.5226997
170129,0.10276829
170134,0.8920134
170136,0.53494537
170139,0.25398815
170140,0.5190658
170143,0.7762492
170148,0.90637076
170159,0.52353394
170163,0.40120733
170164,0.7449712
170173,0.10916268
170178,0.4445329
170179,0.19673575
170199,0.6993433
170203,0.1349652
170207,0.3883222
170211,0.17363964
170217,0.10565967
170224,0.09847105
170225,0.2616857
170255,0.6140683
170258,0.20343271
170259,0.25595525
170262,0.28748348
170278,0.43618813
170284,0.42202663
170285,0.7111736
170292,0.10294837
170293,0.49354404
170301,0.44151074
170302,0.8923197
170305,0.8603316
170309,0.51433665
170310,0.28268412
170326,0.4465861
170327,0.12536588
170328,0.79275674
170329,0.31646386
170330,0.30595967
170331,0.3204618
170337,0.29858604
170340,0.4665366
170341,0.19698519
170343,0.3900362
170361,0.45773378
170366,0.39382064
170376,0.52489996
170382,0.9037161
170396,0.13618022
170400,0.5788462
170403,0.58426535
170409,0.7816275
170410,0.10260999
170421,0.71257734
170425,0.21953213
170427,0.115203544
170428,0.21180645
170435,0.13566066
170438,0.13157462
170442,0.54396045
170446,0.7706702
170461,0.11164248
170473,0.73420817
170477,0.20304589
170516,0.14332765
170517,0.23887609
170522,0.4102654
170523,0.38739702
170534,0.48257694
170535,0.50099355
170538,0.6116595
170549,0.5244373
170556,0.1469585
170563,0.42764354
170570,0.3695538
170580,0.6277444
170582,0.17926809
170584,0.5901708
170585,0.13016227
170587,0.29306754
170590,0.4694484
170598,0.37301797
170599,0.40018854
170601,0.4179318
170612,0.7578047
170617,0.2890756
170620,0.42092553
170629,0.22658372
170647,0.7406997
170651,0.31979516
170654,0.32697636
170657,0.756446
170662,0.26818025
170707,0.28989458
170719,0.56377953
170722,0.31653857
170723,0.52166617
170731,0.8432983
170735,0.46609572
170750,0.37045023
170769,0.5098741
170770,0.46168706
170776,0.8119168
170783,0.117890686
170789,0.749161
170800,0.6829326
170809,0.7459462
170810,0.10762746
170811,0.35674173
170827,0.088176206
170842,0.17966948
170854,0.2490315
170857,0.71042436
170865,0.68402606
170867,0.097454794
170869,0.5839684
170870,0.5548615
170878,0.41255784
170881,0.791201
170910,0.72914237
170913,0.83703756
170919,0.5575849
170932,0.36717594
170939,0.83948654
170947,0.5268203
170950,0.5599137
170953,0.6712024
170954,0.5256628
170970,0.35798353
170972,0.44360825
170973,0.6524525
170980,0.38199934
170981,0.2889936
170983,0.5738828
170998,0.39511794
171001,0.43477294
171004,0.4068384
171020,0.13650502
171023,0.11654241
171026,0.15360478
171060,0.6796191
171061,0.4863025
171065,0.3331874
171077,0.2514834
171081,0.092280455
171103,0.8175653
171110,0.4462757
171114,0.11814565
171118,0.16346999
171119,0.4923422
171120,0.66385674
171137,0.60439014
171147,0.40466717
171153,0.7636397
171156,0.654341
171158,0.31303543
171163,0.5077861
171169,0.42944744
171170,0.53845793
171172,0.32094666
171173,0.42621583
171176,0.41632685
171181,0.42037946
171182,0.70912695
171191,0.2673334
171193,0.45564944
171195,0.74273664
171198,0.10826789
171205,0.18898618
171212,0.59104306
171237,0.5993342
171241,0.11145692
171262,0.43873015
171263,0.35691556
171266,0.2646584
171274,0.31649715
171290,0.28117463
171291,0.7352584
171297,0.096933275
171307,0.17440929
171311,0.8881631
171320,0.4677631
171322,0.08855511
171328,0.37625512
171337,0.11459956
171346,0.20480724
171348,0.68068445
171354,0.4706797
171358,0.22745222
171359,0.11575354
171360,0.507319
171369,0.3187008
171379,0.34387782
171384,0.4422994
171388,0.5829012
171390,0.27597412
171394,0.09533706
171395,0.6190588
171399,0.664368
171403,0.23570348
171422,0.09262273
171423,0.18441439
171469,0.4217307
171480,0.33438298
171487,0.1006936
171497,0.44781488
171502,0.68828315
171503,0.10439081
171506,0.50803673
171521,0.12969223
171530,0.47514662
171540,0.2561557
171541,0.32322872
171544,0.34188816
171551,0.5389788
171582,0.8041039
171587,0.13998365
171597,0.8440383
171603,0.5008935
171610,0.2488133
171614,0.11632007
171619,0.33870873
171621,0.3186214
171625,0.12059602
171626,0.12915093
171638,0.1448052
171642,0.46408543
171658,0.39601794
171674,0.8019873
171677,0.5061267
171684,0.13139012
171685,0.8477797
171686,0.24922769
171695,0.106388144
171702,0.30459276
171703,0.15775025
171704,0.31142923
171705,0.22376223
171706,0.26343137
171709,0.10404089
171712,0.3513849
171716,0.19565819
171730,0.48158735
171748,0.1099506
171757,0.54815793
171767,0.15127493
171768,0.8473232
171771,0.47172955
171775,0.102053136
171778,0.66874164
171780,0.8694385
171781,0.29286486
171785,0.18432064
171786,0.7717112
171789,0.24148643
171802,0.086837865
171803,0.31897274
171812,0.7313217
171862,0.25624463
171864,0.67474437
171891,0.82640606
171892,0.30095002
171913,0.16976951
171914,0.8000878
171922,0.54224485
171927,0.51224875
171933,0.38527104
171934,0.13619912
171943,0.55127317
171945,0.55121243
171960,0.37095517
171964,0.20755693
171975,0.4623932
171994,0.7292988
171996,0.8205349
171997,0.102556065
172000,0.24087785
172029,0.09326457
172038,0.40319338
172039,0.4374117
172043,0.5859139
172046,0.29812902
172048,0.13414645
172049,0.4264314
172053,0.2884551
172054,0.75321597
172058,0.4895033
172060,0.24763383
172061,0.10224635
172067,0.57338303
172072,0.24218437
172073,0.6430295
172098,0.26021037
172100,0.23893249
172101,0.5787718
172113,0.8975519
172144,0.16024965
172147,0.23779961
172149,0.38471115
172168,0.5040466
172169,0.23512653
172175,0.23813348
172197,0.2320785
172200,0.8115173
172205,0.8323226
172207,0.33693963
172210,0.40918848
172261,0.5564622
172279,0.1739434
172294,0.23999177
172300,0.08728763
172301,0.62923867
172310,0.3167388
172351,0.09267923
172353,0.09641214
172358,0.08573015
172374,0.4913484
172380,0.6835156
172384,0.17854075
172400,0.3979402
172403,0.43297008
172408,0.6416687
172411,0.08924331
172420,0.11027471
172426,0.91650146
172433,0.32842895
172434,0.3782363
172442,0.38140717
172443,0.8783812
172452,0.6308838
172454,0.5113759
172456,0.80511737
172460,0.6840262
172470,0.12948205
172479,0.70781684
172481,0.20309618
172483,0.1805956
172484,0.8658994
172485,0.2985736
172486,0.5868031
172493,0.33331388
172494,0.35327983
172497,0.7046556
172504,0.09967325
172518,0.67093676
172523,0.2902142
172527,0.3729515
172533,0.28140134
172536,0.16522957
172540,0.44831383
172541,0.24020287
172543,0.32745183
172545,0.7166048
172547,0.22874925
172551,0.5274408
172556,0.5617939
172562,0.37826762
172570,0.57533056
172574,0.35758317
172575,0.30704156
172599,0.088133805
172611,0.7476138
172612,0.22925141
172616,0.16677035
172623,0.52918184
172627,0.24424271
172635,0.8827846
172643,0.30611354
172644,0.17739023
172652,0.40571862
172656,0.25334126
172661,0.3360361
172664,0.11902408
172672,0.35443857
172678,0.41974655
172680,0.24877514
172683,0.21777852
172684,0.6293083
172690,0.28774124
172695,0.55968744
172696,0.12843998
172701,0.10354659
172713,0.5868765
172714,0.08621791
172731,0.131427
172738,0.09251879
172761,0.31787583
172767,0.65596616
172770,0.827305
172771,0.12412534
172799,0.09996758
172800,0.35338232
172804,0.81647176
172805,0.14155523
172820,0.25561026
172829,0.73767984
172831,0.8750822
172833,0.2399365
172843,0.11198928
172853,0.29357195
172855,0.31262833
172856,0.70484746
172857,0.102061614
172863,0.09905798
172877,0.2582286
172881,0.3692898
172895,0.48742983
172896,0.27593717
172910,0.089927755
172922,0.0997316
172939,0.6222341
172942,0.7444267
172945,0.42248654
172948,0.27990463
172949,0.77267164
172953,0.09470791
172967,0.84669197
172993,0.22239114
172995,0.2785198
172996,0.7441316
172997,0.34767666
172998,0.52961534
172999,0.5206748
173004,0.3636383
173006,0.85852754
173007,0.7088148
173013,0.5386874
173016,0.45991063
173020,0.8149721
173030,0.7395646
173048,0.24947506
173056,0.13482477
173066,0.33044556
173079,0.5198608
173107,0.46558556
173109,0.11798074
173127,0.30618423
173128,0.4039159
173130,0.5046507
173137,0.29382244
173157,0.25342745
173160,0.5429354
173168,0.23721826
173193,0.10065948
173197,0.77336556
173215,0.1245548
173216,0.52679455
173227,0.12861979
173236,0.6295405
173237,0.1870131
173247,0.31276777
173250,0.8441988
173259,0.5498551
173277,0.5789306
173285,0.14518814
173286,0.22299074
173299,0.54600435
173310,0.85087776
173312,0.6135026
173313,0.3310828
173320,0.31916818
173330,0.7874212
173333,0.27031398
173351,0.34871665
173370,0.81075925
173372,0.2915572
173381,0.68913746
173386,0.3150928
173387,0.6365972
173388,0.50455815
173393,0.09032463
173394,0.813154
173403,0.2976198
173467,0.44038853
173469,0.8087175
173475,0.3496691
173476,0.18423268
173477,0.08933249
173484,0.7649496
173485,0.23272756
173488,0.69696146
173491,0.25944284
173520,0.11208717
173522,0.7938712
173535,0.41464064
173539,0.4251428
173549,0.16396564
173552,0.20159906
173565,0.68379134
173586,0.2588419
173587,0.18701038
173588,0.113361456
173595,0.42605314
173606,0.69975847
173620,0.57184875
173623,0.42530203
173629,0.3338053
173647,0.23091003
173649,0.16728267
173650,0.41012216
173652,0.18118225
173654,0.6866519
173665,0.27598345
173667,0.7952455
173685,0.6127005
173710,0.7713572
173711,0.6327319
173713,0.46815127
173718,0.46917108
173743,0.15747868
173744,0.5103437
173762,0.6900168
173768,0.36142468
173769,0.8424024
173770,0.30856058
173773,0.462206
173779,0.2611608
173780,0.11487161
173781,0.56466085
173783,0.4670091
173795,0.53640157
173800,0.88037616
173812,0.11064634
173823,0.3901189
173834,0.42011327
173874,0.26782855
173891,0.21686102
173904,0.76690525
173909,0.28374636
173925,0.11561714
173941,0.50370896
173942,0.1124247
173944,0.44513887
173955,0.17096674
173959,0.47062466
174000,0.5539281
174004,0.21724984
174006,0.13004436
174008,0.5621955
174012,0.16172796
174017,0.6269295
174020,0.25112683
174044,0.18259034
174051,0.17372677
174052,0.32478148
174059,0.44206157
174060,0.119684
174061,0.1924363
174063,0.49537313
174068,0.4762358
174069,0.40617424
174072,0.52322614
174074,0.09432665
174091,0.2894436
174092,0.41401902
174098,0.6618781
174105,0.55481344
174107,0.19403456
174110,0.15933259
174121,0.14656556
174126,0.37279153
174153,0.09419583
174156,0.25966424
174160,0.2762773
174173,0.10241316
174183,0.104424804
174185,0.091604196
174188,0.73857045
174198,0.24239029
174206,0.2316457
174207,0.19306591
174211,0.5294052
174239,0.6199592
174260,0.84243697
174261,0.27657256
174262,0.83900857
174264,0.20674956
174271,0.7944427
174275,0.88878715
174277,0.57280296
174286,0.086665355
174301,0.13218772
174312,0.8349966
174314,0.13963787
174322,0.59245473
174323,0.4952223
174325,0.5690711
174326,0.41863498
174327,0.27900696
174334,0.7552443
174360,0.104970016
174362,0.74754995
174367,0.34324485
174371,0.19340715
174372,0.43984646
174384,0.12603557
174390,0.19297324
174391,0.21770403
174396,0.09577794
174412,0.37646192
174423,0.85731035
174428,0.71735483
174429,0.87418056
174438,0.25956735
174481,0.19626935
174483,0.4694969
174484,0.090217516
174485,0.87194866
174488,0.35815075
174497,0.15150219
174509,0.6677232
174513,0.7123442
174514,0.7558008
174520,0.35631335
174526,0.46314183
174532,0.10633211
174536,0.27604696
174537,0.21524386
174538,0.667544
174539,0.74801046
174540,0.17247875
174549,0.14417617
174551,0.38410655
174563,0.8491345
174574,0.7531605
174575,0.7926623
174586,0.09001899
174590,0.3762793
174606,0.5072424
174607,0.56113005
174609,0.15831225
174610,0.6836386
174630,0.8039385
174631,0.12830167
174661,0.21329068
174665,0.10888537
174666,0.20829573
174677,0.17734006
174690,0.23372434
174700,0.12358788
174702,0.32357904
174703,0.09026708
174713,0.103933886
174721,0.43362233
174726,0.2666407
174729,0.11829667
174741,0.26687
174742,0.8390338
174754,0.29610115
174757,0.16566682
174782,0.8952517
174795,0.50613946
174805,0.18250327
174806,0.31411564
174809,0.40145808
174810,0.41741297
174829,0.09157455
174830,0.85884553
174832,0.19935164
174836,0.7226832
174839,0.16484196
174843,0.38234255
174854,0.6411937
174861,0.5219397
174863,0.57074666
174867,0.34928986
174871,0.6620797
174887,0.3382674
174890,0.7181356
174897,0.13045165
174901,0.64068276
174903,0.08583823
174912,0.098906904
174913,0.5188274
174920,0.84776753
174922,0.86983275
174924,0.77278084
174925,0.26366276
174928,0.37430242
174938,0.75296026
174939,0.16173816
174943,0.25664374
174950,0.60752344
174954,0.4674946
174955,0.110871784
174957,0.5590293
174965,0.15692355
174966,0.3265494
174967,0.43123797
174977,0.7354018
174983,0.25392678
174986,0.6268063
174987,0.44626674
175012,0.56027645
175015,0.4536989
175025,0.35785282
175027,0.8249242
175029,0.32023698
175056,0.8031056
175075,0.55599844
175081,0.6263168
175097,0.75272363
175128,0.44486007
175129,0.13178104
175138,0.4865582
175169,0.8039081
175183,0.6462165
175211,0.2519096
175212,0.46323472
175215,0.16940117
175223,0.43256596
175225,0.17271656
175233,0.30116403
175250,0.15231103
175253,0.2624666
175257,0.1341359
175260,0.13781908
175261,0.3624527
175264,0.16205598
175284,0.7828017
175288,0.1582565
175295,0.26606178
175309,0.50722027
175310,0.43286055
175313,0.54176766
175334,0.19057232
175337,0.29238105
175346,0.12949753
175347,0.569585
175349,0.29232955
175350,0.5663408
175351,0.35584643
175367,0.8273783
175369,0.4883237
175371,0.6526555
175372,0.093522474
175392,0.8022784
175400,0.1745731
175402,0.13369758
175403,0.6302624
175407,0.61535156
175408,0.19998643
175414,0.4380904
175431,0.17503463
175435,0.27933753
175442,0.09335812
175454,0.17934601
175456,0.3223771
175457,0.22094993
175464,0.36854026
175465,0.377299
175477,0.1551534
175488,0.53862655
175495,0.42161974
175499,0.7893106
175500,0.24122436
175515,0.5606533
175519,0.34331813
175520,0.54681975
175531,0.10469721
175534,0.23599823
175543,0.7048086
175566,0.10658772
175568,0.21866888
175573,0.4112287
175574,0.50835586
175576,0.52675235
175591,0.25322878
175593,0.26059705
175605,0.8169735
175609,0.46124426
175617,0.09968514
175624,0.8841642
175629,0.18184279
175633,0.09032673
175645,0.6605023
175649,0.09384453
175650,0.11244964
175653,0.30958962
175659,0.11092261
175660,0.08636254
175661,0.24452999
175664,0.18316358
175665,0.27862927
175677,0.19610643
175682,0.6688967
175684,0.6805619
175687,0.2024719
175690,0.4682486
175706,0.10141787
175722,0.46583265
175724,0.23349015
175730,0.6761277
175731,0.112279356
175737,0.2748174
175743,0.60889435
175745,0.60928714
175758,0.36862022
175768,0.38094506
175769,0.27719513
175773,0.097967066
175775,0.33468848
175794,0.19506465
175798,0.54491884
175809,0.81993777
175818,0.33220404
175830,0.08735075
175835,0.10646401
175840,0.8459347
175864,0.16796097
175875,0.31934115
175890,0.10239424
175892,0.26604685
175914,0.4895686
175930,0.8017406
175935,0.3882
175955,0.08754873
175958,0.2597237
175959,0.17075819
175960,0.65887076
175964,0.1916917
175968,0.12071283
175986,0.5942986
175987,0.6859276
175997,0.17265686
175998,0.67796206
176003,0.2200053
176004,0.6649568
176021,0.3546074
176034,0.6332442
176035,0.79648733
176043,0.66646487
176045,0.5660789
176051,0.3785087
176052,0.15274166
176059,0.08817802
176067,0.41167432
176073,0.7498908
176076,0.10357754
176077,0.13715735
176085,0.086974
176088,0.47681722
176095,0.23980853
176118,0.7042049
176129,0.54885167
176177,0.42426202
176183,0.31487003
176206,0.6879387
176218,0.18789959
176240,0.25580698
176253,0.16266525
176260,0.70362234
176275,0.42439312
176285,0.31283507
176288,0.5529718
176289,0.5119656
176290,0.5924425
176297,0.30082673
176300,0.76860976
176301,0.7457869
176319,0.18309623
176322,0.43267456
176337,0.09179993
176346,0.47959772
176347,0.801945
176352,0.57555974
176358,0.10598981
176359,0.71740264
176365,0.41628978
176371,0.2256944
176403,0.36217898
176419,0.3396861
176428,0.13303642
176429,0.8720565
176430,0.36195818
176432,0.33101496
176437,0.7668059
176440,0.23207434
176441,0.73982054
176450,0.20544437
176454,0.503334
176459,0.38486063
176460,0.67710686
176467,0.36640084
176472,0.90561575
176482,0.54159874
176483,0.90225893
176486,0.19006784
176487,0.39060214
176494,0.33974108
176497,0.17445481
176500,0.38553077
176509,0.642468
176511,0.5177456
176512,0.43990928
176522,0.3386385
176525,0.44778088
176526,0.7758381
176537,0.18065135
176538,0.49140134
176572,0.1593144
176573,0.3709603
176574,0.6171372
176579,0.19689353
176580,0.50356233
176592,0.81938434
176601,0.14918831
176603,0.6541524
176605,0.48229128
176606,0.23459336
176615,0.16236262
176620,0.6639839
176634,0.48308107
176635,0.26128453
176638,0.1470702
176639,0.2656459
176641,0.44239947
176661,0.29421002
176668,0.8503977
176669,0.43078604
176683,0.47528633
176688,0.11689539
176700,0.58635247
176702,0.10514194
176705,0.55499387
176709,0.19586529
176710,0.6174805
176720,0.64125943
176726,0.09839821
176731,0.49415976
176732,0.49082133
176733,0.25325656
176734,0.28061357
176736,0.39726582
176741,0.099851646
176756,0.25951153
176785,0.21671176
176790,0.11193706
176793,0.28729996
176820,0.4088733
176827,0.42611888
176828,0.12361863
176839,0.5677474
176848,0.16492224
176850,0.40009043
176853,0.17797932
176866,0.10298546
176867,0.14453518
176875,0.5933573
176883,0.7919383
176888,0.66019124
176890,0.7889299
176898,0.86204123
176917,0.6971513
176925,0.52318925
176929,0.3040458
176934,0.5865585
176938,0.8146129
176953,0.6666812
176957,0.70634174
176970,0.17306514
176997,0.39306355
177029,0.4665768
177030,0.15081884
177031,0.50039095
177032,0.5289545
177047,0.35446852
177048,0.118263245
177051,0.48672584
177055,0.105102755
177060,0.18934068
177064,0.775683
177065,0.099981904
177069,0.5992585
177076,0.6784588
177085,0.33156264
177087,0.54903346
177105,0.5792645
177126,0.19411606
177133,0.2614369
177141,0.25186577
177146,0.5316702
177156,0.6865709
177179,0.13881807
177187,0.8801678
177192,0.8187404
177203,0.44890863
177228,0.6697931
177229,0.37250188
177249,0.44319654
177250,0.7770494
177253,0.2163055
177260,0.4718121
177262,0.2686555
177270,0.24049814
177275,0.62607
177284,0.4208022
177285,0.69748884
177314,0.45676196
177319,0.72882754
177325,0.16424747
177327,0.5967135
177339,0.36665168
177344,0.70780456
177378,0.5791473
177384,0.5825802
177385,0.3025268
177386,0.13977495
177387,0.33977732
177405,0.30783322
177423,0.5931168
177424,0.0914022
177425,0.3269085
177430,0.7205428
177435,0.22089356
177447,0.48204774
177448,0.33594793
177449,0.11545013
177451,0.28142276
177460,0.8710989
177479,0.13090597
177489,0.21786048
177504,0.19518185
177505,0.55412817
177511,0.78420407
177524,0.38489336
177526,0.30462584
177535,0.12518287
177558,0.31388822
177562,0.7452033
177569,0.22158428
177579,0.12585486
177580,0.24246912
177583,0.106442176
177584,0.50582623
177585,0.55979437
177605,0.7215805
177606,0.12891297
177618,0.5139799
177639,0.906048
177649,0.09728559
177656,0.2834135
177657,0.20777652
177661,0.750208
177665,0.28464976
177669,0.18906835
177680,0.78742015
177688,0.8766461
177689,0.41423973
177694,0.20180142
177696,0.583796
177700,0.19912349
177705,0.33137843
177710,0.21742591
177720,0.10936944
177728,0.4484072
177729,0.619077
177731,0.3561091
177733,0.44915637
177749,0.29808053
177751,0.45143157
177767,0.61232805
177776,0.4357876
177780,0.770529
177783,0.2004886
177785,0.67201513
177791,0.29711744
177797,0.13356684
177798,0.32290488
177799,0.21205428
177802,0.29397342
177803,0.464091
177805,0.15654577
177820,0.098429576
177824,0.24500395
177825,0.286369
177829,0.092319004
177839,0.4985175
177861,0.26996967
177865,0.26274154
177867,0.09718216
177875,0.64100856
177876,0.8622257
177878,0.5140255
177883,0.22369078
177886,0.089926824
177891,0.5493039
177892,0.4712432
177902,0.31557828
177904,0.67306066
177931,0.496834
177939,0.14649041
177944,0.50198233
177946,0.28471738
177959,0.6719836
177977,0.5141026
177992,0.6602931
177993,0.6730227
178005,0.49085006
178008,0.15136817
178009,0.2451071
178012,0.7647069
178015,0.36656326
178018,0.23198554
178037,0.55472493
178050,0.090314664
178058,0.49654034
178060,0.140165
178064,0.90410966
178074,0.39037013
178077,0.48668727
178094,0.4441886
178095,0.6225644
178096,0.53567034
178107,0.20464651
178117,0.17982784
178146,0.13855496
178154,0.51146996
178160,0.54113406
178164,0.4117165
178172,0.09091439
178174,0.48654264
178182,0.78692573
178184,0.7109542
178196,0.5349388
178223,0.75660664
178225,0.34440517
178226,0.6148049
178240,0.7075439
178242,0.3725209
178250,0.51901835
178268,0.093560964
178282,0.35198003
178285,0.7620217
178288,0.26456848
178290,0.08592837
178295,0.25955543
178312,0.10203535
178317,0.23100209
178342,0.8011452
178343,0.31285852
178344,0.39131856
178346,0.17721014
178353,0.79623055
178356,0.8863983
178358,0.13146366
178359,0.2917613
178362,0.8686686
178380,0.21675201
178387,0.27792057
178391,0.8627678
178395,0.5418138
178408,0.7494138
178415,0.09108336
178421,0.13900466
178424,0.85933137
178428,0.5497955
178432,0.19942579
178433,0.3465281
178436,0.47493866
178442,0.28234327
178453,0.12083732
178459,0.30960822
178467,0.34334671
178472,0.62641346
178491,0.109881684
178499,0.63315475
178504,0.64992714
178506,0.7753933
178509,0.30867398
178517,0.19153589
178525,0.2060284
178530,0.35044092
178531,0.6321448
178537,0.41066718
178553,0.6934801
178557,0.15313153
178565,0.46105823
178566,0.276617
178579,0.2669842
178586,0.50048673
178589,0.54629296
178592,0.49347308
178610,0.08630496
178620,0.43569216
178621,0.10736235
178622,0.7498652
178643,0.16815391
178665,0.29465726
178671,0.3730275
178675,0.25869542
178692,0.3408663
178722,0.2791908
178723,0.32342455
178726,0.5122881
178731,0.78871214
178737,0.4134632
178739,0.46254343
178745,0.09290624
178766,0.21261589
178771,0.5742201
178775,0.16359016
178785,0.30627558
178789,0.5549349
178790,0.26140797
178792,0.6759578
178804,0.1267235
178817,0.4485594
178821,0.30848753
178825,0.19506681
178830,0.51709235
178831,0.8025112
178832,0.7451843
178847,0.33638835
178853,0.52670467
178856,0.472411
178867,0.15912555
178868,0.2486193
178881,0.3362265
178887,0.3767935
178888,0.8362349
178908,0.41569337
178909,0.24098143
178942,0.7213193
178943,0.9104759
178946,0.2536984
178947,0.8027324
178950,0.67951334
178958,0.6677444
178976,0.11873448
178986,0.14668645
178989,0.105705775
178995,0.74304557
178996,0.5588562
179006,0.5323059
179025,0.3495306
179034,0.51243865
179038,0.8606208
179043,0.1724715
179050,0.37479734
179051,0.3853026
179076,0.87642616
179077,0.14488037
179091,0.46573135
179092,0.4826509
179111,0.4457347
179128,0.5126337
179132,0.6409838
179137,0.5366858
179138,0.40625295
179146,0.28142083
179148,0.43310642
179149,0.18734331
179150,0.14412902
179155,0.12953708
179164,0.33206913
179177,0.12024083
179178,0.3692704
179182,0.70094603
179184,0.092367254
179186,0.80825806
179191,0.84621525
179194,0.5164433
179201,0.36689532
179210,0.09076913
179211,0.20791963
179212,0.7123135
179216,0.67656636
179229,0.09127729
179235,0.110076725
179236,0.6320856
179241,0.31544444
179244,0.22070283
179249,0.48403338
179256,0.7872385
179260,0.60426754
179262,0.83202016
179264,0.4578836
179268,0.36077893
179272,0.2078544
179280,0.24374276
179287,0.39856425
179288,0.43604675
179290,0.0989289
179295,0.14967625
179298,0.43799847
179306,0.19595093
179307,0.22833988
179310,0.90752023
179314,0.14711522
179317,0.46848783
179319,0.41702366
179327,0.13594474
179336,0.36454463
179342,0.12265808
179344,0.9030251
179347,0.0978141
179357,0.4261537
179368,0.620032
179413,0.2599781
179425,0.3423402
179435,0.29123867
179447,0.14515431
179449,0.09470863
179458,0.1484352
179460,0.1780385
179475,0.815828
179486,0.5981635
179493,0.106986195
179499,0.25278676
179501,0.3569902
179508,0.46606204
179511,0.23212065
179513,0.4417386
179519,0.6256359
179537,0.20714164
179550,0.16607124
179559,0.30044538
179560,0.26580602
179578,0.51704997
179583,0.2638425
179590,0.11010393
179597,0.09029641
179599,0.10045242
179602,0.7397304
179609,0.098872274
179621,0.6443242
179624,0.37162995
179625,0.112801924
179630,0.34032696
179640,0.27826455
179641,0.12093376
179644,0.09380948
179649,0.44628924
179650,0.7054871
179652,0.44700396
179653,0.5104421
179660,0.53968555
179662,0.23413196
179673,0.76430655
179678,0.34867555
179679,0.43529373
179686,0.10122869
179721,0.12211231
179733,0.39389277
179736,0.75181735
179737,0.16998222
179748,0.61401457
179750,0.7933973
179751,0.33880603
179752,0.47512174
179753,0.4536595
179765,0.21233508
179768,0.34256747
179798,0.14530413
179827,0.344217
179837,0.17372692
179838,0.36999193
179851,0.38201496
179868,0.83451587
179875,0.47050002
179876,0.11847179
179882,0.5024396
179883,0.18886212
179894,0.086425014
179905,0.57008165
179907,0.6031529
179919,0.15101606
179926,0.25525254
179936,0.31017935
179941,0.5780955
179945,0.5949442
179951,0.8245415
179960,0.29005632
179967,0.17314447
179980,0.7659907
179985,0.7355336
179997,0.35190833
180001,0.452004
180007,0.14271675
180011,0.80836576
180017,0.37019742
180027,0.16883852
180033,0.4211202
180036,0.8014714
180037,0.29447973
180041,0.8188826
180042,0.90480673
180050,0.80897975
180059,0.15058707
180066,0.2791476
180067,0.32039207
180085,0.17595348
180092,0.2844627
180099,0.14359349
180101,0.7658068
180115,0.2957586
180122,0.37332076
180126,0.37416512
180127,0.22017866
180140,0.52997965
180141,0.08863862
180158,0.39842087
180163,0.80560404
180178,0.10058111
180189,0.12096191
180198,0.3386712
180201,0.6592832
180202,0.74034464
180209,0.70740247
180239,0.5288236
180244,0.21905191
180270,0.08982112
180271,0.3653216
180286,0.25218529
180287,0.1479055
180291,0.34214666
180293,0.20630275
180296,0.5447043
180297,0.5139987
180305,0.12477075
180318,0.3536766
180319,0.39975086
180322,0.09510153
180323,0.23553026
180331,0.29531202
180365,0.10413845
180368,0.4829257
180369,0.39959642
180382,0.15055086
180387,0.20250882
180388,0.8952948
180389,0.47365552
180398,0.35138062
180399,0.10178922
180402,0.591664
180406,0.4129594
180407,0.15049852
180408,0.45681202
180413,0.41573188
180416,0.28241992
180420,0.15738279
180429,0.89099187
180430,0.89965814
180431,0.26878992
180438,0.14067598
180441,0.12990089
180448,0.5360036
180453,0.185019
180478,0.8837375
180480,0.25776023
180510,0.2711254
180524,0.67065537
180534,0.10408671
180537,0.827463
180545,0.24548614
180550,0.3850171
180559,0.10783257
180583,0.2947746
180587,0.096615024
180594,0.3355445
180597,0.6454036
180598,0.6916815
180599,0.7539587
180601,0.5969728
180624,0.662467
180625,0.89152515
180634,0.35850364
180647,0.09265849
180652,0.43910134
180656,0.7082301
180664,0.3049038
180666,0.68401825
180674,0.3433173
180679,0.3356906
180685,0.553704
180692,0.54690826
180698,0.25347093
180699,0.1355937
180700,0.12068025
180702,0.35953546
180710,0.2986681
180736,0.16315022
180739,0.59008574
180741,0.36790076
180743,0.8567354
180747,0.0875078
180754,0.6091067
180755,0.3373175
180756,0.20509599
180768,0.27781343
180773,0.3689685
180775,0.5804815
180784,0.6322845
180787,0.28961736
180795,0.40375936
180796,0.36531726
180799,0.12104263
180811,0.49312463
180813,0.2762997
180827,0.40536427
180828,0.29159567
180833,0.62480766
180834,0.31875852
180847,0.20658913
180852,0.82371944
180853,0.23761584
180854,0.091019
180855,0.6033452
180856,0.2877319
180858,0.1338168
180859,0.87208796
180867,0.29471684
180868,0.1654584
180872,0.5461986
180873,0.29450482
180874,0.8248105
180875,0.30116683
180878,0.12611625
180888,0.53349143
180889,0.11083335
180891,0.17146252
180902,0.17357676
180907,0.7716838
180913,0.3769051
180916,0.3225385
180954,0.25340268
180962,0.30736434
180963,0.13437408
180967,0.46713102
180971,0.70689094
180975,0.29654044
180985,0.35647777
180991,0.118928805
181009,0.31797472
181012,0.089017786
181015,0.4236164
181034,0.62214506
181064,0.60553753
181071,0.61683
181083,0.62442684
181084,0.2018331
181085,0.263594
181088,0.41358405
181098,0.7497002
181110,0.80868036
181111,0.30127275
181112,0.10967065
181114,0.82465404
181117,0.73143625
181157,0.2608057
181160,0.6541606
181161,0.5520941
181165,0.56315255
181179,0.879775
181186,0.5013598
181196,0.5419842
181197,0.8898196
181204,0.53289086
181213,0.25443032
181214,0.9166766
181221,0.4834619
181224,0.17734364
181226,0.3549575
181236,0.42210248
181256,0.8962051
181257,0.21435946
181279,0.5075
181282,0.33905756
181285,0.54986656
181288,0.09957157
181289,0.6677193
181290,0.09278555
181298,0.08734042
181299,0.53795725
181307,0.16341424
181312,0.7301288
181318,0.41593504
181322,0.5142879
181338,0.4645089
181340,0.15935317
181342,0.10184539
181344,0.4828726
181350,0.24978067
181373,0.44235635
181374,0.76885635
181375,0.14936984
181379,0.4052811
181381,0.10921345
181385,0.71968234
181388,0.16153565
181392,0.3884814
181393,0.68695045
181425,0.0921656
181465,0.4644899
181481,0.44370347
181484,0.44820344
181494,0.21492344
181501,0.21735136
181507,0.18900414
181521,0.28280744
181524,0.12151258
181538,0.76009434
181540,0.15553644
181547,0.65604013
181551,0.38938195
181555,0.4681933
181561,0.36280176
181564,0.37628996
181567,0.67467505
181599,0.28625998
181602,0.87486607
181612,0.652119
181613,0.29252723
181615,0.29330462
181621,0.2520691
181622,0.59700036
181629,0.3284557
181630,0.12649313
181633,0.44748497
181635,0.65458107
181641,0.26373187
181643,0.68556905
181644,0.6468764
181649,0.37748313
181659,0.35948175
181660,0.32246584
181665,0.5757916
181666,0.48732647
181672,0.5163341
181682,0.5813372
181693,0.6400374
181697,0.30836332
181703,0.1580317
181704,0.1251171
181720,0.55058914
181722,0.19506048
181732,0.37644964
181733,0.30529502
181736,0.20897366
181737,0.19092111
181747,0.23599161
181758,0.88711303
181764,0.3040435
181770,0.6127618
181774,0.56179553
181783,0.83483106
181788,0.25646615
181789,0.739185
181804,0.6340893
181809,0.4568564
181821,0.43613592
181836,0.14825474
181863,0.31399903
181867,0.2726771
181868,0.7004781
181871,0.30558026
181904,0.8601157
181931,0.122822806
181932,0.16185467
181941,0.17598146
181944,0.7353888
181958,0.4010159
181971,0.2697881
181986,0.16810976
182002,0.12947167
182007,0.19207996
182012,0.15833545
182022,0.13280475
182031,0.39721638
182050,0.48969063
182053,0.5186028
182071,0.3555871
182072,0.5252713
182073,0.51594746
182102,0.1994915
182106,0.43742904
182116,0.10088627
182117,0.6555694
182118,0.11966602
182124,0.575261
182125,0.47090906
182145,0.32714283
182150,0.6803241
182154,0.39016515
182167,0.31149635
182179,0.70134276
182181,0.3028138
182183,0.18424113
182218,0.3332748
182225,0.101576455
182226,0.67425627
182266,0.76833403
182272,0.42302868
182275,0.37446922
182295,0.559307
182305,0.088264994
182312,0.52490973
182313,0.20015149
182327,0.1396807
182337,0.22462158
182340,0.09148615
182341,0.4172001
182342,0.14067827
182345,0.36791632
182353,0.10397327
182355,0.31086996
182371,0.22411107
182376,0.09259454
182381,0.09812288
182382,0.119527295
182384,0.381347
182387,0.65369225
182412,0.11513281
182419,0.54772353
182432,0.33477432
182438,0.6179737
182448,0.83055663
182450,0.47598925
182465,0.16909896
182468,0.11052551
182474,0.41900736
182483,0.420606
182484,0.40223354
182485,0.23719457
182486,0.27200377
182489,0.855447
182500,0.40307522
182501,0.28913298
182504,0.87501603
182514,0.13601899
182524,0.35119015
182525,0.37574273
182533,0.20653722
182536,0.730012
182539,0.35211536
182550,0.20611115
182553,0.5480827
182568,0.28416738
182571,0.30650735
182573,0.37002972
182580,0.3286352
182615,0.3105176
182618,0.2137025
182624,0.13221999
182644,0.20203136
182686,0.8900966
182687,0.4966698
182695,0.7964811
182718,0.55550885
182726,0.41446814
182735,0.34425202
182742,0.33759865
182747,0.40223023
182748,0.17067671
182752,0.23420681
182761,0.80328876
182800,0.24381703
182802,0.5641891
182807,0.70699316
182816,0.61795264
182818,0.16102463
182826,0.42773563
182836,0.10448676
182840,0.8257689
182841,0.64495057
182846,0.4143629
182862,0.30798817
182864,0.448372
182871,0.5939111
182878,0.6321837
182880,0.36975852
182885,0.12099485
182893,0.16434246
182894,0.70437205
182895,0.25138274
182901,0.6299974
182907,0.7121855
182921,0.60538554
182952,0.1257203
182964,0.76078343
182966,0.81083494
182980,0.18645275
182985,0.8491835
182989,0.42110005
182994,0.33521628
183035,0.89457
183037,0.7867599
183042,0.40332168
183049,0.3894083
183050,0.100499906
183051,0.19913568
183062,0.10233508
183063,0.12363555
183064,0.25025317
183076,0.5307607
183078,0.80795354
183086,0.23838863
183089,0.6054274
183091,0.42459568
183097,0.5060767
183104,0.1169132
183118,0.8342457
183119,0.65923464
183134,0.58909756
183142,0.72131956
183157,0.19076373
183162,0.08710951
183180,0.3341793
183193,0.6521505
183213,0.33622345
183216,0.8616933
183223,0.1825435
183226,0.647135
183264,0.14360039
183273,0.6911838
183278,0.100303106
183282,0.61176413
183283,0.49621382
183286,0.5443467
183288,0.41548076
183299,0.5129217
183310,0.10313272
183315,0.4784554
183332,0.17257354
183336,0.48318645
183341,0.1591099
183342,0.4030591
183345,0.107752986
183347,0.36866423
183360,0.49753043
183362,0.15284574
183370,0.4055321
183379,0.113592155
183386,0.60272855
183410,0.6710273
183417,0.2376388
183419,0.33846426
183421,0.7289212
183425,0.8827903
183427,0.67343765
183433,0.7104361
183434,0.5274284
183438,0.21960443
183439,0.35969222
183440,0.819426
183450,0.46246484
183451,0.5639838
183453,0.09873558
183454,0.12976061
183455,0.8005488
183457,0.0996157
183463,0.872837
183475,0.13653786
183478,0.62943465
183480,0.49244243
183490,0.13173763
183494,0.77609354
183503,0.19524804
183512,0.81292635
183517,0.661194
183530,0.55585927
183532,0.105880395
183533,0.1158152
183536,0.115988754
183545,0.19639467
183549,0.10194225
183550,0.30282938
183551,0.70095515
183555,0.44608164
183560,0.23813792
183585,0.20532772
183591,0.17558767
183592,0.14757183
183603,0.85965306
183610,0.2392783
183628,0.69881976
183644,0.439729
183646,0.8763139
183649,0.1262461
183656,0.52740794
183658,0.8228537
183688,0.18424168
183690,0.114579536
183691,0.6873422
183697,0.6978937
183709,0.5935013
183711,0.53580165
183714,0.7695877
183725,0.49102005
183736,0.40041006
183742,0.09639848
183772,0.37898785
183776,0.5571763
183787,0.37444517
183792,0.725454
183793,0.6638828
183799,0.8452825
183816,0.41941744
183818,0.8679796
183832,0.44088742
183836,0.3388541
183839,0.104144536
183840,0.26841724
183855,0.0985392
183857,0.50796837
183863,0.49266264
183866,0.21253736
183876,0.27297413
183878,0.77497053
183897,0.10949056
183902,0.46277475
183915,0.09992987
183925,0.7564378
183936,0.24775015
183939,0.5277628
183951,0.12047053
183956,0.28611568
183957,0.1750484
183974,0.27568668
183982,0.55547076
183994,0.43730205
184008,0.47169867
184013,0.7871839
184016,0.47612855
184019,0.1699845
184024,0.3545837
184025,0.40753826
184038,0.0918416
184045,0.12267106
184056,0.31443655
184060,0.5253193
184071,0.19033304
184073,0.58686495
184074,0.21809731
184077,0.16517262
184105,0.8258066
184106,0.35804036
184133,0.3893672
184154,0.894683
184163,0.1535938
184165,0.663267
184193,0.7526023
184194,0.3613239
184195,0.10463976
184202,0.6491623
184226,0.88401353
184230,0.22378592
184231,0.78002983
184234,0.44256625
184238,0.21818964
184248,0.35484618
184257,0.14543474
184268,0.26014304
184282,0.10104838
184291,0.4379488
184294,0.16396977
184295,0.86371046
184304,0.25973505
184309,0.12572831
184318,0.45729178
184325,0.3474454
184329,0.1456145
184330,0.12090894
184333,0.7807983
184337,0.107054956
184338,0.56704915
184340,0.110962406
184341,0.5029268
184347,0.58584195
184354,0.38602525
184355,0.16409048
184372,0.21841028
184384,0.33705056
184385,0.18662634
184386,0.09626512
184389,0.7048124
184401,0.15506609
184405,0.49162146
184431,0.7512714
184450,0.17629302
184453,0.9081125
184470,0.20584956
184471,0.27124324
184486,0.4865045
184488,0.13541438
184489,0.27873304
184497,0.25352296
184508,0.34043062
184509,0.3502111
184516,0.50409746
184525,0.6386289
184526,0.14252862
184531,0.31116763
184557,0.22189736
184576,0.22608763
184589,0.110128686
184605,0.14327206
184613,0.7049241
184630,0.33042896
184635,0.27257425
184636,0.13479596
184643,0.15954748
184645,0.34460077
184653,0.36451885
184655,0.2696684
184656,0.10152101
184660,0.3682344
184716,0.47381562
184736,0.093482055
184758,0.6548177
184767,0.5707081
184770,0.53932285
184773,0.11558464
184776,0.41568735
184792,0.53662896
184812,0.22300847
184820,0.19405015
184829,0.14137696
184831,0.7322232
184832,0.46998
184834,0.11654803
184847,0.33967608
184848,0.47747198
184858,0.09659474
184866,0.19908707
184869,0.51450586
184870,0.37565464
184873,0.11090366
184874,0.22416592
184876,0.5931359
184879,0.76537526
184880,0.23840712
184885,0.19074282
184896,0.31552204
184916,0.85167795
184918,0.24272461
184919,0.33428973
184921,0.6284446
184936,0.4097273
184944,0.7657765
184956,0.74391997
184963,0.5607385
184964,0.096002616
184965,0.66162175
184972,0.529256
184977,0.615888
184982,0.4343981
184988,0.897553
184992,0.34624824
184994,0.16530977
184998,0.83147043
185017,0.098163195
185024,0.1504543
185032,0.6450537
185037,0.2076669
185040,0.10195231
185043,0.3759786
185048,0.3020944
185059,0.5013783
185076,0.60531694
185083,0.21650891
185090,0.43184325
185099,0.33552113
185101,0.11227806
185106,0.46821013
185121,0.64941937
185125,0.64527214
185126,0.67054355
185127,0.6997685
185153,0.22046967
185167,0.69757354
185171,0.6707896
185178,0.3738888
185180,0.23037156
185181,0.100145504
185183,0.76382864
185186,0.60793567
185187,0.56340176
185188,0.19274585
185189,0.1119998
185194,0.8370912
185207,0.33175313
185209,0.14941077
185210,0.5850503
185212,0.12040499
185220,0.5547475
185221,0.35355476
185230,0.61723006
185231,0.49843103
185245,0.13629067
185249,0.33971977
185262,0.1198605
185285,0.8515367
185286,0.58446676
185288,0.16842374
185296,0.17042571
185298,0.69358647
185299,0.10267014
185308,0.25126973
185311,0.17226756
185313,0.17625454
185314,0.51123244
185332,0.5517061
185337,0.12595695
185338,0.31299558
185339,0.3831302
185341,0.5372725
185342,0.15778609
185344,0.40376985
185349,0.4647768
185362,0.55773544
185363,0.5213029
185394,0.17095676
185410,0.6462331
185418,0.09915548
185423,0.6718524
185428,0.48023638
185442,0.65205634
185447,0.684087
185450,0.33802563
185454,0.10021876
185475,0.8456127
185481,0.41692042
185483,0.4451463
185485,0.6837512
185496,0.1388584
185504,0.1647166
185505,0.11177769
185512,0.20375925
185515,0.09895881
185534,0.2948959
185536,0.14147535
185538,0.41820082
185552,0.09790915
185569,0.514455
185576,0.13674107
185578,0.42398682
185581,0.6239227
185584,0.13388179
185585,0.4609113
185586,0.5968261
185592,0.36944076
185604,0.13215668
185606,0.12916774
185607,0.6513716
185618,0.6071188
185622,0.5703573
185628,0.6781456
185629,0.15515143
185634,0.30379426
185637,0.7674227
185638,0.23241241
185640,0.6663942
185641,0.11293508
185645,0.2995214
185646,0.80726796
185647,0.090784006
185662,0.19603312
185669,0.34210333
185675,0.0850756
185687,0.1380519
185688,0.51800185
185689,0.5089942
185690,0.50633717
185697,0.45090503
185710,0.6855698
185733,0.15079395
185740,0.75796807
185806,0.51337636
185812,0.89074796
185824,0.29447153
185825,0.19892436
185826,0.7858125
185827,0.8572106
185828,0.10003335
185837,0.23868942
185859,0.5069158
185861,0.34168747
185872,0.22561906
185874,0.2510579
185891,0.54083836
185893,0.3797323
185897,0.18401873
185900,0.20314202
185910,0.44545087
185919,0.09546503
185932,0.29536217
185937,0.50720084
185939,0.12419872
185965,0.16482462
185968,0.5294628
185971,0.20402983
185978,0.60326594
185980,0.21877238
185981,0.45063654
185982,0.26698285
185991,0.31895053
185997,0.189335
185998,0.35635027
186014,0.15890646
186021,0.30129272
186025,0.7163833
186034,0.48239934
186054,0.3468071
186061,0.61902773
186065,0.24999893
186066,0.29699692
186070,0.39389807
186080,0.30835402
186085,0.42285842
186094,0.84946173
186110,0.7013009
186113,0.14652278
186116,0.25893176
186127,0.09731629
186129,0.40031496
186135,0.33922258
186139,0.9023146
186151,0.19474113
186153,0.43185857
186156,0.08622901
186158,0.26063088
186159,0.108595565
186166,0.8036436
186168,0.33775416
186169,0.5605112
186170,0.117329225
186179,0.13468102
186188,0.12606247
186210,0.09036268
186227,0.13994828
186229,0.58557636
186230,0.5702871
186249,0.17284866
186254,0.32596663
186264,0.10381194
186265,0.4055956
186273,0.12820017
186276,0.39286798
186289,0.21345076
186296,0.66130817
186308,0.09118416
186309,0.18338226
186310,0.29968038
186316,0.23991586
186321,0.1756412
186333,0.32585412
186346,0.44379097
186391,0.49829292
186398,0.3831855
186407,0.42594272
186411,0.40821773
186415,0.1894609
186426,0.79696035
186444,0.1861428
186448,0.86535656
186453,0.43380654
186456,0.106478795
186460,0.1313706
186461,0.50407267
186473,0.5079301
186489,0.795895
186490,0.66628975
186491,0.52897286
186492,0.12921798
186493,0.39110348
186503,0.33315295
186505,0.7106459
186506,0.09777791
186508,0.10331005
186524,0.6173779
186526,0.27097735
186536,0.17217036
186539,0.37519705
186543,0.22879596
186558,0.60887194
186568,0.67191374
186573,0.639775
186587,0.5652492
186599,0.33087066
186609,0.885707
186610,0.10751501
186612,0.21518202
186632,0.80504876
186634,0.35446793
186649,0.3750604
186652,0.46164262
186660,0.35573027
186668,0.84676427
186674,0.6121521
186675,0.31033596
186679,0.41698354
186682,0.4239195
186683,0.31558138
186695,0.8880893
186696,0.107252635
186704,0.5646064
186709,0.5924419
186714,0.5841404
186723,0.09072276
186726,0.90931815
186728,0.6854587
186729,0.2051653
186731,0.52422816
186737,0.52818435
186742,0.10408144
186743,0.09516121
186745,0.6514601
186747,0.12449724
186750,0.37273958
186769,0.44249105
186771,0.7136402
186787,0.2439016
186796,0.70731515
186802,0.7699107
186811,0.27869493
186812,0.47199178
186815,0.44949067
186840,0.36152333
186842,0.9140992
186853,0.84783375
186859,0.35726482
186878,0.2716243
186885,0.4100448
186890,0.21156342
186906,0.8371807
186916,0.19865562
186927,0.17821833
186928,0.51099026
186931,0.81128216
186934,0.34787133
186938,0.7351115
186943,0.84039503
186944,0.73405546
186945,0.6555992
186947,0.34250367
186952,0.38044286
186953,0.38129148
186960,0.68778527
186962,0.27067983
186991,0.16029334
187001,0.86832875
187017,0.3813663
187019,0.6919548
187024,0.17633909
187035,0.08940894
187037,0.5779514
187056,0.10850311
187057,0.25506255
187058,0.8563649
187065,0.5083136
187066,0.8061672
187069,0.0948457
187070,0.4508487
187074,0.1346091
187085,0.31660062
187087,0.28233442
187100,0.39907828
187117,0.61629266
187158,0.6675585
187159,0.21105209
187162,0.5048003
187164,0.16423057
187167,0.40345153
187168,0.1488084
187171,0.16368373
187184,0.7505384
187194,0.5230479
187208,0.48431924
187211,0.6441987
187220,0.40760607
187224,0.47105676
187242,0.4509694
187259,0.26509804
187260,0.48103103
187267,0.5960662
187280,0.8471709
187287,0.09298654
187291,0.19540764
187296,0.12450667
187301,0.5905911
187315,0.65828234
187319,0.1867319
187326,0.81824136
187328,0.6599079
187329,0.3427244
187330,0.23568468
187335,0.41370338
187339,0.106139295
187340,0.41392502
187353,0.551849
187356,0.27911168
187367,0.78626305
187383,0.30033854
187388,0.49179798
187401,0.44800535
187415,0.20748942
187422,0.18515146
187439,0.7829624
187440,0.691457
187442,0.83147866
187447,0.17815563
187448,0.3904072
187451,0.38566557
187468,0.12829833
187475,0.387594
187477,0.65080154
187480,0.28242254
187498,0.610764
187499,0.23641029
187516,0.09147166
187524,0.10461577
187534,0.46018457
187552,0.2358514
187577,0.44968757
187584,0.17567192
187585,0.29878435
187603,0.31271827
187608,0.1470274
187625,0.14089213
187637,0.46236485
187639,0.75895864
187641,0.094539955
187652,0.45004663
187684,0.29430324
187689,0.62390405
187698,0.46400756
187708,0.17634863
187716,0.17819805
187717,0.3288521
187719,0.13128373
187720,0.69405544
187743,0.49550873
187749,0.71789527
187762,0.5967543
187763,0.4884545
187772,0.5901607
187786,0.11347221
187787,0.2981003
187809,0.4320841
187826,0.7287894
187828,0.14898892
187829,0.25546035
187833,0.33441365
187847,0.47271967
187852,0.25509813
187862,0.5036662
187867,0.49738342
187868,0.36765438
187870,0.5122145
187871,0.18745208
187879,0.6941695
187894,0.45696566
187895,0.32781866
187899,0.30622125
187903,0.7503378
187915,0.12616135
187919,0.56678545
187941,0.22280315
187942,0.40488914
187944,0.23979883
187947,0.6170603
187949,0.78416234
187950,0.20102729
187952,0.39105254
187964,0.7826565
187967,0.1548998
187977,0.31391764
187983,0.6653015
187987,0.5341625
187988,0.13331735
187990,0.29797098
187991,0.8857393
187998,0.5243048
188014,0.4904265
188017,0.37825862
188021,0.6149226
188032,0.123820364
188039,0.2563383
188040,0.24214494
188044,0.54612136
188045,0.30900028
188054,0.4174693
188069,0.14332843
188070,0.67086583
188081,0.17897238
188092,0.83486074
188106,0.5438338
188108,0.4237041
188117,0.12894179
188120,0.16944312
188130,0.32389918
188133,0.5228361
188136,0.38101956
188151,0.11454658
188153,0.3911997
188158,0.118952736
188171,0.15860303
188175,0.27268136
188192,0.21470815
188194,0.606869
188198,0.5641437
188199,0.41361988
188228,0.72331035
188232,0.20225681
188233,0.43897033
188234,0.08990556
188245,0.24270211
188248,0.40010202
188254,0.44644257
188261,0.26155302
188262,0.47776198
188267,0.16836572
188276,0.098837234
188281,0.8890084
188282,0.5236634
188295,0.23194642
188309,0.12291228
188313,0.7234065
188324,0.5189656
188327,0.52956235
188328,0.3908615
188329,0.5672508
188336,0.66566193
188337,0.54569274
188350,0.3877146
188389,0.47187155
188399,0.087992184
188413,0.15372378
188415,0.51863784
188421,0.09201137
188438,0.61162007
188449,0.8861079
188466,0.22417714
188470,0.086693056
188486,0.29339305
188492,0.23140737
188507,0.35815296
188511,0.22407241
188521,0.68759507
188540,0.86046
188542,0.38217542
188551,0.8184169
188557,0.29050696
188558,0.38282466
188561,0.546835
188563,0.74677145
188565,0.25836855
188577,0.36800417
188586,0.4610916
188591,0.1917305
188594,0.1973673
188614,0.6235331
188622,0.31123134
188626,0.33749148
188632,0.7129162
188635,0.61511254
188639,0.51293635
188645,0.5689843
188646,0.8449429
188647,0.50099736
188653,0.21283498
188659,0.44437376
188677,0.78292686
188694,0.43676627
188695,0.0883934
188696,0.098824576
188707,0.11974863
188714,0.23247667
188715,0.6542282
188722,0.8341111
188724,0.21675542
188729,0.20886596
188734,0.10626693
188739,0.911054
188746,0.2594716
188747,0.28248847
188768,0.31962937
188770,0.5868714
188772,0.3307584
188787,0.2052629
188792,0.40114498
188793,0.16486219
188808,0.18613552
188828,0.5969892
188848,0.31085354
188851,0.54331714
188856,0.5042031
188862,0.54830945
188875,0.8577256
188876,0.8553687
188878,0.5478292
188880,0.13041231
188890,0.6596803
188900,0.27486947
188914,0.4011506
188928,0.6071972
188936,0.09609097
188946,0.18753834
188947,0.13349698
188948,0.45223123
188949,0.12931222
188950,0.3185147
188980,0.26726145
188982,0.8205703
188988,0.9028642
188990,0.46612048
188992,0.45215195
188993,0.2027377
188994,0.39241475
188997,0.092844546
188998,0.7113984
189009,0.46564397
189018,0.21804659
189022,0.3379304
189034,0.17793724
189045,0.09345567
189059,0.64746976
189062,0.28348678
189075,0.8178652
189086,0.14401054
189087,0.1941995
189107,0.35477343
189113,0.3147859
189144,0.4267148
189148,0.1490888
189199,0.4829247
189201,0.5099623
189202,0.11374648
189207,0.83402175
189213,0.2829718
189214,0.5892722
189224,0.13901784
189230,0.28688142
189251,0.21019879
189252,0.38332614
189255,0.1421553
189256,0.2531959
189257,0.30156514
189260,0.101521425
189261,0.8234704
189262,0.22227375
189263,0.22438762
189272,0.10791893
189282,0.086848326
189284,0.5672062
189294,0.36103663
189304,0.43724152
189314,0.68878675
189317,0.8384314
189333,0.1607749
189337,0.42568952
189347,0.15634719
189355,0.10594892
189357,0.4451109
189366,0.78395575
189374,0.7290421
189379,0.33236375
189388,0.50756216
189397,0.237718
189418,0.6047407
189453,0.14609069
189458,0.18770266
189460,0.59563446
189481,0.22113062
189482,0.52308214
189483,0.6670265
189490,0.46761245
189491,0.16694494
189492,0.49102423
189511,0.2218185
189512,0.13711524
189518,0.4254185
189519,0.80320853
189531,0.24255002
189541,0.83675045
189550,0.6120901
189551,0.45179608
189559,0.7774682
189564,0.2890159
189573,0.3051183
189585,0.28473717
189587,0.5536672
189605,0.41419306
189612,0.20646851
189633,0.15193352
189640,0.09987593
189641,0.7655625
189643,0.19342329
189650,0.67495275
189652,0.23908935
189656,0.50900936
189661,0.4200299
189663,0.46877277
189684,0.37147966
189688,0.24358808
189711,0.71581775
189729,0.448865
189747,0.6918882
189761,0.77297413
189773,0.31993428
189774,0.1362177
189779,0.7778921
189780,0.18118621
189796,0.19094656
189799,0.71768993
189800,0.2752804
189807,0.24179246
189808,0.21034658
189826,0.5258925
189836,0.20271672
189843,0.21463151
189845,0.528693
189852,0.49444562
189853,0.6639301
189855,0.10056314
189866,0.31999013
189886,0.25818712
189888,0.20693345
189902,0.5498602
189907,0.775248
189910,0.22645737
189922,0.16291434
189924,0.12880099
189933,0.14613448
189935,0.42963484
189939,0.15081698
189951,0.874444
189965,0.2787577
189966,0.59494597
189977,0.32400805
189989,0.12121728
189990,0.69016063
190002,0.41791472
190006,0.875326
190008,0.096026875
190009,0.66614246
190021,0.42392287
190058,0.41735914
190061,0.41142115
190069,0.23161112
190072,0.5755358
190078,0.44296893
190109,0.5648517
190112,0.7712931
190117,0.71753365
190132,0.15174083
190133,0.73215526
190153,0.2992736
190164,0.14068308
190167,0.117474884
190169,0.69756126
190179,0.8499692
190184,0.29378507
190188,0.09897093
190199,0.28828782
190200,0.66073304
190201,0.31887937
190227,0.53964365
190229,0.22505067
190245,0.10504972
190272,0.5603312
190274,0.28907147
190281,0.5751006
190282,0.8357981
190290,0.6555919
190299,0.8218168
190301,0.32297158
190304,0.514341
190306,0.12435918
190311,0.65566355
190341,0.28615147
190354,0.11488478
190364,0.16305977
190368,0.46968132
190375,0.7295009
190383,0.18257546
190384,0.25774944
190387,0.13359772
190388,0.8453099
190392,0.826748
190394,0.8242949
190405,0.6616363
190406,0.59001935
190412,0.22556454
190413,0.6486689
190431,0.3304939
190452,0.18844394
190454,0.2513843
190461,0.5966576
190475,0.3362267
190489,0.6849573
190507,0.450909
190513,0.102856725
190515,0.77595204
190516,0.10492139
190522,0.110755965
190523,0.691357
190526,0.69880414
190533,0.08550512
190537,0.58907074
190542,0.1872017
190545,0.84372556
190548,0.12530248
190555,0.6880609
190561,0.12087708
190562,0.33837748
190566,0.09081706
190581,0.3786153
190590,0.09368817
190591,0.81858486
190593,0.23783377
190612,0.42256004
190617,0.46437275
190618,0.6234451
190619,0.57040954
190643,0.6609932
190647,0.538664
190663,0.17906135
190664,0.10059229
190678,0.30727673
190691,0.08727995
190697,0.19885828
190698,0.35446683
190701,0.7114659
190702,0.8639611
190713,0.24898644
190739,0.24431817
190744,0.39968514
190756,0.3238195
190767,0.7532957
190777,0.35319802
190808,0.4176181
190825,0.35581756
190830,0.54972637
190844,0.75949657
190855,0.4997349
190860,0.47673997
190861,0.43459877
190865,0.19274572
190884,0.49406284
190886,0.52551115
190887,0.6164656
190893,0.71390593
190899,0.43726906
190900,0.36626378
190901,0.21667255
190903,0.09583126
190909,0.4760865
190911,0.8677018
190916,0.37243763
190922,0.3683494
190926,0.10960072
190927,0.2245425
190929,0.26195645
190931,0.80870277
190948,0.15152766
190954,0.09397227
190957,0.14430334
190965,0.10675473
190978,0.8129762
190986,0.5546904
190990,0.24795818
190993,0.61256576
190998,0.32253957
190999,0.09773905
191028,0.3890603
191033,0.15942644
191042,0.8034902
191076,0.1049222
191114,0.41561884
191137,0.8712216
191138,0.65003264
191140,0.50641006
191141,0.11122784
191143,0.51822555
191145,0.46930325
191161,0.727869
191167,0.28470168
191192,0.37547624
191199,0.6702906
191200,0.14832473
191205,0.21513528
191206,0.1367172
191214,0.27315837
191217,0.09685339
191222,0.14152095
191224,0.13898477
191232,0.81821966
191238,0.25689662
191243,0.33331603
191247,0.308136
191250,0.09799682
191266,0.39953524
191278,0.14828093
191279,0.25475994
191282,0.6396896
191287,0.4535693
191290,0.45065668
191291,0.5548617
191296,0.55938935
191301,0.4984315
191304,0.271922
191305,0.19646269
191306,0.7890185
191324,0.8045085
191359,0.11850937
191360,0.43382236
191362,0.15340489
191371,0.7694458
191379,0.68195516
191394,0.09933138
191413,0.7707015
191430,0.11162395
191435,0.25096443
191449,0.36789337
191452,0.10201597
191464,0.7235423
191465,0.14692214
191466,0.5254397
191469,0.673848
191490,0.80572677
191494,0.84549636
191498,0.81480485
191506,0.7899659
191508,0.31180206
191509,0.1437322
191515,0.79882544
191524,0.17342371
191548,0.6035827
191562,0.09408949
191568,0.53271675
191596,0.69609225
191609,0.18704028
191619,0.14145428
191624,0.546229
191628,0.1203356
191630,0.7189849
191648,0.80803937
191649,0.6301224
191654,0.46436864
191655,0.090956844
191659,0.61983067
191674,0.82980245
191675,0.09824743
191680,0.40499023
191681,0.13903537
191684,0.48599613
191686,0.092824474
191721,0.67316824
191722,0.27616733
191726,0.6213774
191727,0.10420495
191732,0.52196085
191735,0.09510647
191738,0.8511885
191745,0.8324447
191746,0.3710546
191751,0.6543801
191761,0.56872785
191772,0.11496597
191785,0.33965334
191794,0.111848414
191799,0.22114478
191806,0.67505026
191807,0.11690131
191809,0.6365557
191824,0.80267245
191826,0.3214549
191834,0.6528683
191837,0.35555503
191841,0.47641426
191845,0.0964664
191847,0.53521335
191850,0.19905555
191869,0.6009977
191873,0.15111479
191876,0.2912195
191878,0.77977884
191880,0.30800286
191881,0.4341725
191883,0.42673466
191898,0.4527455
191907,0.29026657
191910,0.1891212
191918,0.30239674
191920,0.552366
191923,0.38217583
191942,0.2116267
191943,0.4792935
191951,0.77293336
191952,0.1179491
191958,0.5107473
191963,0.80794746
191971,0.6106289
191992,0.71518207
192000,0.7131976
192001,0.61934406
192008,0.15406518
192018,0.12638529
192029,0.16249934
192030,0.31326297
192031,0.18143433
192043,0.48395887
192045,0.33293205
192052,0.7186567
192056,0.08859601
192071,0.53581905
192082,0.43162635
192088,0.10663305
192103,0.10631477
192105,0.40176472
192119,0.28647548
192144,0.5298485
192151,0.18959643
192158,0.12144992
192163,0.1149428
192172,0.67256224
192176,0.17005865
192177,0.58010787
192212,0.37610182
192221,0.8837451
192223,0.81322783
192224,0.65264106
192238,0.35455698
192239,0.44054413
192252,0.69035393
192259,0.2547236
192268,0.22744963
192274,0.3670062
192276,0.5532265
192277,0.39588857
192289,0.09485149
192296,0.53648514
192308,0.72478265
192309,0.089561746
192315,0.15757266
192322,0.7365001
192324,0.4960806
192343,0.62037164
192345,0.15827936
192367,0.5195998
192375,0.15850496
192382,0.60043037
192389,0.24228851
192390,0.6589785
192391,0.6541436
192423,0.16736503
192427,0.33075497
192431,0.48796913
192433,0.14062984
192451,0.34554875
192453,0.57824796
192455,0.25892666
192468,0.23764963
192469,0.18725848
192474,0.14559847
192481,0.3275943
192482,0.113124296
192483,0.112608895
192486,0.6059778
192490,0.6923334
192491,0.6955368
192494,0.36366826
192507,0.12797354
192508,0.096737854
192509,0.7889995
192525,0.7500009
192526,0.4713282
192528,0.12758294
192535,0.32686836
192545,0.8521411
192548,0.4804545
192572,0.90449154
192594,0.22388929
192607,0.15587752
192625,0.35621065
192626,0.523814
192631,0.35369343
192632,0.41721776
192636,0.24236171
192637,0.28607976
192655,0.11543035
192657,0.10367849
192674,0.4725987
192675,0.13711649
192680,0.67230093
192682,0.781727
192686,0.70773417
192698,0.58523244
192703,0.13380541
192705,0.17745413
192717,0.17113112
192720,0.39699918
192721,0.6915051
192722,0.39407018
192728,0.12378102
192734,0.1729966
192739,0.25684193
192740,0.6300098
192752,0.21981496
192761,0.21764039
192770,0.08933836
192780,0.4009455
192782,0.47136417
192783,0.7260418
192789,0.35858634
192796,0.092103176
192800,0.16726643
192802,0.4182322
192811,0.5369449
192812,0.31020406
192815,0.14950506
192838,0.7176435
192861,0.20356347
192868,0.40394267
192872,0.5087315
192876,0.36197603
192877,0.44677755
192897,0.72199905
192898,0.24817862
192903,0.30410525
192904,0.61993426
192905,0.15344821
192911,0.86593425
192920,0.34032044
192921,0.18469816
192922,0.76270103
192942,0.396214
192946,0.7573096
192963,0.43695232
192978,0.51487887
192979,0.4947574
192981,0.63291305
192991,0.31447086
192995,0.33339158
192998,0.8099047
193019,0.24396713
193027,0.110158
193028,0.2037876
193032,0.12015821
193036,0.4280283
193044,0.184308
193046,0.23719923
193049,0.09501606
193050,0.35667077
193054,0.19203646
193057,0.1620371
193060,0.8332852
193075,0.22596902
193088,0.09740634
193091,0.21452914
193112,0.32297388
193122,0.10355164
193123,0.66337126
193128,0.42410275
193133,0.23225047
193143,0.56935555
193150,0.7473864
193151,0.15995814
193160,0.8660722
193180,0.8003411
193198,0.2020511
193204,0.64432967
193207,0.3194137
193210,0.7923543
193225,0.19576982
193232,0.65116125
193248,0.2736827
193249,0.7711805
193262,0.21990496
193270,0.37964526
193273,0.58452195
193275,0.34793645
193286,0.11794906
193289,0.7690061
193290,0.19441994
193311,0.8418266
193321,0.3433304
193322,0.2112328
193340,0.4062419
193349,0.10826137
193368,0.5402017
193369,0.3518495
193375,0.08658867
193385,0.75944936
193389,0.16115493
193394,0.40849164
193396,0.2820299
193398,0.15025663
193402,0.6777736
193409,0.120362714
193421,0.17770654
193426,0.105248965
193430,0.119267635
193436,0.809249
193437,0.21600105
193440,0.18656483
193441,0.69921744
193449,0.35255548
193462,0.090500444
193464,0.27513283
193468,0.12638745
193474,0.113910355
193475,0.27943724
193479,0.7892587
193484,0.6585505
193488,0.16151136
193496,0.10069075
193507,0.41384426
193510,0.6828677
193512,0.0978058
193514,0.16501343
193515,0.6281878
193516,0.5116638
193520,0.11403769
193522,0.5867612
193541,0.21691975
193545,0.27384067
193549,0.5666846
193554,0.7475393
193558,0.71875626
193568,0.09925815
193569,0.8188916
193579,0.3358937
193587,0.37815753
193589,0.22226304
193613,0.31119418
193642,0.7081982
193643,0.44635233
193647,0.17878003
193648,0.18919815
193663,0.34659103
193664,0.81554294
193665,0.33255693
193672,0.24716721
193675,0.7634597
193686,0.62754583
193692,0.40925637
193706,0.14187293
193725,0.113514796
193726,0.53027946
193727,0.38207814
193733,0.41281196
193738,0.8060619
193739,0.27672547
193745,0.48711628
193759,0.194436
193767,0.18276186
193774,0.6356753
193776,0.12543653
193777,0.88106245
193787,0.870577
193789,0.3323247
193793,0.2418156
193805,0.08783499
193808,0.10100546
193816,0.20414911
193817,0.34599316
193821,0.6619737
193831,0.6728779
193832,0.14198765
193874,0.7019194
193879,0.32933447
193882,0.46241012
193910,0.12223324
193915,0.3980119
193916,0.56587785
193921,0.72091246
193924,0.7775476
193926,0.103223085
193927,0.45042315
193949,0.1838443
193954,0.6880552
193966,0.7154628
193970,0.3674073
193971,0.4401664
193975,0.4112449
193980,0.48044416
193982,0.7986714
193983,0.57920057
193987,0.17902528
193997,0.104179695
194000,0.7612083
194013,0.30392766
194014,0.819552
194026,0.2316696
194039,0.24009573
194042,0.21227747
194054,0.486468
194057,0.74637043
194058,0.10219054
194068,0.15017954
194071,0.3927696
194073,0.34232545
194075,0.53546894
194093,0.16403481
194098,0.807785
194105,0.3741287
194106,0.8882342
194110,0.3044639
194128,0.6308111
194137,0.26085812
194149,0.19883014
194150,0.1380023
194155,0.5689017
194157,0.44917563
194158,0.5163172
194164,0.30027878
194165,0.6589594
194166,0.13349186
194170,0.27647936
194171,0.24688663
194177,0.23876068
194187,0.27107456
194188,0.11505105
194213,0.5495708
194229,0.90225875
194230,0.43311518
194241,0.08722616
194243,0.44735655
194244,0.368389
194276,0.11663934
194279,0.099682875
194280,0.18343338
194281,0.66973513
194291,0.36581627
194293,0.8229818
194306,0.103501506
194307,0.42626712
194308,0.15109907
194310,0.6683715
194314,0.37405393
194326,0.7735252
194330,0.64849836
194338,0.2254433
194366,0.6762184
194370,0.10400139
194371,0.28196856
194379,0.13633953
194382,0.34232107
194383,0.6139224
194395,0.8596733
194402,0.23825793
194406,0.14103016
194408,0.8353421
194413,0.47238228
194414,0.14041777
194419,0.46449023
194423,0.6287065
194424,0.6057973
194429,0.38391834
194436,0.3586504
194468,0.40044147
194469,0.08859171
194478,0.43952712
194480,0.8170067
194484,0.2850565
194505,0.60509694
194514,0.109212734
194516,0.24955168
194523,0.8204629
194526,0.15260248
194533,0.23075157
194534,0.25584042
194536,0.3635317
194548,0.31509945
194552,0.8783322
194558,0.64763045
194561,0.6169685
194563,0.2095071
194569,0.62253535
194581,0.8902755
194586,0.34377193
194590,0.10748548
194598,0.45425725
194600,0.1691081
194603,0.19565068
194604,0.15218908
194605,0.5214188
194607,0.7655421
194610,0.58724344
194620,0.14148898
194627,0.74399614
194650,0.6970613
194652,0.15222827
194659,0.15656592
194660,0.4616347
194662,0.10168147
194665,0.29793715
194675,0.68493
194677,0.38570106
194679,0.090921074
194691,0.7773171
194696,0.14790241
194713,0.6164439
194716,0.622276
194717,0.19496231
194725,0.20723642
194732,0.15998511
194737,0.63154596
194738,0.55555964
194769,0.56580865
194791,0.19174713
194802,0.5969914
194806,0.50034535
194810,0.1366314
194812,0.47200814
194813,0.31996617
194816,0.21117139
194827,0.29473013
194844,0.08980151
194856,0.17700376
194860,0.21210608
194866,0.28674796
194867,0.29033437
194877,0.662075
194879,0.7329669
194880,0.13041937
194881,0.23663478
194887,0.09756959
194900,0.12056686
194906,0.26378164
194907,0.43859228
194908,0.7094697
194914,0.39682624
194934,0.8812212
194955,0.7015558
194956,0.4750032
194965,0.14508522
194966,0.4663705
194980,0.23970728
194985,0.5802091
194986,0.4355256
194995,0.36128107
194999,0.17464186
195000,0.3568387
195010,0.6166807
195013,0.64312506
195044,0.41726115
195048,0.2599041
195050,0.9093461
195051,0.5669182
195055,0.5422169
195070,0.43994558
195074,0.7996928
195075,0.4990969
195077,0.6769835
195081,0.3083173
195088,0.3533931
195089,0.09607114
195091,0.09523565
195096,0.8397158
195100,0.7467022
195103,0.5388126
195116,0.21214226
195117,0.6309148
195129,0.44805023
195151,0.090155065
195158,0.44427237
195164,0.57990324
195176,0.6111033
195186,0.48097125
195187,0.8163578
195198,0.3992918
195201,0.31668493
195207,0.29710478
195214,0.68946105
195215,0.34131062
195234,0.30154285
195235,0.178626
195239,0.35472584
195240,0.58585835
195253,0.48656678
195255,0.09989166
195280,0.15012227
195291,0.11318049
195293,0.43453753
195300,0.43984395
195306,0.24002294
195307,0.5174067
195322,0.44128078
195326,0.7764122
195330,0.0891907
195341,0.58747774
195343,0.5684505
195367,0.36035955
195369,0.44049126
195371,0.14686221
195372,0.19074078
195389,0.5764898
195415,0.14272489
195435,0.31889838
195439,0.48888683
195440,0.23253389
195444,0.18366931
195447,0.65289193
195450,0.10408597
195451,0.19809756
195456,0.4951755
195457,0.4939261
195461,0.822541
195462,0.6408594
195463,0.14197522
195466,0.40630823
195468,0.14642619
195469,0.585415
195489,0.16313119
195495,0.33333215
195496,0.5966356
195504,0.56552166
195505,0.824229
195506,0.58518636
195511,0.3480879
195518,0.13099138
195519,0.68969756
195529,0.2014308
195531,0.20542818
195546,0.3066281
195547,0.11669025
195552,0.2773665
195577,0.13449962
195579,0.2247944
195588,0.15395127
195597,0.53950745
195607,0.096022025
195617,0.29064474
195626,0.47476697
195632,0.88479316
195634,0.81559956
195635,0.2290316
195645,0.2787085
195648,0.15596484
195674,0.7689868
195691,0.12914932
195695,0.8412583
195703,0.6973987
195710,0.5848313
195711,0.16345568
195727,0.47687104
195729,0.2288555
195734,0.45287132
195739,0.39879897
195740,0.14432988
195746,0.8776595
195750,0.8586097
195769,0.8334462
195772,0.7734898
195785,0.101515755
195789,0.71097
195793,0.61183584
195801,0.40718237
195803,0.21385805
195810,0.80501884
195818,0.50390214
195819,0.8360288
195823,0.60377246
195828,0.61515796
195836,0.2891154
195843,0.4265184
195858,0.35876325
195876,0.5397359
195890,0.68443817
195891,0.32397974
195900,0.505003
195905,0.50713456
195910,0.5688509
195911,0.6293047
195912,0.55486697
195917,0.65565914
195918,0.71014
195923,0.84143025
195937,0.5856043
195940,0.88197345
195945,0.18674624
195946,0.10066373
195948,0.42381492
195955,0.13442284
195957,0.6929223
195958,0.20211214
195959,0.9017815
195970,0.107843794
195974,0.08833211
195979,0.6239104
195990,0.6324446
196004,0.50320375
196007,0.6927991
196012,0.7362487
196019,0.42740914
196029,0.7763653
196034,0.53973776
196042,0.26543838
196066,0.7563696
196067,0.62148064
196071,0.10665604
196074,0.6847433
196075,0.2995544
196079,0.1513719
196080,0.9109545
196082,0.3365711
196083,0.27348253
196085,0.8581188
196115,0.52310693
196118,0.6072799
196128,0.28658167
196149,0.47021925
196150,0.14842558
196162,0.58711237
196194,0.86151576
196198,0.08987665
196204,0.20566839
196206,0.18548502
196210,0.8138814
196220,0.3677019
196221,0.21660444
196230,0.09245124
196236,0.6157718
196242,0.60063493
196256,0.8231927
196261,0.88896585
196274,0.27941984
196281,0.29895133
196303,0.09951005
196305,0.72523224
196322,0.33845422
196343,0.10408749
196346,0.5693753
196354,0.44215062
196357,0.37365544
196359,0.09190239
196360,0.78875136
196361,0.26292187
196364,0.86544824
196371,0.10760251
196375,0.39085594
196377,0.1955413
196378,0.31601602
196381,0.122529544
196384,0.2670984
196385,0.58682126
196388,0.6206784
196394,0.88518304
196400,0.8626771
196401,0.5580465
196404,0.7248394
196411,0.39301014
196436,0.5117289
196443,0.49868786
196444,0.6171182
196446,0.74215883
196475,0.70417374
196476,0.80671966
196486,0.24856472
196489,0.6215989
196492,0.22626792
196498,0.73095447
196500,0.09499083
196505,0.7221147
196507,0.2653837
196510,0.33419567
196514,0.21359366
196530,0.31330982
196544,0.10271733
196551,0.2616203
196578,0.3062848
196585,0.6997433
196587,0.32929167
196588,0.74187154
196594,0.53013355
196598,0.33504936
196605,0.1132973
196618,0.28565267
196619,0.5194279
196623,0.7197521
196624,0.16540813
196643,0.26874623
196649,0.33635306
196650,0.0890653
196656,0.088993035
196663,0.88939774
196667,0.7359816
196669,0.7355644
196681,0.880192
196717,0.3751897
196726,0.61517787
196728,0.13402344
196729,0.28380626
196731,0.11202389
196736,0.18492109
196738,0.18717101
196745,0.3700068
196747,0.3429137
196748,0.24421212
196753,0.10738075
196757,0.1149976
196760,0.3328501
196777,0.8827941
196788,0.42926276
196799,0.37371683
196808,0.22973245
196819,0.27784058
196825,0.20428343
196826,0.61049205
196834,0.14358227
196841,0.754684
196847,0.45311564
196849,0.1912584
196851,0.48854986
196867,0.27501968
196884,0.123201184
196889,0.7521528
196898,0.3582869
196901,0.09518359
196917,0.5010917
196930,0.4096017
196936,0.6444958
196956,0.09175758
196959,0.13038279
196962,0.33334348
196963,0.49140295
196971,0.578934
196972,0.5455943
196977,0.5051915
196984,0.15952545
196985,0.8420244
197010,0.8778434
197029,0.53925997
197040,0.44773814
197058,0.6874826
197060,0.23962331
197064,0.91176826
197075,0.3212219
197083,0.74858826
197102,0.72238326
197103,0.6962351
197107,0.4554156
197129,0.5748473
197135,0.1452257
197140,0.13482048
197150,0.4821713
197152,0.33546036
197153,0.5738342
197154,0.1515526
197156,0.71864176
197166,0.12461554
197167,0.19131543
197177,0.5071559
197178,0.20304482
197187,0.48027
197191,0.36090335
197205,0.7332424
197206,0.8561169
197219,0.50143325
197224,0.12683825
197245,0.580526
197246,0.4631615
197273,0.71864164
197275,0.13714787
197278,0.6707076
197288,0.52914363
197290,0.7850261
197294,0.48581988
197295,0.48023129
197311,0.29598913
197314,0.68216056
197320,0.8322168
197321,0.85526496
197324,0.8120983
197327,0.12511896
197332,0.29601043
197333,0.8875147
197335,0.3189828
197348,0.12565275
197362,0.7169281
197363,0.8840927
197368,0.11211213
197378,0.4090974
197381,0.6597084
197384,0.17879568
197386,0.5463403
197393,0.69092757
197396,0.18856896
197400,0.11327948
197408,0.168376
197412,0.40275103
197413,0.7471589
197415,0.2615025
197418,0.6664451
197427,0.11605752
197443,0.8645375
197448,0.32165176
197449,0.20281067
197470,0.61375195
197478,0.73672134
197482,0.6961795
197488,0.34247127
197491,0.3415191
197495,0.30535704
197498,0.5349811
197502,0.77600133
197507,0.7757357
197509,0.7394448
197510,0.30801377
197512,0.4590909
197513,0.15475526
197524,0.37670583
197525,0.39244556
197529,0.87204474
197533,0.124056235
197534,0.861122
197540,0.66328484
197541,0.29934305
197559,0.2015069
197566,0.21151917
197582,0.113439575
197585,0.56139714
197587,0.6257911
197595,0.3363374
197598,0.23605864
197601,0.16063902
197603,0.32163844
197607,0.38822597
197611,0.743838
197625,0.5167898
197631,0.25019026
197633,0.11345588
197638,0.58148515
197640,0.620953
197644,0.09210152
197645,0.28660488
197646,0.7359295
197650,0.16651212
197657,0.48735768
197664,0.24467032
197668,0.2675895
197681,0.35707885
197682,0.644371
197693,0.57506186
197695,0.56919205
197699,0.5486982
197709,0.2854562
197711,0.5688326
197715,0.13424848
197716,0.8243533
197722,0.7073811
197728,0.4656977
197729,0.526696
197730,0.69803184
197744,0.18357775
197768,0.14915606
197770,0.22211426
197775,0.882752
197788,0.16143993
197795,0.29033864
197806,0.7088185
197808,0.64433825
197812,0.52450114
197813,0.18723749
197822,0.19457091
197827,0.1540548
197828,0.3827568
197836,0.40846214
197857,0.1484516
197862,0.704835
197872,0.5268026
197892,0.1727073
197903,0.3240449
197907,0.44769052
197908,0.40607232
197916,0.3607183
197921,0.362317
197924,0.24209113
197930,0.44874224
197934,0.4327845
197942,0.3401488
197945,0.76569533
197958,0.18781623
197959,0.11174498
197967,0.5718293
197969,0.79583937
197978,0.8904471
197999,0.15111592
198001,0.72317857
198004,0.4678528
198007,0.25301263
198019,0.5880625
198020,0.45757425
198024,0.33713675
198026,0.66684496
198038,0.18928163
198044,0.17398709
198050,0.86447304
198054,0.80109066
198055,0.46955734
198082,0.2402507
198094,0.31754333
198095,0.20646991
198099,0.53106695
198101,0.526026
198102,0.27299994
198114,0.8129855
198125,0.2926813
198127,0.25277412
198128,0.17719628
198137,0.14163703
198141,0.23094796
198142,0.5073496
198155,0.5691571
198179,0.7014937
198181,0.73151106
198184,0.2940188
198185,0.48738176
198186,0.5277255
198187,0.4457805
198193,0.104633346
198197,0.25005716
198209,0.19828966
198221,0.55246246
198225,0.2769198
198229,0.6716586
198237,0.7835427
198239,0.89311826
198247,0.53091025
198253,0.61697257
198272,0.093955554
198279,0.19695431
198282,0.11319094
198284,0.11159235
198285,0.09492533
198287,0.35995317
198294,0.37053752
198309,0.21598339
198312,0.7316925
198315,0.26038706
198323,0.46448424
198331,0.21459223
198333,0.7701516
198359,0.34369045
198370,0.5128033
198378,0.29021305
198379,0.6245765
198381,0.10202336
198383,0.10640253
198384,0.49718672
198385,0.21997201
198420,0.6276584
198421,0.80068004
198425,0.6001099
198427,0.7384803
198429,0.10651718
198437,0.22839394
198445,0.21416321
198452,0.2650974
198454,0.21072142
198487,0.110842265
198523,0.77090174
198528,0.6760391
198530,0.80466247
198539,0.19278276
198540,0.4904569
198547,0.3467082
198566,0.22069705
198568,0.111702934
198569,0.5134517
198595,0.1999077
198600,0.16722761
198614,0.22434227
198617,0.32128474
198619,0.90905106
198627,0.4158928
198640,0.10870784
198655,0.5859266
198664,0.5835797
198665,0.09885288
198666,0.8400072
198670,0.26139253
198673,0.8185968
198680,0.21550879
198689,0.36286145
198690,0.79267573
198702,0.1548998
198703,0.15119976
198704,0.8651732
198714,0.7679348
198715,0.7850653
198717,0.09527866
198718,0.37772673
198720,0.8748579
198721,0.117628664
198730,0.2103948
198739,0.5729396
198754,0.2680294
198761,0.14264138
198772,0.14593421
198774,0.112854466
198775,0.67455435
198779,0.4376228
198783,0.1076036
198790,0.5870373
198794,0.5906456
198798,0.690266
198799,0.45836693
198802,0.74161184
198806,0.45630953
198847,0.25327542
198854,0.88851273
198858,0.36318246
198859,0.80334646
198865,0.5353171
198872,0.21552728
198874,0.40846944
198878,0.48101234
198883,0.47217134
198884,0.34441504
198891,0.2999908
198899,0.74489367
198907,0.5300416
198916,0.5434456
198917,0.8189481
198934,0.14782858
198937,0.08846324
198938,0.15639701
198941,0.6141584
198957,0.55258226
198966,0.48514593
198984,0.14550059
198997,0.09014674
199001,0.5325139
199003,0.6784985
199009,0.43368348
199011,0.11069775
199013,0.30513248
199015,0.12880601
199024,0.54285794
199026,0.39275146
199027,0.83299625
199029,0.44796932
199030,0.48588297
199041,0.11140221
199048,0.69624335
199057,0.45117334
199058,0.14829594
199062,0.19453423
199067,0.10214235
199070,0.32176206
199075,0.09961894
199076,0.10293887
199092,0.44771373
199096,0.18940897
199104,0.50639606
199114,0.46193182
199115,0.087891825
199117,0.72262526
199126,0.609111
199131,0.49864826
199141,0.19100681
199145,0.32707614
199150,0.6858759
199151,0.14067045
199153,0.105034
199166,0.12459869
199167,0.30710182
199177,0.57693267
199182,0.14973435
199183,0.73362726
199185,0.09133182
199212,0.25538564
199213,0.57173187
199222,0.6909694
199229,0.47064304
199230,0.16388103
199242,0.8650834
199243,0.11026878
199246,0.57382816
199247,0.6107998
199249,0.14252019
199262,0.64853877
199263,0.3080504
199275,0.17922162
199276,0.5124273
199287,0.20929891
199298,0.30829453
199304,0.54491514
199307,0.08625105
199311,0.62743455
199316,0.13786258
199320,0.74820405
199321,0.59884775
199325,0.122949325
199326,0.5330356
199327,0.2883739
199334,0.10566398
199344,0.8362909
199345,0.3179469
199352,0.45818648
199364,0.5978481
199378,0.53657985
199379,0.24226274
199387,0.2964331
199405,0.37209314
199418,0.660996
199424,0.5120645
199425,0.10461198
199432,0.26613247
199433,0.5512481
199442,0.63265127
199446,0.21943806
199457,0.3543325
199458,0.13929749
199477,0.3545163
199522,0.28040203
199525,0.8572353
199533,0.6206013
199536,0.4640116
199537,0.14073423
199550,0.7749911
199560,0.41356227
199564,0.8220434
199575,0.56931114
199580,0.091840625
199586,0.14288627
199597,0.35065544
199598,0.3785021
199604,0.38052332
199608,0.6943215
199609,0.68385506
199616,0.13985376
199625,0.5698444
199648,0.8100463
199650,0.21657723
199655,0.09175279
199663,0.13341579
199670,0.24660075
199673,0.5852046
199685,0.64984995
199696,0.23350266
199703,0.43978783
199704,0.12449456
199706,0.3563568
199727,0.1594464
199740,0.611249
199746,0.73454815
199764,0.3876571
199766,0.7071078
199785,0.11311862
199786,0.16348642
199795,0.21449338
199797,0.45014212
199803,0.876009
199804,0.5289555
199810,0.6141748
199815,0.258583
199822,0.23780148
199824,0.13954587
199828,0.807807
199833,0.43680748
199840,0.43658987
199844,0.32612848
199846,0.46613696
199858,0.7114876
199862,0.4849115
199865,0.547866
199866,0.2498475
199869,0.6729381
199870,0.18527888
199871,0.34542775
199878,0.15628433
199889,0.508033
199891,0.5506475
199898,0.2154595
199903,0.09517659
199904,0.18661113
199924,0.53101444
199950,0.14626022
199954,0.36031783
199956,0.14000526
199962,0.7463051
199965,0.87145334
199971,0.11690096
199972,0.44324684
199988,0.8281921
199995,0.5319997
199997,0.26382038
199998,0.31811193
199999,0.16767655
200011,0.47948328
200012,0.09137384
200016,0.10310626
200019,0.084489025
200030,0.20923483
200031,0.5191435
200032,0.16884969
200038,0.57286084
200043,0.2533732
200044,0.48222426
200045,0.7088604
200053,0.8736064
200057,0.13825649
200061,0.121337175
200064,0.27150893
200071,0.78589654
200084,0.7510955
200085,0.17940728
200086,0.40545464
200093,0.67490023
200095,0.5115752
200105,0.120797366
200111,0.19769752
200116,0.74267596
200125,0.8422431
200126,0.45536685
200157,0.3530096
200173,0.784035
200181,0.3864382
200185,0.21627232
200187,0.25818002
200193,0.29448625
200200,0.6048618
200202,0.11476424
200206,0.8118958
200207,0.15072592
200216,0.10778837
200229,0.67408633
200234,0.09582375
200241,0.5146761
200244,0.12139747
200258,0.7298554
200262,0.5749875
200268,0.8765726
200277,0.38527676
200286,0.090289
200293,0.7274016
200299,0.8385611
200306,0.12083364
200335,0.19273071
200358,0.38568908
200366,0.29763326
200367,0.20370902
200370,0.18018368
200373,0.6351452
200374,0.24717365
200383,0.4793682
200387,0.49635065
200390,0.74066895
200391,0.433394
200421,0.770202
200437,0.5157457
200442,0.102170214
200447,0.26363972
200460,0.37567028
200463,0.6033874
200467,0.71640855
200487,0.13194059
200488,0.5123372
200490,0.4992387
200493,0.39135543
200494,0.22542042
200501,0.6233512
200506,0.3135413
200516,0.10450925
200518,0.29481617
200520,0.49288356
200523,0.5399797
200524,0.49231637
200525,0.29258093
200534,0.5614102
200538,0.5369847
200552,0.446165
200556,0.109682776
200557,0.5784715
200567,0.28324303
200568,0.14947017
200570,0.1500069
200572,0.53012335
200576,0.10900453
200585,0.6128946
200587,0.60173565
200588,0.5118846
200593,0.5606328
200594,0.4020211
200595,0.6411661
200603,0.8740008
200615,0.24602431
200624,0.58889705
200631,0.8826037
200632,0.11990457
200636,0.3012021
200638,0.13878614
200641,0.1525814
200650,0.38166648
200653,0.19386958
200657,0.6179881
200668,0.556718
200669,0.26873365
200670,0.106323406
200676,0.5957685
200697,0.11780354
200710,0.5508503
200720,0.36876723
200729,0.09270948
200749,0.43261263
200753,0.85285693
200755,0.5861802
200756,0.47219008
200757,0.3759524
200768,0.57043576
200776,0.10958245
200799,0.7755419
200801,0.09331897
200810,0.54993254
200823,0.32541406
200832,0.8523012
200836,0.18826394
200838,0.10942902
200864,0.739666
200867,0.26293746
200869,0.30624238
200873,0.46166545
200876,0.13656017
200881,0.2593044
200883,0.12194226
200890,0.53288424
200895,0.33042133
200897,0.20812133
200899,0.31604916
200900,0.20195317
200907,0.5777174
200912,0.1662858
200926,0.45521656
200930,0.81656694
200971,0.085573494
200974,0.13213556
200979,0.378976
200998,0.46294817
201008,0.7830009
201018,0.65282136
201026,0.29926887
201043,0.26875004
201049,0.16453886
201050,0.5834859
201061,0.5713476
201062,0.16265343
201072,0.14720872
201076,0.503123
201077,0.50111157
201081,0.6787967
201084,0.7263939
201089,0.39922196
201092,0.08782533
201109,0.11978618
201110,0.500527
201116,0.14399253
201122,0.5903307
201135,0.64988744
201143,0.094397955
201153,0.106028624
201159,0.45168474
201165,0.10405899
201187,0.771361
201197,0.15105672
201218,0.59935707
201219,0.7740818
201231,0.25761867
201234,0.09702759
201243,0.20706677
201246,0.52257234
201254,0.70825016
201256,0.15343954
201262,0.8784715
201263,0.43032113
201272,0.89829004
201273,0.14670461
201281,0.6000198
201290,0.24493161
201294,0.36073637
201296,0.08893963
201320,0.12120632
201332,0.2235328
201342,0.54816103
201343,0.20214091
201347,0.52687204
201350,0.17939724
201351,0.8152121
201362,0.81608033
201363,0.55296665
201368,0.6161455
201373,0.12117831
201375,0.1265277
201378,0.33571243
201386,0.3596345
201387,0.11333635
201390,0.8794491
201393,0.72910017
201409,0.18854365
201442,0.5488993
201444,0.5492626
201447,0.6922772
201451,0.19623451
201474,0.6345459
201481,0.25230762
201491,0.111766405
201498,0.40740147
201499,0.68702376
201501,0.60448724
201502,0.24986573
201516,0.15336502
201517,0.36572933
201524,0.26848122
201526,0.8837139
201528,0.10341123
201532,0.18875062
201543,0.88808817
201544,0.37708715
201546,0.59279203
201552,0.2785107
201554,0.45518634
201556,0.19712414
201557,0.13681631
201559,0.6105542
201575,0.40849283
201592,0.625443
201593,0.76653713
201600,0.50196016
201630,0.50128096
201631,0.5945999
201635,0.10544653
201638,0.32302243
201642,0.38457167
201645,0.08972644
201660,0.11371246
201663,0.4780988
201665,0.11073403
201674,0.38495356
201675,0.3274932
201677,0.4809942
201688,0.8259691
201698,0.5186324
201706,0.1346461
201709,0.096178025
201710,0.5275436
201718,0.44527414
201720,0.49814302
201727,0.51453483
201730,0.12269827
201732,0.16113229
201733,0.41693893
201736,0.45910576
201738,0.30075493
201744,0.66726005
201747,0.54998946
201751,0.67286164
201766,0.85211295
201777,0.18606967
201778,0.35483924
201785,0.8408077
201804,0.3283745
201808,0.5302439
201813,0.8459262
201815,0.09175386
201820,0.32049182
201825,0.1328137
201830,0.2773673
201838,0.13108526
201839,0.69978505
201845,0.69785815
201849,0.116327375
201850,0.123937935
201853,0.31398788
201856,0.37846407
201873,0.430586
201875,0.2036477
201906,0.45124134
201907,0.37632373
201908,0.3898609
201909,0.35434
201911,0.69935894
201927,0.291058
201928,0.4969531
201937,0.3453529
201943,0.32797697
201946,0.3930533
201948,0.21414593
201949,0.6564961
201955,0.0879548
201962,0.38051337
201977,0.2800324
201996,0.25719252
201997,0.83808506
202004,0.2525198
202005,0.26672387
202006,0.6025245
202010,0.098353
202020,0.36879647
202029,0.90460867
202033,0.46323138
202034,0.5180758
202040,0.71144205
202045,0.1121828
202048,0.101920746
202055,0.20603614
202058,0.33965018
202062,0.20986512
202073,0.72960883
202078,0.2755784
202079,0.76259863
202080,0.5485432
202085,0.38285658
202090,0.42408663
202092,0.6467942
202114,0.14364593
202124,0.2821211
202133,0.6019379
202136,0.3108456
202150,0.14110933
202156,0.089157015
202159,0.35722426
202165,0.22654182
202167,0.7485595
202168,0.4622555
202169,0.56739146
202170,0.73358965
202204,0.13429016
202209,0.14173049
202216,0.5929114
202220,0.3962256
202228,0.25691226
202229,0.12773927
202231,0.4675197
202232,0.10768573
202234,0.8762442
202252,0.6998959
202253,0.562787
202272,0.14531921
202273,0.40831798
202292,0.12713149
202300,0.27534884
202302,0.60284257
202311,0.08774087
202316,0.18281804
202318,0.4699514
202324,0.71456057
202343,0.44653925
202344,0.39901003
202349,0.10179097
202351,0.62797517
202355,0.10556207
202379,0.4355275
202407,0.12622215
202409,0.5468047
202410,0.1554495
202422,0.5683999
202423,0.59474516
202435,0.62974834
202437,0.8318363
202438,0.5476306
202439,0.4763501
202441,0.7460549
202444,0.10409729
202446,0.6054917
202450,0.55562526
202455,0.15570593
202457,0.25093892
202461,0.69239384
202463,0.7427768
202473,0.10176769
202478,0.4166885
202484,0.76703227
202490,0.3186837
202491,0.23806141
202492,0.847994
202497,0.85254085
202508,0.46856695
202509,0.6001082
202510,0.1520225
202511,0.5627881
202514,0.11884857
202524,0.2186219
202527,0.47277215
202547,0.5457724
202554,0.33176264
202557,0.5803951
202568,0.6026858
202573,0.33772978
202587,0.17575462
202599,0.2260971
202610,0.46622613
202613,0.53971153
202618,0.8718078
202621,0.29784992
202645,0.47909075
202646,0.10525065
202649,0.48455185
202653,0.39283302
202655,0.19727342
202656,0.5531583
202659,0.66908675
202661,0.40893623
202681,0.48558939
202688,0.38653338
202691,0.10324971
202692,0.09161442
202697,0.90009344
202698,0.58081317
202717,0.53156173
202720,0.67691964
202724,0.34638637
202725,0.54548067
202734,0.70813566
202740,0.10710028
202743,0.36045855
202746,0.16054691
202760,0.28282768
202761,0.25693682
202765,0.31541085
202769,0.4280981
202785,0.33757696
202793,0.81948096
202796,0.37887105
202805,0.08887605
202816,0.4873407
202823,0.6501581
202825,0.45121047
202829,0.20130338
202830,0.5651582
202848,0.57801163
202861,0.5394362
202862,0.79172844
202863,0.24951309
202879,0.770708
202889,0.1717329
202894,0.81845665
202895,0.22306153
202897,0.110337675
202899,0.22216576
202900,0.47899583
202907,0.25703627
202927,0.526592
202945,0.23076196
202951,0.5580132
202955,0.30053458
202960,0.14674218
202967,0.29180437
202972,0.4821241
202982,0.63613456
202993,0.12960702
202996,0.110370055
202998,0.28229597
203008,0.1855263
203026,0.776671
203038,0.80695945
203044,0.4305742
203054,0.21544203
203070,0.8153194
203075,0.43012467
203082,0.4202413
203089,0.23924458
203090,0.15496446
203098,0.68239224
203108,0.60029685
203109,0.18486477
203113,0.39485934
203123,0.12680659
203124,0.093410395
203128,0.4239071
203129,0.87784153
203131,0.89593464
203142,0.47573626
203154,0.37093982
203175,0.43895605
203176,0.4735088
203183,0.26634657
203185,0.108987406
203195,0.5276821
203201,0.46715137
203205,0.6208466
203218,0.40457678
203241,0.17983556
203244,0.5455205
203245,0.2856703
203253,0.90722424
203259,0.3263099
203264,0.89746124
203276,0.7065925
203283,0.47490263
203286,0.25108922
203288,0.3280367
203290,0.3734158
203298,0.6708096
203300,0.49806312
203312,0.51267457
203318,0.30117655
203331,0.5315311
203337,0.09237828
203339,0.36238366
203344,0.13397901
203348,0.70911884
203349,0.12446168
203350,0.4085549
203358,0.72722864
203366,0.36399946
203371,0.24294306
203377,0.5094005
203399,0.3158047
203402,0.34164822
203407,0.79736346
203410,0.47867528
203421,0.59410167
203428,0.31767866
203431,0.5829835
203433,0.69772
203459,0.23491016
203460,0.7631298
203462,0.63614357
203470,0.3943387
203475,0.6760678
203476,0.34165883
203496,0.8650926
203518,0.12769121
203547,0.40978438
203549,0.10610458
203550,0.26411644
203552,0.087337896
203561,0.27007028
203564,0.8181382
203567,0.35307848
203575,0.58761656
203590,0.4310698
203591,0.101153836
203605,0.3009665
203606,0.12813154
203640,0.2394254
203643,0.888458
203647,0.62941974
203648,0.21957937
203669,0.3056537
203671,0.104489945
203692,0.2597045
203695,0.582278
203706,0.33699432
203713,0.4162808
203730,0.3122669
203736,0.395433
203745,0.717328
203751,0.5465201
203753,0.22471319
203755,0.21897645
203762,0.60415554
203769,0.3360185
203774,0.22241482
203796,0.18208036
203799,0.14725742
203806,0.3211651
203807,0.68293375
203810,0.2135363
203816,0.4822478
203821,0.899371
203822,0.24329598
203850,0.6034899
203854,0.09139721
203862,0.5224319
203868,0.29550388
203869,0.26270276
203870,0.20311226
203876,0.20242932
203878,0.29253757
203889,0.23275538
203897,0.19901967
203905,0.81843615
203914,0.43107325
203915,0.32978278
203950,0.20153417
203956,0.1352741
203957,0.30030474
203973,0.5565094
203975,0.15432213
203980,0.39340028
203997,0.44045842
204001,0.55354977
204008,0.61414176
204017,0.3911468
204020,0.4313224
204021,0.3235348
204026,0.4176555
204027,0.09228486
204043,0.11182368
204047,0.28068942
204055,0.38489565
204059,0.21884032
204060,0.49277365
204061,0.10672645
204073,0.41879934
204076,0.6911462
204086,0.53768086
204088,0.16475488
204102,0.80703884
204116,0.34647262
204117,0.3235813
204121,0.6465926
204129,0.118485965
204139,0.7584966
204148,0.11882692
204149,0.48598436
204175,0.16753462
204181,0.7092927
204183,0.22907872
204187,0.4273383
204193,0.75051993
204194,0.4608796
204195,0.10173122
204196,0.6741148
204202,0.6031612
204206,0.089500226
204207,0.47848
204214,0.18812668
204222,0.4746982
204226,0.102217644
204227,0.46728194
204228,0.35233185
204231,0.43288964
204232,0.6924149
204235,0.8222918
204237,0.08885594
204239,0.09157608
204242,0.18105452
204254,0.11699837
204255,0.6340208
204259,0.32457823
204268,0.14797153
204280,0.10295528
204282,0.78058344
204307,0.09415053
204314,0.6505976
204318,0.4198178
204321,0.42024687
204330,0.15752529
204335,0.5510915
204339,0.71927077
204344,0.13269846
204350,0.7024949
204371,0.100845456
204372,0.35657716
204374,0.6833427
204383,0.35696238
204392,0.73156744
204403,0.089353375
204409,0.13147476
204416,0.22872055
204417,0.33757952
204437,0.77082527
204440,0.10820554
204445,0.21043058
204446,0.31664392
204449,0.75117075
204468,0.34818593
204504,0.25517616
204506,0.102177545
204536,0.18092434
204539,0.75115204
204601,0.11510765
204614,0.43050003
204616,0.8464007
204618,0.8305018
204623,0.20213467
204630,0.63743675
204636,0.19531728
204639,0.1538732
204642,0.44636396
204644,0.35410032
204648,0.10162881
204662,0.25834858
204673,0.12097129
204674,0.50035554
204681,0.105424926
204682,0.3159658
204683,0.694161
204689,0.65181583
204690,0.68477535
204707,0.5422692
204728,0.4091042
204736,0.6172618
204740,0.19288152
204749,0.46161926
204756,0.32141912
204771,0.08751526
204778,0.124802426
204808,0.12704356
204822,0.5409953
204827,0.6703941
204831,0.4061106
204836,0.10219546
204837,0.12287857
204843,0.35294443
204846,0.14919521
204847,0.1402222
204850,0.41649413
204852,0.14298902
204854,0.37094295
204856,0.8501037
204857,0.23981594
204863,0.53883064
204870,0.19349642
204885,0.49768594
204895,0.48289913
204905,0.5215198
204911,0.55979276
204927,0.37051502
204929,0.52014697
204941,0.6338677
204959,0.48148695
204962,0.49638015
204965,0.9047033
204970,0.7592531
204971,0.33914304
204972,0.5042756
205000,0.6169319
205011,0.33618706
205013,0.30284414
205014,0.8734957
205019,0.40961576
205043,0.33161235
205045,0.6081268
205054,0.09915787
205066,0.14622262
205069,0.45828018
205070,0.3310503
205071,0.53407776
205073,0.5499556
205077,0.4432894
205078,0.3280477
205088,0.15692215
205104,0.34111813
205107,0.2041289
205117,0.4341474
205118,0.11669194
205128,0.7733218
205134,0.09414061
205140,0.10027349
205141,0.83504117
205142,0.09510627
205153,0.89693636
205158,0.26693764
205169,0.100754805
205170,0.6034989
205183,0.10268661
205184,0.34857506
205197,0.23697358
205199,0.51768005
205204,0.09288921
205208,0.15985689
205209,0.10426363
205210,0.7108721
205216,0.38073534
205219,0.83238244
205222,0.33561793
205225,0.16049308
205235,0.61133516
205236,0.2850281
205241,0.11063993
205244,0.32601988
205251,0.6604429
205252,0.62136966
205258,0.112992324
205262,0.35954008
205264,0.1062667
205274,0.78689075
205277,0.67692053
205281,0.24117559
205306,0.20200713
205307,0.63282263
205323,0.52592367
205336,0.878718
205337,0.84770954
205360,0.7311813
205363,0.27193964
205365,0.22602192
205367,0.67507005
205368,0.12702933
205375,0.32979736
205403,0.50851625
205411,0.34216213
205415,0.26846698
205429,0.35059366
205434,0.8159947
205445,0.20902194
205463,0.41844687
205471,0.2942689
205472,0.5821507
205479,0.6319358
205480,0.1933945
205493,0.6446282
205503,0.64883363
205508,0.2291132
205524,0.58900964
205525,0.3430387
205526,0.44326222
205533,0.21178813
205542,0.13469097
205545,0.67059284
205552,0.32063952
205561,0.40034348
205563,0.10719562
205564,0.47710928
205565,0.20906118
205566,0.13436165
205569,0.32799825
205579,0.26154697
205585,0.6823083
205587,0.10520106
205588,0.16322601
205591,0.15877429
205594,0.8593142
205600,0.5216634
205608,0.24651273
205613,0.09907364
205618,0.59959143
205619,0.096168
205623,0.08698446
205627,0.6955724
205628,0.81234145
205635,0.1080185
205638,0.23986663
205640,0.5571931
205641,0.84533775
205642,0.89232415
205643,0.30551156
205646,0.51414484
205655,0.66163164
205672,0.14300364
205678,0.27866074
205681,0.19268313
205682,0.09227887
205690,0.105488524
205693,0.14955017
205695,0.31652096
205724,0.10069223
205738,0.10128853
205741,0.4514019
205744,0.21657486
205750,0.10618504
205751,0.731462
205752,0.10918433
205766,0.31502074
205773,0.62730056
205775,0.3347398
205776,0.13240035
205789,0.7151326
205793,0.28814322
205797,0.12649958
205798,0.23617338
205802,0.08950148
205806,0.37673557
205807,0.2596271
205815,0.35562304
205819,0.12625197
205821,0.2254705
205822,0.31464183
205831,0.40097252
205832,0.31768307
205836,0.1510088
205843,0.56799203
205862,0.31427717
205863,0.35489887
205866,0.65654427
205873,0.38070688
205877,0.4618094
205879,0.5138214
205880,0.1188028
205886,0.63125515
205898,0.8001733
205903,0.35054332
205907,0.42046458
205908,0.4394426
205909,0.16032141
205930,0.093778536
205931,0.21979421
205932,0.13031696
205951,0.20639123
205957,0.89420015
205960,0.26720566
205987,0.53467876
205994,0.6891396
205995,0.59607095
206006,0.19721116
206007,0.14541775
206013,0.21910714
206020,0.16308516
206030,0.16096053
206035,0.091166355
206038,0.099514365
206039,0.61648905
206061,0.1381822
206066,0.6482795
206068,0.59685194
206071,0.67450845
206076,0.48259506
206077,0.49768865
206091,0.1885331
206097,0.6146342
206101,0.34522486
206145,0.73683476
206147,0.26428896
206163,0.10444369
206171,0.26004982
206173,0.7377387
206174,0.7981041
206197,0.43696257
206198,0.40556535
206209,0.30039507
206211,0.36026403
206213,0.11856583
206246,0.8713865
206252,0.42428744
206253,0.68123037
206254,0.5349942
206257,0.46315235
206270,0.3533716
206283,0.0998443
206290,0.2940677
206291,0.16900492
206292,0.7637152
206307,0.6360937
206315,0.11465072
206319,0.79049075
206324,0.54171956
206326,0.73509353
206338,0.3030068
206339,0.10158032
206354,0.14899378
206359,0.29460728
206374,0.624639
206377,0.3617693
206395,0.6736991
206403,0.09207783
206410,0.7758183
206413,0.33285007
206414,0.12739651
206418,0.65164834
206424,0.45364356
206427,0.09860039
206428,0.2667205
206429,0.45000973
206430,0.34450412
206447,0.14280699
206451,0.30294305
206465,0.8098397
206477,0.64990073
206484,0.37582755
206497,0.1255442
206517,0.23541112
206533,0.15266831
206542,0.67707646
206557,0.4735659
206563,0.13421355
206564,0.77091056
206565,0.13417594
206582,0.43769416
206593,0.85862654
206605,0.8868531
206606,0.14085662
206621,0.45286012
206639,0.4008352
206640,0.39769855
206641,0.18672027
206645,0.35700932
206656,0.4248429
206666,0.5917398
206679,0.27996096
206681,0.31663457
206684,0.58989644
206686,0.12354806
206687,0.13071938
206697,0.30167747
206700,0.4162971
206702,0.5682159
206703,0.15516247
206708,0.36498785
206710,0.39737672
206721,0.6837831
206723,0.49500254
206735,0.47404015
206739,0.66434914
206742,0.30438557
206744,0.8941891
206747,0.7087326
206752,0.1236806
206774,0.5175926
206776,0.7724607
206792,0.2997738
206799,0.8152732
206805,0.18812858
206806,0.8017759
206809,0.3488786
206812,0.48371977
206814,0.11855263
206830,0.1730668
206831,0.16815285
206878,0.8479778
206905,0.09902537
206908,0.6001198
206910,0.41582763
206917,0.14587519
206920,0.8807029
206927,0.30011633
206933,0.20081478
206945,0.5181151
206968,0.37464997
206987,0.25922287
206989,0.09510615
207017,0.820598
207027,0.13663018
207029,0.34761494
207030,0.75008965
207035,0.49422234
207040,0.522261
207043,0.7149522
207054,0.5879498
207055,0.15045552
207059,0.18903421
207060,0.12033433
207062,0.26622993
207071,0.561334
207073,0.6474489
207079,0.14120673
207100,0.3552754
207107,0.20312878
207129,0.37535354
207132,0.57749236
207139,0.54707223
207148,0.43057024
207153,0.3553923
207163,0.7140664
207164,0.26655504
207168,0.15191151
207171,0.08855397
207173,0.7862411
207174,0.09107563
207181,0.24562654
207182,0.35360864
207198,0.47024718
207201,0.12030992
207213,0.6605292
207234,0.5726737
207238,0.34402028
207256,0.4919876
207257,0.81668806
207264,0.87565494
207268,0.80770683
207275,0.40408364
207291,0.13488165
207296,0.20345718
207304,0.73608273
207308,0.39035672
207314,0.5816349
207324,0.6341384
207332,0.40622908
207333,0.69760585
207339,0.4671036
207349,0.11635208
207351,0.6081169
207359,0.7689204
207361,0.13080506
207365,0.3693784
207369,0.22463351
207372,0.17371538
207377,0.46010002
207380,0.119110584
207394,0.16856562
207412,0.8220438
207423,0.3889293
207426,0.09718543
207427,0.7668575
207428,0.5032745
207430,0.86283654
207437,0.20571531
207440,0.4064683
207455,0.21074732
207456,0.12460432
207471,0.57446384
207476,0.4117526
207483,0.1293861
207497,0.28269827
207506,0.19650021
207515,0.5314211
207529,0.46074235
207533,0.5092068
207534,0.09417347
207541,0.4673363
207560,0.15259494
207561,0.74936235
207570,0.16837378
207600,0.37436637
207630,0.73199797
207633,0.80357873
207634,0.093250975
207635,0.1378179
207660,0.14743128
207682,0.11993407
207684,0.22335757
207687,0.4308313
207706,0.7585266
207708,0.5082865
207713,0.38809484
207714,0.35013783
207718,0.090226084
207721,0.5861407
207724,0.45469782
207727,0.21113041
207731,0.23743479
207732,0.3188684
207734,0.27248192
207739,0.42243892
207744,0.6065766
207787,0.7402827
207792,0.5103947
207801,0.34558737
207811,0.5935773
207817,0.7230787
207818,0.79020935
207819,0.15532057
207830,0.14006454
207834,0.58473694
207841,0.84828097
207844,0.72116727
207849,0.5770257
207856,0.19859362
207865,0.13557084
207867,0.51064616
207873,0.677156
207882,0.7864873
207887,0.21951187
207888,0.4020344
207889,0.11107371
207907,0.11106487
207921,0.8831
207922,0.12912117
207928,0.6600963
207930,0.8754054
207940,0.20146368
207941,0.4371406
207956,0.31984678
207960,0.1381935
207961,0.45156065
207968,0.4528433
207971,0.44159827
207972,0.57478833
207975,0.2680959
207976,0.6801357
207979,0.86238706
207997,0.6733297
207999,0.83170027
208008,0.4920404
208027,0.6274248
208030,0.17537975
208033,0.88315994
208035,0.63235414
208040,0.16956569
208052,0.35664064
208067,0.108914725
208090,0.12569183
208100,0.32111788
208102,0.29252592
208110,0.40604702
208117,0.2436096
208119,0.50537795
208123,0.6615922
208127,0.92052114
208136,0.15709007
208139,0.09173387
208140,0.21986961
208144,0.5093033
208149,0.3008091
208156,0.57648253
208166,0.6824854
208168,0.5806728
208170,0.87785906
208172,0.57092375
208178,0.26290223
208193,0.57380974
208195,0.11033738
208211,0.17436923
208213,0.43922055
208229,0.5158212
208231,0.7967134
208235,0.11370527
208238,0.50396365
208240,0.61182785
208249,0.09195483
208262,0.45867962
208263,0.5350316
208270,0.24024107
208288,0.25377002
208292,0.26019087
208302,0.29028115
208303,0.6922862
208312,0.11342605
208317,0.47352862
208322,0.3914363
208331,0.42878342
208336,0.560672
208337,0.520192
208339,0.41798252
208346,0.74004495
208353,0.18694402
208358,0.22344486
208359,0.29010838
208360,0.15320851
208370,0.48693734
208373,0.10305672
208390,0.25289994
208391,0.73892945
208394,0.4272973
208396,0.20517011
208397,0.23168695
208398,0.6719707
208400,0.45817855
208410,0.29664713
208420,0.16546817
208421,0.84593076
208431,0.77486485
208450,0.55574024
208451,0.8138294
208455,0.40338838
208478,0.44566968
208479,0.13134041
208482,0.37468648
208502,0.70890445
208516,0.4113054
208518,0.17949322
208534,0.47497275
208550,0.1367104
208551,0.10679414
208566,0.3348734
208567,0.21346301
208575,0.53708345
208576,0.24454162
208588,0.29335627
208590,0.520998
208595,0.11198083
208619,0.45504504
208620,0.098948896
208627,0.69532865
208629,0.29537195
208642,0.43814662
208645,0.12853357
208661,0.1493381
208662,0.0973501
208679,0.10325911
208681,0.108089834
208689,0.60692793
208696,0.39157814
208701,0.34859186
208707,0.86583567
208719,0.21812764
208720,0.46565318
208730,0.3517911
208748,0.16196966
208753,0.6265379
208755,0.51367074
208769,0.28175193
208775,0.49954265
208785,0.24958993
208796,0.41781098
208806,0.16498612
208815,0.71927965
208830,0.20379837
208833,0.6474564
208837,0.10362363
208842,0.15683872
208860,0.10954782
208874,0.3386339
208886,0.32618448
208897,0.38654402
208898,0.7694523
208905,0.69928336
208907,0.24245264
208924,0.43382117
208925,0.6009691
208933,0.41462195
208941,0.1702235
208948,0.092355184
208960,0.16685288
208962,0.25074768
208963,0.22218513
208965,0.17256439
208973,0.19363439
208974,0.4411804
208986,0.29419237
208992,0.16574128
208995,0.6298534
209001,0.13607542
209006,0.40510938
209012,0.22717491
209022,0.5642928
209055,0.84545946
209056,0.6350304
209057,0.4139336
209060,0.35624784
209067,0.30355936
209071,0.25948697
209078,0.15496838
209080,0.15197118
209094,0.13986379
209097,0.24604526
209098,0.6468814
209101,0.11846706
209108,0.10756004
209109,0.4621691
209111,0.09935305
209116,0.75819534
209117,0.90685576
209121,0.10564845
209126,0.17111541
209127,0.13215105
209141,0.2710716
209142,0.41426337
209159,0.13966134
209164,0.74672914
209168,0.8482193
209177,0.6737709
209197,0.50729746
209202,0.72015125
209209,0.14248274
209211,0.27430576
209233,0.59831053
209234,0.42204648
209253,0.5861651
209260,0.27766317
209263,0.4264687
209268,0.43644994
209275,0.42124325
209288,0.6938826
209298,0.78129023
209305,0.32138655
209326,0.47255158
209340,0.44821376
209352,0.77969086
209362,0.48316374
209367,0.50062317
209369,0.21103387
209377,0.3026813
209387,0.3507638
209392,0.32928047
209393,0.22111368
209420,0.12059945
209423,0.6200286
209457,0.6409905
209458,0.5399781
209470,0.6466967
209479,0.78239036
209483,0.66627926
209488,0.8573215
209489,0.13368127
209497,0.1708765
209504,0.35351518
209510,0.5246829
209513,0.116615586
209547,0.10059783
209549,0.26428175
209556,0.147039
209561,0.6579743
209565,0.72302294
209591,0.6157915
209595,0.5994216
209596,0.5125598
209608,0.531853
209628,0.28480837
209643,0.27508262
209645,0.82969785
209651,0.3741096
209659,0.45191914
209660,0.3152199
209661,0.7934651
209665,0.33940667
209682,0.14428426
209687,0.70944345
209689,0.22461691
209699,0.36327222
209705,0.48347443
209707,0.11736356
209713,0.52226645
209717,0.2864556
209718,0.5763311
209723,0.68347573
209727,0.27183586
209729,0.15661599
209739,0.2765393
209741,0.7306828
209744,0.7503061
209748,0.7480564
209749,0.41416618
209758,0.11391028
209761,0.32979608
209764,0.6158405
209772,0.2763527
209773,0.6804905
209794,0.13183886
209795,0.8708741
209814,0.37779117
209828,0.640699
209838,0.33659336
209839,0.69660556
209845,0.79283476
209855,0.19380338
209862,0.13557045
209869,0.26106235
209872,0.27929783
209879,0.7300284
209881,0.35380813
209882,0.6881944
209893,0.7933133
209913,0.589604
209918,0.31193572
209920,0.88031346
209921,0.24870957
209929,0.8047863
209943,0.7404754
209957,0.1805671
209960,0.5817903
209962,0.42074397
209969,0.28140005
209980,0.4526289
209986,0.13557948
209989,0.5226225
209990,0.36669868
209991,0.18368348
210007,0.36336198
210016,0.42953262
210018,0.33463806
210019,0.14462882
210020,0.15659305
210036,0.11584144
210050,0.19118668
210080,0.30264655
210084,0.3068948
210089,0.7552817
210104,0.42174518
210129,0.3325409
210135,0.16878341
210137,0.38090774
210140,0.67956924
210145,0.10263635
210146,0.5167527
210147,0.33141232
210152,0.08725817
210157,0.29984543
210158,0.68591446
210164,0.18116216
210170,0.46997666
210171,0.301394
210173,0.83871126
210174,0.7617559
210176,0.53957814
210190,0.126502
210191,0.7352383
210195,0.8315576
210196,0.12124395
210201,0.13694492
210211,0.40112865
210231,0.37558874
210239,0.75865185
210241,0.27568313
210242,0.1793935
210255,0.7299329
210278,0.58208346
210283,0.11634272
210284,0.48462254
210304,0.14660268
210307,0.2936122
210330,0.26606315
210332,0.40770078
210350,0.82786614
210379,0.167749
210385,0.2425599
210401,0.37722188
210405,0.28288066
210413,0.7691966
210414,0.6155184
210415,0.44711095
210419,0.68008953
210429,0.19018802
210467,0.7674957
210481,0.36415774
210482,0.32923314
210492,0.30967325
210502,0.827196
210523,0.3845212
210525,0.8313588
210529,0.5482452
210538,0.2127604
210543,0.270274
210549,0.24036616
210551,0.26749262
210555,0.59580356
210558,0.35026821
210591,0.48937443
210597,0.6884233
210599,0.19051251
210610,0.13334168
210616,0.8241978
210618,0.14534406
210622,0.862874
210639,0.67344546
210645,0.13812536
210650,0.09148034
210672,0.15020691
210676,0.33761048
210683,0.66872334
210697,0.7878509
210701,0.1922428
210706,0.5136128
210712,0.44785845
210717,0.28001964
210728,0.65162003
210729,0.15453789
210730,0.5812954
210731,0.442319
210733,0.72902346
210735,0.31378108
210742,0.20582755
210748,0.09298035
210749,0.6695298
210758,0.356973
210767,0.5345529
210769,0.43498874
210777,0.7009935
210789,0.11482997
210791,0.23371893
210794,0.10356894
210811,0.28204662
210814,0.09504309
210821,0.38447556
210833,0.3375127
210835,0.14524598
210859,0.37100884
210862,0.37532714
210870,0.17370856
210886,0.16213612
210893,0.26131395
210901,0.21136098
210906,0.64654344
210913,0.46585903
210953,0.40996253
210961,0.19815117
210962,0.7703646
210966,0.37282118
210983,0.6008323
211000,0.5568684
211025,0.5660243
211036,0.21999268
211043,0.64957976
211062,0.67100817
211076,0.61102897
211085,0.31389424
211096,0.21951501
211097,0.7948224
211098,0.74054646
211103,0.14764264
211108,0.5491162
211131,0.57124335
211135,0.66124517
211139,0.13439941
211146,0.23562077
211150,0.0946396
211158,0.16331422
211170,0.8626831
211177,0.44693202
211183,0.69223195
211187,0.65979177
211191,0.085656255
211194,0.7556144
211196,0.794431
211203,0.09404107
211209,0.6894544
211210,0.76314175
211211,0.52855635
211232,0.3457187
211244,0.8253713
211263,0.30317223
211264,0.74594414
211270,0.5639728
211278,0.15432738
211292,0.20453933
211293,0.37153855
211295,0.19819944
211296,0.68216294
211308,0.6168416
211310,0.6278228
211312,0.5847133
211325,0.32931617
211326,0.20382787
211330,0.46183595
211333,0.19779643
211341,0.29440573
211342,0.0937241
211350,0.24194643
211355,0.6459739
211357,0.7727693
211358,0.5305125
211362,0.45727852
211377,0.13047995
211378,0.8873778
211379,0.48131466
211384,0.5365716
211395,0.7367557
211398,0.39728242
211399,0.12927857
211417,0.4455653
211419,0.62940645
211420,0.3670842
211439,0.76390505
211442,0.26246884
211451,0.1357233
211457,0.38682374
211469,0.57429034
211483,0.18416084
211505,0.7031934
211508,0.27209812
211509,0.3545062
211510,0.38803554
211526,0.40299127
211547,0.32134932
211548,0.78422993
211550,0.09466256
211551,0.21643485
211553,0.8651712
211562,0.4431046
211563,0.1314992
211564,0.6512795
211565,0.50552624
211571,0.8611822
211572,0.8823629
211577,0.19241762
211580,0.6538825
211609,0.14527585
211625,0.5179158
211635,0.8748351
211646,0.35447612
211660,0.27450886
211670,0.76152545
211672,0.2353042
211688,0.33450115
211694,0.22860108
211696,0.35570765
211711,0.83796537
211718,0.32296517
211732,0.2288453
211735,0.29952553
211736,0.5132823
211740,0.700283
211741,0.17775682
211746,0.09705228
211751,0.21841504
211754,0.7951209
211770,0.2439846
211771,0.5308627
211787,0.7611101
211788,0.38586268
211802,0.31498432
211804,0.47731468
211810,0.5156061
211832,0.53330785
211839,0.45547223
211860,0.17289293
211863,0.82092935
211866,0.11942681
211869,0.35668948
211872,0.3789603
211894,0.38670483
211901,0.41179335
211902,0.67094576
211903,0.5206946
211946,0.25234717
211950,0.6867702
211959,0.5309641
211964,0.6811565
211965,0.28854984
211979,0.20663032
211983,0.7044914
211986,0.5098253
211987,0.16927482
211988,0.18347478
211999,0.19397397
212002,0.35246027
212004,0.22955479
212009,0.3902585
212015,0.21968997
212023,0.29569703
212048,0.39753225
212055,0.20398863
212067,0.11961615
212079,0.14599784
212080,0.39724386
212083,0.10680819
212085,0.75852627
212088,0.23793118
212089,0.35255483
212092,0.2223405
212097,0.5710011
212124,0.20279045
212132,0.103748694
212136,0.38698545
212144,0.35033596
212145,0.61870074
212167,0.31526124
212174,0.82967144
212175,0.15380768
212187,0.8277449
212191,0.1409327
212194,0.6393993
212238,0.2674737
212242,0.5165396
212245,0.6304808
212258,0.15599632
212262,0.29600367
212277,0.16143414
212283,0.16187386
212287,0.47766948
212288,0.598497
212289,0.36270994
212293,0.27184808
212296,0.62541616
212300,0.79953825
212303,0.44128987
212326,0.14242758
212327,0.23678824
212328,0.13002907
212329,0.14825459
212339,0.27347058
212340,0.40662646
212343,0.14831766
212360,0.18140182
212389,0.5138415
212401,0.75207233
212407,0.13331854
212409,0.40459278
212422,0.35609013
212424,0.71723646
212440,0.20627284
212441,0.66712433
212443,0.15165578
212448,0.24249886
212472,0.7089483
212478,0.603364
212481,0.20623575
212493,0.50239897
212508,0.39197418
212511,0.15318774
212525,0.096016586
212531,0.54252326
212533,0.088657096
212555,0.46611774
212592,0.5302445
212610,0.1021382
212621,0.5709334
212629,0.5785038
212635,0.3277196
212636,0.13014233
212637,0.3448894
212643,0.5141886
212648,0.3334619
212654,0.8564258
212655,0.76672304
212660,0.39976954
212661,0.2918196
212664,0.54179287
212669,0.08712661
212670,0.19070183
212674,0.6720608
212676,0.87968516
212690,0.21231814
212691,0.38590762
212696,0.34873337
212710,0.8676552
212712,0.12850355
212716,0.54204345
212718,0.35312003
212720,0.25633177
212723,0.16579898
212730,0.19769889
212740,0.15254389
212747,0.48551098
212763,0.49528587
212773,0.10250674
212775,0.195345
212776,0.6728947
212777,0.8019081
212781,0.7137529
212782,0.89850026
212785,0.24207884
212786,0.50487196
212795,0.111315906
212800,0.73088384
212818,0.4389741
212834,0.28059968
212837,0.5472336
212841,0.3483794
212842,0.14649278
212847,0.5735872
212848,0.22169605
212851,0.4953286
212865,0.14331514
212866,0.10380437
212874,0.6100174
212880,0.31968275
212894,0.30407238
212897,0.27607647
212912,0.32176036
212913,0.16414243
212916,0.35689923
212917,0.12720364
212933,0.33535582
212935,0.2895938
212936,0.33743092
212950,0.5185078
212957,0.39925075
212958,0.6252105
212961,0.49880344
212962,0.2717064
212963,0.6776304
212964,0.7509736
212968,0.4792291
212969,0.4719614
212976,0.09839874
212978,0.21155599
212983,0.6998352
212993,0.6707532
213004,0.102239594
213008,0.10365597
213014,0.087990366
213018,0.4867729
213021,0.40499327
213024,0.44388387
213045,0.5398954
213054,0.13712648
213059,0.73412764
213076,0.20236857
213095,0.25135025
213096,0.21623498
213100,0.10317695
213101,0.6079153
213109,0.34872192
213111,0.10090998
213116,0.08946007
213133,0.73378146
213140,0.5061418
213141,0.53475183
213143,0.8916059
213150,0.10432584
213152,0.38071862
213158,0.21514148
213159,0.24854289
213166,0.38380322
213167,0.83478224
213170,0.84624875
213178,0.74917245
213179,0.086189285
213189,0.4009712
213196,0.41784385
213201,0.09629531
213203,0.19437082
213204,0.18651563
213205,0.18680328
213206,0.28482217
213207,0.6256606
213208,0.15056588
213212,0.14463285
213214,0.14421934
213220,0.17136636
213240,0.15136814
213244,0.3460043
213263,0.85948193
213264,0.66331536
213265,0.117620006
213270,0.43292502
213283,0.5280643
213287,0.4223245
213292,0.4039851
213295,0.65220517
213299,0.712047
213303,0.31808206
213307,0.28212774
213308,0.20204528
213312,0.7508686
213313,0.18306686
213316,0.11811386
213317,0.26312128
213338,0.46587658
213357,0.4161328
213368,0.7058107
213374,0.43091622
213375,0.17234947
213386,0.7944751
213390,0.24836132
213393,0.13419636
213401,0.43129826
213423,0.5498684
213430,0.47554204
213431,0.38146585
213447,0.15679441
213465,0.56367403
213468,0.37478155
213473,0.5625963
213475,0.29163137
213476,0.3599205
213482,0.13137801
213493,0.67140985
213531,0.3940757
213534,0.18616258
213542,0.12574875
213546,0.39613527
213569,0.2697788
213570,0.2728892
213588,0.12207805
213591,0.35707232
213595,0.11469501
213597,0.45862004
213598,0.43776682
213604,0.64390653
213622,0.34718043
213623,0.8703599
213633,0.12407539
213639,0.09438398
213641,0.2640566
213649,0.30112848
213671,0.2423704
213675,0.34144652
213679,0.46395802
213680,0.25641328
213684,0.6645974
213685,0.12164802
213689,0.099572435
213691,0.8643698
213693,0.40287617
213712,0.2607762
213717,0.12792885
213734,0.5904443
213739,0.81795853
213765,0.4535076
213775,0.15706187
213776,0.53827363
213804,0.87369657
213808,0.14017738
213818,0.67826974
213821,0.105900936
213829,0.26910838
213836,0.6751604
213838,0.28427973
213843,0.25513256
213854,0.24419773
213859,0.62542796
213862,0.87200284
213874,0.56447846
213878,0.80208266
213886,0.0872165
213888,0.2501271
213892,0.11475129
213910,0.51568353
213921,0.77051896
213926,0.3331768
213928,0.11610057
213935,0.119073786
213949,0.3281718
213957,0.28949574
213959,0.17044012
213967,0.49170145
213974,0.22757877
213975,0.33958286
213983,0.7808245
213984,0.23426302
213998,0.60649264
214004,0.38159356
214006,0.35583827
214008,0.23588106
214014,0.21938203
214015,0.28362808
214034,0.16481417
214059,0.20466752
214067,0.107184514
214077,0.41625375
214078,0.24330302
214079,0.37121814
214085,0.5296251
214088,0.49583313
214099,0.35525632
214138,0.25519842
214141,0.09298247
214152,0.7064637
214154,0.09386908
214155,0.14674655
214177,0.4564962
214188,0.5071141
214192,0.47620985
214207,0.13302112
214217,0.2855232
214219,0.59801584
214228,0.6756456
214229,0.55485904
214233,0.46762705
214236,0.8401988
214242,0.22663902
214249,0.08787242
214263,0.15464218
214264,0.09423056
214265,0.18826564
214268,0.47737092
214281,0.15068154
214282,0.15976772
214295,0.46551272
214311,0.09573189
214315,0.40382686
214325,0.13531707
214334,0.525659
214336,0.4149546
214337,0.37439623
214342,0.8578229
214344,0.6249373
214349,0.3571689
214355,0.19746932
214356,0.17580232
214358,0.37005505
214363,0.3340249
214364,0.11539569
214371,0.31841925
214377,0.90013784
214379,0.23366554
214383,0.5588785
214406,0.088930294
214407,0.5732363
214411,0.3003627
214415,0.49029183
214418,0.8619001
214419,0.18240489
214421,0.21365018
214430,0.15341523
214436,0.12188586
214463,0.59832245
214472,0.6601669
214474,0.7357752
214476,0.30712277
214478,0.19287235
214481,0.516972
214484,0.34190062
214488,0.5315308
214491,0.75984144
214505,0.26316735
214507,0.4672763
214510,0.40612298
214518,0.39611992
214523,0.88019454
214539,0.47785974
214542,0.5464144
214544,0.40650374
214553,0.31354403
214554,0.34016454
214561,0.47108284
214563,0.53553414
214566,0.36458138
214581,0.12807317
214587,0.3025268
214588,0.32941505
214589,0.67940897
214593,0.5370668
214620,0.74767756
214630,0.4065827
214643,0.46127746
214644,0.7655666
214647,0.44427243
214654,0.1531478
214657,0.18630414
214658,0.3121449
214662,0.1402797
214666,0.6115714
214680,0.27705902
214685,0.15738453
214693,0.12681821
214701,0.13634226
214705,0.097260006
214706,0.53046405
214719,0.23601618
214721,0.80212414
214724,0.19778402
214741,0.24065247
214769,0.5176177
214777,0.094154924
214780,0.4630417
214786,0.34051222
214789,0.283997
214797,0.34583905
214804,0.355709
214808,0.6991523
214810,0.8661926
214828,0.83038676
214830,0.49263296
214835,0.79654795
214844,0.2731634
214859,0.8748476
214861,0.18599102
214863,0.16629851
214887,0.16616227
214898,0.17837547
214906,0.4264742
214913,0.18483041
214915,0.47712222
214937,0.19328287
214944,0.64384
214948,0.59849954
214970,0.68831897
214976,0.4333714
214999,0.7138254
215000,0.78659517
215016,0.26304737
215024,0.09023931
215029,0.88032454
215033,0.9122895
215037,0.89474535
215054,0.35935605
215057,0.22487564
215064,0.4179736
215074,0.26950648
215077,0.6515684
215082,0.12336374
215096,0.24593523
215101,0.24920766
215103,0.35001272
215109,0.5858576
215124,0.33267024
215142,0.81467247
215143,0.34801072
215145,0.2941197
215157,0.13868412
215159,0.14705774
215161,0.58923554
215166,0.39415076
215177,0.5956847
215186,0.42863885
215194,0.4540636
215196,0.20656882
215204,0.5791349
215211,0.40140638
215230,0.6427547
215241,0.13650978
215256,0.6533476
215257,0.46213847
215266,0.6014382
215267,0.21420027
215268,0.11172551
215278,0.68230397
215280,0.9028514
215318,0.69726765
215326,0.21194327
215331,0.34941265
215337,0.098660015
215344,0.17212573
215346,0.30135122
215348,0.6758077
215351,0.0963426
215358,0.75475824
215360,0.61709607
215367,0.14809741
215369,0.40982804
215383,0.15756315
215395,0.7064405
215407,0.12483157
215408,0.43436977
215412,0.14929506
215433,0.21099977
215454,0.59640545
215463,0.6873753
215488,0.088833645
215508,0.47975805
215512,0.0993597
215516,0.60202587
215525,0.78479546
215531,0.47392538
215534,0.6384588
215537,0.1373273
215539,0.19010629
215548,0.10571668
215554,0.32765302
215556,0.19880046
215559,0.8434779
215560,0.24300003
215563,0.14121072
215564,0.11060178
215569,0.5811911
215574,0.8784074
215586,0.58767146
215594,0.69704723
215608,0.35555375
215614,0.25217456
215623,0.6027173
215628,0.47771594
215637,0.8934737
215638,0.8788749
215649,0.41044557
215651,0.18994851
215653,0.2976423
215678,0.3763344
215708,0.12689549
215711,0.3283367
215733,0.3146227
215739,0.22816667
215742,0.12754449
215756,0.26491392
215772,0.4595993
215775,0.81908345
215791,0.2396193
215796,0.678406
215803,0.20279692
215805,0.16361843
215807,0.149858
215829,0.2228973
215855,0.20001416
215856,0.72744715
215860,0.20154415
215861,0.41108432
215877,0.18742198
215883,0.13475297
215889,0.5841676
215897,0.16566554
215898,0.2053981
215901,0.41358358
215908,0.32621604
215910,0.90660346
215911,0.1076023
215923,0.23142709
215928,0.3229143
215934,0.666924
215936,0.6005631
215947,0.08833016
215951,0.10737825
215958,0.09480033
215959,0.37487397
215963,0.4828368
215968,0.7353314
215972,0.36905262
215976,0.4443731
215978,0.22458191
215981,0.30451185
215999,0.17410806
216001,0.7629555
216012,0.27521804
216020,0.5322006
216035,0.17841175
216038,0.7835094
216041,0.39178663
216049,0.66311014
216065,0.37193957
216096,0.8859049
216110,0.13623267
216115,0.7908554
216121,0.33048862
216122,0.8316433
216129,0.1636392
216131,0.80967116
216138,0.5528168
216142,0.56081307
216143,0.20538442
216150,0.41673273
216180,0.2450515
216184,0.2174062
216189,0.3243478
216190,0.8695313
216197,0.14307234
216218,0.8893223
216219,0.6754385
216221,0.4351182
216231,0.1923339
216240,0.84372795
216272,0.51344305
216281,0.40918362
216284,0.4620495
216290,0.3117623
216297,0.4621789
216305,0.33549145
216306,0.18108173
216317,0.2294961
216333,0.123713605
216338,0.60451406
216339,0.4274785
216346,0.25027654
216349,0.8284719
216350,0.82017016
216351,0.2481621
216353,0.13464154
216355,0.39028952
216364,0.5936712
216387,0.54278725
216392,0.13707368
216393,0.7056948
216399,0.09126848
216416,0.25220904
216433,0.1986126
216435,0.12745424
216442,0.5473921
216458,0.28300563
216461,0.82986
216468,0.65964186
216469,0.4061761
216471,0.62602323
216473,0.54174566
216475,0.21268862
216496,0.23711167
216510,0.36037123
216511,0.49300835
216515,0.18508096
216516,0.5994005
216521,0.11426691
216532,0.17829268
216548,0.10270968
216551,0.7434274
216560,0.33613732
216562,0.862436
216563,0.27581555
216565,0.22461389
216582,0.23400523
216587,0.5463951
216589,0.1925736
216597,0.4360571
216606,0.18025899
216607,0.187006
216608,0.81868505
216621,0.4242346
216622,0.09706964
216627,0.5754157
216636,0.35599244
216647,0.16977575
216655,0.53656834
216659,0.7345859
216666,0.8705141
216676,0.2848993
216677,0.4602309
216679,0.5277675
216681,0.48705214
216686,0.08987326
216687,0.4261886
216694,0.6100981
216697,0.14986227
216714,0.25827068
216719,0.4916609
216720,0.15523945
216721,0.34814468
216723,0.2658387
216740,0.7968617
216746,0.26539928
216747,0.16990851
216751,0.44056854
216758,0.63935864
216768,0.20245606
216778,0.593842
216786,0.5771542
216801,0.86317337
216802,0.51471066
216807,0.13700862
216808,0.256644
216810,0.37944296
216818,0.092159756
216823,0.51684356
216826,0.26594055
216827,0.119869135
216828,0.42133567
216840,0.8954488
216844,0.30143782
216845,0.62242365
216851,0.7978246
216857,0.2871648
216858,0.1503115
216862,0.14646147
216874,0.26950487
216880,0.1590908
216900,0.37030268
216902,0.4271762
216903,0.38283178
216904,0.10511724
216931,0.22844708
216936,0.36521855
216938,0.79909253
216952,0.42381418
216954,0.3463663
216955,0.41841215
216961,0.29920438
216981,0.7909902
216985,0.22353825
216992,0.3954328
216995,0.13665324
216997,0.09996709
216998,0.22570063
216999,0.18290617
217022,0.32400978
217034,0.3399556
217038,0.1550474
217050,0.5377904
217055,0.16209576
217064,0.44044158
217071,0.15950324
217078,0.54430753
217083,0.6749626
217084,0.10161402
217086,0.63821304
217096,0.6666622
217101,0.8757911
217109,0.6176892
217118,0.36144954
217121,0.5529828
217125,0.5020511
217130,0.8111388
217136,0.5353778
217137,0.36470547
217143,0.107863955
217148,0.24012722
217155,0.35410365
217162,0.11370661
217172,0.54121214
217174,0.23571935
217175,0.8394211
217177,0.5441978
217178,0.79239464
217192,0.30698466
217220,0.21608308
217221,0.27194047
217223,0.12923697
217232,0.49739474
217243,0.30114573
217248,0.722682
217250,0.3568912
217271,0.59958106
217283,0.20117933
217297,0.60888153
217323,0.5103383
217326,0.14434427
217334,0.32774177
217338,0.122484945
217341,0.853383
217342,0.6078039
217355,0.10059543
217362,0.36024395
217366,0.7148539
217367,0.4274915
217371,0.27101865
217383,0.60713255
217401,0.54781336
217404,0.6998869
217419,0.14543025
217422,0.548425
217423,0.08965598
217427,0.39168757
217429,0.11497161
217430,0.28889906
217441,0.554072
217444,0.17988145
217465,0.13703358
217471,0.19806871
217488,0.12846398
217493,0.37603652
217509,0.72800153
217510,0.22319713
217511,0.86743945
217519,0.44461542
217522,0.28627297
217562,0.3530292
217574,0.39088574
217577,0.10653677
217579,0.5468431
217596,0.096112885
217602,0.12393042
217612,0.43232217
217632,0.6516608
217635,0.13439527
217636,0.68419105
217638,0.5848267
217639,0.56585807
217651,0.38891584
217652,0.09918212
217663,0.8932302
217669,0.18806323
217686,0.42204195
217699,0.5744128
217700,0.7779155
217703,0.33231813
217706,0.65767676
217714,0.70970047
217732,0.2292487
217736,0.56076264
217749,0.8543225
217763,0.09118035
217770,0.23586337
217771,0.41507798
217772,0.45385423
217776,0.25940877
217777,0.4985187
217778,0.8514415
217782,0.11064382
217790,0.545637
217792,0.13721803
217793,0.54118377
217795,0.78938544
217796,0.14465612
217800,0.27670926
217804,0.10565088
217807,0.11651831
217846,0.5622293
217847,0.67123955
217853,0.32945064
217856,0.5260304
217864,0.1303727
217867,0.5729781
217868,0.68249595
217885,0.66341496
217887,0.2491521
217889,0.3929379
217900,0.13193099
217903,0.3295023
217905,0.61415
217909,0.30471078
217913,0.11257981
217944,0.23743981
217946,0.46748906
217954,0.41339353
217956,0.51413345
217957,0.20226444
217961,0.8739204
217962,0.42566124
217976,0.341427
217980,0.5487989
217981,0.18876813
218006,0.32455832
218009,0.274564
218032,0.8398881
218049,0.093573704
218053,0.5974761
218078,0.29133135
218080,0.6612919
218081,0.10152535
218094,0.77844447
218098,0.31561562
218099,0.841494
218100,0.7261522
218113,0.12450064
218117,0.2806966
218118,0.15720455
218119,0.3340121
218125,0.18534096
218133,0.24686657
218153,0.5676189
218165,0.2999227
218166,0.11150924
218177,0.19687574
218178,0.22373319
218202,0.21456088
218203,0.35506126
218207,0.60875595
218209,0.56300026
218236,0.40944913
218244,0.12112486
218247,0.43287668
218250,0.19278839
218266,0.5178112
218275,0.5526412
218276,0.32932806
218287,0.7262137
218292,0.17228554
218298,0.6736068
218300,0.093166664
218320,0.31501415
218321,0.68714255
218333,0.10148469
218347,0.27519584
218353,0.40644908
218366,0.30997774
218368,0.11565784
218369,0.33904105
218372,0.5416016
218376,0.28199354
218378,0.13684052
218403,0.4784263
218413,0.70647395
218418,0.24058919
218449,0.8102906
218450,0.7183133
218458,0.21958205
218464,0.23819777
218475,0.38763487
218476,0.5442455
218478,0.18165955
218515,0.21604733
218517,0.38777786
218518,0.6110513
218538,0.09494188
218539,0.86045545
218550,0.7431873
218551,0.08847589
218565,0.79460514
218580,0.1097878
218591,0.46770954
218598,0.09410614
218600,0.2507689
218602,0.43801236
218607,0.6932478
218651,0.44206193
218652,0.19377546
218656,0.8993075
218658,0.3778499
218669,0.74263906
218670,0.4891238
218671,0.18391952
218677,0.6913498
218680,0.18368363
218685,0.09193212
218686,0.8747257
218692,0.5702568
218693,0.50867856
218699,0.90754753
218709,0.40766802
218729,0.37294334
218734,0.14235403
218742,0.25958407
218743,0.10284763
218756,0.40026438
218772,0.6595741
218782,0.31566006
218786,0.17870219
218788,0.3566583
218796,0.39579636
218801,0.4011916
218812,0.43636096
218832,0.28182322
218834,0.4475897
218846,0.7386574
218847,0.81634516
218848,0.10616607
218853,0.752576
218865,0.24943699
218870,0.29475695
218873,0.16951852
218884,0.09910845
218893,0.5686429
218898,0.08899082
218911,0.50221205
218933,0.55006987
218934,0.27141142
218939,0.14812908
218948,0.14338055
218957,0.6467101
218962,0.39019322
218973,0.10186773
218975,0.10322907
219000,0.08797265
219001,0.29631954
219006,0.15924573
219027,0.539445
219036,0.44705066
219043,0.70110446
219047,0.2766725
219057,0.22510423
219059,0.8740712
219062,0.19547217
219074,0.09692285
219085,0.19740298
219087,0.34229422
219095,0.437446
219114,0.12886323
219115,0.36503258
219119,0.28202188
219140,0.36524504
219147,0.10784304
219170,0.23669964
219171,0.7832373
219174,0.35143462
219177,0.28229368
219180,0.15705694
219195,0.09526861
219203,0.21822606
219207,0.56749964
219223,0.4863647
219229,0.71404254
219236,0.21530712
219238,0.64803034
219243,0.6304573
219245,0.42373946
219247,0.8653647
219273,0.45146424
219278,0.77499294
219279,0.56177187
219284,0.43696892
219319,0.24516764
219326,0.65537506
219336,0.25322202
219344,0.66855496
219359,0.45666844
219360,0.10315169
219364,0.29123482
219368,0.59011245
219376,0.3922213
219382,0.13539241
219388,0.12509982
219396,0.75415665
219398,0.670949
219403,0.4335679
219405,0.21628244
219406,0.4981426
219410,0.40059727
219424,0.6237189
219446,0.23363581
219450,0.10175001
219451,0.5925315
219464,0.24154022
219465,0.11487961
219469,0.3997346
219472,0.814557
219482,0.5520167
219506,0.5159396
219507,0.8695544
219516,0.66765934
219521,0.89014083
219564,0.8722182
219565,0.09746078
219568,0.09190626
219570,0.089954734
219578,0.23877157
219579,0.75687927
219588,0.46936712
219593,0.63478065
219594,0.14657722
219601,0.12431438
219608,0.3426134
219616,0.2930591
219620,0.37482482
219621,0.26085392
219628,0.29121903
219632,0.6555675
219637,0.49895635
219670,0.48519567
219688,0.11204133
219704,0.40327725
219717,0.4647519
219723,0.47163013
219741,0.5142465
219772,0.4768625
219774,0.41734558
219775,0.3216718
219778,0.16998349
219787,0.47026828
219788,0.62698996
219806,0.56359476
219811,0.23740812
219815,0.15703535
219817,0.5435193
219835,0.2386149
219845,0.1423247
219848,0.11507324
219864,0.4870389
219866,0.16452186
219868,0.34341794
219870,0.5249654
219886,0.36276358
219908,0.27868566
219910,0.4799558
219914,0.23700248
219925,0.70809263
219935,0.8242895
219940,0.53935087
219959,0.29809383
219962,0.6283527
219975,0.15398666
219981,0.55942434
219998,0.3793903
219999,0.48653376
220006,0.27596435
220010,0.88048744
220012,0.09377856
220014,0.14974447
220018,0.32397255
220019,0.660773
220021,0.4465429
220058,0.13252263
220060,0.7541472
220061,0.15351842
220063,0.34819418
220066,0.74321157
220070,0.17571628
220071,0.5937467
220082,0.41366416
220094,0.498163
220107,0.28441882
220114,0.6081075
220120,0.21043877
220126,0.46660027
220143,0.1644161
220147,0.77518594
220157,0.4137608
220160,0.5203731
220169,0.1626984
220177,0.50551534
220181,0.27914655
220186,0.3218002
220189,0.3179094
220206,0.8638775
220221,0.362146
220227,0.40994585
220228,0.5409126
220248,0.5524447
220277,0.7367811
220304,0.8211083
220311,0.272235
220315,0.39022306
220316,0.2765807
220323,0.11827204
220325,0.34244728
220358,0.27396584
220363,0.3944366
220369,0.7156735
220370,0.18727447
220380,0.66025954
220386,0.61058235
220387,0.31428966
220393,0.100153886
220394,0.3072319
220412,0.42309576
220415,0.26847386
220416,0.89063257
220417,0.5338237
220418,0.18306994
220422,0.16204546
220431,0.18553276
220439,0.8203088
220456,0.100942805
220458,0.18414348
220468,0.18733186
220474,0.32723454
220479,0.55212444
220494,0.08830359
220501,0.6754723
220503,0.14916599
220511,0.08761339
220514,0.5521789
220516,0.8548588
220521,0.6322718
220530,0.15041742
220562,0.22671752
220565,0.12965563
220582,0.47146955
220594,0.32975292
220600,0.8937301
220614,0.56206304
220621,0.67190474
220624,0.68494505
220629,0.31739038
220632,0.36765656
220639,0.24944328
220655,0.10466108
220664,0.26738223
220670,0.11760672
220686,0.14057565
220699,0.6377228
220714,0.163498
220729,0.5403675
220732,0.76128054
220733,0.10625641
220735,0.2512978
220740,0.22977628
220741,0.13316765
220747,0.8596542
220748,0.16572584
220749,0.5626447
220755,0.30782813
220764,0.40626112
220767,0.67402124
220772,0.57449603
220779,0.29167286
220781,0.37415096
220790,0.11058077
220806,0.561215
220811,0.28502536
220816,0.3811958
220822,0.28830674
220827,0.76035815
220828,0.35258928
220829,0.5469774
220832,0.29572165
220833,0.6183027
220841,0.71912515
220842,0.5340324
220856,0.4716208
220874,0.7697205
220881,0.8386278
220882,0.40180472
220887,0.12158781
220893,0.25933006
220909,0.10836439
220916,0.4383328
220917,0.7732052
220918,0.49558717
220924,0.13287689
220931,0.49957407
220932,0.4929569
220949,0.19315255
220950,0.5227932
220956,0.14368601
220972,0.094204634
220994,0.12603128
221004,0.80460644
221008,0.6984497
221011,0.32760024
221030,0.09022605
221032,0.10215838
221035,0.12708735
221058,0.6018721
221059,0.33468542
221075,0.6215477
221079,0.2205489
221080,0.42106467
221107,0.3945972
221116,0.8481668
221129,0.5568781
221148,0.3503883
221158,0.13600388
221165,0.2945512
221169,0.32707414
221171,0.4804963
221198,0.6856743
221202,0.55299944
221205,0.85732764
221223,0.46167636
221227,0.25128332
221228,0.1424193
221234,0.24327075
221242,0.381956
221252,0.87306035
221256,0.6024795
221260,0.7173538
221261,0.33885223
221264,0.44884893
221267,0.28897017
221272,0.43138218
221284,0.7129201
221292,0.67301327
221311,0.21708281
221322,0.15834577
221327,0.39186776
221339,0.12868577
221371,0.4098098
221372,0.1744004
221404,0.528652
221411,0.29149848
221438,0.42662752
221451,0.38638824
221465,0.6562042
221477,0.49616453
221483,0.31820697
221493,0.36352473
221495,0.17602822
221498,0.62219995
221500,0.58890325
221506,0.43820742
221513,0.53556645
221523,0.5493172
221528,0.35135737
221529,0.66692954
221530,0.2115831
221531,0.41394728
221549,0.17631184
221550,0.31773335
221565,0.8455194
221570,0.69138134
221573,0.0910928
221575,0.30438584
221576,0.682245
221604,0.5076954
221615,0.4399314
221626,0.1595476
221629,0.6528326
221630,0.37999648
221636,0.15707941
221656,0.46473473
221659,0.20514646
221663,0.57827115
221665,0.32691923
221675,0.7874451
221676,0.3173354
221677,0.7145587
221679,0.19536418
221707,0.30036432
221712,0.45447063
221717,0.45554718
221725,0.63870186
221733,0.20775858
221741,0.19498369
221747,0.11674253
221762,0.47685152
221763,0.113369584
221770,0.5387309
221771,0.3324215
221787,0.0942749
221793,0.097389996
221804,0.11367403
221805,0.08737061
221825,0.5712982
221827,0.537267
221828,0.56561965
221829,0.10956342
221845,0.6795702
221859,0.4727677
221860,0.26584744
221867,0.7800398
221868,0.51985687
221870,0.6940249
221876,0.7151146
221884,0.8207878
221895,0.25358242
221911,0.34789053
221921,0.391503
221931,0.7057279
221935,0.31374893
221955,0.41064578
221959,0.12979881
221966,0.28763422
221974,0.22287306
221981,0.48831698
222002,0.87573284
222010,0.08931656
222012,0.5055693
222013,0.75885856
222023,0.86252815
222034,0.63295895
222048,0.548759
222052,0.7019728
222059,0.4399781
222060,0.5700767
222061,0.5263397
222067,0.22579661
222076,0.7693142
222081,0.68245375
222120,0.16561021
222121,0.5670684
222133,0.62135506
222149,0.79330736
222150,0.12944204
222153,0.29397893
222154,0.2022081
222159,0.24069636
222165,0.40321875
222167,0.18975428
222170,0.4436553
222178,0.785892
222179,0.32190976
222188,0.39135668
222189,0.2558853
222195,0.7220007
222198,0.5808078
222224,0.26726264
222234,0.17686117
222254,0.47907156
222256,0.5367613
222264,0.23329721
222281,0.18366353
222296,0.8904966
222303,0.83568484
222309,0.3256531
222310,0.29315624
222313,0.71443456
222321,0.6862341
222322,0.14694555
222328,0.45382193
222333,0.29042572
222334,0.5924841
222338,0.23030424
222347,0.6627907
222349,0.43674025
222351,0.196248
222352,0.45700768
222357,0.27992237
222362,0.08651139
222381,0.75892574
222392,0.30035672
222401,0.73518705
222413,0.38678497
222422,0.31185788
222423,0.3861012
222430,0.5117269
222432,0.19416152
222452,0.4073713
222459,0.4239002
222473,0.25168988
222475,0.25561154
222481,0.6251376
222482,0.45038074
222489,0.11210642
222496,0.12977195
222505,0.39849624
222516,0.48615256
222537,0.35324088
222555,0.27456784
222566,0.66780376
222572,0.46739545
222577,0.5946009
222618,0.19643606
222619,0.098723404
222624,0.11771359
222625,0.1093916
222626,0.17244093
222629,0.27193052
222634,0.23689833
222636,0.5996224
222637,0.100040436
222641,0.190326
222646,0.2699723
222648,0.6163816
222659,0.087791994
222663,0.10023094
222665,0.11596341
222671,0.5756319
222674,0.31579894
222675,0.14248733
222707,0.53765875
222709,0.16416232
222711,0.53388965
222717,0.6674661
222728,0.7475477
222752,0.44381657
222753,0.42024836
222755,0.14304876
222765,0.14264041
222768,0.8587347
222769,0.8358045
222783,0.8659057
222799,0.42182642
222821,0.10180511
222825,0.70335674
222837,0.81918126
222862,0.8456589
222863,0.6917147
222869,0.4662246
222876,0.472052
222892,0.4953433
222898,0.3007493
222912,0.14552727
222920,0.25562775
222926,0.46448252
222934,0.76273066
222938,0.3001656
222945,0.78899497
222947,0.12770337
222966,0.6535384
222971,0.46534678
222994,0.12762457
223008,0.7552478
223019,0.11774359
223040,0.58205825
223042,0.84193355
223049,0.1160059
223051,0.12987952
223056,0.13682434
223058,0.51910526
223064,0.2412581
223067,0.14063399
223073,0.80577534
223075,0.15917069
223078,0.21266828
223079,0.3187475
223082,0.8581917
223098,0.7938062
223112,0.11521381
223116,0.61668354
223121,0.59002703
223128,0.50425625
223135,0.4630566
223136,0.412719
223144,0.1264167
223151,0.4305268
223157,0.24273756
223181,0.44668898
223190,0.34347537
223197,0.48430467
223205,0.21586925
223209,0.35125345
223221,0.8984279
223235,0.7244122
223238,0.22490719
223244,0.3669561
223258,0.15908048
223262,0.5956976
223272,0.5634012
223288,0.5419515
223298,0.30216357
223310,0.50824565
223320,0.14102802
223357,0.8381427
223365,0.25308776
223369,0.2940804
223375,0.8476229
223384,0.11777417
223393,0.10906501
223412,0.14148666
223428,0.33361906
223440,0.80380696
223456,0.8549055
223470,0.38716772
223471,0.21173553
223484,0.14946844
223488,0.77576727
223489,0.09923868
223490,0.44707787
223492,0.23169927
223496,0.507983
223503,0.11238594
223507,0.486885
223518,0.54312336
223519,0.28228527
223521,0.18420905
223524,0.11144358
223526,0.24654324
223527,0.8141103
223529,0.3149206
223534,0.15131214
223538,0.82775915
223547,0.15736282
223549,0.13670701
223551,0.68050545
223552,0.50901663
223567,0.27170163
223571,0.7486687
223582,0.10690532
223584,0.33592194
223585,0.76916814
223586,0.15618452
223588,0.13593149
223592,0.1141699
223594,0.17732349
223607,0.80384797
223608,0.09294545
223609,0.7725352
223610,0.089925885
223611,0.20966634
223635,0.29172245
223636,0.17207879
223638,0.29220814
223649,0.13890857
223670,0.5170409
223688,0.16229111
223698,0.15413
223699,0.7385398
223716,0.4916783
223718,0.5767467
223720,0.12134489
223727,0.22911626
223729,0.08716626
223739,0.26838994
223740,0.21263862
223741,0.24684265
223750,0.29335752
223752,0.3856598
223764,0.61492217
223781,0.094424665
223783,0.74602073
223794,0.19075583
223808,0.31768233
223810,0.72302014
223814,0.5717658
223817,0.59186023
223830,0.76922303
223839,0.29021102
223849,0.59174645
223851,0.81706715
223854,0.49984932
223888,0.7439934
223914,0.59793884
223923,0.5045551
223925,0.18582098
223939,0.09618418
223949,0.44961166
223951,0.81584173
223952,0.6917277
223967,0.22817312
223971,0.8812398
223974,0.25147748
223978,0.4950602
223991,0.587932
224008,0.17503542
224016,0.19189022
224024,0.3070567
224039,0.12806618
224040,0.6230953
224044,0.7478424
224047,0.31002858
224055,0.25762787
224061,0.73582023
224065,0.44646627
224079,0.48705977
224080,0.09625075
224089,0.3321692
224094,0.7660468
224095,0.7840024
224109,0.712146
224111,0.18873894
224112,0.28345335
224134,0.7497807
224135,0.22797877
224138,0.48886406
224139,0.20642382
224158,0.3270871
224161,0.68955714
224171,0.4678956
224182,0.6984262
224191,0.49022394
224194,0.32491565
224195,0.5864629
224205,0.5208041
224206,0.6354298
224211,0.11785508
224213,0.13595475
224214,0.4847382
224236,0.5010526
224239,0.85781413
224241,0.70964175
224251,0.27224052
224259,0.52390146
224262,0.6030112
224263,0.15244946
224268,0.5461498
224270,0.21645285
224282,0.5445044
224300,0.12385307
224315,0.5382107
224319,0.38399905
224325,0.1729161
224337,0.34835783
224339,0.5920714
224343,0.09783086
224344,0.7669951
224347,0.6763718
224353,0.6080772
224363,0.17869928
224370,0.49495533
224379,0.19917479
224380,0.7404174
224393,0.23103024
224395,0.46157095
224407,0.31721175
224408,0.43647605
224426,0.48537308
224427,0.26756445
224428,0.10028418
224437,0.88425535
224444,0.08753014
224445,0.6395113
224459,0.10822147
224473,0.87998587
224488,0.6507133
224490,0.7598394
224493,0.66468734
224494,0.59635895
224495,0.3671479
224499,0.3086306
224524,0.18926992
224528,0.120684646
224538,0.8259922
224553,0.6656963
224554,0.28748843
224575,0.41623822
224586,0.1320211
224593,0.3968848
224599,0.41646975
224614,0.10603271
224625,0.21282361
224626,0.2945567
224627,0.554902
224628,0.2776163
224631,0.09229932
224651,0.5326435
224658,0.36358973
224664,0.26336965
224668,0.10870566
224673,0.4490918
224674,0.19654687
224683,0.48337245
224708,0.42748874
224748,0.6200395
224756,0.32234225
224757,0.5006731
224760,0.11017655
224771,0.60022014
224772,0.37277585
224797,0.6346001
224823,0.71130013
224831,0.5603616
224841,0.15388566
224843,0.46436417
224844,0.63490397
224849,0.27214968
224855,0.7453851
224856,0.15690915
224864,0.09531546
224871,0.21990538
224876,0.6897353
224889,0.5520797
224896,0.39154953
224899,0.3595679
224912,0.1952404
224916,0.56666416
224918,0.36860093
224925,0.5827839
224929,0.28228235
224934,0.62029225
224950,0.7785024
224953,0.35004598
224956,0.6327848
224958,0.17753853
224960,0.51359206
224971,0.66211855
224975,0.42555404
224978,0.3703948
224986,0.36789688
224987,0.6724177
224990,0.14772095
225010,0.14985219
225041,0.21176167
225044,0.15331082
225045,0.44799635
225048,0.55966234
225053,0.73218477
225058,0.23835433
225075,0.35114422
225085,0.23854396
225103,0.13424616
225107,0.20240955
225114,0.3853441
225122,0.576451
225130,0.15685195
225131,0.8702508
225132,0.2327814
225134,0.20253888
225136,0.17927408
225141,0.1266456
225145,0.13095951
225146,0.11969264
225156,0.23090121
225158,0.56654406
225165,0.40367138
225185,0.52762896
225194,0.35186395
225195,0.092564166
225223,0.57060367
225224,0.4183143
225231,0.2222589
225233,0.412579
225246,0.8699991
225281,0.22579287
225286,0.27640682
225301,0.81576234
225302,0.30029276
225336,0.37881285
225347,0.54137033
225351,0.22673455
225362,0.44277155
225363,0.10353672
225364,0.20351255
225370,0.2551428
225374,0.23003626
225375,0.3984692
225380,0.1284917
225381,0.20061092
225382,0.1881757
225392,0.44609007
225410,0.55747914
225425,0.64797974
225431,0.1876143
225456,0.10210445
225460,0.5075036
225475,0.31662568
225478,0.14397201
225483,0.58462036
225499,0.67361
225514,0.8519661
225517,0.19175608
225524,0.78502774
225532,0.3639121
225545,0.57780534
225546,0.47251835
225550,0.09596299
225580,0.67137665
225581,0.6087608
225582,0.22360039
225585,0.6347177
225601,0.69365513
225612,0.6914746
225621,0.7457234
225636,0.5357758
225639,0.5544666
225650,0.10824047
225654,0.17889063
225664,0.1405865
225665,0.8392336
225666,0.14337754
225686,0.3877122
225689,0.14925714
225691,0.24934903
225721,0.10244438
225733,0.46591938
225739,0.54564285
225741,0.77475935
225766,0.13277358
225776,0.76058036
225788,0.11237837
225792,0.13042255
225803,0.5674729
225804,0.41578504
225805,0.83842516
225808,0.23649079
225819,0.3419278
225826,0.27506796
225832,0.4268851
225850,0.23800074
225851,0.4551853
225854,0.6532607
225858,0.19334365
225875,0.29962987
225884,0.20555228
225890,0.2474881
225906,0.19993976
225908,0.48042473
225910,0.50771475
225920,0.7864813
225950,0.443417
225990,0.4752529
225991,0.19299163
226010,0.40720972
226011,0.09916253
226018,0.36585307
226029,0.6055406
226030,0.32609457
226041,0.36401218
226044,0.32286143
226051,0.62142473
226054,0.1652848
226085,0.6621571
226105,0.59286666
226116,0.89356554
226130,0.6937808
226131,0.6083002
226170,0.110533796
226171,0.4096412
226176,0.8125369
226177,0.5695408
226183,0.09579731
226187,0.3775464
226188,0.71302444
226190,0.7009843
226206,0.2451232
226213,0.4297307
226214,0.64756656
226226,0.16264151
226244,0.5816405
226245,0.122692615
226251,0.71061474
226258,0.09741012
226259,0.15865579
226265,0.54593396
226291,0.86113244
226294,0.21230885
226299,0.110273615
226300,0.44875205
226301,0.78066146
226302,0.55239934
226308,0.22503644
226309,0.36486393
226318,0.1512807
226319,0.49559352
226320,0.1343213
226325,0.6953828
226334,0.39019096
226337,0.8103203
226348,0.57665515
226353,0.088850126
226361,0.20287643
226387,0.79098547
226395,0.33872595
226413,0.14084734
226416,0.21749811
226427,0.12192886
226433,0.71245456
226447,0.6774931
226487,0.44276473
226495,0.7766998
226496,0.13799171
226499,0.12470701
226501,0.7357317
226505,0.19231525
226506,0.38826162
226507,0.22544204
226516,0.2281154
226523,0.47418562
226527,0.55760175
226533,0.37677526
226537,0.54780155
226539,0.10771439
226551,0.61057884
226556,0.09035447
226557,0.37729067
226561,0.5404055
226565,0.18301998
226567,0.096312284
226590,0.28473434
226599,0.77167153
226639,0.6283001
226654,0.78335774
226664,0.28109846
226668,0.6989299
226677,0.5536758
226682,0.49248978
226689,0.36904708
226691,0.4063811
226698,0.2240066
226713,0.13838808
226720,0.36407676
226734,0.27010262
226735,0.26902497
226738,0.70977664
226742,0.09071206
226763,0.14027965
226766,0.49606335
226772,0.14672823
226779,0.5644001
226780,0.60616964
226787,0.81213236
226790,0.80314654
226792,0.53419054
226797,0.36891243
226803,0.3908443
226807,0.50736505
226827,0.13843788
226828,0.3348185
226836,0.23114617
226837,0.087905996
226838,0.62416494
226847,0.5773069
226881,0.83044237
226882,0.54655945
226884,0.46593148
226917,0.35902166
226921,0.5516915
226933,0.53526974
226938,0.78525513
226948,0.45430523
226952,0.19951357
226954,0.41569123
226965,0.14359659
226970,0.113369174
226977,0.8870407
226986,0.4645236
227005,0.16601431
227009,0.48121196
227010,0.37169963
227013,0.4252758
227019,0.16251199
227025,0.27770206
227026,0.29673657
227027,0.32781318
227029,0.15822329
227049,0.42810807
227053,0.37726253
227054,0.5743909
227058,0.1987736
227074,0.11246855
227099,0.1455452
227100,0.2601544
227109,0.09257974
227111,0.309897
227112,0.1447511
227125,0.8157333
227145,0.6657299
227148,0.63027376
227151,0.4592077
227160,0.5625558
227165,0.5263702
227200,0.6647347
227210,0.43963423
227213,0.41530815
227235,0.18132927
227242,0.51440567
227245,0.674054
227246,0.10203035
227248,0.56628567
227251,0.22908057
227252,0.37013775
227258,0.18316492
227264,0.554359
227270,0.58874804
227272,0.10933874
227274,0.3404805
227281,0.19533047
227290,0.32993424
227293,0.47617817
227299,0.43363085
227306,0.31754217
227323,0.3364265
227325,0.22277924
227326,0.30615297
227332,0.55245906
227336,0.22763711
227343,0.5111833
227344,0.1389746
227345,0.33119714
227348,0.8075012
227360,0.11012947
227376,0.38941768
227386,0.62387747
227392,0.54134166
227393,0.36449847
227401,0.104455486
227404,0.76607007
227413,0.26037985
227420,0.5890007
227459,0.1631671
227460,0.11607507
227462,0.36570004
227463,0.41278133
227481,0.5047697
227482,0.16601537
227485,0.78337246
227486,0.3933119
227493,0.39076906
227500,0.31100947
227501,0.29427966
227502,0.27412644
227506,0.51038426
227523,0.7777201
227525,0.38818866
227531,0.20480552
227532,0.89782214
227535,0.3104325
227542,0.55607
227545,0.29999214
227566,0.27504706
227578,0.3054962
227585,0.6378969
227586,0.091726124
227587,0.1640555
227590,0.22953454
227595,0.75770766
227596,0.1994673
227597,0.6594072
227600,0.743594
227621,0.5902917
227637,0.29557335
227640,0.75471026
227649,0.76885587
227653,0.113270044
227674,0.5422378
227675,0.4488401
227680,0.53325486
227696,0.19099209
227701,0.8703544
227707,0.31883833
227713,0.7981988
227715,0.46455565
227728,0.5118365
227730,0.18133207
227731,0.09131259
227732,0.40337864
227736,0.63533473
227739,0.452011
227740,0.88536066
227741,0.8917221
227742,0.8823996
227745,0.29055065
227749,0.88912094
227752,0.14680451
227756,0.7748957
227769,0.31451482
227779,0.5584911
227783,0.7400481
227799,0.42138305
227803,0.15731952
227818,0.2803387
227822,0.52300286
227823,0.15550129
227824,0.31201282
227825,0.24932317
227826,0.7592453
227833,0.4926995
227834,0.7548146
227837,0.5971023
227839,0.3297011
227856,0.49249706
227872,0.20997001
227876,0.34005532
227905,0.8138074
227908,0.7247848
227909,0.8427213
227912,0.30435073
227917,0.34352222
227931,0.5352552
227936,0.6129029
227939,0.36381963
227941,0.1526202
227942,0.15518026
227944,0.20835777
227945,0.6810634
227952,0.62888116
227954,0.36985818
227968,0.08916567
227975,0.30808696
227989,0.4046275
227992,0.4508655
227993,0.2756607
227996,0.45302564
227997,0.22635637
227998,0.095753126
228040,0.35633084
228044,0.2869519
228045,0.2584025
228046,0.13054611
228051,0.38629517
228052,0.6588454
228053,0.19862266
228059,0.3218327
228062,0.4841207
228070,0.30956987
228074,0.4614748
228077,0.5837025
228078,0.35310718
228097,0.21916133
228099,0.6264588
228100,0.30619112
228102,0.89962864
228103,0.39458445
228104,0.7931982
228107,0.4078404
228117,0.38147348
228123,0.28428933
228125,0.1147212
228130,0.11273069
228134,0.22392164
228141,0.49188808
228153,0.66042423
228163,0.26205865
228164,0.15009487
228166,0.47306862
228168,0.7829193
228169,0.5319967
228183,0.6607636
228198,0.32405677
228199,0.5800036
228201,0.16785923
228207,0.38267243
228209,0.46798643
228219,0.53216374
228239,0.090129845
228248,0.33119148
228260,0.627595
228268,0.90311635
228280,0.363278
228282,0.20172541
228288,0.09251905
228289,0.5195973
228295,0.1475923
228296,0.5198476
228297,0.46158135
228298,0.18412085
228299,0.43062803
228301,0.089371115
228322,0.61330384
228324,0.63427544
228332,0.119889215
228334,0.32317305
228342,0.56870264
228351,0.20696169
228354,0.29260573
228355,0.09799427
228362,0.09902243
228375,0.4143679
228383,0.4432545
228389,0.4257023
228392,0.7709195
228411,0.3134322
228414,0.18281358
228420,0.33902395
228424,0.21831498
228426,0.55648136
228429,0.11729715
228447,0.7719983
228455,0.12559864
228458,0.4172994
228467,0.872426
228472,0.35577717
228479,0.09027048
228482,0.5324136
228488,0.4313443
228489,0.86527413
228499,0.13254951
228501,0.1151058
228502,0.1921749
228503,0.74546194
228509,0.13919756
228512,0.6979094
228514,0.23846394
228519,0.720078
228530,0.092248
228534,0.7398677
228536,0.09745902
228537,0.11812303
228538,0.7299223
228539,0.39784023
228557,0.64301157
228591,0.54201865
228592,0.2638158
228608,0.5558552
228609,0.22801942
228636,0.4777461
228647,0.3858159
228656,0.6429909
228657,0.2516931
228661,0.62699515
228663,0.31546992
228671,0.17201601
228682,0.7051769
228697,0.59813756
228698,0.386854
228712,0.25884813
228713,0.28889978
228729,0.20265493
228730,0.4763099
228737,0.4563126
228744,0.18027915
228752,0.34575108
228761,0.8265492
228763,0.68549794
228764,0.087900504
228770,0.30012482
228774,0.12526794
228781,0.30875543
228792,0.4520409
228794,0.8019072
228796,0.10273535
228799,0.37722436
228808,0.8303075
228809,0.39751223
228810,0.23277377
228813,0.19679192
228821,0.90334004
228826,0.364461
228830,0.38610834
228831,0.37979022
228835,0.4148639
228854,0.26544613
228855,0.45561883
228863,0.42118362
228869,0.585755
228872,0.7084801
228885,0.7200467
228888,0.19538735
228889,0.7220862
228890,0.33984277
228891,0.13539873
228894,0.5582151
228902,0.37954348
228907,0.2738081
228915,0.33741203
228918,0.65083444
228919,0.2923708
228933,0.3587692
228946,0.09585815
228947,0.48464054
228954,0.31672475
228956,0.6997204
228958,0.20987087
228969,0.6980493
228973,0.4875508
228978,0.092563085
228979,0.90589154
228988,0.13425595
228995,0.48337957
229019,0.6396958
229037,0.19013369
229041,0.47673234
229042,0.11375553
229046,0.13317576
229048,0.15871616
229053,0.19166447
229064,0.880662
229073,0.15664257
229074,0.27445173
229077,0.54400957
229095,0.8419892
229100,0.5358336
229103,0.22926223
229104,0.39324737
229105,0.19391659
229107,0.088156134
229115,0.4322881
229117,0.86466163
229118,0.1561708
229124,0.89297944
229125,0.10668748
229130,0.7174035
229157,0.47864333
229162,0.19029497
229185,0.81687015
229195,0.2493271
229201,0.48849067
229202,0.108890004
229219,0.62192786
229220,0.29141098
229223,0.790828
229224,0.6939138
229229,0.46567795
229233,0.24357101
229255,0.26357898
229261,0.48755267
229262,0.37611517
229271,0.6318038
229276,0.5184956
229277,0.2637464
229278,0.7785324
229280,0.42833117
229298,0.09347656
229301,0.2583348
229316,0.22224171
229325,0.2339916
229329,0.28393838
229334,0.284317
229336,0.63376075
229337,0.6488221
229342,0.1773634
229349,0.36127046
229357,0.46906245
229369,0.78420186
229374,0.14698717
229402,0.37238583
229427,0.3454252
229452,0.74410504
229455,0.66479945
229459,0.82278514
229462,0.27665824
229482,0.18950906
229488,0.08737679
229496,0.5907193
229507,0.6516167
229508,0.1831357
229531,0.1204592
229576,0.21814498
229595,0.5193417
229602,0.36386812
229609,0.65323335
229610,0.8715495
229614,0.6185757
229615,0.86847854
229631,0.24499725
229632,0.4352733
229638,0.21327007
229647,0.36629844
229651,0.16989684
229659,0.41672677
229663,0.5906533
229671,0.65656626
229672,0.38316518
229675,0.17117499
229684,0.51776445
229687,0.5759204
229705,0.23106383
229711,0.103485435
229713,0.71895653
229714,0.34321493
229731,0.5971166
229738,0.6789567
229742,0.596768
229745,0.2954363
229746,0.11034491
229749,0.72483116
229765,0.5596227
229767,0.08932751
229779,0.7143776
229782,0.23074616
229802,0.7872975
229805,0.24751821
229810,0.8047103
229816,0.1955807
229828,0.39204255
229838,0.38124147
229850,0.7343369
229858,0.4318667
229860,0.22622652
229877,0.21614212
229888,0.16010468
229894,0.13645725
229898,0.5810121
229905,0.3122742
229912,0.8201015
229913,0.13132885
229921,0.63179314
229923,0.24142016
229930,0.10021901
229962,0.18125571
229963,0.77754706
229977,0.31415972
229984,0.1374943
229998,0.11217229
230012,0.27587637
230016,0.7854905
230020,0.5537268
230024,0.84598655
230037,0.2246107
230038,0.7038537
230040,0.39347166
230042,0.16720298
230044,0.43544203
230050,0.63885933
230056,0.15111299
230067,0.3775975
230076,0.37723058
230077,0.77131635
230084,0.72879773
230098,0.35413146
230107,0.7095163
230116,0.45759583
230119,0.23014158
230121,0.47786215
230122,0.61940753
230135,0.7979385
230139,0.13154636
230179,0.22535436
230180,0.5507372
230185,0.09040489
230192,0.5401629
230203,0.75937504
230216,0.5248779
230226,0.60071903
230260,0.74895716
230268,0.60772026
230289,0.8376043
230296,0.14930238
230317,0.13437104
230328,0.7941891
230329,0.9001089
230330,0.38812193
230332,0.12521113
230338,0.17751454
230343,0.22227369
230344,0.46187648
230349,0.22647591
230369,0.20865521
230379,0.8003883
230391,0.34852493
230393,0.87842625
230394,0.1657085
230402,0.27995408
230404,0.88550526
230416,0.20014763
230417,0.7060797
230423,0.74124897
230427,0.4586421
230448,0.8165867
230449,0.2563675
230451,0.10077965
230453,0.2551988
230454,0.24891894
230457,0.7429737
230458,0.5666081
230459,0.666307
230461,0.22491558
230464,0.32582405
230494,0.111970454
230517,0.11888951
230520,0.26100615
230521,0.6438908
230534,0.40598962
230553,0.6570587
230581,0.41564456
230585,0.41830826
230590,0.1897558
230592,0.44245327
230605,0.15611717
230610,0.11178715
230623,0.34245473
230628,0.61989844
230629,0.6138957
230640,0.2772156
230641,0.115776375
230642,0.18311723
230655,0.36752293
230656,0.2512387
230662,0.4995573
230675,0.48557043
230677,0.4965629
230688,0.08760915
230709,0.6588757
230716,0.08833592
230742,0.22867255
230748,0.59657747
230763,0.66321915
230779,0.57528627
230780,0.52116984
230781,0.8732057
230783,0.1476353
230788,0.7747333
230789,0.115445346
230792,0.18292698
230817,0.52344054
230820,0.16203481
230827,0.37815544
230828,0.48161167
230860,0.088785045
230864,0.6436858
230875,0.5228297
230878,0.13854781
230880,0.3061073
230929,0.3849601
230931,0.7254518
230934,0.69747204
230939,0.18131144
230940,0.3055917
230941,0.39616182
230942,0.8723947
230982,0.39971954
231028,0.31150466
231031,0.4701618
231039,0.71937925
231048,0.3419367
231065,0.36052033
231076,0.36137027
231079,0.17732984
231082,0.34493855
231086,0.3399956
231107,0.2996044
231118,0.71815175
231127,0.18020426
231134,0.10267684
231136,0.34882733
231137,0.5034092
231156,0.6788114
231160,0.75041085
231175,0.45983773
231177,0.216567
231189,0.34519026
231191,0.82584465
231194,0.59790266
231198,0.40645954
231203,0.654988
231211,0.358699
231226,0.50118893
231245,0.44267294
231257,0.6126976
231268,0.62703925
231279,0.6205947
231290,0.7863866
231298,0.14910327
231299,0.20483993
231301,0.3264554
231306,0.11271191
231312,0.20914464
231314,0.72299856
231326,0.9041652
231343,0.5307131
231353,0.6053803
231359,0.6055188
231364,0.110832445
231387,0.82443184
231392,0.25097907
231409,0.4506343
231423,0.40949816
231427,0.14956747
231429,0.7117292
231433,0.52900183
231437,0.19347058
231448,0.14822191
231454,0.8626166
231460,0.30727723
231480,0.13175005
231496,0.097133964
231504,0.7303478
231513,0.092424
231516,0.15552212
231523,0.28276166
231529,0.20012914
231532,0.14282882
231533,0.50297594
231542,0.3244914
231546,0.34467682
231554,0.16488124
231556,0.76194656
231561,0.3498012
231562,0.7719628
231563,0.14100374
231568,0.4924019
231589,0.24279669
231598,0.76959366
231616,0.27953362
231628,0.0916961
231637,0.6078061
231641,0.5236464
231656,0.85600257
231679,0.72816235
231682,0.81694293
231689,0.32004645
231690,0.27890882
231713,0.8230648
231716,0.28488487
231726,0.27860042
231734,0.68743944
231736,0.25857028
231742,0.1731171
231754,0.4702063
231757,0.15621059
231758,0.116235934
231761,0.3181672
231771,0.35927376
231773,0.108283855
231782,0.49178576
231785,0.45975325
231786,0.4476148
231789,0.14322004
231790,0.13467571
231791,0.44701907
231804,0.4141638
231835,0.18029703
231837,0.09368671
231840,0.6701545
231845,0.7893507
231863,0.8330624
231867,0.71533287
231874,0.7714818
231877,0.53405106
231887,0.18676405
231892,0.23974499
231899,0.26725286
231912,0.90659124
231914,0.13204204
231924,0.519406
231927,0.60655206
231935,0.3130121
231938,0.77134335
231940,0.90748245
231947,0.22323047
231954,0.10636274
231955,0.57446516
231956,0.097600244
231969,0.12869638
231982,0.08731076
231983,0.10413114
231984,0.15896717
231987,0.48263237
232006,0.09433437
232012,0.10881462
232022,0.14018996
232023,0.69674355
232028,0.22516121
232034,0.40258172
232047,0.23603895
232050,0.11676719
232054,0.51036966
232063,0.6158537
232066,0.08769256
232081,0.45745942
232083,0.49307483
232094,0.6097931
232103,0.14508842
232108,0.12524574
232110,0.4317452
232122,0.41135365
232123,0.09609992
232132,0.17804287
232148,0.8482689
232149,0.1752503
232152,0.68262744
232157,0.5820093
232164,0.4380938
232170,0.53591967
232172,0.38671806
232174,0.5059072
232177,0.707963
232227,0.36347124
232228,0.10542467
232237,0.092119664
232256,0.5343956
232275,0.19832456
232278,0.3493528
232279,0.11992868
232282,0.23644434
232285,0.27633607
232288,0.14558142
232301,0.51954633
232303,0.10702838
232309,0.576011
232325,0.40965122
232329,0.4465345
232331,0.09218197
232335,0.5522486
232370,0.804988
232371,0.23077531
232372,0.18905209
232390,0.8184918
232391,0.108508736
232392,0.78460693
232410,0.24097511
232423,0.11209401
232426,0.5638152
232428,0.89905196
232450,0.63450295
232466,0.807999
232478,0.6428952
232493,0.7121323
232506,0.7090229
232516,0.71031445
232518,0.64765245
232530,0.54412025
232534,0.12749131
232535,0.6061122
232541,0.29835877
232547,0.15315682
232552,0.15493679
232558,0.38393635
232559,0.12838277
232560,0.09243492
232566,0.3724012
232570,0.10476451
232575,0.5296265
232578,0.14956586
232590,0.12766989
232615,0.4991547
232640,0.8849621
232643,0.20049022
232664,0.8175573
232676,0.3741648
232699,0.5343979
232702,0.10359196
232720,0.10919483
232733,0.18540801
232736,0.09004061
232738,0.2847614
232752,0.090435475
232758,0.09754492
232779,0.32848573
232784,0.6769437
232790,0.48129258
232799,0.59529513
232823,0.092876896
232824,0.10714839
232842,0.15875806
232849,0.35059243
232853,0.72538954
232859,0.40189934
232862,0.6043077
232864,0.09036219
232866,0.45756036
232869,0.24884982
232871,0.22714536
232876,0.27341947
232881,0.14295435
232898,0.51579314
232899,0.20301989
232914,0.54128003
232917,0.45164633
232923,0.35240299
232925,0.09723112
232942,0.7786386
232943,0.3009361
232965,0.122478224
232968,0.635727
232972,0.108718485
232980,0.5437235
232999,0.09259645
233013,0.73000604
233021,0.8873451
233022,0.13051195
233054,0.5626201
233059,0.52399015
233065,0.12408091
233071,0.57519585
233074,0.10145339
233093,0.094892144
233095,0.8403961
233102,0.19334133
233104,0.5772172
233107,0.14481881
233108,0.504291
233109,0.7178632
233112,0.691681
233113,0.20533146
233122,0.5119323
233125,0.51182413
233126,0.56005776
233170,0.3988038
233171,0.55208033
233172,0.8794199
233175,0.1819055
233179,0.29059607
233189,0.68733776
233223,0.68096954
233224,0.48226106
233228,0.3783999
233247,0.63737035
233249,0.76724875
233263,0.13643308
233271,0.39763182
233273,0.52060705
233301,0.12684058
233305,0.5350323
233310,0.57112914
233311,0.4191629
233312,0.24897467
233324,0.09911551
233326,0.60978276
233327,0.4680932
233335,0.5397165
233349,0.48076302
233352,0.8320962
233362,0.55081457
233373,0.3345725
233390,0.6856176
233393,0.74859196
233400,0.41757217
233401,0.67579335
233404,0.69219214
233405,0.2520226
233406,0.5797623
233411,0.3068421
233421,0.17759651
233423,0.35220972
233424,0.26287696
233427,0.4686889
233429,0.6583667
233431,0.31321484
233432,0.330335
233438,0.19844817
233448,0.33174372
233450,0.14062217
233451,0.2136088
233453,0.6285887
233480,0.4737984
233482,0.37542906
233483,0.1269105
233489,0.87319666
233490,0.6159731
233496,0.85432214
233497,0.5284818
233508,0.8016439
233509,0.78958815
233512,0.24972531
233517,0.5969317
233526,0.714671
233528,0.34300146
233544,0.26197147
233554,0.88991064
233566,0.7092427
233572,0.1578953
233575,0.1870298
233578,0.1416883
233582,0.88480335
233583,0.46247905
233589,0.3953197
233594,0.60628194
233603,0.77664
233627,0.15092641
233632,0.6631116
233639,0.31268686
233651,0.5221469
233652,0.7248112
233658,0.09737839
233675,0.38029942
233677,0.5376685
233682,0.34671378
233688,0.7247819
233689,0.5719737
233692,0.26154736
233697,0.8589695
233704,0.75481296
233709,0.7548577
233711,0.68198615
233721,0.25144306
233729,0.18113168
233734,0.1693989
233744,0.13856904
233764,0.7672014
233775,0.47333255
233783,0.8476422
233792,0.23484881
233796,0.43006232
233797,0.40476948
233798,0.43654233
233810,0.4799904
233818,0.30903852
233819,0.23667163
233830,0.18383107
233831,0.47342777
233838,0.14417514
233852,0.22807147
233854,0.24621269
233856,0.13831387
233858,0.17618608
233883,0.10354947
233888,0.23898809
233889,0.11152634
233892,0.12799142
233893,0.0940854
233894,0.38052264
233895,0.82084376
233901,0.09345233
233927,0.61830807
233928,0.37843865
233929,0.64266306
233960,0.26339617
233965,0.7318298
233970,0.42655993
233975,0.45666003
233981,0.6896366
233991,0.69082606
234012,0.37264955
234016,0.20533797
234024,0.21406949
234025,0.09586555
234027,0.7347404
234034,0.49129727
234035,0.1467224
234048,0.33416346
234069,0.27770287
234077,0.12146981
234086,0.29013413
234103,0.4118287
234110,0.32845545
234115,0.3708527
234126,0.23893178
234135,0.8064654
234136,0.18048997
234147,0.25113547
234151,0.26306865
234159,0.15562361
234163,0.32433513
234174,0.10003813
234186,0.18159105
234187,0.7048652
234192,0.3749262
234198,0.11877246
234205,0.2405574
234215,0.53090674
234220,0.46014374
234225,0.3325869
234227,0.098495446
234228,0.27323833
234231,0.69068575
234232,0.7491914
234236,0.3360988
234239,0.15842858
234240,0.7142554
234242,0.124478705
234262,0.65592974
234267,0.84157807
234283,0.3346599
234284,0.48598048
234286,0.1386914
234291,0.5383882
234302,0.37977937
234303,0.69777745
234308,0.14606838
234320,0.28576723
234326,0.4907212
234336,0.30535886
234340,0.86782694
234362,0.1023863
234365,0.27846065
234371,0.20525569
234373,0.4403037
234395,0.0987154
234400,0.44089204
234404,0.29379123
234412,0.54586107
234431,0.39166808
234433,0.7745079
234440,0.57587117
234453,0.40982044
234454,0.51366127
234460,0.09578228
234470,0.70737386
234473,0.13965422
234502,0.53775394
234503,0.6383431
234507,0.73962325
234529,0.7354165
234531,0.109208316
234543,0.19818206
234550,0.7118138
234556,0.14195308
234560,0.378666
234567,0.09162829
234580,0.5598463
234582,0.6525421
234594,0.13330008
234599,0.46728152
234604,0.12062263
234605,0.51342916
234611,0.28451172
234617,0.22367015
234648,0.40447947
234660,0.1074275
234661,0.63164145
234663,0.5689913
234664,0.12365128
234670,0.10279914
234671,0.6648122
234673,0.4574917
234687,0.6357866
234688,0.27675992
234690,0.6285109
234694,0.20103395
234695,0.13138235
234704,0.84264207
234705,0.20140484
234710,0.6526338
234718,0.44462684
234719,0.40303075
234732,0.37608537
234739,0.4856938
234755,0.7894612
234760,0.15637946
234778,0.44641355
234781,0.7915106
234786,0.78835887
234788,0.54904515
234789,0.114053704
234802,0.40158784
234809,0.8955552
234814,0.73993725
234823,0.23261632
234825,0.19239965
234829,0.14180362
234838,0.7480877
234847,0.23374717
234876,0.123390086
234908,0.7984612
234914,0.15238915
234917,0.36706102
234935,0.35622007
234936,0.282312
234941,0.5486934
234942,0.731915
234943,0.5223054
234946,0.10391904
234947,0.35231858
234960,0.49937528
234967,0.27556166
234980,0.40490508
234990,0.9130334
234996,0.36242563
234999,0.14957842
235002,0.51641905
235021,0.59427303
235025,0.8583552
235034,0.1847597
235037,0.33776098
235046,0.32337934
235051,0.39437562
235052,0.35019743
235054,0.121769704
235061,0.26107484
235066,0.23430106
235076,0.21131922
235087,0.14219695
235089,0.8001656
235091,0.48417115
235107,0.17750461
235118,0.19397506
235123,0.51588863
235134,0.20741883
235137,0.71225494
235146,0.11730389
235147,0.13216475
235153,0.16419795
235166,0.810334
235168,0.5897901
235183,0.15457039
235187,0.09295118
235189,0.1691305
235202,0.64545256
235214,0.20423631
235215,0.10749401
235216,0.8943598
235219,0.7701525
235223,0.26705748
235231,0.5934951
235240,0.40514672
235252,0.34987843
235253,0.0974105
235254,0.25363293
235259,0.26875392
235270,0.4485897
235275,0.30029574
235283,0.54342717
235291,0.17735586
235306,0.086075276
235327,0.13756132
235337,0.8133865
235342,0.20372874
235356,0.25248206
235357,0.27790466
235372,0.4767053
235378,0.70219463
235386,0.16197473
235401,0.09490519
235403,0.13877352
235423,0.10497971
235424,0.11680586
235434,0.10105228
235435,0.16099274
235438,0.6667655
235451,0.24658869
235452,0.2558579
235454,0.6895939
235456,0.1447896
235459,0.14038475
235460,0.19466908
235463,0.80110145
235491,0.62504756
235492,0.83694977
235501,0.2085224
235505,0.4484977
235512,0.76526475
235519,0.6198243
235549,0.7790144
235592,0.17975898
235597,0.41789418
235601,0.26528165
235602,0.57378304
235612,0.11496728
235617,0.33735275
235622,0.17945202
235636,0.29967955
235641,0.22567226
235644,0.16572665
235645,0.3416194
235651,0.33131433
235664,0.33355272
235668,0.89348596
235677,0.13497165
235692,0.09432993
235693,0.19261436
235698,0.60075927
235722,0.74760044
235741,0.16424821
235743,0.89628553
235752,0.11365857
235757,0.43512493
235766,0.10423167
235768,0.5242979
235769,0.5004177
235775,0.11268539
235778,0.5749083
235782,0.8651974
235791,0.72809476
235792,0.40241
235796,0.47886524
235797,0.6167406
235799,0.69544685
235803,0.593411
235804,0.8099218
235809,0.44011632
235811,0.566307
235812,0.12880847
235827,0.612637
235837,0.15380323
235839,0.4551348
235850,0.8486617
235852,0.13414347
235854,0.5173455
235860,0.2886929
235862,0.45658132
235869,0.40149185
235877,0.24801841
235889,0.6213333
235890,0.85737723
235891,0.13482982
235893,0.45701733
235900,0.21932559
235901,0.15879792
235914,0.2237683
235915,0.8610415
235924,0.79336303
235950,0.46914703
235968,0.25730377
235977,0.52464694
235978,0.37754896
235980,0.54443926
235990,0.19923511
235999,0.13565698
236002,0.70379615
236022,0.4480643
236033,0.23737901
236034,0.32599923
236037,0.9058365
236038,0.6307964
236039,0.4267788
236040,0.13526924
236053,0.6763562
236064,0.46266344
236068,0.5031854
236069,0.49138123
236094,0.2543378
236107,0.33521748
236123,0.62978286
236143,0.18429288
236214,0.4204237
236215,0.09632083
236221,0.8554617
236229,0.44114667
236234,0.41345578
236236,0.17135146
236237,0.14536217
236239,0.5540996
236266,0.9018386
236271,0.15369071
236283,0.26889268
236286,0.10480157
236287,0.90269166
236289,0.094569884
236293,0.2513159
236302,0.10729924
236303,0.54509383
236313,0.515845
236324,0.4035965
236330,0.5246206
236332,0.54709524
236345,0.5501019
236350,0.59643114
236352,0.6779414
236359,0.15008183
236362,0.45861146
236373,0.24458368
236378,0.51245433
236391,0.26274034
236395,0.61788523
236412,0.50969344
236418,0.13361336
236421,0.11517141
236451,0.45747054
236454,0.1129708
236457,0.13284212
236463,0.7358436
236469,0.19535974
236476,0.5889386
236485,0.72884434
236508,0.5232056
236509,0.23867883
236525,0.7073502
236527,0.694436
236529,0.7083595
236555,0.70604694
236562,0.7392101
236568,0.8709174
236569,0.622758
236580,0.4450469
236581,0.13867062
236583,0.6503969
236586,0.56978595
236594,0.28876334
236631,0.10388089
236632,0.5208016
236634,0.4679881
236638,0.18360294
236643,0.63280445
236648,0.71424806
236655,0.7815996
236656,0.31746382
236657,0.14506863
236663,0.6673835
236681,0.18927796
236683,0.14599806
236691,0.19444995
236698,0.61698943
236713,0.53238255
236727,0.7233673
236732,0.3951789
236733,0.35181183
236735,0.48654747
236737,0.08630387
236749,0.14963262
236750,0.19866425
236752,0.46787775
236765,0.3784899
236766,0.4791321
236769,0.26911572
236771,0.61010975
236774,0.59413636
236775,0.15370284
236790,0.6573132
236793,0.19247562
236797,0.7016042
236798,0.18384545
236809,0.6940451
236821,0.3896138
236831,0.35540515
236836,0.33683735
236838,0.25450122
236849,0.266002
236852,0.40585542
236860,0.24530543
236862,0.20883884
236865,0.40810457
236873,0.10273575
236885,0.25919276
236891,0.09351446
236894,0.22048336
236904,0.43508822
236905,0.115871355
236911,0.17004557
236939,0.2041437
236948,0.33183697
236950,0.15816763
236957,0.09581077
236965,0.16371423
236974,0.10091307
236975,0.102740064
236981,0.2990426
236985,0.28669238
236995,0.76896596
237023,0.39693692
237025,0.10626361
237038,0.23415238
237058,0.16859658
237060,0.20198406
237078,0.38305828
237079,0.49369624
237080,0.80355424
237084,0.19774638
237086,0.08599441
237087,0.12561351
237091,0.8347587
237092,0.22548416
237093,0.45047647
237094,0.3570506
237103,0.120206505
237116,0.31996337
237118,0.11584133
237126,0.4036063
237136,0.119765125
237144,0.35650083
237149,0.7428311
237150,0.7353126
237157,0.0921556
237158,0.12878086
237170,0.395531
237171,0.15666379
237193,0.08626236
237196,0.40524912
237200,0.16357552
237248,0.84343874
237254,0.60787827
237256,0.32412374
237257,0.23442025
237267,0.44326672
237268,0.17222759
237269,0.12511368
237271,0.18182287
237280,0.17311798
237301,0.45368963
237304,0.70037377
237308,0.089300394
237311,0.7081674
237334,0.25971827
237338,0.723706
237344,0.5583352
237361,0.110484816
237362,0.5003708
237368,0.8290024
237369,0.590669
237371,0.48651835
237373,0.6198584
237377,0.37696016
237378,0.08586674
237383,0.67125714
237386,0.106336564
237392,0.26898345
237399,0.19205068
237408,0.37421778
237411,0.3324347
237414,0.35177132
237417,0.3875553
237424,0.7504755
237439,0.12409788
237457,0.32868618
237458,0.25336355
237459,0.123965345
237471,0.24924733
237474,0.50048774
237475,0.17843167
237476,0.2047972
237490,0.3117014
237491,0.4578212
237495,0.82269067
237501,0.39754888
237512,0.36309177
237516,0.19212584
237518,0.2159853
237528,0.5790591
237529,0.6350649
237537,0.8694384
237543,0.41962075
237547,0.24065802
237552,0.25816062
237563,0.43306798
237585,0.54016286
237598,0.28958747
237606,0.12795326
237624,0.7076463
237632,0.14732382
237635,0.43013066
237640,0.46103442
237642,0.46983832
237647,0.40443438
237648,0.7625617
237651,0.7626405
237657,0.35256857
237663,0.4944641
237692,0.6700327
237701,0.6697968
237715,0.40664586
237726,0.14660467
237728,0.5535972
237731,0.09444803
237732,0.7762439
237746,0.3835004
237759,0.11727758
237768,0.1030072
237772,0.8229291
237780,0.87635696
237787,0.5403034
237792,0.66809624
237804,0.69666517
237812,0.21593975
237815,0.43203083
237821,0.2864836
237827,0.17134479
237845,0.6980924
237862,0.64145774
237869,0.24835078
237872,0.5907212
237900,0.83424586
237909,0.25382677
237917,0.20521632
237921,0.10820995
237951,0.6604349
237952,0.5732644
237957,0.09131872
237960,0.45185307
237963,0.39954558
237973,0.22126964
237984,0.2712089
237990,0.8381426
237997,0.41911295
237998,0.69791514
238025,0.59268177
238027,0.08700275
238052,0.14936955
238053,0.5977556
238054,0.819914
238065,0.11219353
238066,0.28645337
238075,0.8313812
238082,0.3654583
238087,0.4751977
238114,0.3006729
238117,0.5073531
238127,0.49088567
238129,0.6759873
238133,0.15390152
238135,0.158808
238152,0.3663184
238157,0.5095738
238163,0.0957746
238170,0.2391575
238176,0.16661085
238180,0.702683
238195,0.53149235
238198,0.39438418
238199,0.17105125
238206,0.81758094
238218,0.29062626
238219,0.53495413
238222,0.35253006
238224,0.13692245
238230,0.48049304
238237,0.43632272
238238,0.49859726
238247,0.51245093
238254,0.24933678
238256,0.117418334
238257,0.120528884
238270,0.69932497
238278,0.38499576
238279,0.7086928
238282,0.28433415
238286,0.08840047
238293,0.65822387
238298,0.09953911
238299,0.12395705
238306,0.80554414
238307,0.10498338
238308,0.1960634
238322,0.11917802
238327,0.4617824
238328,0.85048395
238330,0.19503024
238335,0.36766338
238347,0.539976
238355,0.7837617
238356,0.8321579
238361,0.21911725
238367,0.27124614
238377,0.27024302
238413,0.10121572
238419,0.25122032
238436,0.28624615
238437,0.6848223
238443,0.21497332
238450,0.09321078
238452,0.10447302
238453,0.83876956
238454,0.88649035
238457,0.54000294
238467,0.6533607
238469,0.16745397
238470,0.16501573
238474,0.81560695
238478,0.66518426
238480,0.64337534
238492,0.17637855
238496,0.59575343
238500,0.2395934
238508,0.90210444
238512,0.14087759
238520,0.12694398
238540,0.29537952
238548,0.43063095
238549,0.14187828
238550,0.10443965
238563,0.14702992
238586,0.48712555
238607,0.112557165
238608,0.38237643
238615,0.28951815
238623,0.64137137
238627,0.3219598
238630,0.7946939
238635,0.3529246
238638,0.6068579
238642,0.1101403
238646,0.51403415
238656,0.13787049
238665,0.37652892
238674,0.4528548
238687,0.17819488
238702,0.6750276
238703,0.12030934
238705,0.47120535
238712,0.8652562
238716,0.3145587
238717,0.49503478
238718,0.34002596
238747,0.38175473
238754,0.6773857
238767,0.49909642
238793,0.20422982
238794,0.633928
238796,0.60007817
238806,0.28237373
238832,0.66542125
238833,0.51099426
238840,0.7127091
238850,0.1290048
238853,0.24067506
238855,0.09327553
238858,0.24976817
238867,0.78023976
238868,0.24898703
238869,0.76195806
238873,0.23805985
238879,0.66753566
238893,0.74371773
238903,0.1597024
238904,0.25365245
238906,0.7182992
238928,0.4857799
238933,0.64753735
238941,0.77116656
238945,0.2723841
238947,0.22375438
238954,0.27242842
238963,0.3283283
238986,0.68157107
239003,0.7941267
239018,0.2037182
239019,0.8094148
239020,0.66148144
239021,0.78657925
239031,0.46525598
239042,0.303109
239051,0.17491886
239056,0.48334816
239058,0.18351895
239075,0.41555905
239078,0.18562423
239079,0.30681866
239081,0.1144524
239082,0.6208246
239085,0.6218289
239100,0.54477817
239104,0.29933652
239120,0.4606368
239123,0.31079552
239140,0.80156374
239144,0.12134143
239145,0.6229625
239146,0.22415332
239153,0.41850826
239155,0.17956309
239161,0.6212303
239168,0.47106338
239177,0.613615
239180,0.46779883
239193,0.09531609
239199,0.20607789
239206,0.44796523
239207,0.4832329
239209,0.12880409
239221,0.5267281
239225,0.29938972
239227,0.25354177
239237,0.25226653
239249,0.19887798
239273,0.8987131
239282,0.1131734
239290,0.88124824
239298,0.25096202
239302,0.8428451
239307,0.8046916
239309,0.4938226
239314,0.37084645
239319,0.8232841
239328,0.21801925
239334,0.09990727
239343,0.20842965
239344,0.43274122
239356,0.32638422
239357,0.80686605
239428,0.12929557
239429,0.42817074
239453,0.09248197
239471,0.6765227
239479,0.22920826
239480,0.64600384
239485,0.105663545
239489,0.62993884
239518,0.8662303
239522,0.09547903
239525,0.69742614
239540,0.69268584
239567,0.3990586
239573,0.56464565
239574,0.38690054
239578,0.5832278
239587,0.46102133
239588,0.7330098
239597,0.41582626
239603,0.1876335
239612,0.2874084
239616,0.8831199
239617,0.5587946
239618,0.86178756
239631,0.7785167
239639,0.40362376
239644,0.38780922
239672,0.42216888
239680,0.77426416
239685,0.10849356
239687,0.16966645
239715,0.55661064
239722,0.69289815
239733,0.09160789
239746,0.124346696
239748,0.2525355
239760,0.8069252
239765,0.54916877
239766,0.54588
239774,0.29921827
239775,0.15443683
239788,0.8080058
239795,0.5259208
239796,0.10899155
239801,0.5189638
239808,0.47368035
239816,0.0902468
239819,0.08982077
239825,0.49341294
239832,0.750693
239840,0.49417192
239845,0.1386978
239853,0.14324598
239862,0.5542115
239867,0.60136884
239873,0.5537925
239884,0.35874054
239920,0.37388867
239924,0.56668574
239937,0.23035446
239938,0.14839262
239948,0.36413184
239951,0.38530618
239952,0.345773
239996,0.1476684
239998,0.5027915
240013,0.22457667
240027,0.54062635
240028,0.26268685
240036,0.7481039
240041,0.7018751
240046,0.37616867
240063,0.38322398
240076,0.28613204
240082,0.6211344
240086,0.3885251
240087,0.119914554
240089,0.73385775
240090,0.21563523
240093,0.78720576
240110,0.79181886
240111,0.42192397
240113,0.092261665
240117,0.2341094
240118,0.56071633
240120,0.34908396
240125,0.8201555
240130,0.3635568
240131,0.8743008
240133,0.40967754
240138,0.691423
240149,0.6315694
240161,0.22037236
240177,0.708868
240188,0.4380982
240197,0.234073
240204,0.7723192
240215,0.1513376
240257,0.32137567
240266,0.35642034
240284,0.52380425
240296,0.2636286
240300,0.36636612
240312,0.087606706
240314,0.67532974
240320,0.10614106
240321,0.56804615
240337,0.23160039
240339,0.50035554
240341,0.34946027
240342,0.56324714
240346,0.11925209
240348,0.606095
240364,0.5055867
240378,0.46928635
240382,0.43247774
240387,0.16604403
240404,0.10370713
240409,0.1360445
240412,0.1798931
240413,0.7256474
240414,0.25684294
240415,0.12451791
240416,0.59343386
240427,0.116360694
240428,0.62416595
240438,0.6241957
240447,0.095885776
240489,0.77004296
240494,0.78382975
240495,0.68185735
240507,0.5456359
240526,0.20815623
240530,0.5229804
240531,0.6779326
240554,0.26245394
240559,0.21928291
240561,0.44053572
240577,0.74262965
240578,0.622396
240585,0.6265705
240587,0.3820234
240594,0.6429878
240603,0.12429023
240615,0.2199572
240629,0.31960693
240631,0.11920724
240637,0.14926773
240646,0.88850963
240649,0.49111733
240657,0.33120462
240664,0.5869433
240665,0.8448543
240668,0.30017516
240670,0.7432356
240685,0.5694029
240689,0.49834812
240702,0.1240859
240707,0.4464747
240709,0.6781175
240712,0.7949824
240716,0.5274336
240717,0.37124854
240725,0.103046134
240733,0.13305567
240742,0.59547824
240744,0.19678532
240819,0.5926113
240820,0.12339527
240826,0.55997425
240836,0.65481067
240839,0.13238537
240847,0.7777746
240859,0.852473
240866,0.7606743
240868,0.33176765
240875,0.36475325
240878,0.12992582
240888,0.12254
240896,0.46248394
240897,0.17255548
240898,0.7709122
240899,0.7430105
240900,0.27472773
240901,0.74191535
240902,0.33129334
240903,0.60877013
240904,0.19870237
240910,0.23344098
240916,0.50639504
240921,0.52015597
240923,0.60059935
240929,0.47886878
240930,0.45346475
240931,0.10140253
240932,0.38798705
240938,0.61771584
240943,0.119668886
240948,0.14501223
240954,0.23564719
240972,0.11491996
240992,0.37059948
240993,0.5272438
240994,0.6078631
241018,0.24082798
241026,0.17748338
241031,0.39054936
241052,0.20999992
241060,0.4831348
241076,0.7952872
241113,0.29337433
241116,0.7193042
241118,0.37782213
241121,0.3930852
241130,0.45935395
241142,0.20351231
241146,0.28947338
241159,0.41570157
241160,0.26710254
241161,0.6340707
241163,0.85115296
241176,0.454383
241187,0.17457375
241188,0.5242422
241191,0.58544964
241192,0.5706884
241198,0.88105184
241208,0.7467679
241210,0.13121317
241226,0.50073206
241244,0.32351676
241252,0.52518296
241254,0.11182809
241256,0.5862868
241264,0.6354393
241266,0.33882084
241267,0.6462212
241274,0.42528892
241279,0.29347876
241281,0.7997278
241284,0.13491045
241293,0.10822942
241330,0.38803855
241333,0.099581
241344,0.7982874
241348,0.7392466
241359,0.34372357
241362,0.8283654
241372,0.119856216
241377,0.08846357
241381,0.80250955
241390,0.2863801
241395,0.10555459
241397,0.2838217
241401,0.12062131
241402,0.89472646
241415,0.42592716
241417,0.58011305
241426,0.7965842
241432,0.3581711
241436,0.09134029
241444,0.26854268
241447,0.7366258
241456,0.33280703
241457,0.09662015
241464,0.48843116
241465,0.6270814
241469,0.3380464
241479,0.08571092
241482,0.4881916
241488,0.85375124
241489,0.33971074
241507,0.6441834
241509,0.11438787
241511,0.24048601
241520,0.13944922
241523,0.14263237
241536,0.28299096
241545,0.6006321
241574,0.11104498
241577,0.88979053
241599,0.8476878
241608,0.3149477
241627,0.09116124
241631,0.31634286
241640,0.31290486
241642,0.17645241
241645,0.43824723
241647,0.10022134
241649,0.7212045
241654,0.90227425
241655,0.3147642
241657,0.44759563
241665,0.16606985
241671,0.5590584
241678,0.5930598
241683,0.45605788
241686,0.1415614
241699,0.1947084
241704,0.77967584
241706,0.30374047
241709,0.18790466
241718,0.20996447
241723,0.60998505
241729,0.32805702
241739,0.80253965
241741,0.28639546
241752,0.6271144
241756,0.11885334
241763,0.21107163
241779,0.3439375
241793,0.1335023
241797,0.23282266
241804,0.3481385
241813,0.15705188
241816,0.4289612
241817,0.5437039
241821,0.12893136
241838,0.7321406
241839,0.48557556
241855,0.41728097
241857,0.25696126
241887,0.12082074
241888,0.16170605
241899,0.7628501
241903,0.19266297
241908,0.7588755
241914,0.2717177
241919,0.47977003
241933,0.68720603
241943,0.09969526
241947,0.39524898
241957,0.7571944
241960,0.62962514
241961,0.20925196
241965,0.54755425
241971,0.34965372
241982,0.09330896
241990,0.38966918
242011,0.20195636
242022,0.10620233
242023,0.22873482
242025,0.7923555
242035,0.44845387
242037,0.5515388
242043,0.19461203
242067,0.17313091
242075,0.2023159
242077,0.12454947
242088,0.68268955
242103,0.5275412
242125,0.17985034
242134,0.8404593
242143,0.74766946
242144,0.23131834
242148,0.34652454
242155,0.20798679
242163,0.1506441
242171,0.3883404
242182,0.4378092
242185,0.50982696
242188,0.8343231
242201,0.6363309
242203,0.10902133
242204,0.091023244
242208,0.7258743
242210,0.56295973
242217,0.27868038
242219,0.67170614
242222,0.48116994
242224,0.81792843
242229,0.6204589
242231,0.8867976
242236,0.8194473
242256,0.42144498
242264,0.35170674
242269,0.28660148
242280,0.7662344
242281,0.102502495
242285,0.43670765
242295,0.18748584
242302,0.69746983
242314,0.3593483
242319,0.5796276
242332,0.50188327
242338,0.32447112
242342,0.8234189
242343,0.69164443
242345,0.10909709
242354,0.4263839
242361,0.4287412
242365,0.80025804
242373,0.2428257
242378,0.4290117
242383,0.5922231
242385,0.5477303
242389,0.14876433
242397,0.77575755
242404,0.9012498
242406,0.5970774
242410,0.5045488
242436,0.21088924
242439,0.19676201
242440,0.90601254
242444,0.31308863
242445,0.734916
242455,0.5735722
242477,0.482389
242479,0.7365047
242484,0.3834286
242491,0.4749293
242492,0.30517858
242497,0.42392418
242498,0.19327612
242499,0.7002997
242500,0.63543975
242501,0.50114167
242502,0.5129775
242516,0.40945473
242518,0.5680897
242523,0.71022224
242525,0.454993
242537,0.5067621
242549,0.15827516
242550,0.30556363
242553,0.08723199
242554,0.1608556
242561,0.24898532
242566,0.86532843
242567,0.6998249
242587,0.49675086
242598,0.22535957
242609,0.7875325
242611,0.4807634
242614,0.7720474
242617,0.7816191
242622,0.6577822
242623,0.29019195
242629,0.16133052
242633,0.33649117
242636,0.77221805
242637,0.82825303
242642,0.35420123
242651,0.48572868
242655,0.18257278
242667,0.26635966
242668,0.114687264
242670,0.3148498
242681,0.10477914
242689,0.09866416
242690,0.8913982
242692,0.4405904
242693,0.20008013
242699,0.29616854
242706,0.15690358
242712,0.7735408
242714,0.23797944
242715,0.087459415
242721,0.43592456
242725,0.11367201
242728,0.60712147
242740,0.12902272
242741,0.09634877
242762,0.5326217
242766,0.3616688
242772,0.12799636
242779,0.29522142
242782,0.20746543
242795,0.7939002
242796,0.2544577
242800,0.12665765
242810,0.43832406
242816,0.46387532
242824,0.5814504
242829,0.73951167
242833,0.11099545
242837,0.48316008
242851,0.6149336
242857,0.74408174
242858,0.54520905
242860,0.2951199
242874,0.41338432
242876,0.55556065
242877,0.10544689
242879,0.09013354
242890,0.74189496
242897,0.12200716
242898,0.13473728
242904,0.09671228
242916,0.11148821
242920,0.41793138
242924,0.569442
242930,0.5056569
242936,0.5670948
242938,0.108269006
242951,0.5887236
242952,0.4887574
242956,0.24038309
242970,0.7216138
242972,0.1029397
242973,0.22621013
242975,0.12201058
242979,0.574555
242985,0.1156624
242989,0.11314063
242994,0.80326694
242996,0.7488432
243004,0.58975303
243013,0.13761188
243015,0.15345258
243017,0.3554214
243022,0.11564889
243075,0.81502175
243077,0.25155598
243089,0.2450602
243096,0.15513542
243099,0.11682184
243109,0.49479595
243110,0.26359993
243111,0.21816903
243112,0.46266255
243114,0.6102238
243124,0.8787738
243128,0.88872135
243136,0.2128324
243143,0.17375566
243148,0.6267965
243151,0.09280042
243152,0.26844543
243163,0.43117008
243170,0.22011483
243173,0.22716776
243184,0.27700692
243187,0.2920749
243193,0.67499477
243206,0.67367005
243208,0.19013162
243236,0.17401706
243237,0.48239943
243241,0.28981894
243244,0.13890222
243251,0.51342267
243256,0.13976067
243257,0.35172445
243263,0.20781054
243265,0.39888117
243276,0.326996
243283,0.5793172
243287,0.15278174
243289,0.7920964
243291,0.13380387
243294,0.21806777
243299,0.68373483
243301,0.86579055
243302,0.62238616
243310,0.55643976
243313,0.7718746
243334,0.54569155
243335,0.36066315
243345,0.4766924
243353,0.08845818
243369,0.40038228
243371,0.60725904
243375,0.45727593
243383,0.8268652
243387,0.08760624
243390,0.8148224
243398,0.08931036
243399,0.4073348
243401,0.2754001
243412,0.11894035
243430,0.10545037
243433,0.24752858
243440,0.32417756
243445,0.8281345
243475,0.48788586
243481,0.46329707
243501,0.8261899
243518,0.77792877
243528,0.22792603
243544,0.53847104
243550,0.14311899
243555,0.4799211
243558,0.43406975
243559,0.66448486
243569,0.46455342
243580,0.23595798
243581,0.09885283
243590,0.08811352
243611,0.22981642
243619,0.09595581
243643,0.331872
243659,0.5481822
243664,0.29128012
243665,0.8322712
243679,0.09696366
243680,0.7066163
243681,0.3349905
243689,0.62504077
243699,0.5041297
243700,0.75217086
243703,0.31444764
243714,0.889619
243734,0.2185879
243741,0.74767894
243747,0.36895636
243757,0.7181726
243764,0.8282489
243766,0.4142717
243770,0.4603153
243774,0.52109003
243777,0.29460865
243778,0.24021226
243783,0.52352834
243788,0.66959774
243801,0.4022097
243802,0.09870768
243805,0.83031505
243821,0.41073546
243828,0.13116772
243831,0.5478335
243838,0.85198087
243850,0.10141678
243861,0.26470125
243871,0.7814349
243873,0.4076714
243874,0.50227904
243875,0.32120064
243891,0.4844438
243893,0.5509386
243900,0.37779018
243907,0.7888891
243908,0.8246694
243916,0.7579767
243921,0.41395465
243943,0.4396535
243958,0.89998627
243963,0.8616327
243965,0.8234189
243968,0.24160971
243978,0.6520683
243993,0.48103607
243996,0.4089283
244004,0.79991
244006,0.7308628
244045,0.32284337
244046,0.11562373
244047,0.10448082
244049,0.08804109
244051,0.68656015
244058,0.7309113
244093,0.32741037
244100,0.46154493
244102,0.6580884
244104,0.5736061
244108,0.16898407
244112,0.54029965
244114,0.3388158
244134,0.43347496
244136,0.3197394
244140,0.10143462
244151,0.09721514
244152,0.5722085
244164,0.68164617
244168,0.14736237
244173,0.21013121
244176,0.2428228
244179,0.09643946
244189,0.6941786
244201,0.47442833
244205,0.50788337
244212,0.7037123
244216,0.16838337
244226,0.5605586
244228,0.39659962
244238,0.5658837
244246,0.22829379
244252,0.5309704
244257,0.2658594
244266,0.5068703
244268,0.6294929
244280,0.40869656
244290,0.51684606
244294,0.8730807
244295,0.57139516
244296,0.8793098
244298,0.53298134
244307,0.39036673
244321,0.18488395
244322,0.33578163
244324,0.13935225
244335,0.41207892
244346,0.72133076
244364,0.14149375
244372,0.8660486
244377,0.37912968
244387,0.73186696
244388,0.7137905
244395,0.7106937
244396,0.18466043
244403,0.2230253
244416,0.6609037
244417,0.10973554
244420,0.29865637
244421,0.40687475
244428,0.21333577
244429,0.7945121
244432,0.51072186
244456,0.4682961
244460,0.6057521
244461,0.5785058
244464,0.09853973
244470,0.14832611
244475,0.59401304
244484,0.75972193
244487,0.12673284
244489,0.4124519
244498,0.6213697
244526,0.49933577
244529,0.89500165
244534,0.18711218
244536,0.60606825
244543,0.6806921
244545,0.49978647
244555,0.20201309
244560,0.7343899
244562,0.4478266
244570,0.689739
244572,0.7041378
244574,0.57291675
244605,0.661399
244612,0.29890078
244624,0.19817881
244631,0.10460893
244632,0.7525549
244643,0.08741579
244652,0.52088934
244666,0.13133779
244671,0.1738424
244672,0.17008999
244683,0.47475407
244690,0.37902996
244696,0.19731762
244703,0.11948247
244710,0.5289988
244713,0.3810931
244719,0.19230983
244724,0.59498596
244736,0.4056918
244763,0.5190903
244764,0.68725204
244765,0.7377475
244767,0.604946
244772,0.3226385
244786,0.25572702
244789,0.22955902
244794,0.22373319
244799,0.09441341
244810,0.09546702
244815,0.119977914
244830,0.12263407
244848,0.3681809
244852,0.28103822
244866,0.24148624
244867,0.5299963
244874,0.09555396
244887,0.20868418
244891,0.39986408
244897,0.91348875
244898,0.095671855
244909,0.51793873
244910,0.6454625
244913,0.4191873
244925,0.35005063
244928,0.34214956
244932,0.14300473
244942,0.1910237
244943,0.71571076
244949,0.60597426
244954,0.3311522
244971,0.42519993
244973,0.8869451
244989,0.8392968
245001,0.40819055
245012,0.30640787
245026,0.77014035
245030,0.44548792
245036,0.17303813
245049,0.8009522
245057,0.20209831
245062,0.5400471
245063,0.35434422
245074,0.27679
245076,0.47233418
245105,0.43744186
245106,0.1549668
245121,0.21492478
245124,0.512373
245129,0.18838844
245133,0.7778098
245138,0.19300075
245150,0.5690572
245156,0.5087062
245157,0.5413755
245168,0.57062876
245170,0.10322644
245177,0.24745995
245178,0.14435056
245182,0.12381003
245208,0.17276706
245219,0.8031508
245221,0.13158764
245222,0.11528894
245224,0.11250091
245225,0.13810328
245233,0.7643712
245234,0.45701832
245244,0.50533605
245253,0.8364948
245260,0.31015995
245272,0.33829784
245281,0.1644632
245296,0.76715225
245297,0.7598809
245303,0.15277049
245309,0.5069517
245313,0.09108882
245316,0.47982046
245328,0.29080945
245344,0.529756
245351,0.37551647
245357,0.63589257
245367,0.2954668
245369,0.7627421
245376,0.5636602
245381,0.3966439
245411,0.46326935
245426,0.33417693
245428,0.087736905
245430,0.6161573
245437,0.8049744
245443,0.08942445
245450,0.0944296
245452,0.3111254
245468,0.5062987
245481,0.17275691
245486,0.11982871
245496,0.35098067
245501,0.62903714
245502,0.23410851
245503,0.24294174
245564,0.841477
245567,0.51321787
245568,0.81296635
245576,0.8903021
245577,0.4162274
245578,0.106840365
245595,0.13411145
245598,0.17028679
245604,0.37842447
245611,0.13901035
245615,0.5465084
245617,0.11931744
245627,0.55212486
245659,0.2615504
245661,0.5797512
245681,0.113835044
245687,0.46498352
245697,0.4283068
245708,0.3185545
245713,0.29730326
245717,0.1068891
245720,0.11917771
245721,0.61651504
245724,0.35450873
245728,0.47354376
245738,0.44337565
245746,0.18712533
245747,0.59620744
245748,0.40489054
245766,0.3459343
245767,0.7128688
245784,0.2574404
245792,0.36673498
245802,0.6043744
245804,0.22404173
245815,0.1320626
245820,0.63506806
245830,0.20526473
245834,0.15859877
245836,0.463499
245844,0.30115393
245853,0.09607302
245862,0.13415845
245863,0.59181386
245882,0.6695206
245892,0.1851751
245906,0.40467325
245913,0.39879948
245926,0.14568686
245932,0.17014506
245933,0.114723824
245934,0.3891896
245939,0.8856686
245948,0.38008064
245955,0.3149834
245957,0.093136534
245967,0.47501525
245979,0.105210446
245980,0.4923062
245989,0.416119
245992,0.2827805
245994,0.6468863
246006,0.39525682
246010,0.3363469
246017,0.76094866
246041,0.24147663
246045,0.49539396
246053,0.40124547
246057,0.3730465
246059,0.24338622
246061,0.42363244
246079,0.10769548
246082,0.28164935
246089,0.13090765
246091,0.13714206
246102,0.1453956
246127,0.8803452
246134,0.14493325
246135,0.5554554
246138,0.9000526
246143,0.13329694
246146,0.6271159
246148,0.39004368
246152,0.7346793
246155,0.4176502
246164,0.16987713
246171,0.6297534
246185,0.13126536
246192,0.82118756
246200,0.5271642
246208,0.1732023
246210,0.111770086
246213,0.4735326
246214,0.6407123
246229,0.2723235
246242,0.11960832
246250,0.6383279
246258,0.1121422
246267,0.8764073
246273,0.18553674
246287,0.10850068
246289,0.5188744
246290,0.7026129
246302,0.17793743
246303,0.36590454
246304,0.28611228
246312,0.6699072
246319,0.890852
246321,0.6254641
246335,0.41009003
246337,0.44318774
246348,0.25240067
246358,0.19316632
246362,0.7190597
246369,0.19714606
246374,0.38059655
246382,0.83145463
246384,0.5146755
246386,0.79795945
246390,0.6996951
246396,0.4203358
246400,0.5165038
246401,0.21845543
246405,0.38871405
246415,0.6758687
246416,0.3865431
246418,0.6484482
246422,0.09277202
246423,0.17344351
246426,0.4958618
246429,0.50512487
246432,0.51284814
246444,0.5295825
246448,0.504097
246455,0.75832266
246469,0.54858494
246482,0.14347409
246488,0.13295288
246489,0.7749207
246491,0.43876374
246502,0.19657263
246516,0.1495814
246524,0.49492002
246525,0.55838794
246543,0.6670955
246550,0.6677345
246554,0.49240744
246558,0.09717397
246559,0.55933726
246560,0.6651339
246561,0.3225308
246562,0.15075019
246564,0.25179318
246585,0.8595321
246615,0.68242395
246618,0.46858191
246619,0.20483005
246621,0.73465246
246624,0.13261864
246625,0.15831219
246627,0.79603267
246628,0.40268314
246631,0.44306397
246633,0.39422914
246654,0.25449213
246660,0.5560795
246665,0.7024318
246669,0.4431097
246681,0.12190295
246700,0.85033464
246705,0.29303157
246708,0.34049913
246711,0.50232893
246724,0.76406044
246740,0.15051524
246744,0.58900195
246745,0.7943988
246746,0.43749145
246748,0.12500325
246752,0.7697712
246758,0.64621466
246762,0.1893772
246765,0.5111644
246786,0.39416364
246798,0.39266974
246807,0.21665815
246816,0.7206787
246820,0.17906179
246833,0.09660872
246835,0.84273124
246836,0.6654865
246845,0.72432977
246849,0.3031942
246857,0.58745027
246861,0.17539018
246871,0.18510596
246872,0.679932
246877,0.12968864
246879,0.09866504
246894,0.79302794
246896,0.18003751
246905,0.4112458
246907,0.5443313
246928,0.092809334
246935,0.08641812
246939,0.49366218
246947,0.37228692
246951,0.29541102
246956,0.4206945
246972,0.5277811
246979,0.25771818
247003,0.22706415
247005,0.6401759
247006,0.10442944
247008,0.20456268
247014,0.7008937
247027,0.10443301
247032,0.7505749
247036,0.7559867
247080,0.42713854
247083,0.34222227
247086,0.5187313
247092,0.5199017
247098,0.3715034
247103,0.7965202
247105,0.19352986
247108,0.2775006
247118,0.63158107
247123,0.40722135
247129,0.7847255
247139,0.46385878
247147,0.44588286
247153,0.43136284
247157,0.40515628
247179,0.34712824
247190,0.6676078
247213,0.5378337
247220,0.25095078
247234,0.08806246
247260,0.17508157
247265,0.51343936
247269,0.80337495
247272,0.3689654
247277,0.14365865
247278,0.82237947
247280,0.359529
247290,0.19819085
247296,0.29698128
247314,0.6554676
247316,0.44090393
247328,0.3821697
247332,0.42412016
247336,0.87330943
247340,0.77462447
247342,0.4646801
247347,0.3916414
247350,0.5738727
247351,0.18314426
247353,0.49536443
247354,0.24984798
247360,0.18345131
247371,0.26746652
247378,0.23236755
247394,0.49848017
247402,0.20502533
247406,0.40859312
247409,0.16703352
247446,0.3826056
247453,0.13568294
247455,0.787708
247463,0.11919678
247484,0.11357274
247485,0.36020964
247492,0.5221636
247497,0.5943473
247510,0.19820474
247521,0.30367276
247527,0.45290604
247534,0.29402885
247537,0.5549387
247558,0.22267786
247559,0.11616626
247560,0.53489095
247567,0.40603977
247572,0.71417457
247582,0.17829426
247583,0.7795276
247594,0.35393935
247595,0.14457111
247597,0.2584582
247598,0.32203415
247607,0.60366225
247619,0.74876213
247632,0.7613258
247638,0.6277995
247639,0.70849407
247646,0.48800105
247655,0.15277407
247660,0.12904839
247672,0.5520137
247677,0.113276616
247682,0.11007775
247685,0.71635216
247690,0.38864556
247701,0.092249155
247708,0.83783597
247715,0.2476389
247734,0.2816651
247758,0.43331125
247761,0.16190946
247763,0.1366499
247766,0.24121165
247774,0.204595
247775,0.5400966
247779,0.16022888
247781,0.3169009
247783,0.33249515
247785,0.3563271
247787,0.08666442
247793,0.1068035
247798,0.17440434
247802,0.6842193
247805,0.26460478
247814,0.09790305
247816,0.38548315
247834,0.11178114
247836,0.17023024
247844,0.6709972
247849,0.6573904
247852,0.0949062
247859,0.2980616
247861,0.9091622
247867,0.19810387
247868,0.13519283
247883,0.20350315
247890,0.11276485
247892,0.8762066
247896,0.12922038
247897,0.2150484
247902,0.75170124
247904,0.24746068
247909,0.20246826
247910,0.20928031
247911,0.42403263
247929,0.27802694
247930,0.10268464
247935,0.14695318
247942,0.77629006
247950,0.23469448
247951,0.6021224
247972,0.58544457
247989,0.5013699
247993,0.49211296
247995,0.5266331
248012,0.3251149
248018,0.30834424
248019,0.43009853
248036,0.10762439
248037,0.6486117
248039,0.400604
248040,0.87440354
248043,0.4887522
248054,0.27668166
248056,0.457539
248068,0.78048086
248075,0.6187649
248085,0.15609424
248087,0.14223886
248089,0.36131734
248095,0.2548279
248105,0.41744465
248109,0.46585938
248115,0.47234073
248131,0.6114204
248135,0.53275365
248148,0.27991182
248154,0.7931957
248156,0.42008272
248165,0.49290892
248169,0.34709507
248173,0.094997086
248179,0.14320341
248187,0.2003257
248204,0.093053035
248207,0.4946599
248210,0.41032463
248212,0.44407487
248214,0.24174488
248229,0.21474513
248236,0.49544933
248239,0.43200734
248240,0.49536008
248246,0.1123742
248249,0.49865004
248261,0.33462086
248267,0.27249694
248268,0.36275896
248272,0.37862766
248276,0.36649293
248293,0.53903186
248303,0.43254215
248307,0.16949758
248308,0.8362426
248327,0.48265114
248330,0.21655187
248345,0.14955147
248355,0.30868608
248364,0.6036531
248368,0.8019719
248373,0.53954875
248375,0.6179307
248378,0.38510954
248390,0.2196375
248394,0.4120421
248405,0.10730474
248409,0.49725103
248411,0.316997
248415,0.5780391
248416,0.2405911
248419,0.777913
248421,0.18267654
248422,0.15105742
248424,0.11898508
248427,0.2773011
248429,0.8373537
248435,0.18027772
248452,0.20738158
248461,0.49492708
248467,0.112892
248472,0.4234839
248473,0.1979104
248476,0.44625643
248488,0.7695336
248489,0.7663062
248505,0.22086239
248509,0.6445499
248510,0.7363561
248512,0.1371534
248524,0.83339363
248526,0.26131487
248528,0.13555402
248533,0.10624506
248546,0.2308314
248568,0.2980509
248570,0.43596235
248579,0.57424396
248583,0.37440324
248585,0.12071471
248586,0.44126076
248596,0.11042681
248597,0.6022366
248601,0.34771276
248605,0.43852913
248613,0.2923564
248618,0.43511644
248622,0.4195075
248626,0.09158795
248627,0.13425772
248628,0.10313698
248635,0.22341913
248636,0.22211389
248644,0.1551731
248667,0.7337891
248675,0.24753661
248677,0.4859346
248693,0.8392249
248694,0.7068028
248699,0.09974894
248706,0.57131326
248726,0.61730766
248728,0.1759169
248731,0.49345228
248736,0.85076714
248738,0.86768603
248739,0.20657994
248744,0.6911628
248745,0.6681955
248756,0.16296656
248760,0.57384706
248767,0.7305226
248770,0.37683934
248772,0.45164418
248773,0.3279478
248785,0.10021235
248789,0.2820523
248791,0.19471417
248797,0.31549227
248826,0.097712934
248853,0.40240833
248854,0.23661208
248856,0.66155994
248861,0.29484826
248869,0.8127385
248871,0.50244206
248877,0.2113791
248883,0.678604
248891,0.11185555
248892,0.9011461
248905,0.27739015
248910,0.18771327
248914,0.18611029
248921,0.40455237
248931,0.5318918
248934,0.44415298
248951,0.45926273
248954,0.48489052
248961,0.11676546
248966,0.18691923
248968,0.6257756
248977,0.10949695
248978,0.5702981
248986,0.8149707
249000,0.18320112
249005,0.6499831
249025,0.08875839
249040,0.6341594
249045,0.21194556
249056,0.3543373
249057,0.14379348
249075,0.26634252
249084,0.42211285
249089,0.52827185
249095,0.838993
249101,0.5601061
249113,0.10280306
249116,0.34886727
249118,0.24403718
249137,0.5748047
249140,0.28859
249149,0.6190175
249151,0.33107582
249154,0.37721756
249155,0.474258
249171,0.19993372
249173,0.8090084
249190,0.19858477
249191,0.10647117
249197,0.56532776
249205,0.8461077
249212,0.7717119
249228,0.47072694
249235,0.54410213
249266,0.14317185
249269,0.09404061
249277,0.67720443
249298,0.29777467
249305,0.7504386
249310,0.20148346
249313,0.5779523
249320,0.6437147
249321,0.08770141
249332,0.16202348
249333,0.41424143
249339,0.50334936
249343,0.8768402
249345,0.44122562
249347,0.5497779
249348,0.23977514
249358,0.0939366
249370,0.72259885
249382,0.6260164
249397,0.12542851
249398,0.5865514
249400,0.471893
249403,0.77539676
249412,0.73649627
249421,0.4847079
249422,0.29354832
249426,0.35006964
249445,0.32667518
249460,0.20541166
249465,0.09931359
249467,0.12984847
249481,0.5909383
249495,0.3662563
249496,0.57041633
249505,0.331164
249507,0.13118239
249523,0.489457
249528,0.36881286
249532,0.53246415
249534,0.6125304
249540,0.25334662
249542,0.73909897
249557,0.32560408
249559,0.88434476
249578,0.15899545
249581,0.09154065
249588,0.41723093
249595,0.12741357
249603,0.4810745
249615,0.17446457
249630,0.3036307
249636,0.37460622
249640,0.37602967
249648,0.1414258
249657,0.21735947
249661,0.11970501
249664,0.11927914
249668,0.46217543
249677,0.64837617
249681,0.3783684
249687,0.5222149
249688,0.39467403
249695,0.88131934
249703,0.13204637
249705,0.30159432
249718,0.7346453
249719,0.6172791
249720,0.4351447
249726,0.097106054
249728,0.40912735
249742,0.18844026
249764,0.7489297
249768,0.3707531
249770,0.38905817
249774,0.23207857
249779,0.35358968
249783,0.30636683
249801,0.84876704
249808,0.5295035
249818,0.10551552
249820,0.81326884
249832,0.7978429
249839,0.1080373
249843,0.6075619
249845,0.46128398
249847,0.41915277
249878,0.801932
249883,0.25508803
249895,0.6076995
249898,0.44874004
249906,0.6110571
249909,0.11144709
249913,0.40851352
249920,0.7553446
249921,0.08533101
249928,0.78850794
249941,0.16252713
249951,0.09337578
249955,0.43076423
250020,0.24029076
250022,0.38644052
250026,0.49658537
250038,0.7305522
250045,0.5043112
250048,0.47174314
250049,0.44208765
250051,0.32439306
250056,0.51214445
250073,0.36703223
250085,0.089917734
250088,0.53691006
250091,0.45197296
250092,0.52610075
250093,0.17946929
250095,0.43598333
250098,0.669527
250105,0.31179264
250114,0.90980333
250127,0.6660537
250134,0.77692956
250137,0.10364779
250153,0.5760329
250156,0.5198104
250176,0.43183798
250188,0.39165524
250189,0.42800462
250211,0.66279143
250212,0.61174244
250217,0.091318004
250226,0.55177116
250236,0.9128494
250237,0.40669408
250246,0.51098555
250270,0.42332447
250276,0.42345333
250299,0.33197713
250311,0.087619156
250312,0.8371537
250319,0.3185603
250324,0.2537004
250331,0.19805944
250340,0.30543977
250347,0.10283244
250354,0.30358115
250358,0.50362134
250359,0.10825511
250361,0.871886
250363,0.46299437
250371,0.539474
250377,0.6363701
250381,0.24402519
250391,0.20738637
250415,0.14633913
250416,0.40174678
250430,0.6936512
250431,0.3688292
250438,0.56330055
250444,0.63386995
250453,0.7322613
250458,0.54940337
250462,0.8846837
250469,0.11793125
250473,0.22211997
250481,0.4826649
250498,0.8914041
250502,0.6956045
250508,0.49793983
250514,0.0857639
250521,0.23049141
250522,0.8125576
250530,0.13809863
250531,0.10727174
250533,0.089552425
250539,0.34442735
250541,0.39128378
250545,0.805602
250557,0.8489795
250576,0.5236896
250579,0.17559747
250585,0.8685472
250586,0.24851462
250591,0.78238857
250592,0.23166618
250596,0.14070854
250616,0.27422342
250617,0.12075132
250632,0.36011887
250636,0.5149897
250640,0.49507418
250657,0.5730124
250658,0.70434904
250661,0.3193412
250684,0.6566994
250685,0.2321078
250691,0.6220114
250692,0.30041102
250712,0.12838154
250713,0.09903365
250719,0.51506424
250737,0.4916112
250749,0.0936859
250772,0.17374256
250773,0.8354386
250774,0.2634319
250781,0.5657952
250783,0.10413554
250810,0.49948388
250814,0.2163064
250819,0.1684985
250831,0.22062911
250855,0.09432824
250867,0.79889345
250878,0.098866
250887,0.086511716
250889,0.107087605
250890,0.4236072
250900,0.6918828
250904,0.27230713
250909,0.5075973
250913,0.21927671
250914,0.20288563
250915,0.5480042
250918,0.45332924
250922,0.69230795
250925,0.20730594
250939,0.5137179
250949,0.10572974
250956,0.2233747
250961,0.42516482
250963,0.61330247
250965,0.32769993
250968,0.13240795
250970,0.1946137
250981,0.42877346
250990,0.096341915
251001,0.61182165
251002,0.25326467
251011,0.7029978
251013,0.26958677
251021,0.101420596
251022,0.52225614
251029,0.19685757
251046,0.12647952
251047,0.2677095
251058,0.11186291
251063,0.508123
251064,0.6258763
251073,0.8070031
251083,0.2563067
251085,0.77357525
251091,0.6347039
251096,0.2651782
251105,0.89282036
251115,0.5704419
251123,0.30043057
251133,0.54649234
251152,0.12255292
251165,0.6665592
251180,0.40923432
251196,0.7563722
251197,0.4170221
251214,0.08822929
251215,0.9017559
251217,0.4620784
251219,0.104513116
251233,0.17024001
251234,0.5107693
251245,0.13332605
251248,0.87353146
251255,0.11382918
251267,0.13698977
251272,0.4317392
251276,0.17459475
251288,0.21932048
251297,0.21979514
251298,0.4949042
251300,0.5370226
251301,0.27120295
251302,0.5608324
251303,0.69603777
251311,0.30313042
251314,0.40171677
251322,0.09111077
251324,0.63075113
251333,0.30715638
251336,0.77960384
251341,0.13869806
251346,0.18861656
251370,0.20004697
251378,0.43516567
251396,0.25818878
251401,0.44557175
251413,0.13904868
251422,0.21735224
251423,0.31939542
251434,0.6303185
251436,0.5022408
251443,0.26086807
251445,0.64079505
251455,0.18744005
251465,0.27322885
251470,0.2041603
251475,0.9178388
251488,0.669431
251498,0.68176407
251504,0.642241
251506,0.799709
251530,0.57083976
251534,0.5709144
251538,0.7733302
251543,0.35145345
251557,0.5287589
251558,0.3015207
251567,0.12976809
251575,0.2705714
251579,0.2716992
251598,0.80695003
251599,0.3812383
251606,0.1503034
251608,0.35011986
251620,0.64107925
251624,0.20050369
251629,0.11074174
251631,0.5239332
251654,0.70318735
251671,0.1766523
251677,0.2713819
251682,0.3647106
251684,0.5900063
251689,0.47487393
251700,0.6061991
251716,0.36888337
251719,0.5935435
251727,0.1384512
251731,0.7474892
251732,0.38182902
251737,0.53988117
251744,0.21266602
251750,0.37594318
251754,0.7810686
251759,0.19482005
251761,0.7497241
251762,0.6012272
251765,0.1425503
251768,0.5154158
251770,0.27535567
251777,0.13937275
251786,0.101814836
251795,0.773489
251805,0.46904385
251833,0.5615076
251839,0.18658166
251848,0.787338
251851,0.4228367
251893,0.1339273
251909,0.15431407
251918,0.3254465
251920,0.3221068
251922,0.8673895
251923,0.7916253
251926,0.49908924
251933,0.18610507
251938,0.28650025
251948,0.5693471
251955,0.52528423
251956,0.42107317
251957,0.2696371
251964,0.5274924
251965,0.40676606
251966,0.26168245
251972,0.2150911
251980,0.1400097
252003,0.16348864
252016,0.55980194
252028,0.5063581
252032,0.32923368
252046,0.09664425
252054,0.09740287
252060,0.63589185
252073,0.18763424
252088,0.15727143
252092,0.09158111
252096,0.3529693
252113,0.5043869
252115,0.088462874
252121,0.1164181
252133,0.5803419
252135,0.30842865
252145,0.65743226
252151,0.08846297
252167,0.37785587
252169,0.6562694
252175,0.6088874
252189,0.50861174
252190,0.76993996
252191,0.6779534
252198,0.5806794
252212,0.61677563
252223,0.14800473
252224,0.6987075
252228,0.86201227
252253,0.17925341
252257,0.68127626
252261,0.33330885
252265,0.62579423
252272,0.6110684
252273,0.79281056
252286,0.9133969
252312,0.10609476
252322,0.69649976
252326,0.54919857
252332,0.17373976
252345,0.25658873
252348,0.29395145
252354,0.23821482
252358,0.5675358
252364,0.53132546
252366,0.7316115
252369,0.6830348
252374,0.39097828
252382,0.29156047
252417,0.9084897
252425,0.8063813
252426,0.40856925
252429,0.25839496
252434,0.8376356
252447,0.30751002
252450,0.14149222
252452,0.7490118
252460,0.19186027
252463,0.36978868
252465,0.5773896
252492,0.49134284
252493,0.7144369
252518,0.39037284
252522,0.7100041
252524,0.17840719
252531,0.3542383
252533,0.51659507
252540,0.43917832
252543,0.2368437
252544,0.17081575
252555,0.23317544
252558,0.6013089
252562,0.12695344
252565,0.8515474
252568,0.09889054
252569,0.1076515
252573,0.36952603
252582,0.13111378
252596,0.31716713
252599,0.113787554
252603,0.49282867
252606,0.23325694
252630,0.21911937
252636,0.38065222
252651,0.52073663
252653,0.09103005
252679,0.8825872
252682,0.76151836
252687,0.82101434
252713,0.118074134
252715,0.10357251
252721,0.60324484
252726,0.25722605
252746,0.3815746
252754,0.20688434
252760,0.19803669
252762,0.86653596
252763,0.4449809
252764,0.51625556
252768,0.22616488
252773,0.43933058
252774,0.36964402
252782,0.707104
252784,0.17251971
252797,0.41181925
252798,0.13143902
252809,0.5432479
252819,0.16597782
252840,0.5039467
252862,0.124724045
252863,0.6630623
252865,0.46590778
252870,0.50813
252880,0.590035
252881,0.27417526
252888,0.34597895
252889,0.6128164
252894,0.42003933
252899,0.2388032
252911,0.25289127
252918,0.09664814
252926,0.10301253
252929,0.3532911
252932,0.8370598
252939,0.35750782
252940,0.2499595
252970,0.16463141
252971,0.13633266
252980,0.70477253
252981,0.36043543
252986,0.1842641
252990,0.11110821
253004,0.2229774
253011,0.25418162
253015,0.14216693
253022,0.2607297
253032,0.107303835
253044,0.88670725
253056,0.13497569
253065,0.32920867
253066,0.48853686
253067,0.3120047
253079,0.12560359
253088,0.19240327
253098,0.5487989
253099,0.715708
253112,0.3470525
253113,0.53879344
253133,0.45101604
253149,0.3143167
253151,0.29260528
253153,0.38397416
253160,0.12646429
253164,0.269771
253169,0.68531644
253177,0.103953704
253183,0.6835201
253198,0.54858226
253206,0.41222027
253214,0.77506936
253218,0.20050234
253224,0.1166983
253227,0.09716223
253231,0.24418095
253247,0.13020703
253251,0.44299695
253262,0.46838623
253264,0.62092227
253265,0.68049574
253273,0.4763286
253275,0.30560228
253278,0.100164436
253284,0.5154234
253298,0.40592688
253313,0.64420724
253317,0.19441195
253322,0.68348414
253326,0.26176256
253332,0.8184263
253338,0.35398912
253339,0.11591702
253346,0.16130579
253348,0.8540594
253350,0.23644066
253357,0.42474726
253363,0.660766
253365,0.09007495
253369,0.13423325
253373,0.76191235
253378,0.35780534
253383,0.7011959
253392,0.4914667
253395,0.17219792
253398,0.2670957
253410,0.70654374
253419,0.16582583
253420,0.432833
253421,0.71468157
253441,0.627404
253442,0.22664812
253446,0.11618187
253447,0.6560447
253465,0.21706322
253488,0.7657409
253492,0.12224527
253499,0.90584475
253500,0.8269275
253501,0.33300394
253509,0.34793413
253521,0.16163233
253534,0.16736385
253544,0.18505067
253555,0.5850188
253557,0.41778475
253559,0.25362226
253583,0.81578547
253587,0.35105753
253589,0.45872927
253591,0.19688044
253596,0.26594117
253600,0.15856923
253605,0.23558381
253620,0.3655757
253628,0.30559152
253631,0.83332884
253634,0.13871704
253639,0.27244756
253641,0.6855916
253661,0.13704644
253672,0.41301236
253679,0.35472634
253683,0.4364225
253696,0.26833737
253706,0.26276627
253708,0.58044255
253712,0.11676382
253717,0.17097425
253720,0.48762545
253731,0.35859463
253734,0.71044284
253743,0.44298756
253744,0.1920551
253748,0.37836972
253754,0.43475577
253761,0.4202178
253787,0.66415054
253788,0.16258417
253796,0.7391566
253826,0.761119
253829,0.57952774
253837,0.59583193
253841,0.5482136
253843,0.34372222
253844,0.545965
253845,0.55501944
253849,0.58012116
253854,0.11375909
253861,0.25222325
253863,0.09447301
253875,0.6394668
253891,0.6870723
253894,0.286939
253895,0.9130782
253918,0.7427442
253930,0.27443498
253939,0.42827955
253940,0.41779655
253945,0.8160958
253950,0.14465515
253951,0.09284663
253964,0.6948785
253967,0.35379317
253975,0.9180662
253986,0.13299778
253998,0.8191116
254017,0.46445695
254025,0.6146375
254026,0.20290549
254031,0.4601671
254035,0.36504036
254040,0.5878397
254042,0.1511922
254047,0.26928177
254051,0.7711806
254056,0.22768758
254060,0.6828041
254068,0.5208207
254073,0.8548947
254088,0.30432835
254100,0.36050805
254110,0.6371966
254115,0.14449562
254116,0.8492814
254125,0.4524734
254130,0.2830428
254135,0.5052827
254149,0.4975557
254161,0.49935055
254167,0.62802887
254176,0.5361683
254205,0.13168328
254226,0.25465715
254228,0.60265875
254238,0.15704983
254242,0.74656343
254257,0.7903234
254261,0.47164452
254280,0.42071897
254295,0.13074033
254316,0.70520073
254325,0.7754012
254326,0.51348317
254327,0.19230968
254335,0.38411236
254342,0.632276
254347,0.55778384
254355,0.6071527
254358,0.15261778
254359,0.26093626
254368,0.26070276
254376,0.48593774
254382,0.72426444
254383,0.7433712
254390,0.44849682
254392,0.7614782
254394,0.08799432
254400,0.10534541
254406,0.36120743
254411,0.23779337
254421,0.57352126
254435,0.6260975
254437,0.18388796
254440,0.10842671
254460,0.65094626
254470,0.27677894
254471,0.46675918
254472,0.10347934
254483,0.8436919
254493,0.09019284
254513,0.1080103
254518,0.69606256
254520,0.5885486
254534,0.3161433
254537,0.714445
254562,0.2663189
254567,0.3016114
254577,0.5016402
254578,0.59687835
254580,0.6214488
254586,0.39175868
254591,0.62068945
254593,0.17474335
254597,0.9149813
254599,0.117700465
254613,0.11435768
254629,0.49424052
254631,0.4843796
254633,0.3885669
254639,0.48746905
254642,0.44839928
254650,0.4718564
254659,0.19331664
254662,0.44079152
254671,0.6714768
254672,0.115294345
254674,0.7484233
254676,0.8190985
254679,0.16595267
254701,0.2191174
254722,0.089224026
254728,0.1501713
254742,0.20642215
254748,0.38192472
254750,0.12683241
254751,0.41055775
254753,0.60977364
254773,0.69007945
254783,0.14092816
254805,0.453708
254806,0.73332953
254810,0.14886138
254817,0.4891311
254820,0.22410992
254829,0.59537244
254835,0.17687254
254837,0.5187277
254843,0.50992566
254850,0.45948982
254858,0.36133465
254861,0.27655333
254884,0.13254529
254885,0.6524694
254890,0.16368571
254910,0.63016963
254916,0.4420119
254917,0.09424915
254920,0.1269039
254926,0.12407025
254928,0.14451969
254930,0.55380213
254937,0.45605975
254940,0.16245688
254953,0.59739536
254956,0.0900762
254969,0.15286185
254982,0.5471135
254988,0.4449123
254998,0.36679116
255013,0.56051457
255017,0.20837481
255018,0.1506723
255029,0.44907233
255033,0.9006751
255035,0.60019463
255061,0.8297701
255067,0.09602108
255068,0.39118424
255070,0.6366248
255084,0.14690973
255096,0.6118095
255106,0.097114325
255114,0.54435974
255117,0.15592174
255135,0.6218074
255142,0.6368647
255143,0.33717397
255146,0.668329
255155,0.41865513
255156,0.71760666
255158,0.18235433
255167,0.352163
255172,0.15717529
255199,0.13197778
255204,0.18262488
255206,0.29919147
255210,0.3825215
255226,0.36506447
255230,0.2921629
255253,0.21048984
255259,0.24742152
255260,0.28704396
255278,0.52107763
255288,0.40656587
255312,0.26745117
255317,0.18703637
255319,0.45842704
255320,0.7461394
255322,0.18734998
255332,0.7269683
255337,0.37943816
255344,0.12438113
255347,0.42523676
255348,0.18635423
255351,0.33565298
255366,0.5506062
255371,0.13478592
255372,0.09420916
255373,0.7516269
255377,0.17018242
255378,0.40866795
255405,0.552659
255408,0.5073292
255425,0.5772241
255434,0.7250297
255441,0.21705538
255442,0.64483416
255451,0.7273329
255486,0.18440673
255490,0.88719624
255493,0.15729272
255501,0.4360651
255503,0.28222692
255515,0.40196002
255522,0.6401616
255526,0.14642902
255538,0.63721967
255541,0.22284894
255546,0.66604704
255549,0.10236079
255557,0.10743815
255564,0.6986222
255568,0.31514302
255572,0.3699548
255581,0.28684953
255585,0.09127702
255586,0.7570018
255596,0.7431129
255598,0.23310998
255600,0.6962957
255619,0.44195923
255620,0.10967982
255623,0.32843888
255631,0.51345193
255632,0.708493
255633,0.659411
255646,0.44190562
255647,0.25372842
255649,0.27533114
255659,0.6510694
255666,0.086259805
255669,0.5821074
255674,0.28862634
255675,0.11457518
255678,0.6784236
255682,0.8796913
255690,0.56567216
255691,0.13691857
255694,0.8052237
255706,0.23227593
255717,0.16581814
255720,0.09518369
255723,0.619391
255724,0.5937702
255729,0.12199366
255731,0.5773355
255733,0.1424244
255734,0.60037744
255738,0.44967115
255760,0.14463562
255766,0.15894149
255770,0.2349409
255772,0.08710279
255775,0.5990318
255776,0.2286077
255786,0.096268564
255795,0.18794331
255797,0.2914151
255810,0.36852422
255813,0.18650782
255829,0.3440477
255830,0.26379618
255832,0.39077854
255847,0.15100148
255853,0.5866417
255876,0.40672457
255881,0.092030615
255883,0.16940972
255891,0.38201743
255899,0.24947129
255900,0.52977055
255906,0.5800033
255907,0.6317279
255911,0.5935861
255921,0.30954453
255925,0.76019996
255930,0.71062607
255941,0.09377004
255948,0.09450165
255969,0.82175595
255973,0.7561047
255974,0.54172236
255976,0.62479216
255977,0.33258787
255978,0.09330437
255981,0.31660593
255988,0.40292862
255990,0.14201452
255992,0.6803646
255998,0.0959324
256015,0.6580921
256016,0.29261467
256036,0.39355558
256045,0.38445768
256050,0.3924471
256066,0.8957601
256076,0.8570816
256080,0.14198332
256083,0.6798718
256086,0.14380741
256103,0.40390882
256108,0.12295062
256114,0.30505687
256115,0.58456814
256139,0.32722566
256141,0.22021638
256146,0.10062624
256150,0.30862048
256177,0.43335372
256179,0.47503516
256194,0.53074074
256195,0.56425625
256200,0.6810256
256204,0.3788744
256205,0.6139691
256213,0.30327725
256222,0.23301493
256224,0.3806453
256235,0.5946422
256264,0.12510397
256268,0.2339669
256276,0.443162
256277,0.19751012
256282,0.13594155
256285,0.15889278
256293,0.24520808
256294,0.25844523
256296,0.77977055
256297,0.13991265
256315,0.15159394
256317,0.30038902
256334,0.8106554
256339,0.1857823
256342,0.8970525
256345,0.5412413
256348,0.643632
256350,0.47005606
256351,0.24106592
256357,0.41201603
256375,0.8310678
256377,0.4585923
256379,0.17441677
256392,0.10997409
256398,0.16400452
256419,0.4273128
256422,0.09770243
256424,0.14217767
256431,0.13367175
256432,0.3558728
256438,0.5495223
256459,0.123296924
256460,0.83550906
256506,0.86278737
256507,0.23004946
256511,0.4034146
256513,0.75353974
256519,0.300304
256533,0.49724615
256539,0.5081355
256590,0.41783947
256606,0.8716138
256614,0.7656415
256642,0.50534475
256644,0.10578471
256653,0.54780674
256663,0.12694843
256666,0.47439215
256669,0.38514474
256678,0.23108584
256685,0.6839511
256705,0.11320201
256708,0.28019062
256713,0.44341874
256715,0.4050035
256718,0.17880368
256745,0.68212086
256752,0.29077908
256753,0.43420002
256754,0.37900305
256763,0.14735703
256772,0.3884864
256773,0.7120048
256774,0.834474
256776,0.86306894
256783,0.46356812
256790,0.3991341
256801,0.8534851
256802,0.8912134
256803,0.69433564
256808,0.16827486
256809,0.61593825
256810,0.4634316
256818,0.3400337
256824,0.1075542
256825,0.3725356
256826,0.09192297
256829,0.23622186
256834,0.55569285
256843,0.8363902
256866,0.83152705
256875,0.23421328
256876,0.3249866
256887,0.29015368
256888,0.3466528
256894,0.31806505
256909,0.22209509
256918,0.6607348
256927,0.41484353
256931,0.13352028
256933,0.747413
256937,0.7099116
256950,0.46082258
256955,0.15310934
256962,0.36819974
256972,0.09897424
256985,0.7379039
256987,0.8104694
256993,0.120168455
257000,0.5379751
257017,0.08877958
257019,0.5586917
257020,0.4362676
257022,0.3936859
257023,0.25367194
257025,0.65408385
257050,0.48339963
257056,0.29198053
257060,0.63117546
257064,0.10587329
257066,0.11564335
257071,0.41809642
257073,0.16775912
257076,0.16537032
257084,0.48081526
257088,0.5423996
257102,0.5682531
257118,0.36540845
257119,0.54183114
257120,0.1256945
257131,0.38213912
257145,0.7509351
257150,0.33185288
257154,0.7084
257169,0.6274068
257192,0.67034274
257200,0.24175666
257204,0.1737594
257205,0.7096695
257213,0.33719963
257216,0.20169884
257219,0.34591457
257232,0.4952572
257234,0.14202416
257244,0.6726878
257251,0.12668122
257255,0.13978572
257260,0.11674801
257263,0.8508753
257267,0.5876473
257277,0.2082217
257293,0.20012851
257294,0.5194895
257304,0.10395592
257307,0.09507088
257312,0.3757345
257324,0.70498514
257325,0.5544363
257326,0.22242893
257353,0.26148483
257354,0.12519449
257369,0.42458606
257372,0.1384048
257375,0.5023277
257388,0.40564305
257393,0.23934636
257395,0.1473578
257399,0.48886913
257406,0.4403808
257409,0.4349954
257437,0.48765567
257441,0.14785717
257442,0.5798999
257473,0.19725014
257476,0.24025634
257477,0.8536972
257483,0.8615228
257500,0.75409126
257506,0.5641953
257508,0.2990926
257511,0.8540856
257514,0.09450948
257527,0.8246763
257528,0.63162893
257545,0.32553923
257546,0.6249466
257548,0.34674022
257551,0.16832496
257564,0.55722404
257565,0.28710002
257567,0.63973993
257572,0.29812375
257575,0.6643069
257577,0.88067496
257578,0.15749383
257585,0.12388591
257589,0.7992652
257590,0.55276185
257594,0.21727207
257596,0.12019402
257614,0.70029104
257618,0.8088457
257624,0.5894441
257632,0.10024359
257638,0.26115763
257644,0.7973002
257650,0.3173685
257653,0.33615592
257660,0.8410553
257663,0.48420915
257665,0.6877415
257677,0.7706399
257678,0.19176707
257690,0.47321552
257700,0.2452593
257711,0.6097105
257712,0.71936136
257715,0.4253406
257718,0.09866832
257720,0.6379694
257740,0.7918764
257748,0.6380793
257765,0.46519554
257768,0.6019167
257777,0.12688686
257778,0.501234
257785,0.41801932
257789,0.56589407
257794,0.56584334
257796,0.27652696
257821,0.25709972
257823,0.86867213
257832,0.30505386
257844,0.8540414
257848,0.57337683
257854,0.2590715
257861,0.7821006
257872,0.32119086
257875,0.33620533
257876,0.3536862
257883,0.21605685
257888,0.11820164
257895,0.5996931
257900,0.19825803
257906,0.108351074
257907,0.66242
257920,0.79344964
257921,0.6119398
257926,0.20551868
257932,0.19987652
257940,0.1047604
257947,0.54183125
257953,0.6188596
257958,0.12961206
257967,0.5996888
257977,0.28071782
257986,0.20998065
258012,0.60119665
258013,0.5257907
258031,0.11864814
258034,0.13876733
258037,0.7913867
258051,0.7404646
258056,0.14164615
258058,0.53290135
258066,0.5614329
258074,0.35894293
258077,0.10235309
258090,0.55850106
258109,0.089677796
258114,0.17134662
258124,0.27688628
258127,0.7332786
258141,0.09135131
258148,0.30638447
258151,0.63185996
258163,0.13474426
258166,0.15205754
258169,0.17346875
258179,0.7256135
258190,0.65772533
258193,0.20225963
258207,0.8999649
258220,0.19476561
258222,0.4899854
258223,0.17183068
258225,0.09044807
258227,0.08987085
258231,0.39151937
258233,0.8447586
258249,0.096291035
258255,0.15318039
258259,0.5364466
258276,0.098112166
258281,0.8745853
258302,0.27104005
258305,0.5381369
258310,0.45828113
258334,0.66257256
258335,0.45116323
258338,0.12796739
258345,0.09971454
258360,0.10615047
258363,0.3418444
258381,0.63787633
258384,0.5897179
258387,0.21147019
258400,0.5815529
258402,0.30382174
258406,0.70461285
258408,0.8162732
258432,0.09289625
258443,0.095210016
258461,0.13327903
258488,0.44334254
258489,0.52121156
258508,0.59941643
258524,0.10051362
258527,0.16291389
258545,0.102046564
258549,0.63179487
258560,0.5464327
258565,0.2515836
258567,0.41702434
258575,0.5307042
258590,0.13420884
258591,0.32841966
258592,0.48793235
258603,0.6009437
258606,0.5010969
258610,0.7341944
258627,0.52350295
258631,0.08759141
258637,0.56312317
258638,0.46882507
258640,0.518468
258645,0.106853895
258651,0.53482574
258652,0.550447
258653,0.39577717
258662,0.6236698
258663,0.15323775
258671,0.20815513
258679,0.2080825
258685,0.2569065
258686,0.7306027
258697,0.09559514
258705,0.8403451
258723,0.85250413
258724,0.123588935
258734,0.114189096
258763,0.45232707
258764,0.19267479
258771,0.34646147
258773,0.25868028
258782,0.5318938
258784,0.09949933
258790,0.54322314
258811,0.42290998
258817,0.2524835
258818,0.5815807
258832,0.6936327
258837,0.7137817
258841,0.6434304
258842,0.09615819
258843,0.46626592
258860,0.19377758
258875,0.33182606
258881,0.20355907
258887,0.091037616
258889,0.3390613
258924,0.5715755
258925,0.81762516
258948,0.1795345
258949,0.262661
258963,0.6293417
258964,0.23557357
258966,0.9137142
258973,0.46931565
258974,0.13285434
258979,0.79651755
258989,0.54323936
258997,0.3249716
259001,0.33487216
259013,0.7769178
259018,0.34526265
259020,0.9129604
259031,0.638846
259044,0.53241116
259050,0.7776066
259064,0.40995142
259078,0.48583135
259088,0.7962918
259124,0.14409116
259125,0.36085418
259135,0.279952
259137,0.5647795
259146,0.22266077
259148,0.86750853
259168,0.40535125
259178,0.30444315
259194,0.16747838
259198,0.21356349
259204,0.263759
259209,0.20791829
259223,0.1283682
259228,0.34024355
259234,0.9113772
259237,0.19423784
259246,0.26561582
259247,0.13457231
259249,0.3366757
259264,0.27905327
259274,0.40930054
259281,0.7071059
259283,0.61108166
259284,0.33093527
259285,0.27339092
259286,0.1620429
259291,0.72537565
259304,0.17225029
259309,0.2970237
259322,0.10658691
259323,0.8386146
259331,0.5610407
259339,0.185364
259344,0.38620326
259350,0.6519881
259353,0.29063356
259356,0.44835058
259365,0.779954
259377,0.61760724
259397,0.122009076
259403,0.5240765
259411,0.14279501
259415,0.2627789
259420,0.5009615
259423,0.6641809
259424,0.3386116
259431,0.15916984
259434,0.4651792
259438,0.7076
259439,0.30317295
259441,0.0854526
259452,0.27265623
259460,0.30759773
259471,0.40450102
259483,0.48680612
259494,0.12134667
259496,0.3063138
259500,0.710022
259512,0.34230477
259526,0.1632807
259528,0.53279054
259548,0.23979716
259568,0.37706414
259593,0.511095
259603,0.4134943
259611,0.16373056
259620,0.65038556
259621,0.90684694
259623,0.5793296
259633,0.2763719
259648,0.13661286
259678,0.17086144
259691,0.08571961
259693,0.34977365
259708,0.51583105
259720,0.5288742
259734,0.13632427
259741,0.27330408
259749,0.257406
259750,0.091692366
259752,0.08529287
259755,0.38271087
259759,0.4770749
259776,0.21823972
259779,0.5631116
259790,0.41187423
259797,0.11517943
259799,0.31988046
259804,0.5097844
259807,0.5311609
259810,0.5766127
259811,0.85169095
259822,0.120966375
259833,0.31669992
259838,0.12971734
259844,0.76200485
259846,0.63342315
259848,0.3941595
259861,0.6198847
259867,0.15276885
259876,0.54575545
259880,0.32220182
259897,0.6358012
259908,0.54307216
259912,0.18217427
259920,0.57598764
259922,0.11927699
259928,0.39485213
259932,0.09367112
259946,0.12374193
259962,0.8235495
259982,0.1688128
259985,0.22264504
259994,0.36469692
259996,0.7671459
260000,0.2819944
260007,0.862102
260018,0.41780797
260021,0.49472326
260038,0.19615403
260051,0.78501534
260052,0.19078484
260070,0.1959282
260074,0.26697573
260080,0.28271142
260092,0.22276746
260097,0.09460691
260101,0.08757415
260108,0.107170634
260117,0.33040792
260129,0.31418803
260142,0.10957874
260145,0.23248723
260146,0.4593712
260147,0.49016732
260148,0.80585086
260153,0.22890618
260156,0.10352583
260171,0.15503922
260202,0.08818293
260221,0.65386355
260222,0.63850206
260226,0.81167394
260227,0.60709727
260247,0.20756914
260251,0.1614855
260261,0.10920099
260264,0.19730899
260266,0.15863869
260268,0.6338065
260289,0.41365764
260301,0.23390213
260316,0.24741688
260348,0.40906376
260359,0.54586864
260364,0.6537839
260391,0.65296835
260422,0.48951003
260435,0.23536764
260438,0.5072706
260446,0.13848153
260447,0.76733756
260458,0.4251779
260461,0.78593516
260469,0.33743098
260471,0.42431736
260482,0.8570448
260484,0.3195419
260487,0.51704097
260489,0.3769675
260500,0.6268836
260508,0.1057362
260509,0.679226
260512,0.650474
260525,0.20621057
260530,0.29465854
260533,0.3817951
260538,0.69119626
260541,0.90048313
260546,0.46109262
260551,0.10335775
260556,0.8689257
260561,0.22143865
260566,0.10402616
260572,0.2849612
260579,0.62014866
260582,0.7554059
260583,0.23858336
260584,0.5943482
260586,0.41532466
260589,0.47638467
260608,0.471881
260632,0.1855584
260634,0.20578064
260635,0.8543094
260645,0.42425653
260659,0.1984011
260665,0.7031155
260673,0.42857215
260675,0.6262242
260676,0.40713826
260700,0.8625433
260721,0.8979687
260723,0.6773166
260732,0.095371105
260738,0.1219178
260748,0.37892523
260782,0.40123373
260806,0.34061587
260820,0.44947383
260825,0.69596463
260830,0.36231637
260844,0.24542113
260858,0.50928587
260860,0.3782649
260863,0.59517694
260867,0.21879648
260875,0.16059661
260877,0.8052527
260902,0.7731606
260910,0.23667066
260913,0.16176774
260923,0.267537
260926,0.8846582
260936,0.17408209
260937,0.8897316
260948,0.69757795
260949,0.40003297
260959,0.41336608
260962,0.83711
260986,0.6617577
260988,0.1009354
260992,0.7301135
260997,0.14649476
261007,0.26591882
261031,0.11716329
261039,0.72244495
261044,0.34873128
261055,0.38273937
261058,0.70713705
261069,0.3460585
261079,0.51097447
261084,0.09167601
261097,0.65724456
261101,0.21730709
261111,0.7035513
261115,0.32827282
261116,0.76850903
261121,0.191369
261124,0.43405667
261126,0.2986488
261132,0.22040918
261161,0.09186515
261162,0.21814346
261175,0.30857155
261187,0.33917078
261191,0.40841988
261195,0.2111216
261197,0.6142909
261204,0.4241484
261231,0.1289446
261248,0.22236808
261263,0.5852296
261268,0.73888475
261273,0.6356285
261274,0.26336992
261277,0.665892
261283,0.12885773
261293,0.23620076
261302,0.83716816
261309,0.23502073
261318,0.16435888
261340,0.6747818
261346,0.3888557
261355,0.31874517
261357,0.4631363
261365,0.5505628
261366,0.701288
261376,0.19758709
261380,0.4670509
261385,0.90700155
261403,0.39543277
261416,0.67973644
261424,0.34271485
261425,0.3488841
261431,0.09708333
261433,0.18716335
261435,0.58335
261440,0.31990713
261450,0.09146997
261456,0.8421207
261464,0.63448054
261465,0.3674206
261473,0.13368723
261475,0.43057823
261476,0.66812646
261480,0.121379174
261481,0.19291538
261495,0.5246858
261500,0.19363578
261506,0.19772658
261544,0.19059698
261551,0.16355069
261566,0.86791927
261573,0.64817846
261587,0.38645867
261592,0.1576947
261594,0.16843213
261626,0.19138484
261635,0.12956639
261649,0.13999072
261653,0.27859506
261660,0.49494612
261668,0.30880064
261669,0.39399844
261676,0.32937148
261688,0.44447848
261691,0.20125161
261699,0.16159166
261704,0.47380054
261718,0.86730564
261719,0.28679213
261735,0.10788263
261742,0.117134355
261746,0.8902536
261749,0.27314487
261759,0.620377
261763,0.24370192
261772,0.20826243
261795,0.5039892
261798,0.37454158
261804,0.10702315
261806,0.39076883
261813,0.73512936
261814,0.41274017
261827,0.09054544
261835,0.17144772
261839,0.4830726
261840,0.4599628
261845,0.20660934
261846,0.15781479
261850,0.23560028
261853,0.12585379
261870,0.6244105
261871,0.30159226
261883,0.61945367
261885,0.36928335
261888,0.5950268
261892,0.096932165
261895,0.21973641
261906,0.15597917
261912,0.75036705
261918,0.16026057
261926,0.16147558
261930,0.10262677
261947,0.35325983
261956,0.17690845
261958,0.50289947
261960,0.65402335
261961,0.85878074
261965,0.43684977
261967,0.89333063
261968,0.09716848
261974,0.31086323
261980,0.6722061
261981,0.5503387
261983,0.14461082
261992,0.45917624
261998,0.24044013
262002,0.3181398
262006,0.5840969
262014,0.105209164
262017,0.29013252
262021,0.85692644
262038,0.48744655
262040,0.3056557
262043,0.45280743
262052,0.5894893
262054,0.29320937
262056,0.13068004
262058,0.099207774
262062,0.8138204
262065,0.59386396
262067,0.28709728
262070,0.38617915
262078,0.25317493
262084,0.37644026
262091,0.9112144
262092,0.57236785
262112,0.5085733
262114,0.37307212
262132,0.1830342
262140,0.8624672
262152,0.60110235
262159,0.19610581
262172,0.6219267
262180,0.29459295
262181,0.26765028
262188,0.8182065
262202,0.3328843
262206,0.32270432
262213,0.6407683
262227,0.43399107
262239,0.54455715
262243,0.16592401
262246,0.378553
262251,0.3806402
262269,0.119541995
262272,0.21953121
262276,0.6117091
262277,0.41349933
262278,0.7485976
262281,0.110343575
262298,0.39921457
262308,0.116424285
262316,0.09438007
262320,0.089898266
262321,0.73934835
262337,0.7325773
262354,0.7688073
262362,0.24268335
262364,0.12535664
262365,0.13714632
262372,0.28761894
262373,0.14361125
262380,0.22670504
262392,0.56712633
262399,0.29955685
262407,0.75522196
262418,0.6986379
262429,0.63540787
262430,0.09983504
262446,0.68801636
262455,0.087421894
262459,0.64290434
262475,0.313556
262478,0.70482606
262492,0.27136794
262520,0.16516976
262535,0.61788553
262537,0.09472196
262538,0.5198143
262541,0.097206265
262554,0.73399556
262559,0.3149595
262561,0.45770422
262562,0.116305426
262575,0.7700254
262576,0.54745173
262579,0.1280216
262581,0.8587473
262590,0.39911208
262599,0.18095535
262607,0.31215185
262608,0.21392617
262613,0.5346994
262620,0.38470656
262621,0.8902587
262622,0.37863964
262623,0.5950218
262629,0.26756167
262633,0.4033671
262650,0.17515862
262655,0.58053356
262659,0.27085203
262660,0.7867699
262663,0.4085934
262665,0.42670095
262666,0.3299987
262679,0.24879049
262681,0.59201473
262702,0.2896773
262705,0.41164723
262716,0.21075362
262725,0.8104277
262732,0.1438448
262743,0.095328204
262749,0.33167142
262752,0.6354545
262756,0.44896114
262758,0.6770649
262772,0.67712235
262784,0.5552051
262791,0.27063355
262793,0.7853147
262802,0.862852
262814,0.7422835
262817,0.36509913
262820,0.1345383
262827,0.6197934
262832,0.17432621
262845,0.22284113
262847,0.2162709
262859,0.4294564
262862,0.846247
262864,0.47508284
262865,0.7541862
262887,0.091408454
262914,0.14837001
262939,0.20031701
262943,0.66214657
262958,0.53772664
262963,0.365591
262970,0.41638565
262979,0.6185196
262986,0.18560816
263004,0.15729508
263015,0.17480423
263016,0.28922567
263028,0.48390526
263029,0.81143445
263031,0.10383787
263044,0.26703238
263046,0.6360927
263056,0.54288065
263059,0.29505825
263061,0.84748256
263077,0.4339387
263087,0.34367722
263105,0.6444566
263116,0.58746874
263120,0.26920208
263127,0.9153591
263137,0.75701
263166,0.23026659
263175,0.55154645
263184,0.3589895
263185,0.47468582
263205,0.2740334
263208,0.42133656
263210,0.73174375
263220,0.38171956
263224,0.645009
263228,0.122021824
263240,0.24770983
263243,0.7473247
263288,0.16878887
263290,0.45239753
263306,0.15993126
263312,0.18115787
263319,0.23787838
263326,0.08833592
263331,0.32516775
263339,0.56101644
263347,0.17312486
263353,0.27638736
263355,0.622135
263368,0.7355
263408,0.5002072
263414,0.2825046
263421,0.26410487
263440,0.113532
263458,0.21583775
263460,0.33973062
263475,0.36198947
263477,0.55070615
263479,0.12476361
263489,0.75445837
263492,0.53006536
263493,0.4011233
263498,0.37810132
263510,0.23934148
263513,0.47127667
263514,0.21741828
263517,0.6896333
263518,0.1169349
263548,0.17733304
263561,0.6891833
263564,0.17826492
263565,0.506732
263576,0.14824948
263580,0.67848474
263582,0.09546235
263584,0.11415562
263593,0.8116633
263594,0.48907518
263598,0.37819064
263602,0.4759185
263611,0.104211345
263640,0.85867804
263642,0.20144667
263643,0.49132127
263646,0.37379158
263658,0.2912084
263664,0.118988834
263683,0.20998897
263703,0.3529891
263705,0.42945012
263709,0.08864182
263715,0.091746874
263728,0.5515311
263732,0.28996283
263735,0.42088085
263748,0.46505004
263750,0.1252291
263751,0.46939158
263759,0.16205525
263763,0.11469246
263765,0.087460056
263780,0.18525146
263783,0.49590513
263786,0.44830415
263794,0.3938571
263799,0.2580446
263802,0.7024734
263803,0.65933007
263820,0.5900651
263846,0.4886901
263857,0.11028877
263858,0.12531641
263860,0.8460862
263864,0.5950525
263870,0.09843112
263879,0.23358788
263881,0.47037217
263882,0.09817079
263895,0.3637424
263909,0.7835603
263918,0.3739598
263940,0.49504197
263945,0.10600075
263946,0.5640176
263947,0.22845744
263948,0.1600062
263962,0.63587344
263972,0.88815117
263974,0.08910238
263981,0.36304933
263984,0.34270027
263992,0.833822
264001,0.20733196
264007,0.5610451
264010,0.14444052
264011,0.88681835
264015,0.10790636
264023,0.6406707
264030,0.4209082
264033,0.11182313
264037,0.16602722
264043,0.22567391
264044,0.49568838
264045,0.8821205
264050,0.2186923
264055,0.55400646
264059,0.1547304
264060,0.60530794
264062,0.54689944
264069,0.32668582
264077,0.2178459
264078,0.09562525
264087,0.23322059
264094,0.7419638
264095,0.8370329
264112,0.46172994
264113,0.79082924
264131,0.10820122
264145,0.3037121
264148,0.21797739
264157,0.6933931
264161,0.19863291
264173,0.73053086
264188,0.26087597
264195,0.44134653
264198,0.43653202
264199,0.1316916
264207,0.40425694
264209,0.17388308
264226,0.0884813
264227,0.5702901
264243,0.59464365
264246,0.88102543
264252,0.12545219
264254,0.42472193
264259,0.44554392
264274,0.32336318
264280,0.88135546
264285,0.45156407
264299,0.3477558
264331,0.29324472
264334,0.101968795
264338,0.4037735
264341,0.17720833
264344,0.7161184
264347,0.87730205
264350,0.5005364
264360,0.1546443
264365,0.34792084
264367,0.2689518
264378,0.5298108
264381,0.74795663
264397,0.3971294
264401,0.65364224
264405,0.17605251
264417,0.60758096
264422,0.29612243
264423,0.61687666
264424,0.20576912
264436,0.90270585
264441,0.21971154
264451,0.16830051
264453,0.30186582
264457,0.29869446
264460,0.16864587
264464,0.5176327
264469,0.5643624
264485,0.14367875
264491,0.38609865
264505,0.11137429
264535,0.57091737
264538,0.49264446
264541,0.20989777
264544,0.26730156
264545,0.5846241
264549,0.6330999
264557,0.7327606
264563,0.25936058
264569,0.11547842
264574,0.5719291
264587,0.6449522
264608,0.5120711
264610,0.7306339
264621,0.14318709
264627,0.39444166
264642,0.5022342
264644,0.12601002
264655,0.35121328
264660,0.23714162
264667,0.38623804
264691,0.3155751
264694,0.69074017
264695,0.15282278
264700,0.15499066
264709,0.10542056
264712,0.556558
264714,0.22641528
264722,0.17302983
264728,0.30537587
264742,0.33497337
264744,0.46236435
264748,0.10001804
264760,0.40679833
264763,0.81670886
264771,0.52643406
264773,0.09077242
264782,0.8830945
264786,0.5435497
264787,0.3989752
264809,0.30693612
264811,0.2056147
264822,0.41165167
264823,0.81774133
264831,0.12920448
264834,0.5979849
264841,0.25870836
264848,0.7135753
264849,0.836451
264863,0.8495759
264867,0.103299245
264874,0.568672
264875,0.12180371
264877,0.45086828
264897,0.74830836
264900,0.80564356
264906,0.13213578
264909,0.60822845
264913,0.09697539
264922,0.2536784
264924,0.1258559
264927,0.73659074
264935,0.3994137
264938,0.8555236
264968,0.15347837
264975,0.49713898
264979,0.17826772
264989,0.36846557
265001,0.5557391
265009,0.634677
265014,0.33867234
265016,0.29542997
265027,0.8547484
265049,0.23746245
265061,0.79839224
265062,0.22823411
265068,0.14459428
265072,0.5764645
265100,0.14491266
265105,0.31319055
265106,0.3603439
265110,0.14945559
265123,0.35282898
265126,0.8916366
265131,0.49033403
265134,0.31745866
265144,0.45770058
265146,0.7749183
265154,0.53233546
265164,0.59895545
265170,0.32602456
265172,0.09578762
265173,0.20087147
265178,0.40387908
265187,0.60274523
265191,0.3952637
265194,0.88797414
265216,0.12746464
265228,0.115339875
265231,0.11052338
265232,0.19238678
265233,0.27700806
265242,0.3835581
265243,0.4050625
265246,0.19237505
265259,0.7591411
265265,0.8415346
265266,0.28785875
265268,0.8395343
265280,0.1056583
265287,0.1234238
265297,0.26179624
265298,0.7875614
265300,0.424915
265301,0.5861536
265305,0.8694447
265307,0.28616184
265314,0.2607639
265320,0.16905065
265331,0.35839877
265333,0.5596496
265336,0.106623836
265337,0.6272148
265344,0.3147008
265346,0.09066319
265371,0.10514979
265380,0.29741254
265386,0.123446755
265389,0.34186187
265409,0.7342872
265414,0.3896644
265415,0.26021367
265419,0.09380721
265422,0.40517962
265457,0.59958065
265461,0.56209874
265463,0.790557
265468,0.75777584
265474,0.6314067
265478,0.14258042
265480,0.8952303
265488,0.34645253
265493,0.5866984
265510,0.6896428
265519,0.5406657
265521,0.7978068
265529,0.50326836
265533,0.6268714
265577,0.32583293
265591,0.38423663
265596,0.8530828
265607,0.38747352
265618,0.5073349
265619,0.20186588
265620,0.23192991
265628,0.56982034
265661,0.25083518
265669,0.19003646
265680,0.67846876
265707,0.6363366
265714,0.2366394
265716,0.19682734
265717,0.6731357
265718,0.70084536
265723,0.54469466
265730,0.52162886
265732,0.2720841
265744,0.7725345
265751,0.60697484
265760,0.7118067
265777,0.5343019
265783,0.53192884
265791,0.61811715
265792,0.31947318
265797,0.6174638
265798,0.20352544
265806,0.5106229
265815,0.3665609
265816,0.775053
265821,0.16387045
265833,0.09437098
265854,0.13823876
265856,0.5448237
265858,0.21015872
265862,0.8046535
265863,0.17395183
265879,0.53701967
265881,0.095327646
265894,0.50958246
265895,0.91273147
265896,0.4134889
265898,0.2545184
265900,0.45688596
265907,0.096070714
265910,0.6391935
265917,0.28315952
265941,0.45097348
265955,0.14243035
265957,0.6166594
265961,0.22398987
265966,0.12255765
265969,0.802073
265974,0.6646745
265976,0.22253495
265979,0.75215393
265985,0.47043854
265988,0.40646127
265990,0.44994485
265991,0.309339
265993,0.25475782
265995,0.83972704
266009,0.701046
266010,0.37918225
266014,0.7750132
266020,0.35748222
266022,0.6233901
266029,0.5147705
266045,0.12912226
266057,0.8745115
266060,0.71153486
266065,0.2791332
266071,0.18740103
266072,0.17994936
266074,0.23191246
266076,0.24042663
266089,0.44688535
266091,0.14571026
266097,0.40468997
266099,0.5075797
266106,0.7778917
266117,0.35792622
266120,0.43345538
266129,0.17002395
266132,0.5641246
266139,0.82376677
266140,0.41823536
266141,0.5248325
266146,0.86305404
266149,0.22261387
266159,0.10364647
266165,0.1682306
266171,0.82620436
266173,0.27440205
266177,0.49137634
266179,0.44562238
266186,0.10724478
266210,0.7947472
266227,0.18332806
266266,0.13719808
266291,0.44145253
266319,0.7509314
266321,0.18771455
266323,0.113130175
266329,0.32147333
266331,0.4206395
266333,0.85444605
266334,0.51189053
266338,0.24238585
266340,0.45599392
266344,0.61922914
266354,0.19746915
266359,0.5544604
266362,0.60891825
266364,0.13593552
266365,0.47971207
266379,0.37954754
266380,0.46283552
266387,0.17323558
266393,0.29509908
266396,0.115513995
266406,0.16579674
266418,0.83388585
266424,0.12205317
266440,0.55112654
266442,0.14532968
266444,0.49302277
266453,0.7697603
266455,0.39325517
266461,0.18021701
266462,0.20483692
266465,0.35327816
266466,0.6463199
266468,0.9058145
266471,0.5174303
266479,0.3268898
266499,0.739267
266536,0.6460293
266543,0.31035247
266544,0.18112278
266556,0.6523372
266561,0.2272432
266573,0.3686415
266578,0.35496262
266590,0.58050895
266596,0.3752097
266624,0.67503226
266629,0.1357253
266635,0.11950235
266644,0.0978987
266650,0.42528582
266659,0.5885815
266666,0.4919857
266668,0.21708272
266674,0.6628743
266680,0.44652614
266686,0.47014052
266714,0.5144867
266730,0.1751663
266734,0.6439147
266740,0.876131
266745,0.20260525
266749,0.4224539
266750,0.088910766
266751,0.5879242
266752,0.56937575
266753,0.23424171
266759,0.5329186
266763,0.19662237
266766,0.19300461
266783,0.28509524
266805,0.09419951
266812,0.2202222
266813,0.6699097
266816,0.429962
266819,0.47542068
266820,0.9017284
266833,0.34220082
266842,0.5686118
266847,0.2462006
266848,0.11156098
266865,0.6814964
266867,0.75588995
266874,0.35451585
266885,0.48438692
266888,0.16849963
266890,0.74093205
266932,0.4001991
266941,0.70959914
266942,0.20763548
266948,0.22841369
266959,0.086709976
266977,0.15027343
266983,0.18453108
266984,0.5913875
266999,0.74673676
267000,0.5678561
267023,0.83920974
267031,0.5803447
267035,0.25634646
267046,0.25019836
267050,0.3121195
267058,0.29643336
267070,0.45494998
267079,0.25830084
267080,0.3642736
267093,0.6080765
267094,0.45092648
267102,0.0994845
267107,0.13642284
267108,0.6107812
267113,0.1722486
267127,0.49583933
267136,0.46346703
267143,0.102952205
267155,0.70460474
267180,0.09574478
267182,0.41427517
267184,0.15243351
267192,0.44424555
267195,0.67561734
267220,0.1730238
267228,0.094999254
267237,0.66113555
267241,0.5027993
267242,0.8477423
267247,0.4016804
267259,0.44982603
267260,0.6385494
267265,0.5245265
267269,0.77042687
267272,0.25207344
267275,0.2522244
267282,0.766133
267284,0.8214693
267294,0.40737528
267298,0.38006577
267304,0.7331649
267316,0.5400933
267324,0.3529465
267327,0.3078264
267333,0.11819962
267338,0.2681077
267341,0.481064
267342,0.4036018
267344,0.6516244
267345,0.6877706
267347,0.1580382
267361,0.72350025
267374,0.1648484
267379,0.27913997
267380,0.18739794
267382,0.22380784
267394,0.34907615
267403,0.6730905
267405,0.6462338
267412,0.1534391
267421,0.7901851
267437,0.31048626
267438,0.36907408
267443,0.10312919
267446,0.24785167
267460,0.7968665
267466,0.77702177
267469,0.1335394
267474,0.30031306
267488,0.22427034
267490,0.11871929
267496,0.664967
267499,0.53111535
267501,0.40001252
267518,0.5853946
267522,0.8751451
267524,0.37933508
267532,0.37481737
267535,0.8315754
267547,0.16477974
267550,0.105140366
267559,0.5554721
267581,0.17923638
267586,0.41966054
267588,0.897892
267592,0.4711455
267597,0.21255817
267600,0.13853846
267608,0.10047803
267620,0.29075873
267625,0.46854252
267628,0.47713763
267633,0.46785218
267639,0.3810177
267649,0.5088202
267659,0.6238117
267662,0.62168735
267671,0.27969396
267672,0.13891712
267677,0.45134038
267679,0.65935546
267682,0.21795766
267687,0.530596
267689,0.1008117
267690,0.31135023
267707,0.38374874
267709,0.19452964
267716,0.120225996
267738,0.31051904
267744,0.66327256
267752,0.2176728
267754,0.6187698
267755,0.79817283
267757,0.5192454
267758,0.6077483
267767,0.74062335
267771,0.14182603
267808,0.79344094
267815,0.73448646
267833,0.56135434
267841,0.29499233
267843,0.16508394
267847,0.11531088
267857,0.10873838
267869,0.76571316
267881,0.786439
267887,0.5737859
267890,0.13177867
267892,0.82128876
267895,0.3673268
267899,0.53623396
267906,0.29114568
267912,0.6327185
267917,0.6297861
267927,0.16151391
267930,0.15446289
267934,0.33827016
267950,0.19724879
267965,0.465816
267966,0.18908809
267976,0.16706365
267998,0.21200262
267999,0.20203586
268012,0.407478
268013,0.7326532
268014,0.19616847
268020,0.15451835
268028,0.68250054
268032,0.46888837
268039,0.1776265
268041,0.21606585
268046,0.24719046
268059,0.44782215
268064,0.6993291
268066,0.4958786
268073,0.8452889
268077,0.17541769
268085,0.13463458
268090,0.69752514
268109,0.6509813
268139,0.50380605
268151,0.29600638
268153,0.36471266
268155,0.8917937
268163,0.29103175
268166,0.129185
268185,0.1155224
268189,0.26646394
268190,0.1663432
268192,0.4447967
268211,0.54318976
268213,0.37599906
268214,0.106515706
268220,0.3960859
268225,0.20183806
268227,0.73543197
268230,0.35542214
268247,0.88388
268250,0.44746518
268268,0.5875237
268269,0.1671398
268271,0.6831858
268274,0.6944628
268280,0.6384526
268291,0.71115714
268299,0.2235129
268301,0.43698743
268306,0.29749757
268307,0.5079626
268310,0.20861782
268317,0.752148
268328,0.18454224
268329,0.08710638
268337,0.5036175
268338,0.123138614
268357,0.101997495
268363,0.58155584
268373,0.10432108
268380,0.3791719
268386,0.34431168
268394,0.15948987
268407,0.14020175
268411,0.7384201
268417,0.25508067
268421,0.848328
268422,0.6860238
268426,0.5168653
268427,0.43339616
268439,0.792785
268445,0.33382183
268446,0.23856631
268459,0.44762227
268465,0.70721686
268466,0.19388784
268495,0.16676788
268497,0.3024302
268504,0.7542272
268508,0.550631
268513,0.8127409
268525,0.26915935
268545,0.28221503
268546,0.26213703
268550,0.33789113
268568,0.13423288
268570,0.79777986
268590,0.4189619
268591,0.71638465
268602,0.1794041
268609,0.20474091
268616,0.1047689
268623,0.6414223
268645,0.7451146
268652,0.6008109
268668,0.7238274
268685,0.103176415
268707,0.19707964
268711,0.63586336
268714,0.1707302
268736,0.271395
268746,0.76310724
268747,0.2965245
268749,0.6025775
268760,0.643286
268761,0.09524241
268764,0.85486984
268781,0.101485714
268790,0.61722016
268799,0.18704662
268809,0.5326056
268814,0.47085088
268817,0.22287631
268822,0.0905101
268827,0.47644436
268828,0.37472704
268829,0.52939385
268845,0.6308792
268853,0.10204678
268859,0.10643679
268900,0.08969732
268911,0.104616895
268913,0.74251497
268917,0.80979615
268930,0.4321842
268934,0.12442332
268935,0.5622621
268938,0.31563973
268948,0.18915315
268950,0.4309152
268958,0.119788684
268975,0.32837817
268982,0.36055014
268983,0.49230886
268997,0.2911117
269009,0.37150592
269012,0.57816225
269017,0.7541539
269031,0.4047414
269038,0.82677305
269041,0.57155067
269045,0.48120743
269050,0.18722634
269056,0.1854242
269058,0.31126532
269060,0.3009496
269067,0.653085
269082,0.50729966
269098,0.62158674
269105,0.16173233
269117,0.5665998
269123,0.62519985
269128,0.5214549
269143,0.32991976
269149,0.44379953
269162,0.68465215
269168,0.32053626
269172,0.7061969
269175,0.8638417
269189,0.474346
269194,0.39631778
269197,0.49298164
269204,0.52798307
269211,0.10828973
269217,0.8438812
269222,0.34208682
269227,0.15458378
269228,0.39575598
269232,0.6360266
269250,0.71151805
269251,0.15359764
269257,0.7770489
269262,0.1321814
269263,0.5842439
269267,0.186609
269275,0.35934258
269276,0.12000178
269279,0.14127402
269293,0.8711916
269300,0.5718352
269305,0.34328595
269309,0.18320566
269317,0.6208869
269352,0.85333264
269377,0.6242754
269378,0.31329918
269389,0.357426
269392,0.34974056
269394,0.2882161
269402,0.75068504
269408,0.12471087
269410,0.20988505
269417,0.42384917
269421,0.85108036
269462,0.48450595
269481,0.22448458
269488,0.83805877
269489,0.22361816
269491,0.46968752
269495,0.2523694
269503,0.1048935
269510,0.6557624
269515,0.7978725
269522,0.24211131
269523,0.37285876
269536,0.21189852
269537,0.43455285
269549,0.09807436
269571,0.75201905
269576,0.12501267
269587,0.53043705
269595,0.36799017
269601,0.57069296
269610,0.86314505
269618,0.1278993
269620,0.59035087
269623,0.3455002
269637,0.45656383
269642,0.18357097
269652,0.2541115
269655,0.15359338
269661,0.59404314
269663,0.70018715
269665,0.09603241
269666,0.43681148
269667,0.14512792
269673,0.4726853
269693,0.32943502
269701,0.35196912
269702,0.3547256
269704,0.78225315
269718,0.34725308
269727,0.10735045
269732,0.34902066
269736,0.30252478
269738,0.32111928
269741,0.2324931
269744,0.15817094
269749,0.7943917
269750,0.3804434
269758,0.3975576
269775,0.52200335
269776,0.27480054
269777,0.7022984
269789,0.14059214
269794,0.43421662
269797,0.37175736
269807,0.8135831
269813,0.3753313
269844,0.540616
269848,0.52571166
269871,0.14380102
269877,0.115346976
269878,0.547404
269887,0.27226746
269904,0.1871461
269913,0.8934903
269938,0.74069655
269941,0.74160415
269953,0.85885334
269954,0.13919221
269955,0.30096516
269958,0.53627634
269960,0.33294955
269966,0.28377375
269975,0.4917854
269978,0.32223868
269989,0.5400678
269993,0.22770506
269998,0.14157693
270001,0.5344844
270020,0.2893284
270023,0.45510325
270028,0.3454017
270048,0.52737206
270061,0.47205138
270062,0.7649717
270096,0.8690348
270108,0.21818465
270118,0.2646062
270120,0.5238453
270122,0.1592164
270127,0.66869897
270131,0.344142
270142,0.124415934
270146,0.27645138
270148,0.2755301
270152,0.10490997
270165,0.12939951
270170,0.18208584
270188,0.12574174
270204,0.7630705
270235,0.34134656
270243,0.8639006
270254,0.35368186
270265,0.2014479
270270,0.7080732
270287,0.3110761
270295,0.16297376
270296,0.104849115
270302,0.32313874
270304,0.7896471
270307,0.13881575
270310,0.60183644
270317,0.18204457
270324,0.5698968
270326,0.3826061
270337,0.13320805
270363,0.6487941
270371,0.14002173
270373,0.2536802
270375,0.15386397
270376,0.55276173
270379,0.1834553
270383,0.8779607
270390,0.21910998
270393,0.35243717
270402,0.14669026
270410,0.6765079
270411,0.14000826
270412,0.6737823
270415,0.34853092
270417,0.732229
270436,0.5574896
270440,0.19093654
270449,0.22163202
270450,0.6551616
270457,0.60465384
270460,0.2931228
270461,0.13430853
270467,0.11263783
270473,0.4290518
270486,0.6914142
270488,0.53036654
270513,0.43801758
270518,0.41234395
270522,0.20925781
270526,0.21048875
270532,0.34729233
270545,0.8247588
270548,0.64401054
270550,0.09712002
270562,0.76334715
270564,0.10927974
270571,0.43934318
270572,0.69927394
270574,0.62761
270575,0.7207521
270579,0.4240897
270612,0.8207008
270613,0.8235431
270622,0.14201643
270636,0.3400502
270643,0.24627803
270644,0.092479646
270645,0.33164918
270658,0.6535122
270661,0.17940718
270665,0.51657903
270676,0.829865
270685,0.28979078
270695,0.52867436
270712,0.25947636
270719,0.33373457
270740,0.17759217
270753,0.21025872
270756,0.37628233
270759,0.72623825
270760,0.15678337
270764,0.6592008
270767,0.21131147
270778,0.08810931
270782,0.78110373
270794,0.8598526
270795,0.78852564
270799,0.25358558
270807,0.5784989
270821,0.31615672
270826,0.33619133
270829,0.19675109
270831,0.1744528
270843,0.5351084
270844,0.7857719
270847,0.2792389
270854,0.093097456
270856,0.53535
270861,0.16285966
270862,0.31419587
270864,0.7178981
270881,0.26853168
270883,0.53684604
270885,0.8835751
270888,0.34363255
270894,0.09493704
270906,0.3806925
270914,0.28382033
270919,0.4584574
270935,0.3103486
270945,0.57991767
270957,0.5637145
270966,0.39875412
270970,0.69608074
270971,0.6231852
270976,0.44880822
270977,0.9066132
270978,0.1252576
270979,0.2506352
270982,0.40394768
270987,0.5828803
270989,0.42390025
270991,0.49644676
270992,0.115986556
270993,0.123273216
270997,0.857627
271010,0.9058778
271025,0.30993015
271037,0.25984436
271038,0.15841383
271054,0.28864318
271056,0.6800844
271065,0.1533126
271070,0.33212253
271095,0.18452007
271099,0.10337807
271102,0.17748986
271103,0.64374584
271105,0.7919575
271106,0.5689141
271117,0.396093
271134,0.6927498
271135,0.6859831
271137,0.7489047
271145,0.6438467
271149,0.5469171
271195,0.16858555
271199,0.7158102
271200,0.75202733
271220,0.42644933
271233,0.54470426
271234,0.4787088
271236,0.55023843
271248,0.16961257
271250,0.82416284
271251,0.22086148
271255,0.35606012
271261,0.27266902
271269,0.23264202
271276,0.2298743
271296,0.78290164
271304,0.7233794
271314,0.08834098
271318,0.12506096
271322,0.100355685
271325,0.25614372
271354,0.51017654
271355,0.16191821
271359,0.20482521
271361,0.29783309
271363,0.9008247
271367,0.792846
271368,0.32635385
271369,0.13802615
271393,0.83442974
271409,0.41161466
271415,0.40106523
271418,0.75323075
271429,0.54696476
271431,0.20093824
271432,0.7980599
271442,0.51175404
271446,0.64332956
271448,0.4052778
271450,0.8787245
271452,0.14657159
271460,0.45177865
271461,0.6325125
271472,0.5722801
271496,0.32045275
271515,0.3484168
271527,0.60146564
271537,0.3899657
271544,0.4312039
271562,0.4727957
271565,0.30765143
271566,0.7961468
271567,0.45909265
271570,0.7599692
271576,0.561792
271582,0.70467174
271586,0.4621786
271593,0.4574855
271598,0.24384643
271606,0.22507125
271607,0.14404275
271616,0.8581794
271617,0.38732395
271624,0.43081266
271638,0.27435443
271652,0.14404966
271657,0.106679894
271662,0.33788443
271665,0.51445293
271667,0.16841085
271670,0.22673503
271675,0.4543765
271679,0.7123998
271682,0.5293903
271696,0.4810183
271699,0.088201985
271733,0.2964256
271739,0.17680366
271746,0.093657814
271753,0.39148498
271756,0.6136579
271762,0.38250077
271777,0.16804928
271781,0.08682433
271785,0.24341278
271786,0.3180876
271790,0.23644002
271801,0.4844644
271806,0.17455149
271807,0.57983655
271810,0.40112308
271811,0.31004062
271815,0.4839638
271847,0.10448823
271875,0.46656692
271878,0.48250827
271880,0.5802671
271883,0.3415882
271911,0.7432797
271912,0.39583933
271914,0.48718134
271922,0.51553303
271933,0.34898052
271945,0.4895882
271952,0.13155854
271954,0.5794077
271961,0.35270023
271967,0.19757082
271969,0.2650852
271980,0.59418774
271989,0.22715752
271991,0.6282826
272000,0.33662325
272004,0.8072041
272010,0.49518117
272013,0.6903355
272029,0.6177674
272030,0.29835117
272031,0.17392382
272035,0.08690966
272040,0.83972245
272043,0.3114451
272055,0.64395463
272068,0.4252909
272075,0.8688159
272081,0.11879477
272090,0.25103936
272104,0.11066625
272116,0.36425838
272121,0.09256737
272129,0.4088446
272143,0.5819286
272146,0.39076173
272148,0.8765849
272152,0.8370347
272167,0.49192175
272180,0.4789665
272192,0.14956184
272201,0.49075973
272205,0.3951772
272209,0.62023497
272211,0.36894625
272228,0.27702424
272233,0.80075574
272235,0.6414731
272249,0.85273755
272267,0.49454135
272270,0.19748707
272276,0.29454976
272302,0.75176936
272303,0.09221039
272308,0.42079553
272309,0.6371189
272311,0.35863748
272313,0.11086032
272353,0.26715255
272366,0.42600384
272367,0.56962955
272371,0.25193912
272381,0.13479142
272404,0.6167494
272405,0.42650327
272418,0.658466
272419,0.4673878
272425,0.33819598
272438,0.30084577
272444,0.4655788
272445,0.47614238
272462,0.105285816
272474,0.14305303
272478,0.5270471
272479,0.7858198
272480,0.3191448
272482,0.21166997
272511,0.90876293
272512,0.10605364
272516,0.36962822
272517,0.19366348
272522,0.37766895
272537,0.28181455
272555,0.15068117
272564,0.86335176
272566,0.2724477
272573,0.102708295
272575,0.26519874
272583,0.44777882
272593,0.23435801
272627,0.37502196
272628,0.56564766
272630,0.13945271
272632,0.13269188
272635,0.90234745
272636,0.12563252
272661,0.27922565
272669,0.16202909
272672,0.3206771
272681,0.7949733
272682,0.5767257
272691,0.33830196
272697,0.40383255
272706,0.20619449
272708,0.20518416
272717,0.291146
272722,0.13811678
272723,0.13205428
272737,0.09944323
272744,0.09118006
272752,0.88754994
272757,0.15766196
272760,0.1775461
272763,0.4265791
272768,0.16730717
272779,0.17349404
272781,0.86431664
272787,0.7499213
272795,0.67128265
272799,0.39543346
272820,0.62526876
272821,0.19885352
272829,0.587455
272852,0.38045672
272863,0.57080233
272878,0.39027187
272886,0.19689703
272891,0.6736577
272903,0.5501941
272914,0.09048604
272928,0.49909297
272937,0.70447147
272938,0.41792262
272944,0.6134804
272965,0.72715497
272967,0.44079438
272969,0.3417172
272983,0.61533767
272998,0.73745954
273002,0.5480245
273005,0.22802734
273010,0.36106032
273011,0.15036972
273017,0.258607
273021,0.6436722
273023,0.43530166
273027,0.45023736
273035,0.12535535
273047,0.75326043
273053,0.11201514
273060,0.89461386
273062,0.16998942
273074,0.6209825
273078,0.22294934
273079,0.28847992
273087,0.5498074
273107,0.36271185
273109,0.10331276
273112,0.18341437
273113,0.43249437
273117,0.4316649
273121,0.8834219
273137,0.44665787
273156,0.17504127
273157,0.5336756
273177,0.6974393
273192,0.15314908
273193,0.10506623
273194,0.51240706
273198,0.6567807
273199,0.22473224
273206,0.21828532
273213,0.30042437
273235,0.32130864
273244,0.5308081
273247,0.7696304
273248,0.86128336
273254,0.22808494
273259,0.14554977
273270,0.25468305
273272,0.39036623
273287,0.21971399
273289,0.5647639
273294,0.09346675
273301,0.6978874
273304,0.40759197
273313,0.42405155
273314,0.5425141
273333,0.40413237
273336,0.88364536
273343,0.18512319
273353,0.27188668
273359,0.1621716
273371,0.18765895
273402,0.5634932
273415,0.18587983
273420,0.79027075
273424,0.27474552
273428,0.2388088
273429,0.1202295
273443,0.6165541
273457,0.100277916
273458,0.13393766
273467,0.80775976
273477,0.16179878
273482,0.43357196
273495,0.19532904
273496,0.11762896
273503,0.26820782
273507,0.6844212
273508,0.6072805
273510,0.20996842
273524,0.69381326
273552,0.19660479
273556,0.552138
273566,0.3634861
273579,0.43474445
273584,0.70341265
273595,0.65035707
273606,0.31539905
273623,0.41266882
273625,0.33006778
273638,0.7798608
273660,0.16534474
273664,0.23306899
273683,0.3834032
273686,0.15174353
273687,0.7476925
273699,0.71028686
273700,0.8049408
273719,0.11545952
273721,0.8549977
273728,0.48186263
273764,0.24523665
273770,0.23178335
273774,0.65225023
273792,0.6506084
273806,0.089994505
273807,0.4574512
273818,0.23496279
273823,0.5170385
273835,0.8964182
273856,0.4169886
273861,0.10313215
273863,0.45942354
273864,0.6708665
273874,0.7791504
273879,0.5951516
273892,0.70747876
273895,0.5903324
273899,0.24871683
273900,0.5677515
273912,0.51880676
273921,0.18642774
273941,0.418372
273946,0.35387808
273954,0.6951066
273956,0.225345
273962,0.42338198
273968,0.40943772
273985,0.4860924
274000,0.79051316
274003,0.12564832
274004,0.3415746
274006,0.3070674
274019,0.86666584
274022,0.79305047
274023,0.7358221
274034,0.67730916
274043,0.23038223
274052,0.6003701
274054,0.87456566
274058,0.5793591
274063,0.57671034
274070,0.3310451
274072,0.1392785
274081,0.13587953
274108,0.82812726
274118,0.8419848
274125,0.505728
274129,0.106117085
274140,0.3805809
274142,0.53123134
274146,0.17866619
274147,0.6885455
274155,0.093504615
274163,0.31882748
274165,0.22326487
274174,0.115762904
274182,0.627204
274186,0.2770173
274188,0.19559544
274193,0.6496814
274198,0.5634677
274216,0.17922829
274219,0.10421595
274225,0.82222956
274229,0.3000449
274248,0.20414872
274268,0.21885686
274274,0.13073914
274286,0.14891921
274289,0.45365044
274297,0.31197023
274302,0.27131113
274326,0.5479909
274346,0.44976074
274348,0.21957265
274349,0.294419
274350,0.2204194
274353,0.18067296
274359,0.82705295
274364,0.119119965
274368,0.24358922
274373,0.22189474
274378,0.59828824
274389,0.15623076
274390,0.3802742
274391,0.08765484
274392,0.4272507
274396,0.81325763
274408,0.71941555
274409,0.15462685
274424,0.7141968
274453,0.5545612
274460,0.20832935
274465,0.49362674
274468,0.12125134
274481,0.5983976
274482,0.09520287
274484,0.21860285
274490,0.6843469
274509,0.109271444
274511,0.24759027
274515,0.49499914
274521,0.41621935
274523,0.6662327
274525,0.5841716
274539,0.32920343
274541,0.6383697
274574,0.8042621
274585,0.3112209
274587,0.75324935
274594,0.5066818
274600,0.5658959
274605,0.33428803
274611,0.20105681
274619,0.8058524
274641,0.4910742
274666,0.7251215
274688,0.39672482
274690,0.49649048
274699,0.41383412
274703,0.43568757
274715,0.26026762
274717,0.3989412
274760,0.73872846
274774,0.6322264
274791,0.6556678
274801,0.24529433
274804,0.6863095
274808,0.6734643
274813,0.120127626
274815,0.6098703
274818,0.19178447
274820,0.21955603
274829,0.3500878
274847,0.890126
274865,0.3574424
274870,0.2088146
274881,0.7754575
274890,0.65816575
274894,0.44875464
274902,0.16676092
274905,0.56900215
274911,0.36747503
274912,0.6172818
274914,0.19493362
274927,0.1609497
274931,0.11177724
274944,0.7841961
274951,0.7007063
274953,0.5528091
274954,0.3311308
274961,0.32244095
274965,0.7735375
274972,0.6124754
274978,0.32079083
274984,0.13637003
274993,0.24542578
274996,0.37483776
275043,0.10536104
275048,0.43848568
275052,0.5024259
275059,0.2591896
275060,0.24595979
275071,0.35321388
275077,0.56612056
275078,0.61089253
275091,0.12016204
275098,0.78171855
275111,0.540954
275120,0.79359347
275121,0.7275583
275125,0.40678152
275129,0.17352872
275139,0.15404442
275150,0.41897166
275153,0.35594365
275166,0.6459174
275185,0.60777074
275199,0.84952676
275201,0.22187448
275203,0.22759806
275216,0.58615875
275225,0.6358815
275226,0.44676223
275232,0.42219213
275254,0.44236565
275256,0.90402
275272,0.4968855
275278,0.089487314
275280,0.43811405
275286,0.6933198
275288,0.1317819
275299,0.12416101
275306,0.6072336
275313,0.1692836
275314,0.3785274
275319,0.8759677
275324,0.37883216
275330,0.40756235
275334,0.42825633
275335,0.719786
275337,0.5742115
275339,0.6452258
275351,0.3088998
275352,0.46201363
275367,0.4139586
275384,0.2769274
275392,0.26722002
275393,0.49654892
275408,0.5041803
275411,0.39149326
275413,0.8866848
275415,0.15179381
275416,0.4136765
275422,0.14788437
275424,0.45950612
275438,0.4932708
275440,0.43033266
275468,0.26000187
275469,0.33962956
275473,0.80111086
275482,0.5554236
275488,0.12191775
275502,0.38474834
275503,0.33364156
275511,0.49004993
275518,0.56923175
275520,0.10945935
275524,0.29616088
275531,0.65510267
275537,0.2799599
275558,0.47867298
275574,0.4765647
275576,0.81250113
275583,0.100427106
275588,0.5955038
275605,0.86417514
275612,0.70812565
275627,0.5078438
275633,0.48280436
275646,0.5200906
275647,0.64261186
275653,0.8101206
275661,0.34096357
275683,0.20120974
275688,0.22015707
275691,0.66685057
275713,0.4857716
275731,0.10260382
275735,0.76812816
275739,0.11093914
275761,0.48589113
275762,0.40842664
275767,0.2721281
275768,0.7570003
275769,0.83213913
275774,0.20820005
275776,0.13405593
275783,0.118975036
275800,0.28973588
275805,0.8076734
275836,0.11742191
275842,0.41777477
275855,0.88158536
275860,0.12917154
275870,0.6433093
275884,0.766164
275897,0.3863356
275899,0.090713024
275900,0.3020168
275906,0.38385832
275912,0.37389946
275922,0.670436
275929,0.8622635
275931,0.6104408
275932,0.3229118
275936,0.77585787
275937,0.28053272
275947,0.76539314
275949,0.85549873
275954,0.69306123
275958,0.23873067
275966,0.7962523
275967,0.25133646
275970,0.85938346
275989,0.75672805
275993,0.5169538
275995,0.37610453
275998,0.46224928
276007,0.48106018
276011,0.22622281
276029,0.8097093
276047,0.13033764
276048,0.22212045
276050,0.626709
276054,0.49735722
276056,0.2734697
276057,0.62010914
276060,0.2021361
276084,0.08995419
276089,0.121327095
276118,0.15758182
276121,0.7179099
276122,0.49292213
276130,0.21229891
276134,0.45434314
276135,0.17511413
276142,0.8148702
276164,0.112761915
276195,0.6504008
276210,0.6779116
276235,0.23393218
276238,0.10509905
276242,0.15938103
276244,0.6598634
276247,0.21883972
276263,0.730547
276306,0.79821384
276309,0.17026906
276319,0.26219293
276334,0.49446014
276338,0.13648367
276343,0.17008054
276344,0.6093087
276345,0.15526305
276348,0.108736105
276359,0.18375245
276363,0.47890046
276365,0.35991174
276366,0.58818984
276373,0.32523617
276378,0.559172
276386,0.39435217
276405,0.33801278
276419,0.08825147
276422,0.2735877
276430,0.36659727
276437,0.18050376
276442,0.6507545
276444,0.20673083
276446,0.24741168
276455,0.47458056
276470,0.40013003
276472,0.18906072
276475,0.8110222
276479,0.2754492
276484,0.12837763
276487,0.6712005
276488,0.8921912
276495,0.65648925
276497,0.75723
276508,0.8863004
276509,0.61952066
276516,0.2708483
276521,0.09628434
276525,0.5888349
276550,0.2891627
276560,0.28038087
276569,0.19033557
276584,0.13590267
276603,0.123609826
276615,0.08614066
276617,0.12998143
276622,0.14731167
276625,0.3907665
276629,0.4219873
276642,0.33933833
276664,0.42240447
276674,0.18671243
276675,0.8620813
276678,0.53799
276692,0.25523373
276693,0.24585454
276697,0.1443311
276703,0.4693649
276705,0.46628743
276717,0.48240688
276728,0.3604268
276744,0.32924312
276762,0.55732054
276764,0.28253865
276781,0.48647198
276793,0.2937987
276798,0.37996927
276800,0.357533
276805,0.18695666
276824,0.49087834
276826,0.15044092
276848,0.69420934
276854,0.6476491
276862,0.87636894
276865,0.57413214
276869,0.34870413
276880,0.08712794
276882,0.3920095
276886,0.3570851
276889,0.3926455
276892,0.7426206
276903,0.10419409
276906,0.5193663
276936,0.13567875
276945,0.14212476
276956,0.15053008
276958,0.1509905
276963,0.09122908
276966,0.16367699
276987,0.19591145
276993,0.54770684
276994,0.16275297
277004,0.69512784
277015,0.10720657
277021,0.7449545
277024,0.15341622
277032,0.45708048
277054,0.6234706
277055,0.4305297
277061,0.2964594
277065,0.879311
277070,0.46725965
277079,0.69457525
277088,0.15715978
277108,0.5140169
277114,0.43005463
277121,0.54933226
277137,0.5217111
277148,0.6794602
277158,0.6655143
277162,0.55064905
277165,0.8750645
277167,0.17854099
277170,0.39138815
277172,0.17997259
277177,0.23732422
277179,0.7729605
277182,0.26707616
277185,0.13650665
277191,0.42996472
277200,0.82076603
277211,0.35201755
277217,0.367565
277221,0.4562186
277226,0.16044806
277227,0.48569077
277228,0.89725494
277229,0.40678477
277244,0.8656173
277271,0.31299752
277274,0.5973672
277282,0.2532444
277286,0.20964581
277288,0.49030387
277290,0.0869659
277291,0.23891665
277296,0.097434714
277297,0.37759644
277320,0.29829207
277327,0.7967977
277335,0.6466431
277336,0.2788026
277338,0.431943
277342,0.76816094
277344,0.19635959
277345,0.3114127
277349,0.41942784
277356,0.21896575
277370,0.46143284
277371,0.7589756
277379,0.4884685
277386,0.8504405
277390,0.7684468
277400,0.35545796
277401,0.68456966
277412,0.2636561
277413,0.7191752
277415,0.24524115
277417,0.7471422
277419,0.4063032
277422,0.80281085
277423,0.20198943
277425,0.16793971
277432,0.3207476
277438,0.19563107
277445,0.17576797
277447,0.7592335
277456,0.2303677
277457,0.29873556
277474,0.48504567
277488,0.37286666
277494,0.5277589
277501,0.438603
277503,0.57392013
277510,0.32425848
277516,0.73023504
277521,0.8083096
277522,0.13766114
277530,0.16818249
277531,0.83821607
277536,0.55453414
277548,0.5089017
277550,0.42419574
277554,0.32111135
277555,0.5128694
277562,0.5940651
277565,0.6409978
277566,0.13510895
277572,0.36220944
277592,0.67874974
277593,0.19415447
277610,0.46667945
277621,0.2576863
277654,0.6370091
277668,0.19317083
277673,0.10193065
277675,0.2499783
277694,0.113246225
277697,0.7006113
277699,0.22082816
277700,0.16502005
277701,0.38210076
277708,0.6812675
277710,0.3879013
277717,0.66317314
277725,0.3701555
277731,0.41649473
277746,0.8689888
277753,0.15958984
277757,0.88935506
277764,0.27670658
277772,0.42044404
277775,0.78416216
277777,0.15731423
277787,0.25282937
277797,0.21749002
277798,0.57387733
277802,0.88051295
277812,0.24787806
277816,0.5525059
277820,0.09996883
277821,0.21117646
277822,0.5467786
277838,0.5665043
277845,0.15264276
277846,0.1242552
277854,0.6666332
277856,0.49431297
277866,0.6288941
277874,0.5615861
277893,0.6968016
277900,0.30982748
277964,0.4197865
277970,0.20244296
277976,0.42425466
277983,0.2684343
277994,0.25476775
278011,0.50602275
278025,0.7262893
278045,0.8107859
278048,0.80900526
278066,0.09892099
278088,0.33644432
278098,0.49709362
278101,0.8303014
278113,0.19482657
278114,0.49024054
278128,0.30298418
278152,0.51981586
278157,0.67891914
278168,0.7604486
278169,0.5061541
278174,0.35879079
278176,0.10195126
278181,0.76898855
278185,0.50589347
278225,0.45776087
278236,0.86506623
278242,0.26349503
278244,0.09351876
278251,0.48598403
278252,0.52400726
278272,0.6699564
278279,0.103039965
278287,0.8859847
278288,0.48720303
278309,0.51897454
278310,0.5412808
278316,0.37738937
278318,0.90898794
278320,0.32558352
278344,0.86975527
278356,0.7518205
278359,0.11377977
278361,0.29663885
278368,0.43213427
278372,0.3114683
278384,0.77012265
278388,0.2782231
278409,0.7846791
278414,0.3061785
278415,0.77497196
278416,0.23965031
278422,0.18632089
278423,0.73110795
278432,0.6365991
278436,0.27536485
278455,0.36948445
278461,0.68524384
278469,0.6889378
278482,0.63405836
278487,0.5636511
278493,0.3809993
278501,0.6960143
278508,0.68955505
278511,0.3711776
278519,0.17070608
278526,0.39790347
278530,0.70425755
278533,0.087951854
278539,0.7141525
278545,0.10490238
278556,0.42374745
278559,0.5082888
278587,0.15381742
278601,0.4759172
278603,0.7379071
278604,0.588573
278605,0.32508576
278606,0.17451061
278613,0.39454678
278616,0.5364875
278618,0.42078373
278632,0.43190673
278633,0.4500472
278637,0.087311104
278645,0.4714578
278649,0.6652399
278653,0.8526083
278662,0.13022967
278673,0.5549051
278700,0.5099217
278703,0.5855184
278704,0.4588485
278723,0.39048657
278725,0.35420877
278730,0.38580325
278750,0.17387651
278765,0.35916436
278770,0.18281502
278779,0.2877504
278787,0.20549212
278791,0.08760166
278804,0.43479195
278807,0.5513279
278810,0.21662122
278812,0.25683644
278815,0.87054324
278821,0.5859118
278825,0.107442945
278832,0.3523101
278836,0.5151295
278838,0.69847506
278840,0.4265024
278844,0.70165277
278862,0.098485656
278863,0.3492152
278871,0.27929196
278875,0.09519051
278892,0.8710204
278899,0.38430014
278903,0.5987892
278909,0.31766447
278913,0.86467534
278931,0.17246966
278932,0.3632588
278933,0.6588823
278937,0.2694534
278952,0.2997551
278954,0.1329674
278960,0.64802945
278967,0.53322625
278968,0.17406644
278972,0.7046972
278976,0.74924344
278982,0.5506513
278983,0.43643776
279001,0.5679582
279015,0.34222546
279018,0.50621384
279035,0.63314337
279040,0.71476275
279043,0.65179276
279046,0.38171428
279061,0.51082087
279063,0.22907877
279065,0.15373118
279068,0.15359291
279070,0.37050965
279074,0.7338998
279076,0.61021817
279086,0.11117284
279095,0.25453514
279107,0.59573627
279108,0.77940106
279109,0.08919026
279110,0.5904712
279111,0.51829016
279129,0.27265292
279134,0.35115704
279137,0.28157684
279142,0.5942811
279146,0.090991765
279153,0.08634917
279157,0.21470892
279165,0.11873187
279166,0.09868584
279172,0.50620306
279173,0.31062916
279174,0.72037655
279179,0.7134828
279182,0.09732109
279186,0.38650396
279187,0.2626756
279189,0.12462834
279201,0.3542205
279202,0.28595915
279213,0.11818411
279214,0.18904701
279217,0.104267076
279230,0.7773119
279232,0.36901647
279233,0.23389553
279235,0.35740212
279250,0.10938003
279252,0.21737799
279257,0.34362975
279265,0.35747242
279266,0.28118378
279279,0.36655676
279281,0.20251408
279282,0.12602028
279285,0.39406896
279286,0.47934717
279297,0.28793
279300,0.5731932
279318,0.17445783
279324,0.1521544
279334,0.31399605
279335,0.27420774
279336,0.5513135
279341,0.48771715
279342,0.86308765
279353,0.52303314
279357,0.58242345
279371,0.7423542
279376,0.11994701
279391,0.4452429
279392,0.13486305
279402,0.52325666
279406,0.7638686
279408,0.42067298
279434,0.3368919
279439,0.119387
279448,0.1556212
279450,0.4854005
279456,0.110421754
279461,0.5150352
279466,0.088355154
279470,0.50628203
279471,0.08432213
279493,0.27379537
279500,0.13471867
279506,0.094190314
279512,0.3837511
279519,0.47763544
279533,0.10434897
279549,0.23895502
279551,0.87718123
279556,0.1218807
279557,0.5119296
279558,0.3919683
279566,0.6933518
279592,0.46247336
279595,0.7519844
279604,0.44132656
279608,0.25844383
279614,0.6729829
279618,0.46629333
279622,0.50964665
279648,0.81096536
279652,0.17662174
279653,0.50208724
279679,0.42942685
279690,0.38848054
279691,0.55159485
279694,0.8152067
279698,0.47431767
279702,0.33195508
279712,0.22421148
279713,0.32583684
279715,0.21426919
279725,0.23744138
279727,0.5916102
279733,0.14436056
279742,0.75393814
279748,0.19533363
279754,0.23240417
279756,0.6040922
279776,0.33448347
279778,0.37361616
279779,0.1020345
279782,0.5769317
279793,0.3596911
279794,0.13698222
279804,0.86791134
279810,0.20068248
279817,0.8910027
279828,0.3482447
279830,0.3891615
279831,0.6764125
279834,0.58510333
279835,0.14505245
279840,0.18347792
279847,0.20293333
279852,0.46761253
279854,0.6024372
279856,0.46121296
279859,0.6462044
279862,0.09687927
279876,0.51239395
279878,0.5105547
279889,0.1467274
279894,0.32208353
279897,0.2374266
279903,0.18021323
279904,0.41182417
279906,0.45266175
279909,0.710631
279922,0.8672912
279925,0.35172993
279939,0.7022085
279940,0.29447696
279942,0.53389513
279948,0.1262729
279952,0.09219187
279960,0.15402782
279968,0.33276403
279969,0.32824746
279977,0.8950798
279980,0.518402
279994,0.40987173
279997,0.7439767
279998,0.74895644
280007,0.73830193
280009,0.6758553
280010,0.8914949
280020,0.25141853
280021,0.39102742
280022,0.5217098
280052,0.37740985
280058,0.13145772
280074,0.6526203
280076,0.15565811
280085,0.7942417
280091,0.45432758
280095,0.19302516
280107,0.8175639
280116,0.57129943
280140,0.50417465
280144,0.72535455
280156,0.24682169
280177,0.08906573
280191,0.18958127
280205,0.39452884
280226,0.55871135
280230,0.56968725
280234,0.09985332
280264,0.31313372
280274,0.18640739
280298,0.21244048
280299,0.61013776
280300,0.6070007
280301,0.40258396
280308,0.101957984
280317,0.15559697
280319,0.39363426
280322,0.1904626
280342,0.22269176
280348,0.8120583
280350,0.40401247
280353,0.50442654
280366,0.2950359
280372,0.45727682
280374,0.0898919
280376,0.8507637
280381,0.09682065
280384,0.1532786
280388,0.16182645
280397,0.74591774
280401,0.11881244
280409,0.5148102
280413,0.11907254
280422,0.8286143
280424,0.34950262
280426,0.44784322
280429,0.62264675
280430,0.5265793
280435,0.16690707
280444,0.18144277
280450,0.39074072
280455,0.86020684
280459,0.105849974
280462,0.51162404
280466,0.8237831
280470,0.26373345
280473,0.34328145
280517,0.5608168
280524,0.8783033
280527,0.1414259
280531,0.12460236
280548,0.1849344
280558,0.89986366
280563,0.3831917
280598,0.76868606
280599,0.889841
280603,0.13758095
280607,0.2327
280610,0.6571764
280612,0.52468216
280625,0.18960984
280631,0.17494118
280650,0.7559315
280653,0.9122082
280657,0.43597722
280669,0.11387784
280675,0.24108481
280679,0.57000476
280685,0.09130291
280691,0.22322819
280693,0.1695437
280706,0.4131156
280714,0.1350156
280719,0.8511768
280724,0.3499823
280725,0.29929116
280737,0.4981749
280738,0.57235163
280744,0.12604842
280746,0.82618207
280760,0.790329
280772,0.7363819
280777,0.7092249
280784,0.16721405
280785,0.2250561
280791,0.3856326
280793,0.20217434
280794,0.13602707
280800,0.4854314
280805,0.3807229
280806,0.27118185
280815,0.7932075
280823,0.08622608
280831,0.17022355
280832,0.37914804
280841,0.21661665
280845,0.459166
280846,0.12353823
280854,0.18079503
280857,0.11301804
280861,0.28183046
280862,0.5639605
280867,0.4338044
280877,0.33972517
280879,0.43219483
280890,0.35916477
280891,0.5400512
280903,0.87818635
280916,0.22815898
280929,0.09958958
280934,0.50574374
280941,0.63012207
280947,0.31260508
280962,0.403434
280963,0.7539355
280966,0.29490334
280967,0.16426194
280971,0.90142965
281005,0.2712837
281007,0.45048416
281008,0.18378934
281009,0.25398543
281016,0.18244618
281024,0.7181583
281039,0.64636123
281045,0.09186929
281054,0.74513155
281055,0.6231151
281056,0.5981919
281068,0.6674493
281092,0.31486198
281094,0.11603091
281118,0.8518248
281133,0.13882409
281137,0.25096577
281164,0.74336624
281176,0.11759275
281177,0.23793943
281184,0.34662065
281187,0.8076873
281192,0.21402083
281195,0.5794602
281220,0.24301687
281222,0.29257467
281227,0.35727724
281234,0.43924934
281251,0.2992551
281278,0.18121606
281298,0.8403063
281303,0.7698507
281306,0.7359457
281314,0.31229407
281320,0.26016077
281322,0.5262017
281337,0.33182043
281347,0.50126034
281357,0.2093131
281362,0.45694518
281365,0.30322164
281366,0.12541196
281367,0.38715878
281373,0.1839647
281376,0.4055924
281400,0.82654583
281417,0.096158914
281420,0.10580582
281422,0.5302844
281435,0.35870576
281439,0.12380306
281448,0.36784613
281451,0.50230426
281453,0.13517565
281482,0.34133154
281494,0.72933507
281514,0.39347333
281515,0.4581136
281542,0.47100052
281556,0.4688195
281568,0.6402001
281592,0.20843333
281593,0.09412569
281607,0.6290378
281613,0.45223048
281618,0.57470113
281620,0.44744703
281628,0.81935745
281629,0.42643443
281633,0.20605512
281634,0.21646014
281642,0.21199179
281643,0.26863614
281653,0.62704426
281661,0.2447122
281671,0.30967036
281675,0.5576206
281684,0.2561997
281692,0.70801663
281697,0.16456747
281730,0.43102098
281731,0.5865223
281734,0.58223236
281737,0.22777607
281750,0.8319254
281752,0.40677544
281764,0.42178684
281782,0.48175207
281791,0.2080519
281793,0.627703
281795,0.27869725
281824,0.3587943
281831,0.48046294
281845,0.21480672
281848,0.15213415
281854,0.26732135
281855,0.39316052
281867,0.5855054
281873,0.22548378
281875,0.11169781
281876,0.8349675
281881,0.10563828
281905,0.15023766
281906,0.60401887
281907,0.3777016
281914,0.63038766
281929,0.19071616
281936,0.80179125
281938,0.0874408
281940,0.1172861
281941,0.37286812
281950,0.15191606
281954,0.18823595
281955,0.3868898
281956,0.44208047
281957,0.39113557
281968,0.64726114
281972,0.71269315
281974,0.20990892
281987,0.095193855
281996,0.63860005
281998,0.1399975
282002,0.1290985
282004,0.46688277
282005,0.14622825
282020,0.404117
282021,0.69736063
282041,0.7415674
282045,0.5345177
282046,0.112746134
282048,0.3769603
282056,0.5800162
282063,0.21266253
282068,0.6880192
282072,0.3653794
282100,0.3825907
282104,0.52455616
282105,0.19782546
282106,0.29231483
282108,0.22465055
282114,0.75570637
282132,0.44872996
282133,0.12918457
282136,0.24280104
282145,0.8195922
282146,0.68737566
282150,0.4702135
282151,0.1416125
282152,0.6538236
282157,0.84760296
282165,0.22056465
282167,0.2612947
282178,0.32264495
282179,0.30678865
282204,0.09869562
282208,0.30120006
282218,0.1849486
282221,0.8123433
282223,0.121313736
282226,0.11599772
282230,0.18041629
282232,0.42611426
282235,0.23782694
282236,0.34846362
282239,0.55741954
282246,0.16470028
282250,0.90272635
282259,0.12388254
282270,0.18918803
282272,0.10870197
282282,0.7828517
282292,0.73749864
282306,0.16340141
282311,0.42575604
282317,0.7388704
282318,0.24047904
282331,0.19293898
282338,0.44892153
282349,0.40698418
282350,0.7796491
282355,0.20974691
282359,0.8687245
282382,0.23586461
282396,0.7178509
282399,0.39270067
282408,0.14207621
282421,0.38728148
282427,0.39930347
282437,0.27596712
282446,0.48545304
282448,0.09380717
282453,0.17248909
282456,0.5189436
282457,0.6695165
282465,0.6728756
282476,0.67162347
282478,0.69867367
282482,0.16401182
282485,0.69064826
282492,0.45874283
282498,0.8003073
282503,0.112964764
282512,0.7342996
282521,0.6698739
282531,0.8735246
282548,0.3494446
282582,0.26244408
282585,0.41082087
282605,0.16403374
282618,0.21962959
282633,0.09552868
282642,0.69465697
282645,0.72687244
282647,0.5577961
282649,0.2395456
282654,0.5643649
282661,0.48950192
282667,0.12021739
282668,0.5331859
282678,0.30968288
282679,0.6903795
282687,0.13423732
282688,0.11775996
282691,0.43412915
282702,0.13798152
282709,0.15731017
282712,0.24034528
282715,0.69393957
282726,0.11338403
282735,0.16673873
282737,0.111383684
282746,0.8560899
282751,0.08847464
282754,0.9130191
282758,0.6611339
282773,0.9029297
282787,0.12987085
282794,0.25054657
282812,0.1060221
282822,0.7532061
282827,0.6910548
282836,0.16287106
282841,0.22212468
282854,0.74034446
282862,0.14690088
282873,0.3823721
282890,0.53210545
282900,0.8396399
282906,0.59564084
282910,0.5725006
282915,0.15990393
282929,0.09566347
282933,0.44389004
282944,0.77999425
282945,0.35241574
282950,0.08860307
282954,0.15805325
282960,0.10429724
282961,0.53740764
282962,0.13075402
282965,0.81877476
282971,0.7831146
282974,0.2731525
282975,0.10221744
282979,0.1780759
282984,0.56508416
282990,0.786275
282998,0.6902127
283005,0.639327
283013,0.8534524
283018,0.8986339
283029,0.87448233
283032,0.123430535
283036,0.5758594
283041,0.84833974
283046,0.60330427
283050,0.12396725
283057,0.4565687
283065,0.37448308
283069,0.79474175
283074,0.10893798
283076,0.36519545
283077,0.3845135
283089,0.3406174
283090,0.31821758
283094,0.37781602
283110,0.6071391
283118,0.7104167
283127,0.12807605
283130,0.16053137
283139,0.781016
283143,0.37026754
283144,0.86420965
283146,0.16380408
283150,0.26017556
283161,0.83490294
283177,0.6827345
283180,0.21385752
283184,0.46666265
283191,0.5188396
283193,0.11350124
283196,0.69216925
283199,0.5607817
283202,0.646537
283205,0.20653994
283213,0.34983432
283216,0.25455192
283218,0.44127175
283220,0.10262428
283227,0.74449587
283233,0.3180362
283248,0.62883544
283250,0.55916554
283261,0.40323952
283264,0.261431
283267,0.3897057
283269,0.15740107
283271,0.29128596
283282,0.630016
283283,0.25060484
283290,0.33072558
283295,0.5348816
283298,0.27419075
283303,0.8818758
283309,0.17896616
283310,0.11445198
283314,0.56868595
283317,0.13330251
283318,0.27215606
283323,0.79596734
283327,0.5536201
283328,0.39921135
283336,0.8145812
283340,0.34203577
283344,0.25874782
283345,0.6890017
283360,0.21509168
283361,0.09704883
283383,0.7837489
283387,0.2638863
283390,0.20235698
283412,0.20954719
283426,0.17416826
283429,0.7932488
283433,0.15758492
283437,0.53854275
283438,0.11725961
283461,0.2706525
283466,0.090490475
283477,0.2431679
283479,0.36991954
283483,0.29749602
283484,0.31315914
283486,0.26006204
283500,0.17023836
283512,0.699857
283515,0.52857286
283517,0.91403955
283519,0.295566
283523,0.4382595
283528,0.8134929
283555,0.555174
283565,0.27243137
283572,0.34474307
283576,0.3518881
283586,0.76512593
283590,0.43875584
283606,0.47034782
283615,0.098539785
283619,0.44742048
283632,0.79416174
283635,0.1901883
283636,0.11405229
283641,0.670721
283642,0.12220721
283647,0.12873068
283667,0.111423
283683,0.62131375
283684,0.4356463
283687,0.4274714
283691,0.33805403
283693,0.55425745
283701,0.13287842
283702,0.35929272
283711,0.84912956
283713,0.8931856
283726,0.45789614
283730,0.24872056
283736,0.2736855
283737,0.6599134
283740,0.17167197
283748,0.3166222
283750,0.33286417
283756,0.10147482
283757,0.3097939
283774,0.8816223
283776,0.8376965
283784,0.62945926
283790,0.7248312
283796,0.1278979
283806,0.3310575
283816,0.08863687
283825,0.7674239
283827,0.5236767
283835,0.12744579
283839,0.77196217
283843,0.4050517
283874,0.8864451
283880,0.21306977
283881,0.7031225
283882,0.9022285
283887,0.10357297
283891,0.6573961
283893,0.4730254
283895,0.09415966
283900,0.5762476
283906,0.2155213
283938,0.11584916
283943,0.15470462
283953,0.80236953
283958,0.6870553
283961,0.087955125
283972,0.14008194
283973,0.36381957
283986,0.49602404
283990,0.09070789
283994,0.7915964
284000,0.104867555
284002,0.5689893
284003,0.42187354
284035,0.66009724
284049,0.11337411
284055,0.1350227
284060,0.14291091
284061,0.63024163
284069,0.61627173
284072,0.39272392
284075,0.5465609
284087,0.38617888
284093,0.16777952
284095,0.16301258
284096,0.71059567
284106,0.3295911
284109,0.30410963
284112,0.45065257
284126,0.5673743
284152,0.61655575
284155,0.20843256
284157,0.18036836
284159,0.22448093
284194,0.3181455
284207,0.5290655
284211,0.18193826
284220,0.81732064
284232,0.5604694
284239,0.8718111
284246,0.13699271
284257,0.46177736
284259,0.14089881
284272,0.396951
284277,0.45637575
284279,0.8054274
284283,0.46143317
284294,0.12866041
284298,0.11608124
284305,0.7393034
284309,0.3196091
284311,0.18628855
284315,0.099113114
284338,0.8427329
284340,0.57729036
284342,0.6838572
284344,0.2277354
284348,0.22288129
284361,0.37752306
284373,0.20244883
284380,0.7819967
284408,0.2037604
284422,0.13535304
284423,0.46486798
284427,0.6172493
284433,0.7065257
284442,0.13551693
284462,0.7157771
284481,0.72623914
284487,0.18913148
284492,0.08938233
284495,0.40864256
284499,0.8981004
284503,0.2716606
284506,0.5933015
284507,0.1225051
284511,0.8683196
284512,0.47174588
284513,0.0993825
284520,0.6848845
284537,0.14816687
284557,0.7253168
284560,0.18169695
284571,0.6535606
284573,0.8265554
284574,0.096174166
284575,0.23362713
284576,0.68500715
284578,0.21279024
284592,0.33429134
284606,0.8232838
284609,0.46250212
284614,0.093493536
284627,0.096022926
284630,0.62988794
284633,0.19440842
284647,0.44512218
284650,0.42753386
284655,0.6832732
284661,0.09047576
284664,0.25428176
284668,0.11708037
284682,0.44052508
284683,0.47468486
284691,0.27929464
284692,0.64319545
284695,0.22268127
284751,0.8704591
284785,0.41900292
284796,0.097915314
284797,0.22807394
284799,0.28307325
284805,0.27132896
284811,0.27554289
284844,0.2589834
284856,0.79875004
284861,0.15349533
284864,0.36819476
284866,0.6194732
284867,0.14128675
284871,0.13204819
284873,0.121431366
284888,0.78843546
284895,0.0871754
284906,0.18268047
284907,0.6000917
284908,0.15451443
284914,0.1585338
284916,0.2805166
284920,0.4872366
284926,0.30868483
284934,0.3265669
284937,0.19603902
284949,0.1790961
284986,0.11527518
285002,0.25539505
285006,0.330431
285007,0.66944045
285008,0.4289207
285016,0.17239887
285040,0.099268936
285041,0.09209774
285050,0.45436773
285051,0.16054857
285059,0.37303585
285077,0.4634534
285078,0.73787403
285097,0.101297684
285102,0.45170632
285104,0.17025721
285117,0.5216561
285119,0.30017367
285120,0.19819675
285122,0.5210558
285131,0.54752725
285137,0.117929704
285139,0.15339188
285147,0.11747982
285176,0.09217595
285177,0.37646693
285183,0.45873842
285184,0.29763958
285200,0.093525104
285213,0.72103494
285224,0.6404254
285232,0.74022764
285245,0.81477296
285249,0.11234831
285253,0.22743645
285268,0.1471621
285276,0.09547042
285282,0.751404
285284,0.8452365
285297,0.6144015
285304,0.5018535
285305,0.3471649
285337,0.14909166
285346,0.11919676
285349,0.097329736
285354,0.714502
285359,0.48621336
285366,0.55241925
285367,0.76454484
285368,0.8083847
285376,0.739594
285382,0.11416042
285385,0.8160382
285389,0.38351154
285396,0.28102913
285398,0.50900954
285399,0.26438108
285403,0.5186862
285405,0.68409353
285407,0.72713315
285417,0.6898695
285419,0.510489
285431,0.09483192
285457,0.49513787
285462,0.58612925
285463,0.093480386
285472,0.38511172
285476,0.2192824
285479,0.4583519
285482,0.59009653
285486,0.6336532
285487,0.36836994
285497,0.08791029
285498,0.25759637
285507,0.86253196
285509,0.11385598
285514,0.43783653
285516,0.21034451
285521,0.100837395
285525,0.08799849
285528,0.2609449
285555,0.4774034
285559,0.30561435
285561,0.29885295
285562,0.43193185
285565,0.60378885
285571,0.13114432
285583,0.46951243
285588,0.7398113
285603,0.3296085
285612,0.3732117
285628,0.80038
285635,0.37150618
285649,0.56983554
285651,0.12694767
285653,0.39203843
285662,0.67988837
285665,0.12648559
285678,0.39119843
285681,0.23253007
285694,0.6432726
285695,0.1354484
285701,0.110101596
285721,0.5709456
285730,0.43534154
285733,0.16426452
285743,0.42168185
285744,0.7163103
285746,0.32359216
285778,0.39361778
285784,0.4137629
285808,0.10516056
285810,0.50192297
285831,0.7401657
285833,0.26965636
285841,0.22049762
285842,0.22573328
285844,0.6285398
285847,0.28796065
285853,0.11297986
285861,0.6082961
285863,0.1543105
285867,0.40017632
285870,0.88943523
285879,0.33635348
285880,0.16848467
285882,0.16407865
285893,0.091603905
285897,0.5859777
285912,0.378699
285914,0.30783868
285918,0.51091564
285927,0.7200081
285931,0.3792223
285932,0.51986766
285962,0.29420686
285975,0.5099195
285978,0.7304431
285996,0.32793435
286000,0.5601356
286010,0.34019378
286011,0.6153884
286018,0.17700681
286033,0.433431
286038,0.7398463
286042,0.27969652
286044,0.34170565
286047,0.09384556
286050,0.8141151
286052,0.17029981
286056,0.6784851
286058,0.14831284
286083,0.30924064
286088,0.5563776
286094,0.3851267
286107,0.8854354
286112,0.8418286
286124,0.13964507
286128,0.3840841
286141,0.4760419
286146,0.69422865
286147,0.50753415
286153,0.08724902
286163,0.32215437
286169,0.46665537
286175,0.5510188
286185,0.15645152
286194,0.37649226
286198,0.74693215
286201,0.1678734
286202,0.72994334
286213,0.40403038
286218,0.49143466
286250,0.11503298
286257,0.62027043
286264,0.5417794
286265,0.45606694
286266,0.2718267
286287,0.34663436
286292,0.11689387
286294,0.23751898
286295,0.48358715
286299,0.7535032
286300,0.5565927
286302,0.7808673
286310,0.5563297
286316,0.25198606
286332,0.46492118
286353,0.4523453
286354,0.25962985
286357,0.23221765
286375,0.12936671
286382,0.5624705
286389,0.43639046
286404,0.3062335
286405,0.691636
286411,0.65599376
286412,0.40804935
286421,0.7602603
286423,0.3534344
286426,0.6710511
286433,0.39477977
286438,0.8232308
286441,0.20387934
286444,0.0972568
286447,0.14233296
286459,0.6217834
286473,0.28159738
286484,0.15418172
286485,0.915995
286501,0.68209684
286502,0.24925067
286509,0.49088672
286511,0.8806033
286516,0.755196
286547,0.82810163
286549,0.38967547
286553,0.5046378
286558,0.25878382
286566,0.15439777
286572,0.31380013
286582,0.20866649
286587,0.21792233
286590,0.48049563
286594,0.76752406
286598,0.25538015
286602,0.29061645
286608,0.74649
286610,0.37976274
286627,0.41407564
286661,0.13096385
286664,0.33533555
286668,0.10255095
286683,0.10019631
286684,0.1235416
286689,0.120767735
286696,0.32432362
286697,0.24452785
286703,0.69600666
286705,0.17464699
286707,0.5548935
286708,0.743748
286711,0.30018273
286714,0.5168776
286734,0.18233487
286747,0.3028218
286760,0.45488796
286763,0.309022
286772,0.16659062
286773,0.13727553
286791,0.371337
286813,0.765979
286814,0.3625956
286817,0.17527612
286836,0.13456039
286838,0.5644679
286844,0.34606662
286854,0.6466343
286856,0.29775035
286859,0.24562843
286864,0.10663455
286865,0.67294675
286868,0.7686696
286881,0.5457247
286882,0.5343685
286888,0.31547344
286890,0.9018551
286892,0.40109143
286895,0.31974602
286906,0.2826699
286924,0.31405458
286930,0.30418643
286931,0.56867325
286942,0.35336292
286955,0.16753449
286960,0.4640133
286962,0.3785359
286966,0.13907799
286967,0.1136101
286971,0.39463842
286983,0.12627016
286985,0.2840159
286986,0.767654
286987,0.7656358
286992,0.6347272
287003,0.37778276
287004,0.09685971
287006,0.18145527
287029,0.44918597
287036,0.22553529
287038,0.65964955
287049,0.11728686
287050,0.098949775
287057,0.11353733
287065,0.09176446
287066,0.760735
287089,0.6291636
287093,0.90514904
287096,0.6314135
287103,0.5395016
287104,0.41117367
287109,0.1611896
287133,0.8968797
287137,0.2329093
287141,0.8278903
287146,0.23861322
287148,0.087304726
287177,0.22506359
287184,0.1388477
287197,0.35469267
287204,0.5433177
287206,0.57117134
287208,0.46295175
287225,0.36419624
287228,0.13073057
287252,0.791033
287260,0.17807204
287264,0.6015651
287270,0.47297826
287271,0.4461273
287272,0.08814429
287274,0.2959832
287280,0.09545014
287281,0.5414608
287290,0.5264612
287298,0.18216744
287299,0.6081408
287301,0.0970714
287314,0.46108854
287321,0.7205369
287322,0.11779786
287329,0.84570444
287331,0.3849766
287337,0.21387513
287349,0.34848934
287358,0.38340947
287370,0.85918564
287371,0.29245758
287376,0.107505426
287378,0.30921707
287386,0.80853975
287394,0.37065768
287397,0.116491154
287419,0.14708437
287428,0.4377691
287438,0.2907726
287439,0.4363516
287449,0.5054798
287450,0.22293477
287460,0.41853356
287472,0.6576067
287474,0.61299825
287483,0.15595789
287495,0.38113067
287510,0.5438319
287512,0.0879218
287530,0.18163636
287531,0.11528027
287543,0.550519
287549,0.5290824
287564,0.79419535
287574,0.24706227
287580,0.3493971
287587,0.48300284
287594,0.11401548
287605,0.6412131
287617,0.57529557
287621,0.16242285
287626,0.35443094
287629,0.67386675
287632,0.7597284
287636,0.622642
287644,0.52600265
287648,0.6959851
287666,0.583475
287672,0.24272513
287701,0.5511656
287708,0.4385981
287718,0.34671524
287724,0.5851041
287726,0.1283342
287729,0.351728
287732,0.4569332
287733,0.11101166
287734,0.82262546
287750,0.6051651
287755,0.66032785
287762,0.65382946
287764,0.27938393
287766,0.11817234
287775,0.15813562
287781,0.3070512
287785,0.38230407
287789,0.27849644
287792,0.7397343
287796,0.08992991
287804,0.7015921
287822,0.14824729
287835,0.10379332
287840,0.54344743
287850,0.41483977
287851,0.19550774
287852,0.4369927
287858,0.58401525
287859,0.45307305
287860,0.59985167
287861,0.44893378
287866,0.16289328
287868,0.62848705
287873,0.6451039
287876,0.25414875
287877,0.16666982
287878,0.23910296
287879,0.62420785
287883,0.19594146
287888,0.08781131
287894,0.85504246
287895,0.32158
287912,0.601789
287915,0.465551
287920,0.09928302
287922,0.44674444
287926,0.5570691
287929,0.5575655
287931,0.7090051
287936,0.3730162
287942,0.7137342
287946,0.40591732
287948,0.54897225
287963,0.80270827
288003,0.12102957
288005,0.22838105
288012,0.50645703
288013,0.7751106
288026,0.18920225
288027,0.3340773
288031,0.47365883
288039,0.1994415
288041,0.6763669
288045,0.70447725
288065,0.63238484
288068,0.510508
288079,0.43663824
288084,0.91337204
288111,0.8197329
288129,0.48834428
288138,0.85411793
288154,0.7369003
288167,0.14972574
288178,0.4434673
288184,0.17975575
288193,0.105181135
288203,0.6120496
288207,0.64140177
288223,0.5864855
288226,0.6118678
288237,0.2902077
288257,0.8749544
288259,0.23202942
288269,0.3303607
288273,0.15080366
288276,0.41861746
288280,0.37337762
288283,0.22897585
288291,0.47192922
288299,0.39756933
288305,0.32080084
288316,0.13817878
288322,0.23356535
288333,0.18426628
288337,0.6349282
288341,0.17107622
288345,0.34001985
288348,0.1670958
288350,0.53528416
288353,0.6041851
288372,0.41563827
288375,0.8412773
288395,0.17074469
288408,0.6081493
288425,0.47254875
288430,0.8529101
288433,0.19222064
288459,0.63315743
288462,0.6176452
288463,0.48951825
288470,0.5743498
288472,0.6322815
288475,0.305235
288495,0.7949083
288517,0.70069647
288530,0.8229879
288535,0.50357485
288539,0.1726446
288540,0.16704254
288547,0.87855303
288553,0.53887725
288555,0.90884256
288556,0.3617286
288562,0.30687782
288564,0.118646026
288567,0.85655725
288576,0.14230078
288579,0.17332618
288580,0.8060136
288589,0.13500275
288596,0.7840545
288597,0.68969935
288599,0.31087333
288601,0.18684977
288617,0.13885367
288621,0.7314828
288635,0.18342258
288656,0.08898075
288666,0.41735673
288670,0.7992364
288671,0.16790955
288673,0.1530551
288678,0.8403206
288693,0.80161184
288699,0.1367043
288706,0.7310233
288728,0.29756668
288739,0.43887997
288741,0.24053401
288755,0.34592625
288763,0.15995471
288766,0.16966723
288775,0.58130145
288780,0.118627794
288793,0.7772292
288811,0.36390528
288821,0.59660035
288829,0.57530135
288835,0.10384526
288836,0.22938572
288838,0.74536073
288851,0.17182626
288853,0.28941035
288854,0.16806963
288855,0.16351855
288876,0.17448002
288879,0.69608533
288884,0.84164304
288886,0.1424222
288891,0.43321845
288898,0.51348054
288911,0.6425041
288913,0.14359783
288927,0.29716352
288928,0.105058335
288931,0.49404103
288955,0.19842173
288961,0.38485694
288969,0.8580905
288971,0.455205
288973,0.7035964
288982,0.19055599
288983,0.28563017
288986,0.29283932
288992,0.282723
288993,0.15580048
288996,0.4658411
289007,0.6011038
289008,0.44601533
289014,0.3387467
289015,0.3139755
289016,0.23997873
289017,0.15242405
289028,0.1690483
289030,0.73265564
289040,0.33363652
289048,0.48072517
289051,0.8033528
289055,0.09277508
289057,0.09998088
289062,0.7502697
289063,0.5748258
289069,0.2924675
289073,0.1927189
289074,0.1968314
289085,0.2857264
289092,0.1842649
289097,0.09548712
289111,0.4301706
289112,0.724423
289116,0.35923436
289123,0.3471174
289145,0.9004813
289146,0.709375
289158,0.6294808
289165,0.59993094
289166,0.3931383
289167,0.6771426
289170,0.75414544
289193,0.44057962
289198,0.1393431
289209,0.5744589
289211,0.44380134
289215,0.4641259
289220,0.4957845
289232,0.19864021
289244,0.54533535
289258,0.2985157
289271,0.34914452
289274,0.66035
289312,0.58557016
289321,0.63737345
289325,0.57196975
289333,0.51503295
289340,0.5461858
289368,0.1331341
289375,0.6021715
289380,0.41593257
289381,0.21326321
289384,0.62600976
289403,0.23108746
289408,0.5352996
289416,0.09719054
289463,0.31561568
289488,0.50894487
289495,0.62839377
289498,0.2974578
289499,0.10158783
289515,0.112373814
289531,0.10491501
289541,0.56039387
289554,0.11097489
289565,0.3176182
289590,0.096664004
289596,0.7490333
289601,0.72814417
289602,0.09828043
289603,0.4972512
289608,0.33157313
289622,0.49820605
289623,0.15649176
289625,0.11797875
289634,0.13259664
289648,0.69215053
289650,0.14671573
289662,0.23783042
289667,0.85182315
289674,0.09520377
289682,0.1086763
289702,0.27288485
289706,0.14939731
289709,0.63835156
289716,0.7280629
289725,0.14152801
289732,0.37106958
289743,0.37620738
289762,0.09787332
289766,0.24976172
289770,0.5711136
289775,0.6565762
289777,0.25592467
289783,0.16037247
289797,0.22304428
289798,0.088519976
289802,0.51404524
289812,0.6215163
289814,0.23175286
289819,0.40738872
289828,0.6937924
289831,0.53371084
289835,0.5338893
289844,0.41137663
289850,0.28948337
289851,0.74235165
289865,0.21624848
289869,0.5264183
289891,0.73016036
289907,0.26639265
289919,0.19682269
289923,0.663117
289924,0.30642006
289927,0.49956772
289929,0.46600157
289951,0.21561383
289959,0.3608924
289964,0.4917126
289965,0.24844064
289966,0.26744983
289971,0.5749893
289988,0.61514693
289989,0.2551516
289995,0.70124906
290005,0.6308691
290013,0.71535903
290031,0.8401199
290036,0.20898247
290038,0.8528795
290041,0.7832114
290056,0.62573135
290058,0.4028359
290065,0.7232608
290069,0.5335148
290070,0.28242275
290074,0.85553646
290076,0.39634126
290082,0.57469696
290105,0.22182597
290111,0.1076026
290114,0.28993085
290116,0.47223592
290117,0.22152342
290128,0.6718074
290130,0.4902363
290139,0.23856273
290151,0.20821509
290154,0.12399267
290158,0.7242482
290180,0.5298358
290183,0.17592086
290190,0.2743592
290191,0.8243526
290199,0.6043521
290200,0.5742509
290202,0.13808876
290205,0.844565
290206,0.12016961
290219,0.5528369
290227,0.13770539
290232,0.26846635
290233,0.77186054
290242,0.48282653
290246,0.17838308
290247,0.3434475
290257,0.5960217
290259,0.68031543
290260,0.43010703
290270,0.15598774
290273,0.45103475
290276,0.7924743
290281,0.88382876
290296,0.5553417
290303,0.23042765
290306,0.24419247
290331,0.14822279
290340,0.4909305
290349,0.39782047
290355,0.40218976
290365,0.5897919
290379,0.7756819
290389,0.09091985
290408,0.40906742
290409,0.7235656
290433,0.5163345
290437,0.3893795
290440,0.18475702
290448,0.27198556
290466,0.10599425
290467,0.26095283
290479,0.3079366
290490,0.51496583
290492,0.12061934
290503,0.15711324
290508,0.37652034
290524,0.6236208
290526,0.4253404
290527,0.48774925
290541,0.40612108
290557,0.4511613
290564,0.32632577
290572,0.16003573
290576,0.60214853
290588,0.17718263
290589,0.17494914
290595,0.4376964
290598,0.29107746
290605,0.61160594
290609,0.1101708
290610,0.27329722
290612,0.5204894
290634,0.18728983
290635,0.7293615
290644,0.871888
290672,0.70994616
290681,0.6399008
290693,0.45719427
290695,0.16030577
290702,0.14976265
290703,0.093132086
290711,0.7914311
290713,0.83413535
290727,0.6625878
290730,0.18461503
290734,0.43379778
290745,0.5938601
290746,0.67544186
290751,0.53521234
290758,0.14545794
290766,0.547569
290784,0.32636303
290786,0.12935585
290813,0.8884039
290849,0.6528307
290852,0.11614149
290881,0.8850652
290884,0.1324933
290885,0.37478706
290889,0.14650895
290911,0.23103991
290913,0.7012123
290923,0.2932123
290926,0.0909719
290936,0.68802804
290941,0.69774574
290945,0.49411646
290955,0.25898865
290961,0.3192675
290964,0.17168352
290967,0.33642447
290970,0.18546902
290974,0.19951648
290976,0.24607418
290978,0.11238638
290981,0.11379977
290991,0.38725537
291005,0.17748739
291009,0.28144246
291011,0.5693689
291012,0.8005691
291018,0.88110393
291023,0.23371825
291028,0.591625
291034,0.26816666
291038,0.327982
291039,0.74363947
291041,0.8656228
291045,0.32115147
291048,0.45685676
291052,0.59687495
291055,0.116467535
291082,0.63214433
291085,0.5709304
291086,0.09978159
291094,0.37530544
291103,0.3895949
291108,0.44215345
291110,0.5971128
291113,0.35246548
291117,0.10246934
291124,0.51333827
291129,0.13019346
291142,0.52066517
291155,0.8045705
291157,0.6689293
291177,0.08886039
291178,0.25283906
291180,0.093315184
291188,0.91168
291198,0.44480246
291200,0.15166004
291202,0.1472534
291207,0.11174
291218,0.1261739
291231,0.4191178
291232,0.29132858
291240,0.101210244
291241,0.75621647
291245,0.15234627
291256,0.1003055
291273,0.6893143
291274,0.58185846
291277,0.48741886
291290,0.837744
291303,0.39564815
291310,0.27613708
291311,0.26521766
291319,0.8546296
291324,0.56827307
291331,0.48396692
291334,0.2491467
291348,0.84665
291349,0.84190995
291359,0.26578066
291365,0.10321574
291379,0.48563632
291396,0.16363029
291411,0.20196159
291424,0.5335218
291425,0.1466652
291428,0.43069798
291446,0.66625714
291449,0.11219768
291461,0.33542007
291465,0.12008749
291480,0.5722174
291486,0.24740526
291487,0.14171843
291491,0.111158006
291499,0.113319285
291505,0.65849257
291512,0.66130203
291513,0.15811706
291521,0.18200119
291523,0.0902796
291543,0.70551413
291545,0.34485492
291546,0.8416125
291550,0.24926649
291552,0.17624807
291561,0.5544019
291579,0.39749107
291584,0.89711785
291586,0.37946287
291590,0.6669619
291592,0.91420907
291593,0.14708154
291599,0.5611529
291615,0.13157165
291617,0.08875372
291628,0.5617337
291654,0.23382807
291658,0.86451906
291659,0.20701294
291661,0.7253778
291671,0.7328758
291677,0.08733182
291689,0.618173
291693,0.32022768
291695,0.22621994
291696,0.70483667
291697,0.26663792
291702,0.3725412
291711,0.10759735
291713,0.49659076
291715,0.4409884
291718,0.47028884
291733,0.22933184
291742,0.30057874
291748,0.3401805
291765,0.09669224
291771,0.396364
291773,0.564693
291788,0.2067193
291789,0.5813415
291796,0.6114731
291800,0.6671404
291817,0.10808339
291822,0.7532446
291840,0.81235045
291843,0.14973271
291855,0.70954454
291858,0.09945674
291870,0.61971956
291872,0.10276221
291874,0.29129353
291883,0.21309128
291888,0.15302762
291894,0.41912955
291901,0.120376766
291928,0.77046293
291930,0.0938552
291949,0.12005764
291951,0.5614249
291953,0.28662696
291955,0.36718684
291963,0.8660638
291969,0.58399504
291980,0.5254274
292010,0.15622786
292022,0.33666334
292023,0.14552382
292031,0.19665104
292034,0.33418337
292043,0.27761063
292049,0.48417625
292055,0.5268037
292062,0.4830231
292070,0.1469138
292072,0.7145057
292073,0.11735712
292082,0.5343976
292096,0.3387372
292098,0.40114117
292116,0.3579212
292118,0.3936506
292126,0.8022907
292128,0.48230752
292137,0.44124234
292138,0.13679267
292142,0.5430885
292149,0.77718925
292181,0.83767825
292189,0.15772957
292191,0.18115737
292205,0.1387213
292219,0.519802
292227,0.11344854
292231,0.7435541
292238,0.41482526
292246,0.12847008
292248,0.43564913
292259,0.28120238
292261,0.4843523
292266,0.52760667
292267,0.17504019
292272,0.3974011
292278,0.8146549
292281,0.27887598
292286,0.29107967
292288,0.8249574
292289,0.14765339
292304,0.47350127
292307,0.19188945
292319,0.38962147
292320,0.384294
292325,0.52481025
292326,0.7669353
292331,0.12016851
292332,0.13149002
292333,0.10730302
292334,0.4363078
292337,0.16030984
292338,0.61833864
292342,0.16308501
292347,0.321189
292350,0.34679246
292355,0.102072775
292360,0.14892098
292362,0.15118197
292363,0.5836543
292364,0.17394017
292383,0.64693666
292397,0.62489396
292409,0.6028826
292417,0.5874959
292426,0.09883746
292428,0.22636522
292439,0.82042056
292443,0.5196853
292448,0.44174403
292451,0.18293083
292452,0.18583573
292456,0.13214484
292460,0.18448454
292463,0.58606815
292464,0.77602035
292476,0.6529856
292480,0.48223194
292483,0.15594599
292493,0.29373562
292501,0.7662596
292506,0.2616223
292508,0.1396368
292513,0.62196743
292525,0.34168732
292533,0.27992538
292540,0.7956804
292541,0.09192437
292544,0.11773775
292549,0.4226344
292550,0.40060118
292557,0.6571324
292558,0.1238568
292562,0.12855601
292564,0.10341746
292583,0.69202244
292612,0.3931124
292618,0.17771696
292623,0.6809048
292631,0.12753996
292633,0.6800164
292641,0.34155852
292643,0.34344527
292649,0.16702229
292650,0.38592368
292651,0.823556
292655,0.2595712
292659,0.49887887
292677,0.1338807
292693,0.1320447
292697,0.44390732
292700,0.70642513
292702,0.42527333
292710,0.13042837
292727,0.8174135
292731,0.5793467
292732,0.4771907
292734,0.13545883
292735,0.13865283
292737,0.19790749
292739,0.5206709
292741,0.29177907
292767,0.08657381
292778,0.10138519
292807,0.8227662
292813,0.59216356
292834,0.69998777
292837,0.16974568
292839,0.17305212
292844,0.37120172
292869,0.21082215
292874,0.18391755
292892,0.40851027
292894,0.5352198
292916,0.81113976
292921,0.6526717
292925,0.6350536
292929,0.6248117
292933,0.22840486
292935,0.513653
292938,0.2989928
292945,0.5754406
292946,0.37443754
292953,0.4010025
292966,0.6695599
292968,0.33302426
292983,0.19069444
292988,0.55094266
292992,0.103067555
292997,0.4141599
293002,0.23971654
293013,0.23326929
293030,0.86067784
293043,0.87364644
293070,0.8256915
293093,0.09792928
293103,0.52914137
293104,0.08825381
293117,0.79806924
293123,0.49935055
293126,0.85863245
293128,0.13253641
293136,0.293159
293142,0.15683886
293146,0.85707766
293149,0.82627076
293159,0.354328
293169,0.14491795
293172,0.35640952
293175,0.11188339
293176,0.659093
293192,0.090815276
293213,0.61262095
293218,0.47350645
293219,0.53149474
293224,0.57501835
293225,0.48389795
293234,0.6689957
293243,0.54937464
293249,0.13029233
293256,0.37622666
293276,0.8513813
293283,0.83650255
293295,0.27934507
293308,0.2224227
293309,0.65967035
293316,0.12913209
293326,0.40095094
293330,0.12469376
293351,0.6043145
293361,0.13161823
293366,0.7986721
293376,0.62067413
293377,0.08862375
293382,0.38983184
293383,0.7796453
293385,0.36679894
293402,0.638101
293403,0.60715073
293405,0.11911546
293412,0.48359728
293430,0.28019986
293435,0.16591972
293438,0.26981816
293445,0.28397542
293447,0.72742313
293451,0.3104185
293463,0.13421282
293471,0.1603812
293482,0.63943994
293485,0.20388967
293493,0.67057794
293496,0.37012646
293505,0.72264177
293507,0.50886697
293508,0.6099925
293518,0.4349991
293524,0.14933279
293527,0.32098243
293537,0.16772479
293542,0.81175274
293556,0.13574131
293560,0.83022004
293563,0.81821096
293565,0.08922356
293597,0.4347339
293603,0.13373084
293607,0.38067943
293621,0.24577732
293622,0.18766655
293623,0.48647222
293636,0.82504195
293643,0.46694037
293659,0.48426607
293678,0.2242396
293679,0.32776755
293681,0.47944337
293684,0.4451773
293692,0.3518927
293696,0.15729716
293733,0.19434537
293734,0.096459135
293745,0.44388247
293751,0.30871302
293770,0.8209114
293778,0.46245
293789,0.10359971
293809,0.11135612
293815,0.09988663
293816,0.70724374
293819,0.6399625
293822,0.39599016
293846,0.78171396
293849,0.0902365
293850,0.15928553
293851,0.5584858
293860,0.105871275
293863,0.83546895
293881,0.51116884
293900,0.31084102
293907,0.47778124
293915,0.09686073
293931,0.10877036
293935,0.36667275
293942,0.5415804
293944,0.81507146
293967,0.5355479
293968,0.5325885
293971,0.090053186
293972,0.48992229
293974,0.43718693
293976,0.5023499
293985,0.097176686
293996,0.85196537
294004,0.2132585
294007,0.6658162
294010,0.09863344
294013,0.5347337
294016,0.73205835
294018,0.6261831
294028,0.7894259
294041,0.33198097
294047,0.13654353
294055,0.36764652
294062,0.54407114
294069,0.42241883
294075,0.70924103
294091,0.10123815
294108,0.26122627
294116,0.4270961
294125,0.21495172
294129,0.37289107
294130,0.0895824
294134,0.09753055
294135,0.6874227
294136,0.5738763
294141,0.32592994
294160,0.0891536
294164,0.76207644
294184,0.74851
294191,0.3474309
294195,0.41057983
294199,0.11804508
294208,0.7882735
294221,0.0894841
294225,0.7260713
294230,0.44332415
294236,0.76559263
294256,0.19183522
294257,0.10952797
294258,0.8172727
294282,0.48631427
294287,0.49571943
294290,0.12682872
294300,0.22288863
294302,0.096567
294313,0.090679735
294314,0.5455448
294322,0.14189868
294336,0.55650514
294339,0.8182023
294348,0.31856295
294365,0.82740194
294373,0.63833857
294383,0.17385486
294403,0.19578628
294406,0.47122893
294417,0.8071864
294452,0.83554333
294463,0.8195979
294471,0.45244515
294486,0.20716578
294501,0.60035884
294504,0.74697405
294509,0.13870852
294511,0.1559632
294519,0.103901446
294530,0.30440292
294532,0.69804907
294547,0.66395545
294548,0.38343078
294554,0.08857058
294577,0.73125297
294578,0.17938587
294580,0.47170642
294583,0.34614018
294592,0.3129946
294595,0.348997
294602,0.12203347
294613,0.6310596
294617,0.09246482
294631,0.82190955
294641,0.32735568
294653,0.7390886
294657,0.2611441
294661,0.5447505
294665,0.11186078
294668,0.103983104
294671,0.22116356
294682,0.20286702
294685,0.11439236
294688,0.5656633
294690,0.9073421
294698,0.43911853
294717,0.6822426
294724,0.26530743
294726,0.0856555
294738,0.52644813
294744,0.3991285
294758,0.5691239
294762,0.09915616
294776,0.5357313
294777,0.2755316
294807,0.4882052
294816,0.596308
294821,0.09721124
294825,0.5235383
294834,0.12137429
294835,0.20402649
294836,0.53709745
294840,0.28198066
294842,0.85169655
294864,0.20058644
294874,0.4949661
294880,0.4937157
294881,0.223503
294897,0.21352482
294898,0.3258686
294920,0.64299786
294923,0.82841444
294926,0.27813178
294937,0.63525206
294941,0.29307848
294951,0.805253
294952,0.17844257
294953,0.4012519
294982,0.4937672
294989,0.3300584
294995,0.6965857
295009,0.80552757
295010,0.4035326
295013,0.29398587
295016,0.103184514
295022,0.5508459
295024,0.59260255
295040,0.875997
295045,0.25425968
295047,0.3004603
295056,0.70329034
295073,0.6459246
295080,0.36759776
295093,0.24988984
295094,0.7857974
295095,0.2773608
295107,0.14818603
295116,0.60216373
295140,0.27272254
295150,0.8917099
295154,0.80976856
295155,0.5013802
295162,0.485687
295163,0.14604732
295168,0.87177
295176,0.116873324
295182,0.1411714
295183,0.5642107
295216,0.47837883
295219,0.16329746
295239,0.22724256
295246,0.13500184
295255,0.29831526
295257,0.65839046
295261,0.092151396
295263,0.13298991
295265,0.57533133
295274,0.6378674
295281,0.473589
295286,0.44862312
295299,0.38241556
295304,0.101470344
295306,0.18050367
295321,0.19751887
295339,0.11557315
295342,0.18252929
295346,0.7300854
295348,0.57663846
295354,0.12353227
295367,0.42469162
295372,0.3616179
295373,0.16883406
295374,0.39961582
295387,0.14852995
295389,0.59479916
295396,0.579975
295415,0.40173432
295418,0.37679917
295421,0.23981723
295425,0.13370965
295431,0.2340084
295434,0.29352355
295443,0.6106496
295453,0.23544358
295473,0.11066587
295476,0.12937927
295477,0.68757206
295488,0.56508166
295499,0.5972661
295504,0.09367811
295505,0.71381545
295524,0.112173125
295529,0.37173608
295533,0.4707562
295534,0.18191761
295549,0.1881314
295565,0.10095124
295584,0.3455011
295585,0.46596408
295597,0.3410716
295599,0.57166964
295604,0.22738421
295616,0.39205113
295635,0.25073802
295637,0.10465973
295670,0.08997548
295678,0.23252411
295701,0.39069116
295711,0.5569126
295713,0.709868
295734,0.6608698
295739,0.2896333
295750,0.18518396
295773,0.88037896
295783,0.37243393
295787,0.15423618
295790,0.5554211
295795,0.2727862
295820,0.11623814
295821,0.49961036
295826,0.19975251
295836,0.48702958
295837,0.74583846
295842,0.21602406
295848,0.11411169
295850,0.60478747
295869,0.19256394
295871,0.5769268
295873,0.5299218
295879,0.21921021
295880,0.7457727
295892,0.14043085
295904,0.78411216
295907,0.10031817
295908,0.3747247
295913,0.15732418
295918,0.4045354
295921,0.85205764
295924,0.8137272
295949,0.16056293
295953,0.35341752
295961,0.09584559
295968,0.43275735
295971,0.5615848
295985,0.2442653
295986,0.5191634
295987,0.11235977
295993,0.64643955
295997,0.8283067
296005,0.5021385
296007,0.5488166
296012,0.53113055
296022,0.42218444
296024,0.1020717
296032,0.1089434
296034,0.12964864
296062,0.19200094
296070,0.09482897
296074,0.15791702
296084,0.13143611
296087,0.09462575
296088,0.40986636
296089,0.7796086
296143,0.1251954
296172,0.12087443
296183,0.15870357
296185,0.10273946
296194,0.23925266
296199,0.8935558
296204,0.537935
296206,0.76159805
296209,0.5761073
296229,0.72573256
296239,0.0909964
296253,0.34044272
296259,0.87122315
296264,0.087395646
296270,0.8605883
296273,0.69820786
296284,0.26153532
296285,0.6906566
296287,0.2432154
296288,0.5237982
296292,0.46521294
296300,0.6685097
296301,0.37894663
296321,0.8602727
296324,0.4158421
296335,0.73773515
296348,0.13056721
296354,0.20567599
296369,0.6601735
296376,0.60724366
296391,0.2786642
296393,0.52452433
296398,0.37358448
296428,0.5685138
296432,0.5391997
296433,0.33920524
296449,0.5132997
296450,0.43614295
296490,0.41401643
296498,0.54246616
296499,0.31789067
296500,0.5429649
296509,0.7378347
296514,0.3368624
296518,0.18034734
296527,0.10210836
296532,0.13228296
296541,0.14899175
296544,0.53210425
296546,0.09063441
296573,0.86999905
296578,0.274839
296589,0.26643878
296594,0.6484555
296616,0.52626354
296623,0.35299268
296624,0.44317716
296632,0.15002455
296633,0.41154745
296639,0.5175568
296647,0.529837
296656,0.82636386
296678,0.11488137
296679,0.44891334
296695,0.19311151
296696,0.79297394
296714,0.23172459
296721,0.19457872
296739,0.12672202
296744,0.89021516
296747,0.4774114
296758,0.54861635
296760,0.15408038
296766,0.38270274
296769,0.10728519
296776,0.14893097
296780,0.22308296
296782,0.79002917
296790,0.6140979
296795,0.4540145
296801,0.11892087
296803,0.8408272
296806,0.3919303
296811,0.32553872
296813,0.10680119
296818,0.89365745
296822,0.46464747
296839,0.6984085
296848,0.149177
296863,0.64175624
296871,0.17504206
296872,0.8145896
296877,0.2466608
296882,0.5722343
296885,0.35544926
296903,0.83155394
296906,0.52107143
296912,0.14190584
296916,0.24423708
296922,0.4461493
296926,0.5414718
296927,0.20643371
296935,0.42574608
296939,0.20909563
296942,0.44150516
296954,0.69389397
296968,0.37336951
296971,0.16738631
296984,0.6301715
297004,0.10172943
297011,0.6512992
297017,0.2312292
297019,0.8640154
297021,0.2325028
297025,0.39544111
297033,0.3707508
297038,0.8727294
297042,0.8925431
297065,0.2028844
297089,0.28724784
297093,0.64485466
297098,0.4453758
297100,0.10063882
297111,0.57874876
297115,0.6887968
297121,0.6771673
297123,0.71766955
297129,0.28216904
297132,0.12474547
297139,0.47343484
297147,0.7668568
297148,0.8362382
297161,0.79818946
297167,0.098717846
297171,0.44812375
297173,0.14959456
297179,0.15145911
297189,0.8287116
297200,0.08575437
297201,0.4796275
297220,0.5155994
297229,0.6512224
297234,0.15670778
297252,0.59727246
297266,0.67938656
297269,0.098210886
297276,0.64653164
297292,0.18583553
297300,0.7859334
297303,0.099671125
297305,0.5271246
297307,0.29884183
297313,0.34321055
297336,0.535189
297340,0.6534926
297344,0.10142571
297349,0.13013574
297358,0.18910676
297363,0.6180375
297369,0.1794468
297372,0.09481995
297380,0.6411166
297384,0.30183536
297385,0.7840863
297389,0.12353783
297390,0.60120547
297415,0.41266635
297419,0.85288
297421,0.88999605
297424,0.091845855
297431,0.33779958
297447,0.3218207
297456,0.26822066
297457,0.35044473
297463,0.19831647
297464,0.4472144
297474,0.41540202
297479,0.33038113
297480,0.8766934
297494,0.26747835
297495,0.21785554
297507,0.10527634
297514,0.2896478
297515,0.13466896
297516,0.49763113
297521,0.29492795
297534,0.48703733
297553,0.105373934
297575,0.54893124
297584,0.75377434
297586,0.22868797
297606,0.16835612
297630,0.25005388
297636,0.40986088
297646,0.25337622
297650,0.15327452
297651,0.4396053
297656,0.12886734
297675,0.2275681
297681,0.6649636
297699,0.096733496
297702,0.5810627
297712,0.65729964
297718,0.521017
297730,0.61017066
297731,0.21266595
297745,0.10523991
297768,0.85459477
297771,0.2101904
297774,0.30644923
297781,0.16592246
297786,0.8000888
297798,0.55054903
297809,0.37106472
297822,0.22829096
297828,0.14836518
297840,0.29725555
297852,0.15001091
297859,0.13825944
297868,0.15489069
297883,0.41763175
297887,0.13058355
297896,0.5304271
297898,0.21003744
297917,0.8270578
297943,0.106128685
297954,0.5224059
297965,0.27504197
297992,0.1033366
297993,0.33709258
298001,0.42112333
298005,0.70633996
298010,0.09238081
298013,0.24688563
298014,0.84898394
298015,0.453986
298025,0.81127346
298026,0.4800272
298032,0.6527346
298039,0.8029884
298049,0.5569524
298051,0.13876176
298058,0.43952653
298062,0.22444806
298070,0.6156792
298078,0.5076002
298084,0.89897925
298108,0.73246455
298113,0.4404445
298115,0.6611668
298126,0.28283396
298131,0.0930169
298134,0.41336983
298135,0.6332406
298139,0.09879447
298142,0.1251423
298152,0.27695218
298154,0.2686093
298155,0.20880182
298161,0.87562
298165,0.6367559
298166,0.8214438
298171,0.15351036
298179,0.21730639
298182,0.3805102
298187,0.165457
298192,0.24383876
298194,0.27262086
298213,0.47077718
298215,0.77977663
298216,0.23359376
298217,0.12746903
298223,0.41394207
298256,0.3793158
298275,0.13348779
298277,0.58115196
298279,0.26142213
298285,0.64141893
298286,0.89722043
298296,0.10484194
298309,0.6245065
298312,0.31466857
298323,0.1887879
298330,0.15157345
298340,0.5397247
298341,0.15951352
298349,0.46386424
298353,0.108231165
298363,0.44704252
298367,0.18715219
298378,0.6559439
298380,0.3852922
298392,0.7576676
298395,0.56086046
298405,0.5702496
298426,0.7755147
298427,0.47661537
298444,0.2906892
298450,0.11493466
298458,0.111687064
298462,0.2197838
298463,0.089824945
298479,0.12897615
298480,0.51783246
298487,0.28910056
298499,0.21151489
298500,0.43542925
298506,0.2888986
298507,0.13829805
298512,0.7414474
298515,0.44861257
298517,0.27757868
298532,0.8491349
298533,0.45941272
298560,0.54420215
298564,0.16341995
298567,0.7132787
298568,0.28029317
298569,0.72154
298570,0.8375248
298579,0.14900704
298583,0.15762693
298591,0.17865755
298593,0.73679864
298600,0.19035684
298609,0.12308334
298620,0.3789982
298622,0.60312736
298628,0.15658118
298633,0.32108164
298657,0.7337794
298669,0.24919644
298671,0.5979873
298677,0.33338064
298692,0.3521185
298703,0.39145774
298705,0.12534814
298711,0.25981867
298713,0.6001401
298757,0.77452546
298766,0.09568519
298768,0.7974775
298770,0.30851564
298776,0.8369944
298785,0.41458645
298787,0.12046933
298792,0.5557484
298795,0.36650196
298799,0.26741564
298806,0.79111797
298810,0.59834796
298818,0.6860258
298822,0.47604576
298823,0.26406568
298834,0.111251
298837,0.43706912
298841,0.15635255
298845,0.4879035
298852,0.44201413
298855,0.2092264
298858,0.59857863
298860,0.14971484
298861,0.22912757
298863,0.110323004
298866,0.57787573
298873,0.60540324
298880,0.7209662
298889,0.12948942
298896,0.72841775
298917,0.6449753
298929,0.24384229
298940,0.43845958
298946,0.7762974
298949,0.10570704
298966,0.81486255
298984,0.5130922
298994,0.1917135
299004,0.87987006
299012,0.33104262
299022,0.7595142
299024,0.27442244
299026,0.20479593
299035,0.114221536
299036,0.1482568
299039,0.21329024
299061,0.71400356
299064,0.64681476
299067,0.68138915
299074,0.72326684
299075,0.14213166
299078,0.5167077
299109,0.7989687
299117,0.6960389
299121,0.1260436
299127,0.5742306
299134,0.5020545
299136,0.23626602
299137,0.70423913
299139,0.6974895
299168,0.11271954
299176,0.11601707
299184,0.72541744
299188,0.51750386
299191,0.82686317
299208,0.43577474
299229,0.34610862
299238,0.4083642
299241,0.65115565
299257,0.3974062
299260,0.45893446
299264,0.55887884
299279,0.42233944
299308,0.15746805
299310,0.19129375
299311,0.5843958
299317,0.5443621
299325,0.6139942
299329,0.36711928
299334,0.7343744
299335,0.6747158
299339,0.54306203
299351,0.513789
299352,0.1006895
299365,0.71906525
299393,0.4145867
299400,0.32550627
299404,0.22311823
299406,0.52765495
299410,0.8126081
299413,0.35891834
299434,0.8635622
299448,0.3819254
299463,0.33614546
299464,0.79724324
299470,0.59650606
299480,0.45252442
299488,0.16937007
299496,0.7667693
299501,0.58909374
299504,0.80260545
299532,0.43205363
299536,0.41434464
299550,0.5022282
299554,0.37241945
299564,0.48242995
299577,0.425301
299581,0.25645334
299594,0.42661494
299632,0.1269731
299633,0.58170134
299650,0.85948163
299678,0.36764884
299682,0.51145375
299705,0.5757734
299719,0.69270146
299720,0.55637276
299724,0.42006326
299730,0.15419112
299750,0.11255711
299766,0.46865016
299774,0.5430323
299787,0.14570734
299817,0.1592961
299818,0.6513131
299826,0.16061985
299833,0.2518954
299845,0.62657577
299847,0.90310156
299850,0.5106306
299866,0.44683564
299869,0.33035782
299870,0.4750497
299874,0.1508005
299877,0.51372474
299891,0.70962507
299898,0.703592
299900,0.5357972
299904,0.15671998
299912,0.3870356
299914,0.20931798
299919,0.21894802
299931,0.40694752
299934,0.50062627
299941,0.8556117
299946,0.102292076
299947,0.35643834
299972,0.75339824
299973,0.8545507
299975,0.48656785
299979,0.37356606
299981,0.25523797
299983,0.5615263
299985,0.6768703
299986,0.22087176
300011,0.6632313
300013,0.48511967
300028,0.11453703
300042,0.16909316
300043,0.6672798
300058,0.47987744
300073,0.3314222
300075,0.52342814
300087,0.12755194
300090,0.5424442
300107,0.50841784
300115,0.10124778
300119,0.112831466
300122,0.7524717
300125,0.6925854
300126,0.6005374
300137,0.88957757
300139,0.52088326
300145,0.6452937
300155,0.39264023
300169,0.10446548
300170,0.3678479
300175,0.25872025
300177,0.57976586
300186,0.14899991
300188,0.13103038
300194,0.27516136
300207,0.75785214
300210,0.72483754
300217,0.44974038
300221,0.14147846
300235,0.12908535
300238,0.10668339
300240,0.84492296
300241,0.39633468
300249,0.09795873
300255,0.33277625
300259,0.36995402
300272,0.18488891
300274,0.7553235
300276,0.54266095
300284,0.122541435
300293,0.09301486
300306,0.16022226
300310,0.7458214
300324,0.47745994
300339,0.1116509
300346,0.11077063
300348,0.34778145
300354,0.09489206
300356,0.16108088
300358,0.42071062
300363,0.21498007
300366,0.31782168
300368,0.19572142
300370,0.3089952
300385,0.6187423
300392,0.86989886
300393,0.51010615
300403,0.63582706
300411,0.33176216
300420,0.32307073
300421,0.3593316
300435,0.7384531
300437,0.44949853
300440,0.16563034
300443,0.50429887
300456,0.80047673
300458,0.3295852
300459,0.49553695
300460,0.120160535
300462,0.48502028
300481,0.12135866
300486,0.7458118
300488,0.32378894
300503,0.47578612
300506,0.5220023
300517,0.22826567
300523,0.11156578
300525,0.12466097
300526,0.7403894
300552,0.24866292
300560,0.46059608
300570,0.11634326
300583,0.4886342
300585,0.66983575
300587,0.52353215
300598,0.4771523
300600,0.20124102
300608,0.6151451
300612,0.123357326
300618,0.27118686
300621,0.7007332
300640,0.18529676
300641,0.5367179
300651,0.15780449
300653,0.19767937
300667,0.36870906
300678,0.16816176
300680,0.6132041
300687,0.27774316
300702,0.89357084
300717,0.455832
300722,0.18466751
300723,0.3349274
300732,0.66125894
300752,0.38214016
300761,0.66443485
300775,0.56865436
300786,0.85784453
300787,0.0952592
300788,0.45423108
300789,0.5518322
300794,0.63755286
300808,0.7212795
300834,0.14711478
300842,0.42194346
300844,0.8708644
300850,0.46814772
300851,0.7888934
300854,0.10511605
300866,0.1392787
300867,0.19139509
300868,0.6269886
300882,0.59601676
300883,0.43322557
300891,0.462975
300894,0.104339525
300901,0.74669
300904,0.21153209
300910,0.49572787
300914,0.78111035
300918,0.65436906
300948,0.8583867
300954,0.44786605
300958,0.5112785
300959,0.2838888
300970,0.16968147
300971,0.31465274
300975,0.51060325
300981,0.47703484
300983,0.56475234
300993,0.9105124
300996,0.109050766
301001,0.11326597
301005,0.3891826
301010,0.6267239
301021,0.9023017
301026,0.3806248
301029,0.101177484
301032,0.31924814
301061,0.7651536
301073,0.131994
301083,0.4518279
301089,0.7132583
301093,0.76823175
301098,0.36174512
301103,0.4145139
301105,0.6424622
301112,0.8095742
301120,0.15735532
301122,0.15459882
301124,0.59083515
301137,0.19740173
301169,0.3400322
301173,0.33830136
301177,0.6101718
301179,0.08961886
301180,0.77421874
301185,0.16524151
301195,0.8595744
301199,0.39199045
301201,0.30897024
301206,0.62797266
301209,0.6402441
301210,0.21610914
301216,0.86930543
301224,0.88477516
301226,0.4337
301227,0.1326317
301243,0.14592871
301246,0.12963958
301248,0.4453002
301252,0.09549367
301259,0.5815853
301260,0.27613473
301267,0.14748128
301268,0.509927
301274,0.101122275
301281,0.25684306
301287,0.3100446
301288,0.16063933
301299,0.09399867
301304,0.23560397
301325,0.38093683
301327,0.57427925
301331,0.8674957
301332,0.43632105
301336,0.30019432
301345,0.7074109
301348,0.1500538
301356,0.57079434
301358,0.38002345
301360,0.092963986
301364,0.34035307
301389,0.10012514
301415,0.11173493
301421,0.8307775
301422,0.27881318
301424,0.5146811
301426,0.13701394
301433,0.43287328
301459,0.746169
301460,0.48354465
301478,0.27583715
301483,0.13898125
301493,0.17173766
301494,0.19633128
301503,0.46700233
301510,0.5337378
301516,0.092176504
301530,0.6278533
301531,0.20121612
301549,0.1475449
301550,0.37667215
301555,0.339345
301573,0.18354128
301588,0.14774355
301593,0.54508835
301613,0.61496663
301625,0.7994245
301643,0.45711067
301650,0.1323592
301651,0.6212153
301652,0.12301761
301653,0.5785152
301665,0.19821037
301684,0.21194696
301686,0.7944399
301694,0.6635646
301697,0.19886963
301698,0.49933738
301717,0.14846137
301725,0.14843598
301728,0.573235
301734,0.34381673
301749,0.6553494
301761,0.6902619
301766,0.56207585
301775,0.5196618
301782,0.60670096
301784,0.6410889
301787,0.37699467
301789,0.65601194
301790,0.6633248
301804,0.6358993
301806,0.22353512
301817,0.43748313
301826,0.22401866
301837,0.49566016
301842,0.37579262
301848,0.09002693
301859,0.59694797
301860,0.23369882
301867,0.42580032
301877,0.09964847
301883,0.15153253
301902,0.3774141
301908,0.28243494
301916,0.1783556
301920,0.32938275
301921,0.26147884
301931,0.10323183
301939,0.3530811
301941,0.28901824
301943,0.17255332
301949,0.1273893
301955,0.5625818
301963,0.3939532
301968,0.19484042
301975,0.6465676
301988,0.49695697
302000,0.49898818
302005,0.121609785
302007,0.48208264
302016,0.6957251
302028,0.3958688
302038,0.16920625
302043,0.09985185
302051,0.18535148
302056,0.089465134
302063,0.51935434
302072,0.2565945
302074,0.45590657
302080,0.09909141
302093,0.22363138
302096,0.5571517
302123,0.1182175
302125,0.099411756
302128,0.20177805
302145,0.64811474
302146,0.4843626
302160,0.5029945
302166,0.38703802
302174,0.20222081
302175,0.3098731
302186,0.7649272
302190,0.3126322
302202,0.5858276
302207,0.6258354
302211,0.21274067
302215,0.13027884
302216,0.5207206
302217,0.15954067
302225,0.87772936
302231,0.41015363
302233,0.23737402
302259,0.1846774
302263,0.32204017
302281,0.23845315
302285,0.29347152
302288,0.27662843
302292,0.88547665
302303,0.60963446
302306,0.30012354
302309,0.4859021
302332,0.09988617
302341,0.10150081
302350,0.7569586
302352,0.72261375
302356,0.8082631
302361,0.2917795
302364,0.628204
302373,0.1414816
302378,0.46252242
302385,0.22129172
302389,0.53850454
302393,0.7528911
302403,0.10153525
302422,0.17850333
302425,0.38647044
302431,0.7962639
302443,0.3546487
302448,0.37477365
302449,0.50104564
302455,0.6448927
302460,0.18342234
302462,0.465571
302466,0.21426
302467,0.64676416
302470,0.6072776
302472,0.24687247
302480,0.7574069
302481,0.11620239
302491,0.6184397
302494,0.17012751
302503,0.6065802
302504,0.7907447
302507,0.68454987
302527,0.8089444
302571,0.41191557
302580,0.56600523
302583,0.36293536
302591,0.110980004
302601,0.21231283
302613,0.4847242
302621,0.37749758
302638,0.17719871
302639,0.70439976
302655,0.4166246
302670,0.5643136
302673,0.8992451
302675,0.24272627
302691,0.3666579
302701,0.25866908
302705,0.21643128
302727,0.27525958
302750,0.30566597
302751,0.24571384
302757,0.6490647
302758,0.8077937
302761,0.642936
302767,0.5916884
302787,0.13084151
302797,0.13847819
302799,0.5171591
302800,0.6156535
302815,0.17442614
302826,0.9117008
302827,0.1293544
302842,0.11418491
302856,0.1613707
302877,0.16359779
302879,0.51927185
302881,0.36143517
302882,0.61551446
302885,0.628115
302905,0.20070657
302911,0.09282152
302916,0.5261736
302919,0.75453776
302947,0.3016174
302957,0.56220526
302968,0.22882816
302978,0.45177957
302984,0.39771882
302991,0.13612281
303007,0.52407503
303010,0.23782551
303012,0.8558984
303013,0.87046176
303024,0.24769183
303027,0.46167973
303034,0.23577729
303036,0.6584659
303037,0.41345856
303050,0.1341373
303060,0.8573437
303062,0.227556
303066,0.1084228
303068,0.57766575
303077,0.75531864
303080,0.2709954
303082,0.42247653
303083,0.17097493
303085,0.46014574
303087,0.32410064
303089,0.32166538
303103,0.08881607
303105,0.12351461
303106,0.56446254
303120,0.37741908
303121,0.19047356
303127,0.15424863
303130,0.2653963
303142,0.08884583
303162,0.44638413
303169,0.45119953
303189,0.11432287
303220,0.10782817
303222,0.8285396
303223,0.47564018
303227,0.18953641
303262,0.327479
303264,0.17709956
303277,0.37330225
303288,0.13358793
303292,0.39368036
303294,0.86265886
303301,0.9077972
303312,0.69131637
303328,0.43855008
303330,0.09064247
303347,0.2078684
303354,0.18206203
303356,0.09427647
303362,0.255228
303377,0.607085
303386,0.44458506
303393,0.11611849
303397,0.3697632
303403,0.7708656
303413,0.09027044
303416,0.5696247
303428,0.35061172
303429,0.58273435
303432,0.2614404
303446,0.707094
303455,0.6863099
303464,0.27967194
303465,0.16840883
303473,0.48746943
303476,0.63083655
303479,0.63523835
303482,0.2104411
303484,0.28407416
303492,0.7330006
303493,0.7227953
303497,0.59087914
303498,0.45382357
303499,0.6001988
303509,0.13346502
303513,0.36874405
303524,0.091666244
303525,0.8404805
303540,0.48681945
303544,0.17482488
303548,0.32795402
303551,0.45685208
303569,0.34549463
303584,0.43640035
303592,0.72119623
303602,0.8031362
303607,0.641489
303619,0.11657352
303630,0.20814438
303643,0.8869255
303644,0.5289765
303670,0.7218874
303671,0.485738
303678,0.3693245
303689,0.106098026
303698,0.755164
303702,0.24270523
303704,0.20012604
303711,0.123891965
303727,0.31191558
303728,0.09405151
303741,0.6562633
303752,0.32987496
303755,0.19768338
303777,0.14766492
303790,0.6735777
303798,0.28496695
303804,0.82093513
303812,0.45963046
303814,0.8165417
303817,0.8785997
303818,0.6629105
303848,0.4068089
303850,0.1382104
303854,0.39316812
303857,0.10662648
303860,0.2595791
303870,0.63030785
303877,0.22534199
303884,0.7781097
303893,0.09523076
303899,0.17571135
303900,0.8889267
303902,0.539309
303906,0.49037123
303920,0.8503048
303937,0.2621973
303939,0.14286315
303941,0.14060344
303962,0.43931347
303963,0.6687678
303971,0.2967078
303978,0.18661255
303980,0.7064442
303986,0.6646528
304018,0.7057332
304025,0.11996462
304027,0.23571032
304028,0.7234671
304029,0.36677933
304030,0.101317935
304035,0.24219307
304040,0.5618231
304058,0.77226
304083,0.41062757
304089,0.79707205
304092,0.66451263
304093,0.5648528
304100,0.118893504
304121,0.16106994
304142,0.13917688
304154,0.4038092
304158,0.81366456
304164,0.2900695
304173,0.71945214
304175,0.23735312
304182,0.42523563
304194,0.28772974
304201,0.5685646
304202,0.31167054
304206,0.27213642
304210,0.44694182
304226,0.10577925
304237,0.095714904
304256,0.57801104
304257,0.18533419
304265,0.1427009
304271,0.660219
304274,0.40041736
304286,0.51168233
304292,0.37265286
304299,0.34802744
304350,0.44154102
304352,0.21420196
304355,0.11474411
304360,0.20899154
304361,0.7133187
304363,0.4464272
304375,0.67642367
304378,0.09470666
304382,0.7998815
304385,0.7812618
304386,0.6781519
304387,0.45886397
304388,0.20822953
304391,0.5981263
304398,0.28551665
304406,0.12367138
304420,0.27042726
304431,0.5365293
304436,0.8988337
304438,0.16469412
304440,0.2783671
304441,0.22502072
304450,0.14052849
304451,0.82623965
304454,0.4474975
304462,0.8530964
304466,0.8576819
304469,0.7037682
304472,0.26568007
304475,0.8657272
304481,0.24030775
304483,0.24723679
304485,0.66752833
304486,0.1194177
304504,0.4329303
304505,0.18573187
304512,0.2716405
304516,0.5409936
304517,0.11552764
304528,0.13206127
304530,0.5129053
304536,0.124906294
304549,0.18098088
304552,0.77739817
304554,0.8872533
304581,0.3527704
304593,0.1938754
304596,0.8018386
304604,0.33022806
304610,0.55659133
304614,0.21933617
304628,0.47777027
304629,0.11675098
304637,0.3319779
304644,0.0905158
304654,0.6362405
304664,0.80495405
304676,0.16304235
304680,0.5807429
304687,0.10501497
304696,0.678809
304698,0.48152277
304700,0.45987865
304703,0.8799067
304704,0.179939
304710,0.29130474
304717,0.435053
304729,0.8966581
304732,0.09633818
304736,0.29759422
304738,0.41414332
304756,0.13256074
304771,0.10883781
304773,0.21893887
304776,0.3212469
304778,0.29269686
304779,0.74628747
304780,0.14982086
304790,0.68528044
304793,0.09629253
304805,0.60505426
304811,0.11487382
304825,0.52518064
304828,0.3696738
304829,0.409253
304842,0.7260815
304851,0.5705836
304857,0.23240322
304884,0.47313094
304891,0.23804963
304897,0.5394439
304898,0.3965629
304905,0.2883667
304907,0.5450171
304917,0.20656738
304931,0.18074779
304935,0.12342067
304942,0.42756012
304954,0.58639634
304959,0.08486018
304968,0.56905794
304971,0.2521871
304977,0.4109022
304982,0.17732196
304985,0.2514316
304991,0.10535073
304992,0.63121444
304997,0.38303027
305004,0.18349342
305008,0.17605145
305019,0.17198092
305020,0.7015938
305025,0.10991628
305037,0.2558372
305046,0.7537241
305056,0.1270067
305062,0.12535544
305064,0.840706
305065,0.2585183
305076,0.47614634
305108,0.55230933
305110,0.16129921
305115,0.6415756
305121,0.8022179
305125,0.30027938
305141,0.16123255
305151,0.16273345
305159,0.27159527
305162,0.3788861
305165,0.12473174
305174,0.2648239
305178,0.41760305
305180,0.43003798
305182,0.3150581
305183,0.13961923
305194,0.29678398
305199,0.66479033
305210,0.5581283
305214,0.8586323
305215,0.34545434
305218,0.20994556
305225,0.2566666
305229,0.28875086
305231,0.08945288
305233,0.23610419
305237,0.12872463
305260,0.12004615
305261,0.48992297
305278,0.5175408
305286,0.76207113
305293,0.23465072
305300,0.1365844
305301,0.7655477
305326,0.71198976
305334,0.48159233
305340,0.5693833
305348,0.20424663
305352,0.28456125
305359,0.42372566
305360,0.09453149
305362,0.55119395
305383,0.08867931
305406,0.42675337
305408,0.5818996
305412,0.6053639
305413,0.38265735
305414,0.90010834
305417,0.18169387
305421,0.42658487
305422,0.19182007
305447,0.32587403
305448,0.6674523
305450,0.15877573
305452,0.31955892
305459,0.18982886
305460,0.29716116
305474,0.23760182
305475,0.24594934
305481,0.8512663
305494,0.4610291
305503,0.59136724
305507,0.11513266
305508,0.79063565
305513,0.44359
305518,0.36535192
305523,0.41623423
305526,0.722568
305529,0.39166072
305532,0.59369695
305543,0.7763472
305555,0.12823
305562,0.17685975
305571,0.08859755
305578,0.71824294
305579,0.0865872
305584,0.14564446
305603,0.24751137
305620,0.7876235
305626,0.36322367
305636,0.3668024
305640,0.20786215
305653,0.36660084
305662,0.5248839
305663,0.4855436
305667,0.24938458
305683,0.6264268
305698,0.10172919
305699,0.7165209
305707,0.35554332
305717,0.74740976
305723,0.17457506
305735,0.20945786
305738,0.8351757
305746,0.22412762
305766,0.41439274
305773,0.09006927
305776,0.08571688
305777,0.16482426
305809,0.25653046
305813,0.28716284
305816,0.33316118
305820,0.32997823
305826,0.43906793
305838,0.8082594
305839,0.2089204
305846,0.75543684
305861,0.5154926
305863,0.7057439
305869,0.29671416
305872,0.37888697
305876,0.09316977
305881,0.6549384
305887,0.20420358
305894,0.3763216
305898,0.10379858
305905,0.2785244
305908,0.13371852
305914,0.5404977
305915,0.08981778
305922,0.1063058
305938,0.7789642
305946,0.18535592
305956,0.37747505
305963,0.38516858
305965,0.27633142
305988,0.3113942
305990,0.29699224
305991,0.46521562
305994,0.49979195
305998,0.38504195
306003,0.14087148
306012,0.18003704
306016,0.3497917
306021,0.59161186
306025,0.59309137
306030,0.84352
306047,0.14590445
306051,0.48201272
306063,0.64296585
306066,0.4394758
306069,0.30935127
306074,0.47130495
306091,0.16021235
306094,0.49734873
306095,0.13208292
306114,0.46376094
306116,0.11794216
306121,0.18965226
306127,0.7354987
306128,0.57183117
306133,0.48637417
306142,0.33827376
306144,0.18104468
306150,0.15156119
306153,0.14823942
306156,0.56105834
306159,0.781251
306161,0.17445566
306173,0.20623332
306175,0.6560306
306193,0.62377566
306194,0.459955
306198,0.6694939
306203,0.573212
306209,0.7244118
306212,0.34894788
306216,0.82972705
306233,0.18826626
306247,0.434207
306264,0.42108116
306267,0.21691403
306293,0.11926636
306302,0.88034874
306305,0.11423352
306311,0.18028747
306345,0.34837055
306357,0.42042404
306368,0.109659284
306372,0.87117314
306378,0.77378774
306389,0.18291835
306398,0.66929036
306414,0.634578
306419,0.5207453
306437,0.28024814
306438,0.5393758
306441,0.636966
306443,0.28213203
306450,0.22831954
306464,0.51843643
306468,0.5196093
306469,0.10912717
306484,0.43584058
306527,0.16621228
306538,0.5227417
306547,0.7096105
306554,0.6548041
306557,0.8042726
306560,0.139155
306561,0.45267627
306565,0.09176326
306569,0.1828617
306576,0.25552428
306587,0.46641925
306604,0.46327808
306624,0.14832662
306625,0.8382488
306628,0.68823344
306647,0.59188205
306651,0.6753347
306658,0.32154533
306660,0.70275974
306664,0.27348688
306670,0.8197713
306699,0.5778255
306701,0.49467158
306712,0.45342916
306716,0.32298386
306727,0.37288383
306729,0.29902545
306735,0.16485985
306739,0.18622233
306756,0.53332883
306757,0.35192114
306767,0.7152562
306775,0.18425162
306795,0.24189092
306799,0.47672978
306800,0.117732786
306805,0.40605766
306812,0.10308453
306820,0.5810542
306840,0.58440506
306845,0.4429035
306848,0.08868146
306856,0.74439836
306862,0.4033987
306863,0.1843738
306868,0.8652406
306873,0.590538
306876,0.6078716
306893,0.3235464
306896,0.53096265
306899,0.11222598
306907,0.6747407
306908,0.29757828
306917,0.60992295
306927,0.5487519
306930,0.09589851
306935,0.45616192
306942,0.2794864
306951,0.24130835
306961,0.49183178
306970,0.8721108
306972,0.8330199
306973,0.08958498
306976,0.1627046
306978,0.593574
306990,0.485942
306992,0.82369834
306995,0.09745793
307001,0.87071514
307004,0.79303414
307005,0.6588573
307006,0.11035526
307010,0.29765195
307011,0.60370207
307014,0.16231675
307016,0.4124497
307022,0.113304764
307027,0.7112622
307052,0.25457203
307061,0.44404525
307072,0.901244
307078,0.14773709
307111,0.21761763
307112,0.2775059
307134,0.68190783
307143,0.18438236
307147,0.22383524
307148,0.53977126
307162,0.37015986
307166,0.09561321
307168,0.53994536
307174,0.115991585
307177,0.11240882
307197,0.38997972
307198,0.64811206
307199,0.5135226
307205,0.27150178
307207,0.24947599
307210,0.11230194
307212,0.15874209
307223,0.18656775
307224,0.090487786
307236,0.814847
307241,0.44587758
307242,0.31445572
307259,0.6535704
307271,0.5630392
307274,0.2926508
307281,0.80586576
307288,0.545343
307294,0.1525054
307302,0.5729003
307308,0.26871672
307313,0.63750815
307344,0.66131884
307350,0.62137043
307366,0.44235873
307372,0.09796889
307373,0.47674897
307374,0.31629875
307378,0.18449764
307384,0.28989008
307398,0.5561887
307406,0.79732347
307416,0.11072308
307420,0.5967117
307424,0.24092595
307427,0.54267997
307429,0.2915664
307436,0.18565959
307456,0.49104896
307491,0.44862354
307494,0.10250201
307496,0.24128258
307500,0.25209945
307504,0.6495264
307509,0.83673376
307511,0.77134764
307520,0.25658387
307527,0.104208805
307537,0.709305
307539,0.38806075
307558,0.5707611
307561,0.30008942
307575,0.56916064
307577,0.39159697
307588,0.50744164
307636,0.37031618
307639,0.8801624
307641,0.14515857
307646,0.58716893
307653,0.79349154
307661,0.8601111
307669,0.744457
307674,0.08881091
307678,0.29231408
307691,0.14727238
307697,0.10747864
307699,0.22518004
307702,0.14985459
307708,0.35858926
307712,0.7728648
307716,0.109503485
307729,0.18811339
307753,0.35004434
307765,0.87993467
307781,0.8071834
307787,0.38701096
307788,0.22086844
307798,0.37017432
307799,0.5073713
307800,0.5285859
307801,0.77821666
307804,0.10851631
307816,0.29962763
307820,0.10286746
307824,0.27921182
307828,0.095051825
307832,0.7848415
307836,0.38229212
307842,0.47013223
307851,0.82940286
307856,0.086795464
307861,0.4871166
307879,0.4011398
307904,0.65854067
307911,0.47168577
307912,0.10745637
307913,0.7996056
307922,0.27689987
307924,0.31975
307925,0.39634213
307929,0.3226167
307933,0.75569797
307945,0.3150207
307948,0.13965847
307961,0.6708392
307962,0.2202534
307963,0.20694883
307971,0.50978416
307983,0.45308825
307984,0.48686004
307988,0.68137467
307993,0.5835499
307994,0.40606946
308007,0.51664615
308008,0.39155996
308018,0.517221
308023,0.108478546
308026,0.098298855
308028,0.32387805
308030,0.4529519
308034,0.7711923
308053,0.2618625
308065,0.5495466
308095,0.10159673
308096,0.5995863
308100,0.2602133
308114,0.28896943
308116,0.81145656
308120,0.36231884
308128,0.5810234
308132,0.15294045
308134,0.6187657
308140,0.62096584
308142,0.6690696
308164,0.17130311
308168,0.70763427
308169,0.767173
308171,0.6373775
308176,0.2090072
308177,0.41757995
308179,0.10458541
308180,0.8161456
308184,0.24651231
308188,0.6516766
308189,0.100141
308190,0.20290977
308200,0.760716
308210,0.34230235
308211,0.791887
308218,0.44274977
308220,0.13741422
308228,0.2371421
308231,0.18197393
308236,0.10094364
308247,0.38215807
308251,0.43769693
308260,0.27564585
308266,0.17407022
308267,0.3326434
308280,0.87566036
308298,0.120303005
308301,0.120566
308309,0.5015202
308312,0.8745748
308325,0.3650331
308334,0.8440949
308339,0.48345086
308346,0.6163117
308359,0.45627704
308360,0.34383243
308380,0.57373506
308391,0.554083
308403,0.098592035
308408,0.19420986
308410,0.9072349
308415,0.7618118
308420,0.4894195
308427,0.3746858
308442,0.2060723
308447,0.8747594
308462,0.19662274
308464,0.28831458
308465,0.35957375
308467,0.71530354
308468,0.3825793
308476,0.26702544
308488,0.25379434
308498,0.12230825
308504,0.2332047
308507,0.102645226
308509,0.11675175
308521,0.118394025
308536,0.607341
308537,0.18010257
308543,0.11666763
308547,0.50078434
308559,0.46077627
308565,0.7043411
308569,0.6076909
308584,0.103505224
308591,0.78571266
308608,0.2601677
308610,0.36287677
308613,0.21466292
308618,0.40720046
308623,0.16949792
308632,0.15908198
308636,0.56077176
308641,0.14548063
308643,0.142597
308664,0.3960354
308678,0.12995444
308679,0.26304066
308691,0.4053697
308692,0.33546692
308701,0.34610716
308709,0.737727
308711,0.7444056
308719,0.54517496
308723,0.17951883
308727,0.6258881
308732,0.20540746
308738,0.08904402
308747,0.09715598
308749,0.18228684
308755,0.13011546
308756,0.8528127
308761,0.0939435
308779,0.3805167
308780,0.6662751
308784,0.37800893
308789,0.6347534
308807,0.23337044
308818,0.87856334
308819,0.5377904
308822,0.8486701
308827,0.21574633
308831,0.40282792
308833,0.23608086
308842,0.2960621
308868,0.10585954
308871,0.098449916
308881,0.08673832
308889,0.10128493
308892,0.24882714
308900,0.27735496
308903,0.12486249
308912,0.56093436
308916,0.18485136
308919,0.7947739
308920,0.4456404
308921,0.104547605
308928,0.27876925
308929,0.7649325
308934,0.6782955
308940,0.6051332
308941,0.115315355
308946,0.36283788
308956,0.48370546
308958,0.08606356
308963,0.10112843
308965,0.26564336
308971,0.31761184
308977,0.4141122
308985,0.16155829
308987,0.5471705
308995,0.49049
309005,0.38987726
309007,0.8885598
309015,0.23506393
309016,0.5190617
309018,0.48008886
309019,0.66452855
309035,0.16307288
309042,0.57187
309044,0.13520408
309052,0.6831416
309061,0.10254038
309064,0.461081
309072,0.47269765
309075,0.20004815
309083,0.41975904
309099,0.66250294
309124,0.09365827
309125,0.503458
309146,0.114746824
309159,0.13779832
309161,0.20704825
309168,0.6970937
309180,0.1264827
309185,0.61609745
309195,0.53244144
309198,0.1130821
309200,0.5877298
309202,0.68819475
309204,0.5427856
309213,0.7609549
309227,0.7735155
309234,0.157816
309241,0.3540749
309242,0.33808824
309244,0.2734959
309246,0.52557784
309250,0.40708134
309251,0.6595817
309274,0.71003634
309276,0.32304493
309280,0.73549736
309298,0.76864815
309301,0.7349697
309302,0.18006934
309326,0.22968744
309335,0.5661301
309341,0.19018406
309343,0.64366037
309344,0.29868534
309354,0.42525995
309362,0.1326462
309399,0.56654286
309406,0.5601363
309409,0.4358663
309411,0.80131143
309418,0.8578739
309421,0.5277364
309435,0.32684618
309443,0.88077635
309455,0.609299
309462,0.5560525
309473,0.4493237
309476,0.86211693
309478,0.11120088
309493,0.29495808
309502,0.6651926
309508,0.6487247
309526,0.70200914
309536,0.08873927
309544,0.16020612
309547,0.48289898
309555,0.12595457
309562,0.39353183
309569,0.5453289
309574,0.4185427
309577,0.17286699
309578,0.7164741
309579,0.37086403
309585,0.11604776
309588,0.47632116
309603,0.4397703
309604,0.26581293
309617,0.4028781
309620,0.10995273
309623,0.109013185
309648,0.7957871
309665,0.59619147
309682,0.17967059
309694,0.23916069
309702,0.232688
309711,0.16051614
309713,0.56828403
309729,0.16216828
309735,0.21100347
309744,0.47382396
309749,0.604653
309750,0.14001928
309759,0.6462368
309761,0.41295153
309770,0.38821152
309776,0.35452467
309777,0.23709694
309789,0.27376053
309790,0.091477
309800,0.59860224
309813,0.25078544
309814,0.46235976
309815,0.85969096
309825,0.35006413
309826,0.2785182
309829,0.1427064
309831,0.0918584
309837,0.1042121
309846,0.47680736
309849,0.8363303
309855,0.29871982
309860,0.64886314
309879,0.51868916
309882,0.8392062
309887,0.5519387
309892,0.4630323
309895,0.5241497
309902,0.13940033
309915,0.47584033
309923,0.17363663
309941,0.87563384
309942,0.7131773
309945,0.21136661
309950,0.5418129
309955,0.23815565
309963,0.24979852
309964,0.1925789
309967,0.8225995
309969,0.40684938
309971,0.19016966
309978,0.5002761
309987,0.7869058
309990,0.76230687
309992,0.53122693
309993,0.57864106
310010,0.4458209
310012,0.19808243
310017,0.08887352
310018,0.2032853
310022,0.4909432
310031,0.2800374
310033,0.1846604
310034,0.47318155
310038,0.82915676
310044,0.796891
310062,0.2398996
310071,0.11160518
310075,0.21969052
310082,0.43355536
310093,0.727071
310101,0.10419506
310106,0.087646626
310118,0.750464
310123,0.21999107
310126,0.10264709
310130,0.27728274
310141,0.40580112
310145,0.75112796
310148,0.51493746
310150,0.35076886
310159,0.4571884
310162,0.28489688
310163,0.32344034
310166,0.10487328
310167,0.26112908
310170,0.55833876
310181,0.2237657
310187,0.33221367
310191,0.09142311
310192,0.15518542
310197,0.7500904
310200,0.1813534
310201,0.562949
310203,0.09706227
310204,0.14498144
310213,0.22024508
310215,0.28706506
310218,0.8325517
310236,0.4275766
310238,0.15743543
310241,0.22970344
310245,0.79900837
310252,0.18707702
310259,0.23777273
310260,0.83246255
310261,0.1343945
310262,0.15979524
310274,0.30588248
310294,0.7511744
310296,0.6999648
310298,0.42938316
310306,0.5503329
310307,0.45240015
310316,0.090039924
310329,0.6050269
310338,0.70579726
310342,0.34784153
310343,0.6316372
310360,0.4849394
310362,0.9091166
310378,0.3765455
310379,0.28592306
310383,0.53796
310385,0.6435517
310387,0.50023186
310388,0.15296887
310400,0.094418466
310408,0.75757486
310414,0.5635037
310423,0.10039643
310424,0.5705388
310428,0.74444157
310432,0.2824997
310456,0.11794191
310463,0.8075702
310475,0.52093244
310476,0.370175
310482,0.5150883
310485,0.14810845
310490,0.17616352
310496,0.12130691
310505,0.5614398
310519,0.12570179
310546,0.7612616
310547,0.12626426
310553,0.4736849
310555,0.1135057
310556,0.8789658
310568,0.08907907
310573,0.5500669
310574,0.19472241
310577,0.2545192
310580,0.53257287
310581,0.09712973
310583,0.24809635
310586,0.2511027
310591,0.48039457
310598,0.2154817
310606,0.40192056
310628,0.17320698
310634,0.64691585
310638,0.62336123
310646,0.13800824
310648,0.48613265
310654,0.1911598
310659,0.7898324
310663,0.5269145
310669,0.32207137
310670,0.45781687
310674,0.43218496
310691,0.3623639
310693,0.35237798
310702,0.11145068
310706,0.21078697
310709,0.110518835
310711,0.6435947
310720,0.7465621
310739,0.758038
310742,0.72336143
310743,0.4853104
310752,0.36806133
310753,0.6230613
310757,0.8898159
310763,0.13897486
310764,0.13070503
310769,0.12554984
310771,0.64955944
310775,0.10070168
310779,0.5911664
310781,0.7087341
310784,0.2450717
310793,0.63382155
310794,0.16925898
310816,0.7623728
310823,0.1843127
310837,0.292725
310856,0.33406413
310865,0.36755392
310866,0.45888555
310872,0.35570827
310877,0.86787623
310879,0.49905336
310883,0.29866293
310884,0.7396188
310908,0.09069303
310928,0.19984563
310935,0.107307866
310954,0.1950225
310964,0.7577002
310971,0.5821871
310972,0.68394786
310983,0.5606502
310988,0.09643277
310994,0.20690438
311003,0.14551955
311020,0.29300022
311024,0.68512976
311037,0.33347738
311064,0.31237355
311070,0.13515924
311086,0.78195727
311087,0.41102284
311108,0.08820314
311110,0.32621512
311115,0.24558845
311116,0.8503303
311117,0.383122
311128,0.5328387
311136,0.6312155
311146,0.15341303
311155,0.40147892
311157,0.3659118
311159,0.5966697
311170,0.69679403
311184,0.46380627
311199,0.09923897
311208,0.6484191
311209,0.21767
311220,0.6972179
311230,0.48612955
311233,0.09885484
311241,0.71314543
311261,0.12834322
311262,0.21698812
311268,0.13658042
311277,0.72468215
311296,0.61086553
311298,0.100461446
311310,0.7687397
311313,0.7495193
311316,0.438225
311324,0.42621022
311327,0.46439576
311331,0.39901337
311335,0.14460585
311343,0.25576168
311346,0.56379735
311357,0.69017625
311358,0.097242795
311365,0.17410809
311370,0.41910803
311376,0.15324657
311380,0.60406405
311393,0.20441042
311399,0.5658179
311404,0.17873642
311409,0.2570206
311425,0.5889806
311436,0.42626393
311455,0.12841891
311459,0.5223881
311475,0.7033986
311499,0.73716706
311509,0.09239272
311518,0.1124733
311535,0.40982717
311536,0.13456808
311540,0.58828264
311542,0.84275746
311552,0.85666853
311562,0.89951867
311580,0.10792375
311583,0.49812686
311588,0.3865738
311595,0.18635125
311601,0.51225615
311605,0.5324249
311609,0.72503084
311612,0.5801506
311621,0.5554578
311623,0.11352941
311625,0.5655408
311636,0.15468204
311637,0.57000446
311646,0.5484649
311648,0.22298227
311654,0.3947321
311663,0.6459989
311676,0.629935
311679,0.14123724
311683,0.5651678
311685,0.248891
311691,0.24166308
311695,0.24670617
311700,0.19370604
311710,0.32691327
311714,0.124118306
311716,0.5209708
311725,0.3705037
311727,0.5446444
311728,0.10887193
311737,0.647069
311738,0.30260786
311743,0.5271367
311746,0.11680711
311747,0.60109216
311761,0.7378765
311765,0.14576793
311773,0.38670546
311776,0.18240999
311786,0.81018275
311801,0.33568725
311820,0.15327063
311822,0.8975161
311829,0.2504717
311835,0.27754346
311846,0.39234525
311851,0.71987736
311854,0.30567282
311872,0.151568
311875,0.18885368
311888,0.32345226
311916,0.6576078
311928,0.44638234
311931,0.40852425
311933,0.8349336
311934,0.13187437
311948,0.30654556
311949,0.67874783
311950,0.386663
311952,0.42170003
311954,0.77955663
311962,0.36971888
311965,0.2859916
311968,0.784349
311976,0.6728541
311977,0.18972933
311983,0.54168105
311989,0.10054061
311996,0.69969434
311999,0.14643548
312007,0.82639724
312022,0.4157672
312023,0.342746
312034,0.29567835
312042,0.22970428
312049,0.17220336
312077,0.41809002
312088,0.27460146
312091,0.61087334
312114,0.43554458
312115,0.3008688
312117,0.49519727
312119,0.6506892
312126,0.90326095
312127,0.09309097
312134,0.62102026
312164,0.12179958
312176,0.47576007
312178,0.09197548
312184,0.20620462
312185,0.6934672
312186,0.32830408
312191,0.34124303
312197,0.32653046
312213,0.9004121
312223,0.7100388
312224,0.7621016
312225,0.3211796
312226,0.5010271
312231,0.09942288
312239,0.59977275
312251,0.4199679
312271,0.088733524
312278,0.26175797
312281,0.11294576
312289,0.096684195
312291,0.2257516
312301,0.31402576
312302,0.12983677
312316,0.6918178
312324,0.4351268
312338,0.09254358
312361,0.10507459
312363,0.6557274
312368,0.19811848
312382,0.13756378
312384,0.5553276
312390,0.15619725
312395,0.3282783
312396,0.41571456
312400,0.68584317
312406,0.7396939
312412,0.093046695
312414,0.50312835
312417,0.54266334
312425,0.6059886
312428,0.109735854
312431,0.52085906
312437,0.8285556
312442,0.14863032
312451,0.7058768
312460,0.33225575
312464,0.72609854
312466,0.10864682
312470,0.30985284
312473,0.78036094
312490,0.25304255
312493,0.57552034
312503,0.12656282
312509,0.8396008
312520,0.33963555
312528,0.1946911
312543,0.4755161
312544,0.4825102
312553,0.1024788
312558,0.1376994
312565,0.67253095
312568,0.6052503
312579,0.29725862
312581,0.5766086
312582,0.28644443
312596,0.59517
312597,0.1412781
312598,0.17924473
312617,0.84366965
312627,0.53069735
312635,0.12031915
312637,0.68737704
312639,0.13491155
312640,0.7689679
312642,0.85515094
312651,0.5624529
312663,0.13200127
312668,0.45595297
312685,0.28899324
312691,0.21454552
312693,0.34780377
312710,0.49682605
312711,0.16349652
312712,0.09879817
312720,0.5175473
312746,0.8848784
312763,0.11063979
312770,0.37142298
312791,0.8092906
312795,0.4812033
312796,0.23428558
312797,0.6864227
312804,0.44757843
312812,0.26592746
312813,0.49651107
312825,0.13302441
312827,0.6794562
312841,0.36744037
312842,0.793625
312845,0.14361808
312856,0.14740641
312866,0.22192733
312870,0.8859057
312879,0.49598333
312895,0.10246653
312901,0.34048438
312909,0.13410912
312910,0.34907976
312916,0.315279
312926,0.30681124
312942,0.6654252
312946,0.64115787
312950,0.21740882
312952,0.2729116
312963,0.20127688
312968,0.79887855
312976,0.40453213
312980,0.6462473
312984,0.48714367
312987,0.41698155
312994,0.23306365
312996,0.3108977
312997,0.49025154
313019,0.23388568
313020,0.11682434
313028,0.4393523
313041,0.82461685
313045,0.160982
313048,0.56324345
313052,0.72868085
313062,0.6161533
313063,0.2827086
313066,0.38561785
313071,0.61272156
313085,0.13386534
313099,0.90228105
313109,0.8712064
313131,0.12501052
313139,0.2963315
313141,0.25079477
313142,0.68710154
313145,0.8035419
313153,0.679971
313157,0.16014783
313161,0.5722014
313165,0.5740045
313179,0.66080505
313208,0.7819918
313228,0.85433596
313236,0.40614036
313243,0.16465093
313245,0.30397025
313249,0.29792318
313275,0.18267564
313276,0.5944538
313280,0.28684524
313284,0.8096822
313285,0.3757601
313292,0.18562001
313297,0.44931695
313304,0.35308233
313322,0.4339998
313323,0.5094455
313325,0.09142378
313326,0.13326284
313334,0.17563924
313336,0.15680233
313337,0.81051034
313339,0.29550943
313340,0.26086968
313341,0.77186424
313343,0.5189452
313346,0.89923614
313348,0.8479111
313359,0.37057105
313365,0.47768983
313375,0.6562123
313381,0.39929423
313382,0.36990806
313389,0.22667032
313390,0.087405086
313391,0.7187669
313410,0.64138573
313416,0.3074679
313417,0.47383687
313426,0.79034483
313429,0.3011215
313469,0.19616736
313479,0.20874882
313485,0.89069563
313494,0.102364704
313496,0.34002337
313501,0.31327385
313506,0.37993923
313521,0.34371895
313524,0.5255578
313538,0.6933833
313550,0.7031314
313557,0.7218377
313573,0.2387783
313583,0.15123141
313592,0.6786486
313602,0.25153634
313604,0.38982913
313606,0.7909375
313617,0.528315
313622,0.17750463
313625,0.33092526
313638,0.10695984
313639,0.3891579
313645,0.5426101
313655,0.4654249
313656,0.8935681
313663,0.59974927
313669,0.20012413
313670,0.5336916
313676,0.58595234
313689,0.9028673
313699,0.2606371
313711,0.12616906
313720,0.778349
313731,0.8578565
313736,0.83450043
313741,0.34379563
313744,0.43140113
313749,0.84915084
313750,0.2788673
313753,0.5519761
313763,0.15333088
313765,0.72993386
313776,0.14180745
313778,0.61635077
313781,0.4584454
313786,0.8939671
313787,0.118940905
313795,0.27507484
313809,0.3937972
313810,0.23265384
313811,0.8640334
313818,0.8930409
313825,0.47388622
313830,0.13046436
313831,0.3798915
313834,0.122197255
313837,0.78388256
313841,0.3901419
313859,0.11666018
313882,0.16852519
313887,0.9005388
313900,0.36319113
313902,0.27416143
313906,0.2700576
313930,0.1442448
313932,0.6796473
313943,0.4863788
313944,0.20457664
313957,0.17506316
313970,0.69971246
313980,0.24220619
313982,0.19766974
313999,0.75536585
314000,0.6261295
314003,0.607163
314004,0.41999218
314005,0.8111576
314007,0.28389356
314010,0.812539
314011,0.12277749
314016,0.7185234
314023,0.20383185
314024,0.31955665
314031,0.19478546
314038,0.6694089
314041,0.2858044
314061,0.3146729
314073,0.18588245
314091,0.71210533
314097,0.70439607
314099,0.22630902
314107,0.2112121
314124,0.5577503
314127,0.4657871
314131,0.100705
314132,0.12501162
314137,0.81471574
314139,0.08909686
314143,0.23325999
314149,0.17277211
314153,0.18160304
314154,0.78227246
314160,0.54379827
314167,0.21294394
314171,0.11044858
314182,0.75254333
314190,0.12615658
314194,0.14193313
314198,0.3436614
314211,0.17600909
314220,0.7283148
314245,0.18846567
314247,0.17658068
314256,0.1691212
314259,0.5068563
314267,0.23895106
314271,0.30705923
314278,0.65523154
314282,0.14874169
314283,0.57692623
314294,0.6991042
314298,0.46647733
314299,0.7142256
314306,0.1403676
314307,0.26626658
314308,0.20887317
314309,0.12497596
314317,0.5831017
314323,0.47664583
314332,0.09614421
314334,0.2142083
314335,0.48917302
314337,0.39574307
314343,0.36266455
314344,0.22481798
314346,0.095579036
314351,0.1465965
314354,0.50481004
314355,0.1372502
314359,0.40710625
314364,0.4086779
314366,0.46413094
314367,0.7530105
314374,0.22907977
314376,0.14351077
314387,0.5367947
314405,0.5895634
314412,0.09136407
314418,0.76230025
314429,0.48014063
314438,0.8447458
314442,0.26562372
314477,0.3041053
314480,0.28727835
314486,0.48662347
314487,0.8551649
314488,0.61257213
314490,0.2350575
314523,0.11741775
314528,0.84846336
314535,0.1576017
314542,0.62070894
314560,0.640036
314585,0.6160973
314594,0.6500876
314596,0.62707406
314601,0.4276808
314603,0.10450962
314612,0.6871555
314615,0.855283
314619,0.14795247
314621,0.6668834
314627,0.79315275
314629,0.50586927
314635,0.86961854
314639,0.22489247
314646,0.5442606
314650,0.8807926
314661,0.26518977
314690,0.16750789
314699,0.19963013
314705,0.5492816
314709,0.11057256
314710,0.09971088
314711,0.29676998
314714,0.4172114
314719,0.15562779
314722,0.4246759
314723,0.6071682
314729,0.45863995
314732,0.69389755
314734,0.7466411
314746,0.15399215
314761,0.88247454
314769,0.3521962
314773,0.58487695
314774,0.36062774
314776,0.24993874
314780,0.15221366
314785,0.73240983
314789,0.8349466
314796,0.8465343
314810,0.15708166
314812,0.3248863
314817,0.095076114
314822,0.57831365
314840,0.7964459
314843,0.1724254
314853,0.43959793
314856,0.3556416
314862,0.63411784
314864,0.1325979
314878,0.4626496
314894,0.11590879
314906,0.9047498
314912,0.10106684
314914,0.1123571
314933,0.73968273
314941,0.085968785
314949,0.26813114
314950,0.50425553
314952,0.32587403
314961,0.48507178
314970,0.7388498
314972,0.66432226
314975,0.66031736
314985,0.2590565
314986,0.30261782
314991,0.47704
314995,0.19184032
314997,0.09814823
315003,0.08786965
315035,0.38014555
315038,0.5701852
315040,0.24237314
315046,0.35033992
315053,0.090900674
315054,0.7358102
315060,0.7792211
315061,0.10850642
315067,0.88705665
315076,0.6485014
315079,0.319206
315083,0.1949333
315084,0.28402516
315092,0.517137
315095,0.5397874
315112,0.7613811
315122,0.36793682
315123,0.11428929
315125,0.46402082
315136,0.827985
315143,0.7109391
315145,0.5457964
315153,0.22297062
315164,0.65986925
315169,0.08807115
315178,0.8192539
315179,0.5270742
315189,0.13014004
315192,0.8135809
315194,0.74966425
315198,0.11487258
315210,0.5916451
315211,0.28225663
315221,0.88754785
315222,0.28799647
315228,0.58341426
315231,0.61248785
315233,0.3735155
315235,0.69608927
315240,0.24759583
315244,0.73632556
315257,0.53339696
315261,0.30767867
315271,0.51404864
315278,0.37894717
315282,0.82604706
315287,0.15555027
315288,0.77552104
315291,0.8195639
315306,0.09326253
315309,0.19179341
315312,0.09776786
315330,0.58112836
315335,0.7155409
315337,0.41656482
315343,0.78487116
315344,0.8220784
315366,0.111854166
315389,0.6435569
315403,0.24391013
315414,0.89601177
315425,0.08640228
315430,0.29358274
315432,0.69506544
315436,0.26169986
315437,0.3903929
315445,0.42108136
315451,0.12984061
315460,0.11049472
315462,0.096570715
315476,0.63282835
315480,0.62500405
315489,0.25901395
315494,0.11841043
315499,0.08839869
315503,0.4974256
315507,0.7054786
315540,0.13380158
315541,0.40304416
315546,0.44794405
315553,0.5445897
315569,0.8692432
315571,0.3170153
315574,0.32507333
315580,0.4510849
315587,0.13892752
315609,0.3922348
315610,0.32759097
315617,0.6438117
315623,0.10988995
315629,0.2413149
315635,0.39041996
315637,0.114793845
315641,0.30231348
315644,0.33062232
315654,0.80187047
315662,0.27473906
315663,0.389761
315673,0.4083666
315677,0.2346073
315679,0.58388424
315680,0.67998827
315681,0.09473708
315682,0.7471509
315684,0.2242975
315693,0.5324028
315701,0.18717015
315705,0.6301736
315706,0.30678254
315711,0.6091577
315714,0.63578874
315725,0.31215462
315738,0.36114082
315740,0.3974032
315749,0.8445411
315753,0.19245519
315757,0.45206624
315778,0.5015257
315781,0.42803806
315793,0.30409813
315813,0.51891667
315822,0.34944862
315827,0.5275808
315831,0.11903406
315843,0.80442774
315857,0.3742519
315864,0.583858
315869,0.21210577
315870,0.23978907
315878,0.54607964
315891,0.67799675
315894,0.68639547
315895,0.7076556
315903,0.34055972
315917,0.40911865
315920,0.1972941
315937,0.39196503
315938,0.17541358
315947,0.5825713
315970,0.82786363
315971,0.13182023
315974,0.21810782
315984,0.57866174
315985,0.6210936
315988,0.10297863
315993,0.6359485
315995,0.6409128
315997,0.108945176
316000,0.097580634
316009,0.10340904
316011,0.33055365
316014,0.29791906
316021,0.1773295
316022,0.12665544
316023,0.47880915
316060,0.59804475
316063,0.19600323
316065,0.76190984
316066,0.2973743
316077,0.6149534
316083,0.09589181
316093,0.3313279
316100,0.09964583
316110,0.09611085
316118,0.16919655
316135,0.10887205
316139,0.53081465
316154,0.824724
316156,0.13902237
316171,0.338471
316173,0.2849608
316186,0.16344287
316188,0.12477308
316190,0.69978017
316195,0.70440567
316205,0.500318
316214,0.2931281
316216,0.6203497
316220,0.26306763
316222,0.34276745
316224,0.6688053
316226,0.09307066
316230,0.20391676
316248,0.65919197
316258,0.5736277
316269,0.49755558
316270,0.49106395
316279,0.63906485
316286,0.39012906
316295,0.30065328
316297,0.13039027
316305,0.22965786
316312,0.13867795
316313,0.09114898
316314,0.48117805
316320,0.27109945
316321,0.30017513
316328,0.28407526
316329,0.27787995
316334,0.21002099
316364,0.10383075
316372,0.102156304
316382,0.14697254
316407,0.11161402
316411,0.66707695
316433,0.5861546
316435,0.37204596
316441,0.63451064
316456,0.18630399
316457,0.43558064
316462,0.6561655
316465,0.42499495
316466,0.30361867
316468,0.25904956
316469,0.4284944
316479,0.52520275
316481,0.25517628
316484,0.40754282
316502,0.5950462
316517,0.2667377
316525,0.3228677
316531,0.08677976
316546,0.17681961
316549,0.4925466
316557,0.13639636
316561,0.75395906
316564,0.5078293
316565,0.60337806
316594,0.78869045
316595,0.59836346
316600,0.13779981
316625,0.14795214
316645,0.3213571
316647,0.6064694
316659,0.649338
316683,0.5576988
316694,0.49792036
316697,0.089871794
316701,0.22754681
316702,0.16745947
316703,0.121261634
316718,0.4202931
316723,0.45037842
316748,0.5857898
316756,0.24009605
316758,0.49882188
316763,0.45805016
316764,0.50233805
316768,0.1539384
316769,0.19700964
316772,0.3344164
316777,0.5170506
316781,0.15405487
316785,0.71013975
316786,0.33487073
316815,0.8843979
316816,0.5292002
316828,0.40473598
316831,0.12624952
316837,0.13397737
316843,0.7918417
316849,0.6250529
316854,0.118945315
316862,0.12533206
316867,0.13151886
316902,0.1993011
316903,0.09011587
316906,0.2105182
316914,0.20721601
316915,0.14674027
316923,0.25557217
316928,0.6108466
316930,0.23388617
316932,0.8152587
316940,0.26673123
316947,0.12381582
316948,0.21677469
316977,0.8172979
316983,0.5791213
316987,0.64821535
317003,0.7011694
317005,0.42063814
317035,0.16725412
317036,0.09189168
317043,0.60470515
317048,0.11920944
317056,0.27203867
317065,0.17453267
317079,0.13328773
317080,0.09838089
317083,0.6268867
317087,0.521312
317103,0.27960125
317117,0.7619075
317119,0.4483404
317125,0.5764444
317126,0.5472639
317134,0.5848789
317138,0.2202994
317142,0.11632267
317150,0.094206266
317184,0.73112595
317190,0.34415352
317196,0.3318176
317197,0.6030495
317206,0.35567364
317210,0.14748344
317221,0.40924546
317226,0.63157433
317227,0.6683021
317236,0.12350873
317237,0.6270674
317241,0.085208945
317249,0.38304558
317256,0.19014065
317282,0.34904623
317294,0.19358368
317298,0.33480138
317300,0.28280133
317307,0.586632
317311,0.11680073
317318,0.2352093
317322,0.45532683
317323,0.7971962
317332,0.24212915
317338,0.15304606
317346,0.15783873
317347,0.2124338
317349,0.6699111
317354,0.8590613
317369,0.776259
317386,0.32177857
317389,0.21549717
317410,0.61153626
317411,0.6497982
317422,0.23296411
317434,0.22074006
317446,0.24510354
317449,0.49599603
317455,0.68587905
317469,0.08945979
317475,0.24002737
317476,0.1994729
317487,0.609989
317488,0.42817518
317499,0.5512846
317500,0.15071201
317506,0.3659668
317515,0.42058587
317518,0.35369506
317520,0.89290893
317546,0.705965
317549,0.6616508
317554,0.2663913
317565,0.26494777
317579,0.35732636
317591,0.4514795
317592,0.75979483
317593,0.7375957
317594,0.17553219
317601,0.7759623
317603,0.71597093
317606,0.4595445
317608,0.2113923
317611,0.5345724
317618,0.29343247
317628,0.4841773
317629,0.7099806
317642,0.5496456
317644,0.11231713
317648,0.75028825
317650,0.20889716
317665,0.5203326
317675,0.26201525
317695,0.63396615
317696,0.4273982
317704,0.4681283
317713,0.13876131
317730,0.4333779
317735,0.72871155
317736,0.2571513
317738,0.64212304
317747,0.5036205
317764,0.25839838
317765,0.56123
317772,0.88686186
317774,0.24315426
317786,0.30927825
317788,0.33791104
317806,0.72776115
317809,0.68506235
317811,0.11384037
317814,0.58115405
317815,0.30429673
317830,0.52662474
317835,0.41902718
317843,0.6508169
317856,0.5703102
317863,0.8414285
317876,0.78929526
317889,0.74344015
317902,0.6871861
317910,0.16411555
317914,0.4222984
317933,0.1975303
317936,0.8207572
317940,0.18300572
317944,0.27701315
317952,0.41943628
317955,0.45418334
317958,0.08578833
317965,0.31123912
317966,0.64747566
317978,0.44291332
318000,0.32804376
318007,0.37269577
318008,0.6863294
318012,0.093726985
318016,0.086269826
318019,0.5489898
318020,0.11343711
318021,0.11061028
318025,0.46498153
318036,0.27593234
318044,0.24813716
318055,0.11938372
318056,0.557453
318057,0.47337252
318065,0.6705511
318075,0.15131041
318081,0.8738675
318094,0.20344913
318096,0.122198924
318104,0.26520535
318105,0.11470198
318109,0.7100973
318113,0.15236796
318121,0.52529186
318122,0.6247416
318126,0.42465073
318127,0.46511346
318131,0.6920906
318135,0.72213763
318155,0.19374226
318156,0.15026501
318161,0.12494016
318164,0.4262046
318169,0.6437797
318173,0.6778462
318176,0.74263626
318177,0.37568584
318181,0.40628308
318187,0.13716136
318193,0.4459645
318203,0.54935783
318206,0.12323079
318214,0.4479976
318220,0.3113225
318232,0.20418796
318250,0.86377305
318251,0.5346773
318252,0.12438867
318254,0.10641981
318260,0.12847686
318261,0.09597943
318263,0.35880652
318264,0.7712486
318266,0.3667877
318267,0.4333674
318268,0.31931588
318270,0.4077211
318274,0.4645656
318282,0.27434742
318286,0.64872897
318292,0.102160245
318297,0.111247025
318320,0.37932774
318337,0.27794692
318343,0.52688235
318347,0.38028347
318351,0.6255258
318357,0.906189
318360,0.12464398
318384,0.10021386
318385,0.20469448
318387,0.59676987
318390,0.7079271
318391,0.19960603
318393,0.13070805
318406,0.09488556
318408,0.64928484
318410,0.8514307
318424,0.69096303
318428,0.6522458
318432,0.24442548
318433,0.8565242
318445,0.54001653
318452,0.8054934
318467,0.57538646
318473,0.6641337
318480,0.5629273
318486,0.78619087
318496,0.090438
318505,0.8551418
318511,0.45076254
318517,0.24923903
318522,0.13422257
318527,0.5428203
318530,0.30544433
318531,0.6053059
318533,0.1906385
318535,0.1327173
318536,0.47778964
318548,0.4169439
318551,0.39599165
318557,0.8191291
318576,0.09141784
318581,0.80613774
318607,0.50127363
318609,0.34842893
318615,0.89498025
318634,0.5333992
318640,0.8582127
318651,0.89244545
318657,0.67034644
318669,0.5532239
318674,0.16896342
318675,0.2763937
318686,0.36636505
318694,0.09037053
318760,0.35617208
318762,0.09513115
318763,0.09756111
318765,0.16209726
318766,0.47291
318769,0.7809527
318775,0.6815113
318782,0.12994279
318786,0.90571666
318792,0.10083361
318801,0.47693807
318802,0.38544852
318803,0.571121
318805,0.4411665
318813,0.6742529
318817,0.5242265
318821,0.3612093
318827,0.6528973
318834,0.56391567
318835,0.14321157
318851,0.16404477
318857,0.08980869
318862,0.18142918
318874,0.46792945
318878,0.17111221
318897,0.17811511
318909,0.83282083
318924,0.23660012
318927,0.27463356
318942,0.663588
318946,0.60164666
318957,0.8395803
318959,0.11247002
318975,0.091469504
318982,0.08825197
318987,0.17570001
318993,0.095361866
318995,0.27857283
318996,0.10472517
318997,0.40204316
318999,0.3259589
319012,0.90649897
319014,0.72024274
319018,0.44088492
319020,0.627595
319048,0.22545218
319052,0.70454794
319067,0.4250113
319083,0.19706333
319088,0.2656807
319089,0.5909676
319090,0.9122263
319096,0.32602394
319099,0.55305153
319108,0.09735951
319116,0.6276911
319117,0.46435025
319119,0.5451574
319126,0.9044068
319133,0.6774248
319135,0.47855693
319137,0.33083105
319143,0.55229884
319168,0.5604063
319170,0.48535472
319174,0.271335
319181,0.12612362
319192,0.12110668
319193,0.14935265
319198,0.1297221
319211,0.2853294
319219,0.4581753
319220,0.2639425
319226,0.61133814
319240,0.34132084
319248,0.27547678
319257,0.23794915
319261,0.29666704
319264,0.15025745
319268,0.10631794
319289,0.6876886
319292,0.14351802
319295,0.318691
319302,0.38608557
319308,0.7258343
319310,0.6090727
319313,0.16919635
319322,0.09382641
319329,0.10822586
319331,0.24836054
319334,0.3765433
319346,0.1480465
319352,0.89894474
319358,0.78682804
319363,0.44440356
319365,0.4191298
319370,0.09553127
319371,0.65667874
319372,0.30703345
319385,0.40505642
319387,0.08932734
319393,0.21250005
319396,0.64767975
319406,0.20796473
319439,0.12714724
319440,0.6511328
319441,0.8324031
319462,0.51331234
319471,0.44404066
319475,0.11455283
319476,0.6816781
319486,0.5164659
319487,0.42888516
319489,0.4231002
319491,0.22921568
319494,0.14543453
319496,0.6226277
319512,0.16744663
319519,0.23641197
319522,0.11885812
319530,0.19660419
319540,0.124155
319547,0.362703
319549,0.35510406
319559,0.15010193
319561,0.27186626
319566,0.31071174
319569,0.3005773
319574,0.32135773
319579,0.3692282
319580,0.5409064
319582,0.14102896
319583,0.7114001
319585,0.44626337
319598,0.58472943
319600,0.28766105
319602,0.09907818
319603,0.30350482
319604,0.18092312
319608,0.12847243
319622,0.6268504
319623,0.5756065
319625,0.46624345
319628,0.6307775
319637,0.5501083
319639,0.4639829
319658,0.44362256
319669,0.39207435
319677,0.36083728
319683,0.4843806
319688,0.102794215
319697,0.26692358
319700,0.29367185
319727,0.58765167
319747,0.28419635
319751,0.16851646
319758,0.37118155
319759,0.40122098
319765,0.16242346
319768,0.2817002
319774,0.6221314
319776,0.354742
319777,0.105744466
319785,0.26065114
319789,0.12821253
319792,0.14775512
319799,0.25075492
319814,0.09572033
319815,0.2258667
319822,0.53762853
319829,0.4209373
319836,0.55322886
319837,0.29846668
319839,0.5228099
319843,0.16345252
319860,0.60360485
319876,0.6827004
319877,0.30023357
319887,0.31683472
319889,0.108951315
319892,0.27708307
319893,0.32496497
319897,0.36362675
319898,0.40742263
319911,0.53466594
319917,0.44595203
319923,0.20517793
319927,0.51633286
319929,0.5656173
319931,0.7749731
319948,0.4329371
319949,0.33518663
319992,0.5253117
319999,0.26924893
320001,0.52458686
320003,0.27103898
320004,0.8891512
320011,0.6657943
320012,0.24067286
320021,0.40081862
320026,0.39311695
320034,0.20317523
320041,0.83503914
320042,0.33589235
320046,0.20428562
320056,0.18751098
320062,0.21296765
320093,0.56921494
320094,0.29364312
320101,0.5377592
320114,0.48900938
320126,0.6668442
320128,0.23142882
320137,0.32290396
320149,0.34043163
320165,0.29121983
320172,0.5867753
320173,0.72459745
320175,0.8426559
320179,0.28687635
320181,0.1612954
320191,0.37290406
320192,0.16796634
320195,0.10275299
320199,0.62968946
320202,0.15443908
320203,0.85720944
320205,0.4682509
320224,0.7735346
320227,0.81030977
320228,0.17407729
320248,0.8645366
320252,0.12644759
320254,0.6285379
320259,0.3715998
320267,0.8523339
320276,0.23312342
320287,0.75298536
320291,0.41861585
320295,0.41500708
320297,0.10401616
320305,0.8429879
320321,0.86486566
320331,0.86117834
320336,0.19902176
320341,0.2590785
320344,0.3926292
320356,0.08998421
320362,0.43363678
320369,0.103607625
320379,0.5811494
320387,0.37863228
320397,0.14208053
320412,0.26888555
320421,0.30480182
320428,0.80466115
320429,0.75914013
320430,0.36658904
320434,0.11509091
320453,0.31435135
320462,0.21533254
320469,0.10342458
320475,0.37163442
320478,0.50353074
320484,0.18020199
320494,0.13258329
320499,0.23451786
320541,0.8003656
320550,0.22678371
320561,0.12355734
320562,0.6586746
320564,0.46722922
320566,0.8764411
320568,0.4082619
320593,0.17383312
320609,0.20257768
320614,0.27730486
320621,0.17911558
320639,0.81332856
320640,0.45402452
320656,0.21958938
320657,0.45608732
320670,0.3405985
320672,0.13191003
320691,0.46121606
320693,0.091505185
320698,0.593294
320699,0.28214818
320704,0.25845096
320709,0.2019386
320711,0.12821694
320724,0.3009766
320737,0.29300228
320744,0.5699573
320747,0.31285012
320750,0.68689966
320752,0.4964014
320760,0.7387966
320765,0.82328254
320767,0.1714979
320778,0.8910378
320784,0.13789605
320789,0.7543319
320793,0.092525125
320795,0.7568027
320805,0.5119135
320806,0.81064796
320823,0.4700779
320828,0.46080038
320833,0.8449769
320843,0.56444997
320846,0.15213528
320851,0.8305735
320852,0.56517035
320869,0.34868744
320873,0.6437076
320890,0.13074392
320905,0.4918282
320912,0.7273512
320914,0.092979826
320915,0.101178505
320920,0.44581535
320924,0.29096764
320925,0.1322795
320936,0.67667997
320937,0.1145878
320940,0.35075268
320943,0.3479244
320954,0.27893475
320959,0.5322059
320960,0.15601331
320966,0.3387356
320968,0.10339916
320975,0.29141623
320978,0.08807793
320979,0.33583856
320981,0.10832623
320987,0.50129104
320989,0.51214033
321009,0.83478045
321021,0.57483065
321035,0.7334512
321038,0.50014585
321039,0.6866968
321051,0.11275702
321058,0.16651845
321066,0.886773
321075,0.8279276
321092,0.0908639
321098,0.7890448
321107,0.7259857
321116,0.884395
321118,0.12761016
321124,0.1701507
321131,0.4612136
321134,0.75960064
321140,0.3758877
321143,0.4178844
321145,0.09860995
321150,0.08993046
321151,0.20979226
321153,0.825701
321154,0.23174527
321156,0.11603484
321160,0.10546525
321176,0.3861645
321183,0.5078654
321187,0.51855344
321196,0.19110131
321197,0.6847433
321204,0.83849055
321208,0.2382063
321209,0.45141768
321223,0.48439047
321226,0.09995449
321227,0.0945071
321236,0.53763497
321249,0.66980815
321250,0.19990525
321253,0.18177016
321256,0.5610461
321276,0.6810113
321298,0.4230936
321303,0.10856079
321309,0.5459274
321313,0.5437255
321322,0.8651283
321345,0.46755844
321350,0.4159244
321355,0.30479842
321358,0.54551125
321370,0.6559544
321377,0.7916864
321385,0.6633219
321398,0.49813065
321401,0.2787297
321415,0.24679792
321416,0.8923468
321419,0.12430072
321427,0.20864043
321433,0.08670843
321439,0.7358319
321455,0.20335054
321463,0.74480546
321465,0.41667882
321480,0.12154514
321486,0.13802893
321498,0.56364095
321502,0.58088917
321510,0.44533458
321524,0.38097847
321526,0.7845911
321528,0.5551234
321533,0.7898437
321536,0.55188257
321548,0.43179476
321557,0.17593627
321564,0.41018996
321567,0.21313876
321602,0.65436405
321625,0.6164735
321627,0.5051104
321640,0.33047393
321645,0.27084234
321648,0.5787944
321649,0.4733661
321652,0.2663424
321659,0.3061646
321667,0.15635495
321676,0.4483593
321696,0.37500635
321697,0.4868736
321702,0.29155585
321704,0.18395934
321706,0.22097866
321710,0.46415415
321722,0.42093676
321760,0.48001716
321770,0.3473299
321779,0.2629478
321784,0.5748614
321786,0.45905352
321792,0.28642914
321795,0.501705
321801,0.39098376
321804,0.11598929
321806,0.7173553
321807,0.35350809
321808,0.8010526
321809,0.57201636
321825,0.48114473
321828,0.62590486
321843,0.6465262
321848,0.1838466
321854,0.6158173
321869,0.48492926
321870,0.5086098
321887,0.116298124
321896,0.47687608
321898,0.61527383
321908,0.20404428
321910,0.29300717
321915,0.59368736
321919,0.58756536
321922,0.12232263
321928,0.82207495
321929,0.5582712
321932,0.53731173
321934,0.81831217
321936,0.89861417
321956,0.30343413
321957,0.35102725
321965,0.09210457
321970,0.32103792
321974,0.15569514
321980,0.24007927
321985,0.12161052
321992,0.17845213
321999,0.13652776
322005,0.08772713
322018,0.2760881
322020,0.23720026
322021,0.53130877
322023,0.10319067
322024,0.36319137
322039,0.09640059
322054,0.47725636
322061,0.3832156
322082,0.109060474
322088,0.7965356
322093,0.38273388
322105,0.7501305
322111,0.17485198
322113,0.7896581
322117,0.13782448
322120,0.2122292
322123,0.33476016
322132,0.56392044
322136,0.839675
322141,0.5101853
322147,0.7676395
322169,0.66137636
322170,0.78339225
322172,0.4717027
322196,0.1822198
322198,0.71772015
322217,0.35893223
322226,0.6817735
322227,0.2799058
322229,0.14997007
322242,0.3134885
322244,0.40539575
322249,0.26676047
322250,0.5700645
322253,0.3516145
322254,0.61627245
322267,0.10001821
322269,0.33977568
322274,0.8215732
322285,0.8569808
322309,0.49867162
322320,0.18357411
322327,0.3780899
322331,0.48263237
322332,0.25618207
322334,0.89108735
322339,0.6861117
322348,0.86180633
322350,0.8948992
322354,0.6494495
322356,0.1361284
322367,0.6002944
322369,0.35343766
322372,0.61664516
322374,0.426514
322383,0.77458596
322388,0.70532334
322393,0.20920482
322395,0.6182932
322407,0.08822583
322413,0.13316329
322416,0.095571786
322419,0.21462563
322424,0.58708364
322432,0.12705621
322442,0.1634992
322447,0.44456965
322448,0.6680818
322460,0.11324764
322461,0.8657832
322468,0.14450933
322472,0.6559727
322473,0.79811525
322488,0.1832727
322490,0.27451465
322491,0.1860856
322497,0.3598416
322503,0.42504826
322521,0.7135566
322525,0.773553
322533,0.6548528
322549,0.77425516
322561,0.51621366
322566,0.42916876
322570,0.8656638
322574,0.3423756
322578,0.11019965
322579,0.514054
322586,0.36802858
322596,0.49907723
322598,0.41392535
322603,0.63358414
322614,0.43135974
322626,0.15387353
322630,0.4724072
322639,0.82956505
322640,0.5507209
322642,0.40495107
322651,0.48664084
322652,0.7552366
322656,0.12105682
322662,0.16389473
322664,0.39835638
322681,0.8485369
322684,0.20132239
322685,0.6600392
322711,0.70864564
322717,0.51958466
322719,0.34571517
322730,0.63743675
322740,0.13259318
322743,0.72826946
322749,0.09925773
322757,0.4781668
322759,0.53093034
322760,0.34517467
322770,0.09932323
322786,0.6462045
322797,0.61975193
322800,0.43688852
322815,0.11188426
322831,0.28975433
322835,0.7331565
322841,0.43258223
322845,0.17142883
322846,0.096359484
322851,0.45774335
322852,0.13713707
322877,0.25539443
322880,0.58425504
322893,0.47096774
322911,0.18633804
322928,0.8970156
322934,0.5217739
322938,0.6791306
322950,0.6612453
322959,0.22242293
322961,0.41669247
322965,0.6614429
322966,0.40415365
322968,0.13125293
322977,0.3259428
322979,0.25330418
322986,0.6403497
322990,0.51171315
322998,0.1974178
323005,0.29530147
323008,0.1388095
323014,0.14622627
323015,0.11557176
323025,0.42530093
323030,0.44600764
323033,0.18790539
323036,0.44508213
323043,0.7543868
323049,0.32265773
323051,0.8669692
323053,0.22298798
323056,0.6084342
323059,0.62518877
323076,0.5021748
323088,0.47488663
323108,0.89996463
323112,0.36593503
323127,0.37422192
323135,0.5466551
323137,0.27845502
323141,0.48333913
323142,0.26837286
323147,0.6544125
323150,0.66875374
323153,0.358266
323156,0.72636104
323161,0.17264126
323171,0.11603365
323173,0.61501503
323176,0.13660514
323184,0.19146392
323189,0.5344295
323193,0.19980898
323209,0.74697363
323218,0.7523668
323224,0.8616409
323235,0.5897172
323236,0.14219457
323242,0.21020508
323252,0.2565755
323253,0.83299756
323254,0.087866195
323271,0.3321598
323276,0.3645632
323278,0.5777339
323281,0.10426375
323285,0.28695166
323289,0.37676698
323292,0.13537858
323297,0.7252984
323312,0.1235476
323318,0.12706509
323319,0.10616147
323324,0.40579295
323325,0.55751926
323328,0.5921542
323334,0.504211
323338,0.7741745
323340,0.31749055
323343,0.7176647
323354,0.16469471
323373,0.37621185
323376,0.4514932
323381,0.33232543
323382,0.47178394
323383,0.84233695
323387,0.1872472
323394,0.4326567
323398,0.086045206
323405,0.54461956
323407,0.53339875
323428,0.8455307
323436,0.5603437
323451,0.4317436
323455,0.53430545
323463,0.30144426
323466,0.50979805
323475,0.41360393
323477,0.16679783
323481,0.09166165
323485,0.39442712
323488,0.2683664
323493,0.33301213
323494,0.26590908
323505,0.5435737
323506,0.49105257
323509,0.09966748
323518,0.19150126
323530,0.64273596
323539,0.36115354
323549,0.13854735
323557,0.29077944
323568,0.7027226
323569,0.20663257
323571,0.40365374
323573,0.7268411
323585,0.28091204
323588,0.26837394
323599,0.83435297
323615,0.08719796
323617,0.28500605
323620,0.89248306
323636,0.29467228
323665,0.1654791
323670,0.08587688
323675,0.38148612
323688,0.4519888
323693,0.14550206
323694,0.24978204
323696,0.38968033
323710,0.26628962
323716,0.69468474
323718,0.47638944
323719,0.123181574
323720,0.3995441
323722,0.42939973
323729,0.6872968
323738,0.22724634
323740,0.28263113
323787,0.2669066
323795,0.18387727
323801,0.16399777
323810,0.38088825
323822,0.16005069
323825,0.5715171
323833,0.43342042
323860,0.2361682
323871,0.0939029
323879,0.6149501
323888,0.28121895
323891,0.8877035
323894,0.47773364
323909,0.23405471
323911,0.43201002
323920,0.62919486
323923,0.4224334
323930,0.22929412
323935,0.14656036
323937,0.7393833
323938,0.2838518
323948,0.494953
323956,0.422832
323962,0.8354473
323964,0.16438197
323966,0.18801223
323970,0.13437857
323972,0.17753589
323977,0.43722156
323985,0.5585326
323989,0.16466719
323994,0.24064513
324010,0.4579688
324020,0.6257626
324033,0.39633465
324052,0.78214
324055,0.27934927
324075,0.12466138
324087,0.66646785
324088,0.13042723
324091,0.33894336
324104,0.24281186
324109,0.6441392
324114,0.18915313
324118,0.19101676
324125,0.5508553
324130,0.8795761
324146,0.34228298
324149,0.37590358
324156,0.090845846
324170,0.5954621
324171,0.44171417
324172,0.2970181
324178,0.8341269
324180,0.56603336
324220,0.20434362
324222,0.1439032
324227,0.40489468
324229,0.44015482
324230,0.6958663
324235,0.40097028
324243,0.2616031
324247,0.8636982
324264,0.8665968
324269,0.5791051
324270,0.2216834
324271,0.57484317
324291,0.8687021
324293,0.2341336
324296,0.7525552
324298,0.70226985
324302,0.8576582
324305,0.10956628
324310,0.27334666
324325,0.30145985
324339,0.38637358
324345,0.25922942
324347,0.34355083
324356,0.11664152
324383,0.50246185
324387,0.496188
324393,0.66484725
324400,0.477836
324401,0.1530682
324412,0.5520218
324414,0.2591846
324415,0.7183878
324416,0.43103853
324420,0.6842434
324437,0.13012297
324445,0.82410944
324464,0.5396206
324472,0.55971766
324496,0.5187069
324499,0.35360357
324512,0.14934278
324544,0.55202234
324545,0.29103872
324552,0.32282752
324553,0.35835123
324558,0.736056
324559,0.25972432
324572,0.2611775
324582,0.62542224
324595,0.8692066
324596,0.8766408
324598,0.557459
324614,0.6942641
324620,0.8490496
324621,0.24011551
324624,0.50928134
324651,0.6137926
324655,0.83171487
324669,0.099004805
324674,0.87796134
324677,0.5755216
324681,0.6226161
324689,0.11575892
324708,0.1041706
324714,0.7925953
324716,0.7357898
324719,0.28895617
324731,0.7422054
324733,0.43795192
324741,0.7233141
324745,0.25270575
324747,0.56981844
324748,0.10495339
324764,0.8347709
324772,0.43096676
324788,0.50998574
324795,0.11161599
324801,0.2689852
324811,0.18736526
324816,0.87240964
324821,0.477703
324825,0.117582545
324840,0.8003684
324841,0.518335
324854,0.31015393
324866,0.12832403
324884,0.36557913
324894,0.57856303
324895,0.17660864
324913,0.4965809
324914,0.33808053
324944,0.6413215
324949,0.83143806
324978,0.3177341
324983,0.17731763
324987,0.22216909
324995,0.085841015
325000,0.23526809
325001,0.8478257
325005,0.30137497
325017,0.35731807
325019,0.54470086
325020,0.09572163
325021,0.8679896
325041,0.4003319
325063,0.902123
325066,0.34955248
325070,0.41920167
325102,0.6227708
325117,0.29625103
325121,0.70708144
325136,0.35637134
325153,0.11618273
325157,0.17925693
325158,0.1562221
325163,0.5809795
325180,0.4709742
325181,0.31852075
325185,0.8548872
325194,0.36737433
325196,0.5680107
325206,0.2664078
325212,0.39867565
325217,0.65529794
325218,0.28600404
325223,0.28712845
325238,0.5977854
325254,0.5764014
325258,0.44431162
325268,0.16204637
325269,0.541611
325275,0.25592694
325277,0.31933495
325282,0.17945562
325284,0.1318271
325289,0.38231838
325291,0.865161
325300,0.53577775
325303,0.47026706
325306,0.22796951
325313,0.3223365
325316,0.47442484
325318,0.10745767
325332,0.20152909
325344,0.65768677
325354,0.385671
325360,0.089647144
325364,0.21555491
325375,0.80943334
325377,0.13965586
325380,0.13467781
325390,0.74524516
325392,0.1679583
325395,0.6421511
325411,0.18642604
325412,0.26399857
325420,0.6613794
325424,0.17284599
325433,0.36373034
325438,0.19782004
325439,0.09812841
325443,0.44903684
325454,0.47007042
325464,0.41101724
325473,0.1354632
325476,0.13917695
325495,0.5401095
325525,0.14965537
325529,0.31745467
325552,0.35208106
325553,0.7464609
325564,0.26085946
325565,0.5362905
325580,0.4711818
325590,0.86839455
325591,0.12914157
325596,0.46239188
325601,0.16819546
325602,0.72217727
325623,0.16205323
325625,0.20179468
325641,0.8697438
325645,0.3957122
325657,0.5995199
325680,0.3100107
325691,0.3721947
325701,0.36169547
325710,0.5025727
325712,0.3164678
325714,0.6672972
325716,0.5486997
325724,0.80283725
325744,0.65030795
325751,0.8797842
325757,0.104347594
325765,0.3251087
325767,0.83343947
325770,0.85922265
325778,0.39847946
325784,0.43731803
325791,0.50427383
325809,0.72201604
325814,0.79219544
325817,0.5910987
325820,0.8904605
325822,0.4826402
325830,0.40994897
325832,0.6130226
325840,0.5199486
325849,0.5334086
325852,0.33993584
325859,0.17771535
325864,0.6102359
325865,0.7637507
325879,0.19599685
325890,0.106835105
325899,0.09969376
325908,0.43521532
325916,0.67086244
325918,0.37939402
325919,0.12399616
325922,0.21145658
325925,0.3192884
325934,0.42124638
325939,0.2177033
325942,0.36264944
325948,0.82470536
325954,0.5123475
325962,0.43144608
325966,0.7912626
325969,0.38049805
325971,0.12250693
325972,0.10854587
325976,0.4729631
325981,0.28966847
325992,0.67911845
326013,0.4423706
326017,0.34324244
326019,0.22562778
326027,0.42360237
326028,0.3718025
326033,0.36169782
326041,0.12479399
326043,0.472742
326049,0.38699833
326054,0.21491584
326057,0.3351374
326074,0.12190785
326078,0.31168276
326083,0.25765744
326084,0.29261017
326085,0.5075799
326087,0.10546805
326088,0.86850363
326102,0.8801027
326117,0.15950495
326145,0.5048186
326150,0.29768905
326160,0.6853019
326166,0.22011326
326170,0.19708455
326180,0.40685248
326182,0.853136
326186,0.118946396
326188,0.7974726
326190,0.79622614
326196,0.5145078
326199,0.51097673
326201,0.7051477
326204,0.13222706
326209,0.18340266
326211,0.27025548
326218,0.32178468
326239,0.30101484
326259,0.4258021
326260,0.30755904
326284,0.81562215
326289,0.51656723
326290,0.23011898
326295,0.40871823
326299,0.61300564
326305,0.11054603
326309,0.29889604
326323,0.20083058
326364,0.29726586
326369,0.1383819
326385,0.2473336
326410,0.48549068
326411,0.09022166
326418,0.25069082
326428,0.3532457
326435,0.64032435
326437,0.21463315
326438,0.17264476
326451,0.23973562
326464,0.7407616
326471,0.31647292
326472,0.8862663
326475,0.61871624
326477,0.13525799
326480,0.1233721
326486,0.2788573
326502,0.5743541
326506,0.83279514
326513,0.12464218
326516,0.15735336
326528,0.23607315
326530,0.14234398
326531,0.5055053
326532,0.13845307
326538,0.23421916
326551,0.39066517
326559,0.13886507
326576,0.6186766
326577,0.73066354
326602,0.5495193
326606,0.5023929
326618,0.62728083
326620,0.14366789
326624,0.27030426
326639,0.5230917
326647,0.91070366
326652,0.7649446
326661,0.6753844
326667,0.5959413
326670,0.554387
326672,0.31965873
326693,0.7293022
326704,0.3459082
326723,0.43030632
326734,0.34126917
326738,0.6341846
326746,0.45410317
326753,0.17076044
326754,0.13807456
326763,0.7001601
326779,0.26533508
326785,0.5527213
326786,0.17149214
326787,0.64640975
326789,0.4437289
326799,0.15602054
326802,0.18291341
326804,0.32074797
326823,0.33183235
326827,0.41250047
326833,0.6693341
326838,0.49089086
326842,0.4752266
326856,0.8495192
326867,0.26650304
326870,0.09064609
326871,0.53129506
326875,0.46326473
326879,0.60004574
326884,0.4747604
326900,0.47569656
326904,0.11498487
326905,0.7552114
326917,0.20438966
326919,0.21743067
326921,0.7176037
326929,0.13470942
326942,0.60865116
326944,0.17519195
326953,0.7329213
326968,0.4527891
326985,0.60283357
326987,0.31091738
326988,0.25940773
326994,0.3650235
327005,0.19952038
327010,0.56274146
327017,0.5310198
327026,0.72044104
327030,0.40152788
327031,0.2596481
327045,0.7604439
327054,0.0950018
327078,0.3006499
327080,0.1837378
327087,0.87943345
327137,0.4775434
327147,0.39033338
327150,0.567763
327153,0.65087426
327160,0.43842983
327164,0.10025284
327169,0.86729115
327187,0.7958104
327188,0.49102342
327189,0.35306832
327194,0.10278361
327196,0.83198255
327202,0.8046787
327207,0.18348078
327215,0.15309735
327216,0.35538998
327220,0.45944494
327222,0.3466419
327230,0.6633446
327231,0.8982207
327238,0.49511313
327247,0.149831
327262,0.24609601
327265,0.2612419
327267,0.21848615
327273,0.09678153
327276,0.5369643
327280,0.73386115
327287,0.32279497
327301,0.5442316
327307,0.6490468
327309,0.568869
327316,0.42852753
327327,0.7549702
327334,0.71517265
327335,0.609933
327338,0.20229205
327341,0.36854982
327350,0.20718962
327355,0.12135108
327370,0.13180296
327386,0.17343482
327391,0.43547142
327393,0.7478652
327408,0.21637344
327415,0.5859592
327431,0.4845758
327445,0.17764044
327449,0.5755721
327457,0.57915354
327488,0.103660926
327489,0.2446936
327523,0.44707197
327537,0.2623368
327550,0.9031048
327556,0.11841955
327562,0.13892117
327567,0.80545497
327587,0.29319116
327594,0.44176805
327602,0.38848084
327604,0.4780398
327609,0.4734533
327618,0.4002358
327620,0.47424996
327626,0.5884803
327628,0.11591926
327629,0.6155291
327631,0.6092829
327633,0.48960894
327638,0.11629797
327665,0.13987075
327689,0.18980017
327697,0.3525029
327702,0.45806807
327704,0.65427154
327723,0.39211577
327726,0.18285345
327732,0.5091831
327739,0.78031325
327750,0.122758575
327751,0.14368883
327765,0.6409384
327766,0.09627463
327771,0.259296
327772,0.7223317
327774,0.8719431
327784,0.13877223
327789,0.13905483
327794,0.11079864
327799,0.62500924
327803,0.6218707
327817,0.45799974
327819,0.37926033
327823,0.70295745
327828,0.84141433
327834,0.6946642
327835,0.29289463
327866,0.71944237
327871,0.33909357
327886,0.22060868
327900,0.43804848
327901,0.66710246
327904,0.28082535
327906,0.749355
327908,0.4046137
327909,0.09889194
327914,0.82124037
327917,0.6496864
327928,0.64300215
327947,0.18713395
327949,0.2934128
327952,0.5165114
327954,0.37593988
327962,0.52717084
327964,0.8375274
327985,0.26953226
327996,0.3684083
327997,0.5536012
328013,0.09977933
328017,0.68354905
328027,0.39291877
328029,0.71250844
328042,0.7079087
328043,0.2374693
328064,0.77162546
328072,0.09395578
328074,0.78276587
328080,0.11293432
328086,0.3493092
328122,0.47097704
328126,0.104758166
328127,0.6954492
328142,0.11357188
328144,0.30509263
328150,0.4953987
328154,0.64543915
328160,0.14605896
328171,0.19962066
328179,0.4680236
328192,0.11217862
328195,0.6248226
328196,0.18867329
328201,0.104084924
328203,0.3249254
328217,0.54203993
328218,0.22629024
328228,0.750356
328231,0.33296585
328246,0.289659
328252,0.17473327
328255,0.4703625
328264,0.18630792
328281,0.26907945
328282,0.09241312
328291,0.41949013
328303,0.215712
328305,0.7482119
328313,0.37326387
328336,0.5680282
328340,0.2338594
328343,0.144503
328368,0.8915551
328372,0.17406397
328381,0.43341753
328383,0.5591776
328385,0.18173131
328393,0.19253473
328395,0.37617555
328409,0.2817447
328424,0.43943092
328427,0.4176285
328456,0.5941786
328463,0.80102694
328489,0.5479414
328491,0.36616772
328509,0.15525915
328516,0.74398947
328524,0.14467621
328535,0.44322398
328536,0.1373569
328539,0.47456896
328542,0.8945116
328545,0.8899273
328549,0.28165084
328554,0.23623568
328558,0.53117776
328571,0.5608684
328576,0.2793319
328578,0.6192397
328588,0.81417745
328601,0.13781874
328604,0.49790293
328624,0.10633682
328629,0.5002767
328632,0.16933967
328634,0.32138607
328636,0.30603048
328637,0.38197488
328647,0.42441472
328668,0.09478266
328669,0.4714361
328678,0.23201095
328684,0.44659764
328694,0.5465034
328705,0.48918208
328712,0.33327377
328720,0.36131412
328729,0.79535127
328730,0.14402868
328733,0.21808073
328758,0.823417
328761,0.48027676
328764,0.26674792
328777,0.46984622
328783,0.62765306
328813,0.5501798
328819,0.23404084
328826,0.17659643
328829,0.5979186
328834,0.24754643
328845,0.12764409
328856,0.6566317
328865,0.7731319
328868,0.6825387
328878,0.77568716
328896,0.1733759
328899,0.20727073
328909,0.5954627
328914,0.08440296
328926,0.23178446
328934,0.26911896
328935,0.099600285
328949,0.3453249
328954,0.14079292
328957,0.2599531
328968,0.6921276
328974,0.1584608
328984,0.09100334
328991,0.355701
328997,0.33423957
329000,0.36755332
329005,0.32445264
329007,0.21115732
329018,0.6214617
329034,0.5682882
329051,0.84824836
329052,0.1880722
329055,0.7191597
329062,0.7081892
329064,0.5495995
329070,0.87209886
329075,0.13888387
329078,0.5232368
329081,0.18454328
329086,0.83801967
329101,0.24005501
329105,0.53912115
329113,0.79821724
329119,0.670202
329133,0.43251708
329135,0.33794132
329138,0.31361908
329143,0.4376157
329157,0.43231094
329165,0.55752945
329170,0.1622861
329176,0.7470751
329177,0.6015503
329179,0.23507088
329196,0.61601496
329209,0.30392802
329219,0.7232075
329241,0.15849707
329245,0.7202655
329248,0.29768655
329249,0.17519952
329251,0.11477878
329252,0.108417384
329256,0.3797382
329261,0.21531118
329264,0.8898292
329297,0.82775027
329310,0.65845567
329320,0.26098174
329328,0.08623078
329340,0.5843095
329347,0.14815137
329351,0.5128806
329356,0.1580167
329360,0.90371656
329364,0.1640071
329365,0.37537894
329381,0.4641214
329383,0.6661561
329385,0.51418024
329388,0.62964046
329390,0.29286003
329393,0.46200317
329403,0.5625304
329409,0.0896928
329418,0.8974838
329428,0.10259719
329433,0.37275553
329439,0.1661826
329459,0.21895735
329463,0.44344565
329475,0.35772207
329479,0.3318611
329494,0.6382169
329500,0.77014023
329503,0.08681811
329512,0.10034821
329514,0.63911617
329521,0.58593756
329526,0.5889139
329531,0.11542823
329534,0.604314
329545,0.5158333
329553,0.09186135
329569,0.33605567
329571,0.45752254
329580,0.2773758
329585,0.5494338
329588,0.6193298
329603,0.38060263
329605,0.14218824
329611,0.46338314
329613,0.69275683
329615,0.50980234
329618,0.5421198
329623,0.22171025
329626,0.55895317
329678,0.10022731
329690,0.35975793
329693,0.8251103
329698,0.66576374
329700,0.1369884
329706,0.1629739
329709,0.4320389
329713,0.7736744
329716,0.12928706
329717,0.25007287
329719,0.41667724
329720,0.36098853
329737,0.15991919
329741,0.24406615
329742,0.1030029
329749,0.7158678
329765,0.26882082
329771,0.51119477
329775,0.5608826
329779,0.5286082
329781,0.4460288
329788,0.2739474
329798,0.6551516
329799,0.08724632
329810,0.60789955
329811,0.11149072
329812,0.15230389
329819,0.5825325
329822,0.48051
329826,0.28333026
329843,0.32390815
329846,0.09829351
329856,0.68590117
329871,0.39876196
329882,0.35555947
329885,0.29743817
329893,0.38273033
329898,0.23240323
329903,0.33471182
329916,0.3545086
329918,0.10423764
329934,0.4008977
329942,0.52936465
329949,0.2829315
329958,0.85582227
329965,0.5752086
329969,0.15736642
329972,0.48755413
329981,0.8427903
329988,0.4481913
329989,0.72822946
330004,0.7430691
330006,0.90307534
330014,0.7867056
330025,0.5773384
330040,0.11643644
330047,0.7284696
330070,0.34120727
330074,0.16747057
330075,0.10584655
330085,0.26274064
330095,0.6582169
330106,0.34582913
330119,0.37277824
330122,0.358832
330129,0.8189847
330145,0.72553813
330148,0.18188025
330154,0.24382755
330156,0.13502693
330162,0.6528583
330164,0.1842159
330187,0.3101914
330188,0.5202071
330189,0.32045612
330192,0.41751492
330193,0.20096557
330200,0.27692616
330205,0.28540042
330207,0.35789666
330220,0.14671493
330228,0.83311945
330243,0.31623968
330245,0.22444506
330270,0.14471774
330272,0.2023726
330279,0.20912856
330288,0.87988085
330289,0.4440823
330299,0.10775007
330308,0.43699753
330314,0.5407154
330317,0.5171045
330322,0.11930352
330332,0.3026783
330356,0.708161
330358,0.2837171
330360,0.11407089
330363,0.48275146
330364,0.48882464
330368,0.1931566
330376,0.17596893
330378,0.7216718
330381,0.68800735
330386,0.4500202
330387,0.08959116
330395,0.6183531
330396,0.3287484
330406,0.18705265
330423,0.41386697
330430,0.23914991
330467,0.378333
330469,0.32707408
330473,0.5734521
330479,0.22546366
330486,0.5010035
330523,0.82183516
330524,0.5802318
330540,0.363391
330564,0.49784225
330565,0.32018512
330567,0.5838632
330568,0.26651525
330602,0.25117472
330616,0.18335767
330617,0.08909857
330625,0.7781503
330635,0.2355033
330636,0.5179971
330639,0.2889413
330661,0.3019405
330666,0.11691644
330670,0.08907588
330682,0.21491203
330690,0.15050784
330708,0.64910465
330726,0.26301003
330730,0.12480394
330765,0.12767294
330776,0.22542258
330789,0.20580867
330791,0.086924225
330803,0.4673485
330805,0.16385601
330807,0.32269964
330821,0.18273492
330822,0.26830912
330836,0.43156457
330837,0.44410688
330839,0.47616833
330840,0.11735381
330861,0.33808348
330878,0.34873953
330881,0.11831181
330888,0.10091426
330890,0.6373491
330903,0.82543236
330904,0.27968422
330905,0.36580953
330907,0.4690892
330915,0.2513627
330921,0.59397507
330922,0.34507763
330925,0.103384614
330942,0.5375914
330945,0.3698196
330957,0.56149185
330965,0.7667163
330973,0.54626954
330979,0.123694725
330981,0.17983484
331005,0.25362656
331018,0.6286676
331026,0.12012102
331032,0.08857381
331033,0.75904477
331036,0.09019366
331037,0.34725687
331048,0.39312172
331054,0.6762326
331058,0.34805736
331063,0.35184535
331077,0.48038143
331079,0.103662506
331081,0.7384587
331082,0.23978314
331090,0.13650034
331110,0.111845724
331127,0.7930036
331141,0.16904698
331153,0.4861535
331165,0.37119377
331171,0.19753295
331179,0.373778
331191,0.73790944
331193,0.5150775
331197,0.17097124
331204,0.46584496
331207,0.86265117
331212,0.14252177
331220,0.736017
331242,0.39082012
331244,0.84834075
331273,0.17100261
331281,0.12430611
331289,0.12532063
331293,0.40302593
331294,0.43054765
331299,0.22075199
331300,0.20057677
331302,0.17146987
331322,0.25265485
331334,0.32296693
331347,0.14852358
331353,0.26650125
331361,0.17549998
331370,0.15412655
331379,0.25389582
331382,0.6341138
331388,0.8718805
331390,0.38943458
331400,0.42013514
331411,0.4490708
331431,0.10396361
331451,0.17699888
331455,0.2798141
331456,0.102302045
331461,0.34991667
331468,0.61610323
331480,0.8182535
331491,0.20628156
331505,0.8205413
331508,0.123435505
331517,0.1568119
331519,0.563723
331526,0.091962375
331530,0.30133837
331533,0.21481423
331554,0.32777637
331579,0.16735622
331590,0.103535905
331599,0.26994038
331604,0.41685084
331605,0.6973208
331611,0.34912083
331616,0.8726762
331620,0.2071749
331623,0.5123444
331641,0.24595113
331645,0.3110458
331657,0.67354006
331662,0.12144643
331678,0.08750052
331684,0.48859042
331686,0.8416629
331691,0.33051485
331697,0.7682817
331707,0.6700885
331709,0.106666505
331716,0.39436814
331719,0.33714762
331729,0.21757779
331735,0.17709696
331743,0.17534207
331761,0.659727
331772,0.114015184
331777,0.14432132
331794,0.503653
331813,0.5570328
331818,0.5535373
331834,0.2096182
331848,0.23934531
331849,0.44019112
331868,0.16291136
331875,0.3683802
331879,0.46066114
331886,0.10536564
331888,0.47402313
331891,0.19085203
331903,0.17434311
331905,0.28967968
331913,0.45554987
331914,0.117891625
331937,0.09494712
331938,0.46996805
331939,0.5536392
331944,0.31010512
331948,0.41604117
331968,0.15321007
331976,0.87009954
331977,0.752353
332007,0.4382259
332014,0.46418077
332017,0.15493535
332027,0.5235824
332033,0.21206985
332041,0.13277319
332042,0.6933602
332047,0.19964795
332050,0.7081506
332056,0.0927714
332071,0.09971567
332075,0.77159315
332076,0.097853236
332077,0.38318542
332083,0.41644368
332093,0.8938341
332111,0.30155033
332119,0.40684804
332121,0.67347896
332135,0.25662798
332144,0.6523758
332147,0.51881677
332155,0.26029298
332156,0.12775882
332164,0.36381966
332166,0.09456126
332170,0.60695624
332180,0.74359643
332181,0.5259833
332184,0.55937135
332192,0.63583297
332204,0.41603687
332225,0.44480714
332234,0.5190569
332243,0.73049724
332253,0.76256835
332261,0.37328294
332266,0.31932
332270,0.28783262
332285,0.79582393
332290,0.087294705
332296,0.32449803
332298,0.49740723
332302,0.2765991
332303,0.14962602
332317,0.2539578
332318,0.46227232
332327,0.44531494
332337,0.5453685
332351,0.63182884
332373,0.13310325
332377,0.17028923
332384,0.7511519
332398,0.13635384
332404,0.45076123
332405,0.20988916
332454,0.16408534
332456,0.64095443
332464,0.72165614
332468,0.37538844
332476,0.52671903
332482,0.17162992
332483,0.18477486
332508,0.4722254
332519,0.79659194
332529,0.8109171
332537,0.6197998
332545,0.81224805
332551,0.37253222
332552,0.34555656
332570,0.38970798
332574,0.5258614
332579,0.5763646
332607,0.16044974
332618,0.7816292
332626,0.6632531
332628,0.16452672
332645,0.2755153
332652,0.8287367
332666,0.6016208
332694,0.49004513
332697,0.49833527
332698,0.094360545
332700,0.34374234
332708,0.8219967
332714,0.2523103
332722,0.17836316
332724,0.2865338
332730,0.26337707
332741,0.50607383
332746,0.34824067
332754,0.5253604
332756,0.6631747
332759,0.09393606
332764,0.8655341
332786,0.43816364
332790,0.098093726
332816,0.09220391
332821,0.15076381
332827,0.22579433
332829,0.11546317
332831,0.11198245
332833,0.7458136
332834,0.5509332
332837,0.11411351
332846,0.5578415
332860,0.5456678
332861,0.20737614
332865,0.28383064
332882,0.24829924
332897,0.8099797
332901,0.2793671
332904,0.29853633
332910,0.89313036
332911,0.13982122
332912,0.82666683
332939,0.46184778
332940,0.093235694
332952,0.104634136
332956,0.151557
332957,0.6157524
332958,0.098054014
332961,0.7712162
332967,0.60232335
332974,0.3762824
332993,0.09387561
333007,0.29621148
333012,0.6995119
333020,0.305397
333021,0.27167806
333035,0.29085803
333040,0.7088014
333061,0.09527852
333073,0.1234584
333078,0.41747752
333085,0.42241952
333086,0.5447565
333096,0.8733109
333100,0.3159257
333112,0.44331536
333114,0.10321569
333120,0.83790356
333142,0.12549946
333152,0.14614989
333159,0.75573003
333178,0.26875252
333179,0.25020742
333187,0.562946
333191,0.5165843
333192,0.3422545
333199,0.24634475
333211,0.37258247
333224,0.29286045
333237,0.8765777
333238,0.12213318
333262,0.11104703
333268,0.61349666
333275,0.57948226
333289,0.5470061
333292,0.84968716
333303,0.36197242
333305,0.3774414
333312,0.120799564
333316,0.48303488
333335,0.41449338
333354,0.37593704
333356,0.08658723
333358,0.11715127
333376,0.28632084
333378,0.14173879
333380,0.4489138
333381,0.81316787
333388,0.4621347
333392,0.08927019
333406,0.8921897
333410,0.1875075
333411,0.19542876
333412,0.5750894
333428,0.1463323
333432,0.10085745
333435,0.3905068
333442,0.23542038
333452,0.5744482
333455,0.8007458
333456,0.6500304
333459,0.49693215
333464,0.8794523
333466,0.7199667
333469,0.33243942
333475,0.2878948
333476,0.10639009
333477,0.52661794
333487,0.2549415
333490,0.1488511
333497,0.8829724
333499,0.090255186
333500,0.59501916
333501,0.37538794
333503,0.16872342
333513,0.75971794
333518,0.23207623
333544,0.1449029
333546,0.8465275
333563,0.79510987
333566,0.39549744
333568,0.6779564
333570,0.399901
333573,0.13331978
333574,0.1097317
333584,0.32008463
333589,0.6704504
333594,0.45571116
333596,0.09700565
333597,0.35113606
333615,0.21249579
333621,0.40077066
333622,0.17609565
333629,0.4058669
333651,0.4590494
333653,0.6888916
333664,0.17306198
333680,0.116918385
333687,0.8401079
333688,0.45200476
333689,0.8947611
333693,0.41866595
333695,0.28808853
333706,0.123118386
333709,0.4853832
333713,0.3825707
333734,0.36073822
333745,0.6353854
333752,0.31278408
333764,0.116021976
333780,0.5162598
333789,0.82023656
333791,0.20869984
333795,0.52912015
333799,0.68278384
333801,0.64093316
333802,0.75251746
333803,0.8083579
333810,0.361341
333837,0.41007665
333842,0.70153093
333843,0.24527141
333845,0.10893913
333852,0.7559725
333859,0.12911065
333885,0.71024376
333896,0.7315999
333904,0.39704606
333908,0.1190469
333913,0.29214174
333927,0.15944605
333930,0.31829157
333935,0.14690182
333952,0.4210744
333953,0.54222846
333966,0.34942442
333968,0.09710785
333988,0.22965135
334013,0.16931047
334027,0.7421901
334030,0.19672081
334032,0.6980071
334033,0.11302595
334042,0.10176693
334045,0.6630773
334053,0.095114306
334055,0.10987509
334058,0.12880759
334063,0.7494909
334070,0.35356957
334074,0.14484352
334080,0.5999461
334086,0.46691957
334092,0.47807238
334099,0.33683833
334101,0.23680116
334103,0.40886027
334104,0.7953745
334109,0.87755924
334125,0.5829153
334130,0.73850965
334138,0.7033021
334161,0.32928708
334164,0.6892425
334169,0.41189066
334171,0.18684663
334185,0.33289403
334186,0.3297388
334209,0.4873301
334211,0.51701444
334230,0.13981895
334231,0.71594954
334237,0.72447425
334241,0.8473092
334244,0.60236955
334247,0.3181849
334250,0.1842606
334252,0.09999676
334273,0.10296824
334282,0.2778437
334285,0.47652808
334286,0.29002273
334292,0.35895458
334296,0.21162698
334299,0.29954273
334300,0.5019031
334305,0.30144337
334307,0.62074554
334311,0.119802125
334315,0.4331194
334343,0.53626734
334344,0.1978725
334345,0.5150072
334350,0.13901341
334353,0.10608348
334365,0.31974882
334372,0.5705149
334374,0.1563439
334375,0.58753675
334382,0.5828468
334387,0.0884194
334391,0.76767224
334397,0.12802276
334407,0.17690785
334415,0.3026081
334417,0.46157253
334419,0.5644912
334431,0.24458608
334435,0.8597969
334446,0.9043694
334447,0.32225987
334457,0.10859026
334459,0.49327564
334471,0.097420186
334474,0.16938132
334481,0.16146128
334483,0.2171132
334486,0.5694065
334490,0.8554019
334492,0.54764605
334494,0.42995325
334512,0.31041497
334522,0.13001962
334527,0.21215408
334534,0.08932716
334537,0.10965467
334539,0.45658258
334552,0.6287176
334555,0.61296946
334565,0.6970888
334580,0.24113499
334585,0.22074614
334589,0.46932647
334594,0.46766448
334600,0.22416772
334603,0.15227501
334613,0.28844413
334621,0.60292625
334628,0.2503496
334631,0.44088998
334634,0.34663072
334635,0.48305747
334659,0.11746669
334660,0.16402695
334664,0.2398265
334671,0.57378066
334693,0.39785993
334695,0.59134746
334703,0.7183315
334718,0.7210458
334728,0.90080214
334732,0.6073175
334733,0.7135952
334735,0.13095376
334748,0.16332516
334756,0.669475
334764,0.25841662
334766,0.63988066
334787,0.17523962
334803,0.19106406
334806,0.67996603
334817,0.7932509
334825,0.24965228
334831,0.54893863
334836,0.42972845
334845,0.33202875
334857,0.1479728
334868,0.24658376
334871,0.28302127
334873,0.5302499
334881,0.48300186
334886,0.2635626
334898,0.59634656
334899,0.4454764
334901,0.29754117
334916,0.602571
334923,0.818373
334933,0.6626014
334938,0.80610156
334955,0.65442604
334963,0.87708616
334974,0.5480441
334986,0.40980223
334994,0.202252
334995,0.60813147
335001,0.54708403
335005,0.408957
335009,0.32591724
335014,0.17674099
335015,0.10028569
335017,0.84665954
335025,0.87879086
335027,0.68282264
335055,0.50830466
335058,0.3449692
335072,0.6720999
335073,0.20354553
335081,0.49008828
335091,0.12601437
335096,0.09149007
335097,0.19392754
335099,0.30447996
335113,0.09875127
335136,0.49479797
335140,0.44432986
335141,0.26311335
335143,0.8413756
335155,0.39445308
335170,0.24104239
335176,0.27939218
335181,0.37890542
335183,0.48426944
335192,0.21336767
335196,0.8018669
335198,0.12717038
335203,0.39336327
335204,0.87279713
335218,0.39142844
335222,0.19477925
335223,0.845246
335229,0.7007674
335231,0.6137673
335236,0.26922762
335253,0.71538395
335257,0.44410655
335262,0.12298295
335263,0.6064875
335273,0.5108647
335276,0.48091632
335278,0.14292964
335295,0.13850482
335301,0.118270814
335303,0.091925696
335305,0.85752314
335310,0.5011922
335313,0.08697462
335314,0.21969977
335319,0.17225185
335321,0.7223014
335331,0.33316237
335332,0.15389787
335333,0.2377013
335337,0.5737569
335342,0.34835348
335347,0.2595812
335351,0.5364774
335356,0.17092079
335366,0.30162635
335369,0.1347432
335377,0.62889504
335388,0.78485495
335395,0.80938554
335397,0.28177997
335411,0.19861089
335419,0.17585464
335425,0.49058092
335427,0.44132608
335443,0.19266215
335446,0.10654546
335448,0.16414002
335451,0.75543207
335458,0.19255535
335459,0.3194134
335460,0.5801457
335463,0.25102538
335471,0.59037775
335477,0.15805271
335478,0.62990856
335484,0.15950933
335490,0.7700413
335495,0.485405
335506,0.6686147
335507,0.64303106
335518,0.48523957
335533,0.24880259
335537,0.6781341
335538,0.5274368
335549,0.56976867
335553,0.88116944
335561,0.67497665
335564,0.10012615
335573,0.49184874
335577,0.1209711
335579,0.13293791
335585,0.26582095
335590,0.34910598
335594,0.12864158
335598,0.3286678
335601,0.20937495
335608,0.46521562
335616,0.84911615
335640,0.19831207
335645,0.64295536
335653,0.28118247
335683,0.23444219
335692,0.5038133
335713,0.1065653
335726,0.104539864
335727,0.84191424
335728,0.15783766
335732,0.17986542
335736,0.2800279
335747,0.30169746
335754,0.21319272
335755,0.14522755
335761,0.54996383
335775,0.3320856
335778,0.75682056
335779,0.25909576
335787,0.10997414
335805,0.14367202
335807,0.31648532
335808,0.5161677
335815,0.41588062
335818,0.19637053
335835,0.5898619
335849,0.4154075
335850,0.40816855
335851,0.4115635
335852,0.1018098
335856,0.4508175
335857,0.4338612
335863,0.70713407
335871,0.5270692
335879,0.26754424
335885,0.12772696
335887,0.74120015
335893,0.58272463
335906,0.2811815
335912,0.18589132
335921,0.16444549
335944,0.5516858
335952,0.4870812
335955,0.10325805
335956,0.09565545
335957,0.74419045
335958,0.36037502
335962,0.44975263
335963,0.32033622
335964,0.26372966
335971,0.08724091
335973,0.20206669
335975,0.34490123
335981,0.43384868
335983,0.69507796
336016,0.37645692
336038,0.5145709
336039,0.090626866
336041,0.22281878
336061,0.19887833
336063,0.11731668
336067,0.21121083
336071,0.50506276
336089,0.4497641
336095,0.5212277
336096,0.35596925
336101,0.096430086
336117,0.35619292
336118,0.28459418
336120,0.53576803
336137,0.11032104
336155,0.3143574
336156,0.8904264
336159,0.14468248
336178,0.53994536
336183,0.806145
336194,0.10719596
336195,0.6730496
336199,0.16170476
336209,0.19820388
336213,0.19615994
336214,0.39235005
336215,0.09173824
336220,0.121501185
336253,0.24242665
336260,0.72325695
336263,0.43723896
336265,0.53426677
336273,0.3258843
336277,0.105839565
336280,0.3334627
336295,0.5448462
336308,0.090327315
336309,0.1245751
336316,0.5408128
336319,0.359757
336321,0.08613316
336322,0.84749514
336323,0.18429677
336340,0.48074484
336344,0.6056617
336352,0.38050967
336361,0.52271754
336367,0.35132805
336382,0.47644874
336383,0.50065434
336393,0.27544597
336407,0.34953177
336413,0.30974
336418,0.40072164
336426,0.290684
336427,0.14625639
336436,0.29053345
336443,0.16863053
336445,0.45453948
336447,0.11703881
336451,0.3344076
336464,0.36541155
336484,0.6312917
336491,0.4428422
336492,0.14181368
336493,0.43325603
336494,0.3066862
336499,0.14442666
336524,0.085121855
336527,0.7958004
336534,0.8713722
336544,0.24951953
336553,0.58252335
336558,0.1388158
336565,0.1234858
336569,0.71949494
336580,0.6505842
336586,0.10090436
336592,0.3923196
336604,0.22842838
336610,0.25941226
336623,0.43282905
336634,0.5598645
336635,0.36711922
336641,0.14673819
336660,0.25635898
336673,0.31185892
336686,0.43349797
336693,0.13511638
336701,0.13697663
336704,0.576221
336711,0.37594324
336715,0.47386873
336717,0.096553184
336722,0.3797534
336724,0.15812369
336741,0.5433082
336745,0.13828948
336757,0.8209758
336764,0.84869856
336767,0.43216306
336783,0.33509022
336786,0.52007157
336791,0.10881923
336792,0.883423
336813,0.41954133
336822,0.73062223
336823,0.77321756
336832,0.15794322
336843,0.41893438
336858,0.5402592
336870,0.5054675
336876,0.41401643
336885,0.17322315
336887,0.56531626
336891,0.1157639
336903,0.24611638
336916,0.6674241
336917,0.14718588
336922,0.21209842
336925,0.13551591
336931,0.845162
336938,0.1767941
336950,0.88025504
336955,0.3180893
336956,0.22960043
336959,0.54983515
336966,0.8524049
336971,0.29092515
336978,0.13668501
336983,0.12384226
336986,0.10425277
336996,0.67709094
337003,0.87434787
337007,0.37154916
337029,0.4164726
337034,0.53036815
337039,0.14988625
337057,0.5769472
337058,0.5329242
337062,0.7082975
337080,0.18687873
337087,0.101713
337105,0.1252815
337108,0.18556228
337120,0.27328923
337125,0.7631373
337142,0.1345789
337159,0.3252269
337160,0.23434366
337168,0.4579857
337170,0.17938522
337171,0.30383137
337178,0.64716256
337188,0.4401076
337191,0.44482934
337200,0.08795124
337207,0.16782877
337210,0.4231713
337218,0.104874045
337221,0.41186664
337237,0.16585949
337241,0.82898873
337244,0.7137835
337273,0.476109
337294,0.25165072
337295,0.15000968
337298,0.32809564
337310,0.18747129
337326,0.09701881
337338,0.8951058
337343,0.7295137
337360,0.4042048
337369,0.74996465
337375,0.81215626
337386,0.3256555
337388,0.88495713
337405,0.43367416
337408,0.24694416
337412,0.09703438
337416,0.22934277
337418,0.62382805
337442,0.8812278
337449,0.36489382
337457,0.10906316
337460,0.18937637
337474,0.5296463
337499,0.48393154
337506,0.5463038
337512,0.60878783
337527,0.29925796
337528,0.1483249
337530,0.30980495
337539,0.5238116
337546,0.08792182
337551,0.44269735
337569,0.35164705
337576,0.18953644
337582,0.35259947
337590,0.54809684
337599,0.11497259
337600,0.7618178
337601,0.89800924
337608,0.20441094
337614,0.79270315
337619,0.7575542
337625,0.58026004
337629,0.69927365
337635,0.45925194
337642,0.17181851
337663,0.8335577
337665,0.7005841
337668,0.10434331
337700,0.4522832
337746,0.16052581
337761,0.17739606
337779,0.48741147
337788,0.33054504
337790,0.44189605
337793,0.28673622
337802,0.52929455
337807,0.2821607
337821,0.834708
337840,0.11621816
337846,0.62254477
337848,0.7995227
337864,0.48809537
337866,0.42897114
337868,0.18212542
337878,0.09344548
337890,0.6955113
337896,0.57289755
337901,0.42590722
337905,0.41610983
337914,0.1603542
337953,0.1778543
337969,0.14963323
337984,0.11498085
337995,0.46907118
338009,0.10970031
338018,0.24289916
338022,0.3453321
338028,0.53202045
338029,0.5516934
338044,0.089435905
338050,0.3255013
338052,0.47239828
338073,0.7623512
338076,0.18070988
338084,0.104596466
338086,0.10176787
338094,0.12965058
338097,0.44398865
338099,0.42167848
338126,0.33710265
338127,0.87027425
338137,0.829233
338146,0.10882977
338161,0.26433846
338164,0.7320491
338174,0.12955396
338179,0.869294
338181,0.51313627
338188,0.14965637
338189,0.5006025
338193,0.31627995
338199,0.27992043
338202,0.5871422
338204,0.5999625
338210,0.44396183
338229,0.4396969
338240,0.59873337
338250,0.27067667
338253,0.8115215
338254,0.104534335
338268,0.665683
338290,0.4379339
338293,0.33751377
338297,0.43394104
338301,0.2673024
338306,0.41904414
338314,0.16864462
338318,0.13630523
338325,0.2594699
338340,0.7967091
338341,0.5781213
338351,0.19000542
338352,0.76737475
338368,0.34198454
338381,0.11124611
338404,0.13215809
338409,0.4930497
338417,0.17214483
338418,0.2543937
338426,0.09310311
338431,0.49707714
338435,0.46306482
338463,0.48775095
338465,0.3732205
338467,0.46391955
338479,0.6765767
338495,0.4033663
338510,0.52396417
338526,0.22921193
338528,0.5802253
338530,0.3008194
338539,0.102419436
338543,0.26969737
338554,0.12931052
338557,0.34426922
338581,0.83501023
338589,0.4047858
338595,0.790229
338597,0.53655344
338604,0.6248827
338607,0.093611374
338613,0.08723381
338615,0.15883581
338628,0.44961137
338636,0.68348557
338642,0.08829779
338669,0.33970642
338671,0.39834255
338675,0.21943595
338676,0.74785554
338690,0.15887007
338696,0.70784014
338702,0.85200185
338703,0.18494731
338709,0.4715014
338719,0.5837963
338725,0.53282416
338727,0.26886323
338732,0.1008305
338749,0.103620514
338773,0.27003378
338774,0.09569891
338784,0.709804
338789,0.14570509
338792,0.67123944
338804,0.719115
338808,0.74395955
338822,0.09932157
338824,0.3226759
338833,0.1517984
338836,0.5345319
338840,0.5408117
338842,0.5025035
338843,0.6559048
338847,0.30989367
338849,0.6744837
338857,0.20967905
338860,0.77151555
338872,0.62609357
338874,0.31785884
338878,0.6151738
338895,0.23237082
338896,0.64293844
338904,0.7643938
338920,0.6327159
338931,0.38154587
338938,0.16962577
338955,0.39324024
338962,0.22764967
338969,0.49520254
338976,0.5444407
338994,0.3019369
339011,0.11087244
339014,0.34506565
339017,0.099906266
339018,0.8983748
339030,0.48189214
339038,0.12095793
339060,0.10957281
339079,0.52883476
339082,0.094273955
339099,0.41864157
339103,0.23572877
339105,0.289653
339107,0.09841401
339121,0.82408
339148,0.22985113
339152,0.12748607
339154,0.5544381
339170,0.8141003
339186,0.22555517
339187,0.30305314
339193,0.2840262
339196,0.26677153
339199,0.3484661
339203,0.8656452
339216,0.62083805
339228,0.5871049
339232,0.63389385
339237,0.37910125
339240,0.3646565
339242,0.32100925
339245,0.10507381
339252,0.40847284
339256,0.17585157
339258,0.46690553
339260,0.1911499
339263,0.67938703
339268,0.49089125
339269,0.49985293
339286,0.84674054
339304,0.20590448
339307,0.44600502
339317,0.5257703
339330,0.7585191
339346,0.8292543
339380,0.17035075
339381,0.23758847
339382,0.7766738
339391,0.11412022
339396,0.286521
339406,0.41341272
339407,0.33954266
339409,0.5142885
339410,0.2937975
339425,0.35224393
339427,0.6350219
339433,0.61762476
339443,0.1616668
339449,0.16266036
339452,0.45381713
339453,0.3789152
339455,0.21331285
339457,0.46134537
339477,0.44724348
339483,0.24499883
339487,0.6459683
339490,0.13827488
339518,0.4577543
339523,0.668601
339529,0.37969065
339541,0.5421604
339544,0.6708452
339546,0.6070415
339559,0.67786044
339563,0.099960946
339573,0.30808884
339591,0.13068163
339593,0.3957317
339599,0.17308155
339604,0.52865434
339615,0.17985342
339621,0.16579574
339625,0.881263
339642,0.2605435
339647,0.7954069
339650,0.5336255
339656,0.16818021
339659,0.31157285
339681,0.68388706
339683,0.5327765
339684,0.58646184
339689,0.4847736
339694,0.118687764
339699,0.679194
339718,0.7336539
339727,0.66796154
339735,0.2124052
339736,0.13679083
339745,0.16175202
339755,0.36456797
339758,0.26405832
339770,0.13803442
339772,0.3368057
339778,0.15289275
339786,0.18319158
339787,0.8343037
339788,0.4721396
339799,0.46092954
339814,0.35050288
339837,0.14385992
339842,0.39342982
339845,0.48395818
339852,0.5398626
339857,0.8470874
339864,0.5358699
339872,0.46593112
339873,0.11322006
339874,0.22449976
339875,0.2963731
339879,0.6480575
339884,0.5890143
339888,0.27947038
339891,0.60758424
339905,0.4333392
339920,0.4669563
339934,0.48854792
339938,0.41260228
339948,0.13384347
339949,0.34335503
339953,0.20104717
339954,0.3051767
339957,0.17447633
339958,0.7039394
339971,0.2768107
339975,0.21123359
339978,0.11091081
339984,0.3970848
339993,0.23471184
340009,0.4520143
340012,0.18179895
340019,0.20646194
340031,0.117099956
340041,0.84242046
340045,0.29116935
340046,0.75217575
340067,0.09875364
340079,0.17142892
340081,0.4925077
340082,0.1105831
340090,0.2989265
340091,0.46853173
340099,0.23685181
340104,0.56551886
340109,0.12147904
340123,0.88587874
340146,0.15594429
340162,0.11000194
340167,0.44286042
340181,0.2838567
340194,0.20779507
340195,0.15266289
340198,0.5639483
340202,0.8958125
340203,0.88917685
340219,0.43487597
340221,0.42631114
340224,0.3627717
340239,0.17427874
340248,0.65984696
340262,0.2190355
340264,0.34158045
340277,0.9070219
340285,0.10243296
340292,0.40171477
340356,0.7681474
340365,0.58901566
340375,0.6101695
340377,0.1426419
340378,0.86582464
340385,0.6067331
340387,0.2600173
340388,0.32977903
340405,0.22009069
340407,0.39641094
340408,0.5177661
340416,0.2608233
340420,0.24104154
340421,0.8716743
340425,0.12561917
340430,0.4487749
340448,0.5109612
340451,0.5886041
340456,0.30196518
340457,0.45649666
340459,0.4848736
340460,0.4344413
340463,0.19265121
340464,0.60405236
340486,0.12210128
340503,0.6793906
340504,0.4180505
340505,0.20320728
340507,0.466832
340509,0.30852625
340511,0.63044214
340513,0.49185473
340516,0.7642503
340529,0.18718316
340535,0.2626131
340542,0.8505069
340545,0.3103602
340546,0.8343717
340556,0.6006236
340567,0.102674745
340576,0.5094725
340577,0.20195578
340586,0.0988271
340587,0.74593693
340594,0.6206939
340610,0.91641086
340611,0.5900596
340614,0.3399326
340625,0.24837075
340630,0.83743733
340640,0.394573
340667,0.44304758
340674,0.14685948
340679,0.71542907
340683,0.5023461
340686,0.7642849
340698,0.11898867
340708,0.10936897
340717,0.5857316
340718,0.119114324
340720,0.13159195
340726,0.124657795
340746,0.4249816
340747,0.10279268
340768,0.5699577
340769,0.24545462
340772,0.8379455
340774,0.75719917
340778,0.19258732
340806,0.5853667
340816,0.39378196
340823,0.41183454
340826,0.32467857
340838,0.8506793
340840,0.46487573
340842,0.21082528
340844,0.45481423
340845,0.64465135
340853,0.73814934
340855,0.83747333
340857,0.52771777
340858,0.34981602
340864,0.55112356
340899,0.5432712
340901,0.33728915
340909,0.66399837
340921,0.11899672
340925,0.5260146
340953,0.42005023
340954,0.41204086
340961,0.16760091
340963,0.6188933
340975,0.63732034
340977,0.3108548
340996,0.12440038
341009,0.36632603
341013,0.30785355
341020,0.4213741
341024,0.596037
341031,0.40571573
341038,0.7233035
341042,0.20258886
341050,0.35780445
341063,0.61515373
341066,0.0951333
341067,0.20130958
341070,0.7925228
341075,0.66785514
341089,0.26009053
341091,0.23311521
341122,0.4234669
341132,0.7716362
341135,0.5264966
341150,0.87202317
341168,0.4634119
341172,0.687916
341182,0.617188
341183,0.109687775
341187,0.5871741
341192,0.5825909
341194,0.2746572
341201,0.1995353
341226,0.16097571
341228,0.20157951
341231,0.41998115
341235,0.35850108
341237,0.35341555
341251,0.45903483
341278,0.44413477
341284,0.13273002
341285,0.48736373
341294,0.1796686
341296,0.3627771
341297,0.29721305
341298,0.3794091
341302,0.32023245
341304,0.2714242
341307,0.5817656
341314,0.64551824
341324,0.33874595
341332,0.8821003
341342,0.56563413
341347,0.45698854
341356,0.53664273
341358,0.5777793
341365,0.290139
341368,0.5888708
341372,0.19693872
341374,0.29958916
341380,0.21281943
341381,0.662369
341390,0.55076635
341398,0.72299427
341401,0.70448095
341406,0.3720801
341413,0.4274065
341419,0.09879324
341421,0.15387586
341427,0.21659018
341429,0.36913612
341434,0.25016856
341437,0.13455041
341444,0.72554076
341447,0.11894275
341452,0.12238855
341458,0.8217215
341475,0.4546634
341478,0.14045562
341495,0.12087241
341503,0.23599578
341520,0.34916458
341525,0.40628442
341544,0.3757648
341545,0.1478493
341548,0.107808724
341551,0.13739662
341552,0.38393694
341562,0.6426815
341574,0.5430677
341577,0.22208259
341585,0.47670314
341616,0.14007087
341630,0.5066075
341631,0.15059042
341640,0.767977
341651,0.20369682
341653,0.5004642
341655,0.8368839
341659,0.1205795
341696,0.4968762
341705,0.764386
341717,0.4484863
341720,0.18939528
341728,0.4820249
341729,0.14107019
341737,0.1389149
341758,0.09702784
341765,0.52633137
341780,0.7536432
341785,0.63801736
341787,0.16871074
341790,0.59204376
341796,0.18001345
341805,0.39356366
341811,0.45654476
341823,0.13885292
341828,0.8958185
341841,0.18313748
341865,0.20962682
341873,0.2801908
341891,0.21810105
341899,0.27651045
341906,0.17987855
341917,0.10428711
341926,0.6353954
341931,0.4336136
341934,0.1374409
341939,0.7989149
341943,0.6887942
341962,0.2808406
341967,0.5211863
341971,0.42013505
341990,0.08917569
341997,0.2274256
342001,0.3303812
342010,0.23716027
342042,0.7696773
342052,0.5160219
342084,0.6298314
342089,0.1963108
342091,0.10349424
342099,0.18489514
342109,0.21854359
342111,0.36564586
342119,0.18333864
342120,0.6405155
342125,0.09504932
342127,0.57768947
342128,0.7336094
342135,0.39270315
342136,0.5610618
342138,0.33382708
342148,0.70518523
342153,0.5214659
342154,0.6594152
342157,0.23925501
342163,0.25579414
342168,0.16384141
342173,0.81682444
342182,0.5745673
342185,0.16199657
342194,0.2849406
342198,0.33778384
342210,0.2519021
342214,0.49586782
342220,0.40538514
342222,0.08969092
342223,0.7572731
342230,0.3661826
342239,0.21878897
342247,0.35479516
342248,0.7800839
342252,0.3235855
342257,0.79989505
342271,0.84299654
342272,0.15794446
342290,0.34342176
342295,0.452075
342297,0.46919617
342298,0.14958648
342301,0.42653087
342305,0.50112206
342308,0.09077367
342314,0.22429706
342322,0.50159025
342340,0.6754572
342350,0.23528841
342353,0.2742117
342358,0.5103704
342377,0.1658163
342378,0.20193131
342382,0.7092089
342390,0.12923248
342396,0.5422307
342439,0.6366179
342442,0.49343243
342447,0.2656803
342449,0.20074399
342450,0.5730723
342451,0.4985322
342454,0.6030724
342455,0.7335948
342467,0.17408793
342476,0.8354187
342481,0.6765338
342498,0.15258582
342503,0.11945143
342510,0.08638903
342513,0.18449263
342523,0.13700534
342527,0.7661988
342555,0.7691253
342566,0.5379762
342584,0.0973844
342593,0.09495313
342600,0.23564914
342611,0.2423099
342614,0.22103982
342637,0.44044602
342639,0.13401984
342656,0.85782695
342669,0.17797042
342684,0.84374845
342686,0.7786893
342690,0.8799844
342693,0.13137974
342701,0.82217807
342702,0.7547801
342703,0.4060237
342706,0.2633463
342711,0.5657031
342730,0.3016531
342744,0.49953896
342753,0.71661663
342769,0.1666156
342779,0.69580334
342788,0.33547354
342792,0.35624033
342794,0.4797382
342795,0.23254462
342799,0.09340006
342802,0.8772845
342803,0.84249717
342812,0.31054386
342820,0.46319953
342824,0.14837949
342835,0.5494031
342836,0.26029727
342851,0.6595774
342860,0.48705077
342862,0.73739856
342870,0.4950854
342873,0.4088955
342894,0.10895929
342916,0.092089854
342950,0.7128448
342970,0.4325391
342971,0.79522914
342980,0.21446109
342981,0.19105418
343004,0.7297033
343044,0.10277614
343045,0.7916278
343072,0.21325424
343078,0.4077304
343080,0.7946374
343085,0.7127277
343126,0.28629896
343137,0.3664824
343139,0.3262355
343144,0.67393744
343155,0.15342698
343163,0.16048457
343165,0.16255067
343190,0.26389095
343205,0.14737327
343221,0.22176503
343226,0.24258615
343233,0.39709425
343236,0.2659184
343241,0.64838994
343245,0.60721964
343256,0.58502895
343260,0.43592152
343276,0.20790902
343298,0.37331375
343299,0.30452272
343310,0.80399406
343312,0.563752
343317,0.23223014
343319,0.10349796
343324,0.31118724
343345,0.22757642
343348,0.33242723
343354,0.6308026
343363,0.111490384
343365,0.8569175
343376,0.12924832
343380,0.7937432
343401,0.5652768
343412,0.23917599
343414,0.13531782
343415,0.5675407
343418,0.45150286
343419,0.46797618
343421,0.44083515
343423,0.18190725
343432,0.08700699
343436,0.3926331
343440,0.74213314
343458,0.14827031
343470,0.52681845
343471,0.18024912
343480,0.37159088
343484,0.12207674
343492,0.71615064
343500,0.41746795
343503,0.12295053
343522,0.58353794
343525,0.18351702
343562,0.79099774
343577,0.61437416
343580,0.64826125
343591,0.13335456
343594,0.49802575
343602,0.51344365
343611,0.16296121
343615,0.7999797
343639,0.12657519
343643,0.29179227
343645,0.12498042
343647,0.11888886
343669,0.12690689
343683,0.3096464
343702,0.9074206
343703,0.4057123
343704,0.23714383
343710,0.14032419
343724,0.7542558
343730,0.47050837
343742,0.8139298
343743,0.2967837
343745,0.19057016
343775,0.7019069
343783,0.17290063
343794,0.6239997
343795,0.263247
343816,0.10964997
343820,0.34277344
343823,0.6895792
343836,0.21437953
343845,0.59673744
343888,0.84573144
343893,0.20635825
343898,0.77605754
343914,0.27667686
343918,0.09810771
343920,0.3311366
343928,0.22988325
343931,0.53942704
343968,0.5611433
343990,0.60299534
343991,0.30244085
343996,0.24321006
344002,0.8303233
344004,0.40471894
344008,0.80453587
344011,0.43940523
344013,0.75204813
344014,0.61720675
344015,0.29225758
344016,0.4664474
344019,0.28550547
344026,0.103032075
344027,0.36642966
344029,0.65253615
344039,0.7438169
344041,0.90585464
344042,0.1337249
344047,0.7485929
344053,0.7997156
344055,0.3116719
344060,0.2137937
344064,0.32528576
344067,0.3922466
344080,0.32814375
344083,0.17235771
344088,0.12144951
344090,0.25132826
344093,0.2899917
344099,0.36638203
344113,0.48160166
344114,0.35649577
344119,0.13130343
344121,0.14219594
344135,0.7577251
344138,0.23446566
344159,0.45962083
344172,0.24331625
344176,0.42353347
344192,0.2745784
344202,0.52766985
344219,0.52950233
344225,0.4893082
344229,0.8969567
344240,0.112888634
344241,0.27689528
344249,0.095359705
344252,0.8928136
344256,0.6220615
344260,0.3891485
344264,0.11584394
344267,0.18237692
344275,0.4292306
344283,0.10144094
344292,0.33530033
344296,0.5576312
344297,0.24684373
344299,0.44074917
344303,0.30835846
344313,0.38883373
344315,0.1332978
344317,0.47935396
344323,0.37115493
344328,0.40519908
344339,0.37709183
344343,0.31966022
344345,0.13189869
344356,0.5604794
344358,0.21740341
344359,0.48673978
344366,0.78309906
344370,0.20161492
344382,0.18064846
344383,0.26201153
344386,0.56113446
344388,0.76578516
344393,0.097622134
344395,0.46731734
344401,0.5122866
344402,0.80055666
344404,0.6740574
344422,0.08759556
344427,0.3089052
344433,0.14643496
344444,0.5796576
344454,0.24355528
344460,0.3450892
344480,0.14649297
344483,0.2856017
344488,0.5387832
344496,0.83853763
344504,0.72057
344516,0.47242138
344524,0.459443
344540,0.7699126
344542,0.26275212
344550,0.20843203
344558,0.12954898
344561,0.1878552
344568,0.7854456
344571,0.59788847
344621,0.4606497
344633,0.78041345
344635,0.40559646
344660,0.37565753
344662,0.33936033
344681,0.093654506
344683,0.5427581
344685,0.54873174
344716,0.8499289
344726,0.40712112
344749,0.4598675
344750,0.8893265
344752,0.25782287
344760,0.26402926
344762,0.7096669
344768,0.5178099
344770,0.7865576
344772,0.77101135
344778,0.5338062
344783,0.5741368
344793,0.12939057
344814,0.21677862
344815,0.26996377
344818,0.09847823
344819,0.39196652
344826,0.735981
344828,0.8682401
344835,0.29761145
344864,0.27699083
344869,0.6822785
344875,0.8295891
344883,0.121571876
344885,0.16418138
344887,0.5253157
344889,0.615482
344892,0.8437094
344895,0.2554463
344913,0.2556357
344934,0.10136056
344939,0.80883664
344947,0.68329775
344964,0.78048265
344969,0.12577249
344973,0.3020346
344977,0.67389256
344978,0.32750797
344991,0.4977843
345010,0.59705657
345011,0.18316583
345012,0.7335862
345020,0.38796073
345021,0.20217453
345042,0.12931125
345046,0.24780183
345070,0.11325755
345078,0.5918773
345085,0.65100706
345087,0.72925425
345093,0.32049003
345094,0.8473719
345097,0.4206653
345107,0.0937724
345109,0.73084843
345117,0.20350516
345118,0.17661299
345126,0.6962158
345142,0.20158863
345143,0.16787595
345149,0.12148777
345150,0.15197477
345154,0.8843195
345174,0.097994216
345184,0.35497257
345193,0.14893782
345196,0.3732445
345202,0.119519375
345207,0.5533824
345209,0.87392646
345211,0.19772217
345212,0.5632598
345213,0.5351484
345218,0.33010024
345228,0.2823732
345234,0.14284138
345251,0.3261415
345252,0.20866165
345260,0.25113133
345269,0.099339746
345275,0.39661765
345300,0.12133752
345305,0.15743135
345306,0.86931264
345310,0.3535579
345315,0.7973289
345324,0.2245257
345329,0.4589908
345359,0.8552928
345360,0.81920224
345364,0.08741996
345385,0.7573079
345387,0.16356716
345390,0.15889324
345402,0.7037201
345404,0.32648692
345405,0.12912156
345416,0.5414262
345425,0.7691242
345432,0.4258718
345437,0.86006546
345442,0.2027328
345450,0.34714213
345458,0.33237255
345467,0.697905
345468,0.5671393
345470,0.5338943
345478,0.194684
345479,0.705603
345482,0.47290403
345489,0.5705201
345492,0.27319697
345499,0.61292124
345502,0.09787437
345515,0.41933224
345538,0.19547144
345542,0.5874625
345548,0.091387615
345550,0.38953274
345552,0.2885195
345557,0.0972305
345560,0.29596266
345563,0.3623364
345564,0.7086354
345580,0.15043798
345582,0.17399704
345583,0.1450573
345604,0.5003053
345622,0.17776293
345630,0.41865656
345634,0.19475691
345643,0.18177278
345646,0.093405075
345685,0.3786221
345687,0.12120029
345694,0.3560857
345717,0.30224535
345718,0.69249135
345726,0.39718127
345733,0.46792063
345738,0.27343905
345754,0.3679012
345761,0.5472485
345771,0.5786895
345778,0.24913749
345780,0.83971286
345788,0.71692616
345796,0.78102934
345800,0.8633188
345808,0.58818364
345812,0.122879356
345821,0.4418075
345822,0.67531085
345843,0.85024095
345853,0.7039226
345854,0.10883701
345857,0.09080207
345858,0.36040074
345867,0.26076528
345884,0.5411886
345892,0.13570276
345893,0.22431582
345896,0.39139155
345902,0.1216649
345906,0.66383904
345913,0.19980325
345916,0.5500661
345922,0.5550911
345923,0.75262594
345924,0.16530842
345935,0.60358423
345941,0.2928784
345948,0.6991692
345953,0.45195672
345958,0.41725317
345962,0.1052062
345966,0.75582635
345973,0.20619747
345976,0.60130113
345989,0.303586
345999,0.30609682
346003,0.3685316
346014,0.664652
346027,0.34651133
346036,0.5370188
346048,0.14285311
346052,0.09737539
346057,0.6861791
346058,0.4994309
346064,0.87182695
346076,0.69795054
346079,0.30967468
346081,0.47103047
346091,0.23215333
346099,0.64903337
346104,0.22151925
346111,0.26170146
346117,0.80908895
346118,0.7232172
346126,0.6309762
346135,0.5283168
346141,0.49396288
346150,0.44704548
346153,0.73204523
346155,0.4950057
346164,0.25348848
346166,0.76876104
346173,0.15906337
346179,0.13892417
346184,0.32930633
346188,0.1585545
346201,0.69625485
346207,0.38385418
346213,0.38928077
346219,0.11486907
346245,0.13193779
346271,0.18300208
346273,0.7799842
346290,0.34328008
346300,0.6375642
346314,0.4652564
346328,0.12059633
346329,0.5837657
346338,0.09541284
346340,0.4639113
346341,0.10733929
346347,0.119864985
346358,0.76159674
346362,0.40541252
346373,0.17115659
346377,0.78305423
346379,0.91549206
346384,0.6310441
346387,0.25350705
346392,0.24750678
346396,0.2500884
346402,0.5177756
346405,0.30348888
346407,0.21562003
346409,0.47528827
346414,0.50554514
346423,0.2927704
346424,0.20010857
346428,0.11010641
346443,0.42073476
346444,0.13137135
346446,0.74855167
346449,0.49974477
346456,0.21600641
346476,0.09935284
346477,0.20277023
346480,0.45007637
346492,0.5124728
346526,0.4675572
346536,0.53168774
346539,0.08534478
346543,0.704434
346544,0.14615242
346546,0.12991579
346591,0.83740264
346598,0.4584816
346599,0.21622118
346618,0.5674442
346620,0.09691016
346623,0.26252493
346631,0.119360566
346639,0.16609973
346657,0.37395594
346661,0.85316473
346671,0.5986268
346672,0.443752
346694,0.23511028
346712,0.7321917
346714,0.41705698
346723,0.15269856
346727,0.7576643
346729,0.14276576
346747,0.0957298
346765,0.33124366
346775,0.5133954
346784,0.7951218
346797,0.2783228
346799,0.45809498
346802,0.1016734
346807,0.10467967
346822,0.39478895
346828,0.5520471
346836,0.5529667
346838,0.16342792
346841,0.63688767
346843,0.17019153
346848,0.6562057
346850,0.41947865
346851,0.3729519
346855,0.42145252
346856,0.13504522
346860,0.65775996
346870,0.58157295
346881,0.89052707
346884,0.12763453
346887,0.13575286
346890,0.090881884
346904,0.44962636
346912,0.094639026
346914,0.77755094
346923,0.124187656
346924,0.44579944
346926,0.62312984
346934,0.2210389
346936,0.11834142
346951,0.43968558
346952,0.14122039
346970,0.09191886
346982,0.7475711
346993,0.09339221
347013,0.20437787
347018,0.38583696
347021,0.65023965
347031,0.49277833
347033,0.9095156
347039,0.4234261
347045,0.638347
347046,0.6105628
347058,0.16569656
347071,0.6847238
347078,0.38517848
347079,0.37554616
347097,0.2774478
347101,0.5310184
347120,0.37005728
347121,0.28241178
347133,0.09645356
347161,0.56063867
347163,0.1258678
347173,0.130344
347175,0.32379788
347181,0.09223029
347193,0.84588915
347196,0.7930085
347204,0.5312434
347205,0.5307688
347217,0.8397639
347229,0.1720697
347255,0.26406607
347261,0.30714828
347266,0.7403692
347283,0.21648441
347286,0.5414586
347302,0.1687271
347304,0.15236025
347321,0.5571718
347323,0.15832564
347331,0.7223901
347340,0.47497362
347350,0.4907386
347374,0.1030871
347379,0.3648395
347404,0.63561326
347415,0.5294666
347438,0.8751996
347439,0.34484074
347443,0.43960345
347450,0.6685905
347456,0.10554804
347458,0.79494727
347463,0.47724262
347471,0.28767174
347476,0.3939447
347482,0.5596264
347483,0.12588622
347492,0.1324288
347498,0.14860396
347499,0.3143101
347501,0.4125176
347521,0.34844404
347527,0.0949291
347531,0.1919163
347540,0.3537747
347556,0.22344817
347575,0.39285302
347579,0.09835665
347581,0.2765593
347583,0.2933093
347611,0.23757996
347614,0.46413255
347621,0.27121997
347629,0.78666097
347639,0.5430868
347642,0.52729344
347650,0.4567435
347665,0.45764488
347674,0.40093717
347678,0.893353
347689,0.5976402
347690,0.15632384
347708,0.47505528
347712,0.8933263
347722,0.7915723
347728,0.4975746
347734,0.28398922
347736,0.8013122
347747,0.5048791
347748,0.19841899
347753,0.77542555
347755,0.8147709
347756,0.5375968
347757,0.09754506
347763,0.75259393
347770,0.59124386
347771,0.58735883
347784,0.18502644
347792,0.678668
347793,0.32821348
347801,0.29634395
347808,0.84365374
347821,0.15581581
347824,0.44367778
347829,0.556319
347841,0.8831088
347845,0.15751506
347846,0.8760435
347853,0.8168979
347854,0.20612974
347858,0.52077544
347859,0.16504315
347864,0.08949425
347869,0.26042306
347876,0.45156333
347880,0.47000343
347884,0.10513991
347888,0.15758525
347893,0.21279973
347900,0.5048343
347902,0.4646897
347910,0.18877977
347912,0.09871719
347915,0.3836773
347916,0.35487464
347919,0.113016315
347923,0.4305424
347952,0.90865296
348002,0.77190816
348003,0.16278183
348008,0.7558399
348014,0.18504111
348027,0.7454553
348031,0.18800882
348051,0.37204614
348060,0.34938967
348064,0.33690727
348066,0.39685252
348069,0.6152715
348077,0.63018763
348081,0.12394593
348087,0.5283468
348088,0.0928045
348094,0.47108454
348100,0.12903623
348119,0.14008892
348122,0.4941816
348141,0.8759117
348145,0.21981585
348154,0.16960709
348158,0.39845902
348163,0.86518705
348176,0.7916486
348177,0.18092488
348181,0.74414676
348190,0.43787244
348195,0.543286
348197,0.6473225
348200,0.094357125
348209,0.44574648
348216,0.10564869
348217,0.58996934
348223,0.79855424
348228,0.13016659
348230,0.36880285
348249,0.124809735
348251,0.6136165
348261,0.7132461
348264,0.15894036
348271,0.1243312
348273,0.39227632
348280,0.769899
348283,0.4642195
348285,0.6914471
348306,0.41079897
348312,0.6110868
348327,0.4684016
348328,0.5082163
348344,0.14374696
348358,0.5737689
348361,0.27348608
348362,0.6371767
348364,0.10769475
348370,0.27289388
348380,0.5124159
348400,0.24532415
348420,0.8309479
348428,0.3570059
348430,0.26474118
348445,0.14769219
348460,0.64382845
348462,0.25377774
348465,0.43438718
348481,0.17611717
348482,0.17032158
348485,0.32901913
348491,0.47493845
348492,0.7917951
348522,0.77985924
348531,0.44462103
348536,0.40651053
348546,0.8254194
348547,0.28039885
348548,0.33906007
348551,0.08977469
348554,0.7949572
348564,0.41024667
348571,0.7372232
348577,0.6904107
348593,0.7329077
348595,0.8636312
348606,0.11461766
348621,0.16150978
348630,0.4867457
348633,0.8450096
348644,0.6554732
348646,0.1287544
348680,0.13727584
348692,0.4127848
348698,0.7038017
348703,0.6124051
348712,0.3891851
348726,0.8388276
348727,0.17443496
348731,0.144781
348733,0.15696575
348747,0.6504326
348753,0.12644368
348756,0.30087018
348760,0.70880574
348771,0.18793064
348785,0.26118755
348789,0.74024075
348793,0.10711697
348797,0.085887216
348799,0.166762
348811,0.31108
348812,0.5420156
348818,0.17121662
348822,0.15170507
348833,0.66348857
348849,0.40753323
348875,0.62107575
348878,0.20485498
348879,0.31079602
348884,0.8928651
348887,0.15575662
348890,0.65483254
348901,0.4090764
348911,0.6284434
348936,0.08988803
348941,0.10259741
348949,0.27674404
348950,0.22880746
348952,0.088759236
348954,0.115130335
348971,0.3131948
348979,0.76776016
348985,0.66697526
348989,0.43659842
348999,0.59066266
349006,0.504433
349013,0.72661215
349015,0.16879559
349024,0.13738783
349033,0.36729684
349047,0.1596105
349060,0.21657147
349065,0.63433206
349071,0.8458037
349081,0.31987426
349088,0.5325788
349093,0.09772484
349101,0.27608573
349107,0.6333238
349113,0.2268099
349123,0.36610776
349125,0.280133
349129,0.5363193
349131,0.56714803
349132,0.12190595
349163,0.4180776
349168,0.45577994
349172,0.3089227
349187,0.08856636
349192,0.8028278
349193,0.49702552
349203,0.19570841
349227,0.5205129
349234,0.7242232
349248,0.30777806
349249,0.16197525
349254,0.20552249
349259,0.76854134
349265,0.6256879
349276,0.11373843
349281,0.34705895
349283,0.6893181
349288,0.3061804
349297,0.725301
349299,0.4864193
349304,0.12025411
349306,0.22590277
349310,0.6894409
349314,0.34128723
349320,0.37049684
349326,0.45416006
349329,0.17833775
349337,0.2502756
349357,0.29933366
349363,0.1366276
349374,0.15000749
349375,0.20502801
349394,0.41492647
349399,0.20787828
349404,0.15054598
349419,0.4061893
349422,0.7863859
349425,0.79176295
349432,0.09855423
349433,0.6626958
349436,0.10388456
349437,0.27745172
349439,0.25379798
349484,0.20073952
349488,0.47992638
349490,0.7558936
349538,0.7045391
349541,0.16688594
349543,0.106343225
349552,0.3783392
349560,0.5982318
349565,0.80880183
349570,0.5543489
349586,0.28864852
349589,0.53687304
349592,0.3706074
349596,0.5920717
349598,0.19796959
349601,0.1999879
349608,0.91479224
349615,0.6530701
349645,0.5945289
349654,0.6036813
349671,0.24509235
349679,0.4943451
349693,0.54662186
349706,0.6726141
349707,0.51068735
349708,0.31522396
349719,0.41365784
349727,0.7595106
349730,0.29460838
349735,0.80002004
349744,0.61340463
349745,0.2414034
349760,0.75196505
349765,0.3039703
349778,0.6143286
349787,0.58131695
349802,0.50423485
349812,0.75905234
349815,0.113934875
349847,0.38753116
349854,0.50260466
349855,0.7477559
349872,0.1371924
349873,0.6354422
349874,0.40918052
349886,0.111109935
349887,0.7882301
349911,0.31969243
349916,0.16597076
349920,0.82067984
349921,0.13536899
349929,0.37520793
349931,0.34202564
349935,0.31339082
349939,0.4651673
349960,0.1277515
349967,0.40172452
349969,0.6680512
349971,0.76034033
349977,0.09605975
349979,0.52276707
349981,0.40137133
349982,0.67623067
349992,0.116693236
349994,0.43380672
350005,0.09259413
350006,0.09270228
350009,0.67587584
350017,0.35204884
350021,0.5178184
350023,0.6319717
350032,0.41113597
350033,0.5776387
350036,0.6877895
350037,0.22443089
350048,0.839275
350052,0.42248523
350063,0.13496768
350077,0.48129115
350078,0.68810004
350086,0.7347984
350087,0.21077347
350107,0.0912637
350110,0.23532812
350114,0.4628639
350119,0.80456185
350139,0.1589152
350154,0.44992143
350174,0.8441304
350177,0.5955554
350190,0.82296294
350193,0.5751577
350203,0.08873746
350206,0.515608
350210,0.452854
350225,0.53597057
350242,0.08750349
350264,0.25451806
350273,0.08534817
350277,0.3821532
350283,0.1432492
350286,0.14892556
350288,0.41050023
350290,0.42231464
350293,0.48875684
350310,0.84124124
350327,0.81438535
350330,0.2552294
350334,0.8699852
350340,0.14872605
350342,0.68867534
350344,0.4188374
350370,0.18880072
350372,0.6785482
350376,0.6640885
350387,0.2892234
350389,0.5045364
350395,0.8700276
350397,0.8505411
350433,0.6013666
350436,0.58051187
350442,0.12564974
350445,0.15744092
350446,0.656217
350457,0.80194896
350480,0.124486506
350481,0.13957183
350484,0.61572665
350494,0.09387651
350511,0.20568642
350529,0.18729562
350531,0.13626151
350535,0.14338024
350539,0.11418662
350543,0.5592919
350544,0.29694787
350550,0.3591251
350558,0.2957107
350569,0.645753
350571,0.6904225
350577,0.42254242
350582,0.5020462
350585,0.14735994
350596,0.19208941
350598,0.4033083
350599,0.6662848
350602,0.4635838
350612,0.17193079
350621,0.5114114
350626,0.3366359
350628,0.33900774
350638,0.46492633
350646,0.78807044
350652,0.2858732
350665,0.30655545
350671,0.4075161
350677,0.33142725
350694,0.7350486
350697,0.51206607
350699,0.8446446
350703,0.69279695
350705,0.71244705
350708,0.09037372
350724,0.23737738
350731,0.120179884
350740,0.43784449
350745,0.25153074
350749,0.30199018
350754,0.6913228
350757,0.08744693
350764,0.58162534
350766,0.4349882
350779,0.2592316
350794,0.4722709
350805,0.15737537
350810,0.32092038
350817,0.3696093
350825,0.23263909
350829,0.1501158
350832,0.15669917
350841,0.10640442
350855,0.34447375
350862,0.12003081
350867,0.16696382
350871,0.11195068
350874,0.5660974
350891,0.23115493
350895,0.39310613
350898,0.6041997
350899,0.17802416
350902,0.2698684
350913,0.1478102
350916,0.10535604
350933,0.3682633
350944,0.16620235
350954,0.8061743
350959,0.15286586
350965,0.1323229
350969,0.40061963
350984,0.42543766
350997,0.2920792
350999,0.58692443
351002,0.8408274
351008,0.31096458
351014,0.39593518
351025,0.6012518
351026,0.4380315
351046,0.68101436
351048,0.10720565
351070,0.4944069
351073,0.31553903
351079,0.15096779
351085,0.68789643
351091,0.19887285
351094,0.42721623
351115,0.15871212
351117,0.18941875
351126,0.3890668
351142,0.096615255
351151,0.089270025
351171,0.097355925
351178,0.33190015
351186,0.09213029
351194,0.46769106
351201,0.1179239
351223,0.81222636
351225,0.6629625
351226,0.2731309
351227,0.5902454
351240,0.74948514
351243,0.1172567
351244,0.7595389
351245,0.26581198
351248,0.2847418
351252,0.27344948
351259,0.82006574
351265,0.2934988
351291,0.3701196
351292,0.124699734
351294,0.16393796
351298,0.1401135
351303,0.70067066
351311,0.11034196
351326,0.15582658
351331,0.5604287
351338,0.35407916
351339,0.37369812
351364,0.37937433
351380,0.6603199
351383,0.49712345
351385,0.14527602
351386,0.14027074
351389,0.4188631
351392,0.7304528
351393,0.45885465
351407,0.7356622
351419,0.13814504
351422,0.22242491
351423,0.6882496
351430,0.50973696
351446,0.11441275
351454,0.3223728
351458,0.27463758
351461,0.18139048
351489,0.093659684
351495,0.38737732
351520,0.7449172
351526,0.6309203
351535,0.16809498
351541,0.16252877
351567,0.17000039
351580,0.47668248
351581,0.8830392
351584,0.23240644
351587,0.49847344
351589,0.62444013
351593,0.82772475
351616,0.52149427
351619,0.32092857
351625,0.5224855
351626,0.1060506
351635,0.16728076
351641,0.44708464
351655,0.14878938
351658,0.35468635
351669,0.7226428
351670,0.3062835
351671,0.42016914
351680,0.099786244
351687,0.16475312
351699,0.09569637
351722,0.45092726
351725,0.7270972
351740,0.52102035
351747,0.58072305
351758,0.5414039
351771,0.1086171
351780,0.49486586
351786,0.12523147
351789,0.547236
351796,0.5174752
351801,0.26386765
351814,0.08993725
351817,0.6468439
351819,0.64674145
351825,0.7255071
351830,0.8433099
351831,0.44957206
351834,0.112225786
351836,0.45398036
351837,0.38045216
351838,0.45336407
351839,0.76306856
351846,0.90387225
351863,0.57014275
351864,0.22618558
351880,0.32742965
351887,0.6466073
351891,0.46691605
351892,0.75392276
351898,0.833702
351907,0.5201533
351916,0.39959937
351936,0.26143664
351937,0.22173281
351945,0.7306226
351957,0.2966077
351958,0.29995042
351962,0.1954724
351967,0.34260172
351970,0.55644524
351973,0.6790477
351978,0.16229665
351984,0.2393071
351989,0.6858232
351992,0.55273706
352015,0.335918
352036,0.12438509
352043,0.25586736
352049,0.5214131
352053,0.32605144
352056,0.10378446
352058,0.24019581
352064,0.1957461
352065,0.18133801
352075,0.15677579
352092,0.4321304
352096,0.22234577
352097,0.09499241
352102,0.26431766
352103,0.103627704
352117,0.6881827
352119,0.18415597
352139,0.7289938
352145,0.0870771
352158,0.27299273
352198,0.5321243
352199,0.29271913
352200,0.67106146
352205,0.63952506
352241,0.16889012
352244,0.7935158
352258,0.420746
352260,0.14760587
352266,0.36220905
352273,0.2738916
352283,0.23533277
352303,0.7444221
352304,0.78294593
352351,0.4668611
352353,0.41234687
352379,0.3537575
352389,0.59422
352390,0.48304635
352391,0.38878128
352403,0.1160852
352407,0.2921508
352409,0.8539739
352421,0.08881633
352425,0.25670317
352447,0.23236817
352450,0.4513682
352451,0.67661107
352457,0.14980891
352468,0.4988433
352482,0.13077413
352495,0.096706964
352501,0.6764797
352506,0.9004952
352508,0.7329127
352522,0.6393799
352528,0.5801519
352539,0.49150348
352540,0.11143301
352551,0.58170706
352560,0.13665926
352561,0.4651042
352565,0.45143583
352566,0.14334606
352584,0.6057542
352592,0.24728659
352626,0.80049706
352650,0.11008835
352655,0.16517137
352668,0.8698001
352670,0.09514198
352685,0.8453451
352690,0.5391871
352692,0.13434273
352694,0.312181
352700,0.44035324
352701,0.19676106
352708,0.6236938
352711,0.8084701
352734,0.6774535
352738,0.48287052
352742,0.16512492
352745,0.7517058
352746,0.17382681
352751,0.63865817
352762,0.7644388
352767,0.106656715
352768,0.547872
352785,0.18053588
352788,0.270922
352795,0.4893033
352814,0.36634982
352825,0.1487319
352827,0.42592221
352828,0.10098319
352830,0.6579842
352850,0.38558087
352890,0.10230946
352901,0.14544736
352907,0.3886534
352909,0.8323244
352913,0.35598412
352925,0.3289419
352927,0.21286407
352928,0.59039366
352938,0.5107234
352942,0.29030305
352943,0.85831475
352952,0.17492731
352958,0.21716855
352962,0.5004084
352967,0.1468732
352972,0.42565426
352988,0.08698715
352991,0.15202214
353002,0.49539462
353008,0.46920487
353011,0.09994042
353014,0.57475054
353018,0.09413058
353023,0.15598844
353029,0.20169736
353031,0.52406067
353035,0.73607534
353037,0.41363186
353042,0.4656144
353054,0.340429
353078,0.25454488
353122,0.5365252
353123,0.19306512
353140,0.1868857
353145,0.48670262
353167,0.38618845
353177,0.58090997
353179,0.798834
353185,0.33813494
353194,0.6751512
353195,0.6473139
353208,0.8152326
353210,0.5587696
353214,0.63819
353215,0.6872237
353240,0.6153854
353241,0.77272516
353247,0.37762272
353259,0.5363311
353262,0.7669154
353264,0.5675875
353278,0.3147812
353279,0.43754718
353280,0.4587473
353287,0.54875886
353288,0.30135986
353290,0.47372624
353299,0.12990624
353314,0.62279725
353328,0.36109033
353340,0.20399292
353350,0.2878413
353352,0.09261396
353364,0.3596078
353371,0.16845733
353373,0.13183573
353374,0.7024424
353389,0.191018
353395,0.7259922
353419,0.90349627
353427,0.14264642
353441,0.68085307
353454,0.2653969
353469,0.62911266
353475,0.80931497
353481,0.0865694
353483,0.65497285
353484,0.5777074
353488,0.68544424
353496,0.09389541
353504,0.39780545
353505,0.5445608
353509,0.27410045
353527,0.39832854
353574,0.39608657
353585,0.4687097
353595,0.52513874
353598,0.12702094
353602,0.46349546
353610,0.71563697
353618,0.25664318
353625,0.169287
353626,0.7123538
353631,0.1262587
353635,0.34915343
353654,0.1610056
353682,0.6483823
353688,0.67596614
353695,0.3090878
353711,0.08564676
353724,0.5050244
353729,0.32483017
353732,0.092948705
353749,0.6481162
353750,0.18635897
353752,0.52090436
353761,0.1403742
353782,0.097423874
353784,0.57026386
353801,0.15197147
353809,0.4594825
353812,0.64545685
353814,0.18397744
353821,0.14184801
353832,0.43979147
353845,0.5838769
353860,0.4001137
353863,0.14186549
353867,0.2629049
353876,0.44905043
353905,0.2269204
353923,0.09983414
353934,0.16488509
353943,0.1474274
353945,0.19302428
353973,0.08937363
353995,0.0991193
354001,0.1916053
354003,0.6421736
354011,0.13179536
354020,0.39356637
354024,0.8005739
354027,0.46560717
354031,0.43616998
354036,0.24391685
354037,0.35424978
354039,0.12942116
354044,0.19574568
354058,0.21154833
354071,0.2890877
354080,0.621214
354084,0.20479372
354085,0.23870747
354089,0.0945759
354099,0.39411157
354100,0.11256681
354104,0.22841272
354106,0.50123775
354107,0.7787035
354111,0.25594103
354114,0.7968253
354115,0.6753465
354122,0.6013957
354130,0.383159
354139,0.45817155
354140,0.39891827
354145,0.38775235
354149,0.10347033
354167,0.1394201
354173,0.8789669
354176,0.20796132
354178,0.29884782
354182,0.3679697
354184,0.3410912
354186,0.40392533
354192,0.12664136
354209,0.43811688
354214,0.2593507
354218,0.632145
354230,0.89385134
354251,0.12807308
354257,0.5170454
354264,0.83301663
354265,0.25552168
354267,0.26623014
354272,0.1474875
354273,0.6637155
354285,0.5266727
354298,0.53418356
354309,0.36810306
354312,0.43064412
354320,0.17662397
354322,0.42108992
354327,0.11943048
354333,0.4270767
354335,0.70011353
354344,0.784293
354355,0.7325383
354358,0.10237736
354365,0.5701152
354368,0.46459734
354377,0.31537688
354386,0.4018996
354390,0.26558825
354394,0.14742316
354398,0.1210455
354402,0.4320029
354403,0.11178685
354406,0.8876172
354414,0.7712023
354421,0.17639808
354430,0.412573
354445,0.5283574
354470,0.20523898
354479,0.13699839
354481,0.09681723
354483,0.5940771
354497,0.24397045
354511,0.41501316
354533,0.3119226
354549,0.83586395
354561,0.713735
354570,0.3140814
354571,0.5560781
354577,0.7175922
354586,0.5098207
354598,0.7645891
354601,0.563533
354602,0.2660618
354603,0.23711438
354606,0.1973566
354612,0.18998307
354613,0.10494898
354616,0.8360909
354624,0.2989743
354625,0.91286784
354636,0.15198351
354639,0.67461455
354640,0.22904277
354644,0.4920612
354650,0.20563237
354666,0.6336246
354673,0.46145704
354674,0.43765825
354677,0.24482375
354684,0.40787315
354694,0.5678502
354698,0.37790936
354708,0.3602162
354709,0.4978295
354720,0.3254388
354738,0.32665446
354740,0.27470556
354757,0.2598874
354768,0.21614607
354775,0.7038835
354776,0.44012406
354792,0.5093008
354803,0.78289443
354809,0.14535844
354817,0.25707048
354818,0.17218305
354830,0.11747109
354832,0.6761554
354838,0.65943563
354839,0.34524623
354851,0.40566072
354861,0.5274101
354865,0.7532684
354890,0.6378683
354893,0.63519824
354898,0.55306524
354900,0.49771264
354910,0.851941
354913,0.33982283
354937,0.3145668
354942,0.302916
354953,0.1404976
354956,0.53509545
354958,0.4234168
354960,0.52575696
354984,0.52062106
354993,0.1753984
355017,0.65471774
355025,0.5263428
355026,0.2989135
355041,0.5960658
355043,0.20378697
355048,0.10633147
355057,0.21545018
355071,0.69496584
355075,0.6561159
355081,0.22435999
355083,0.7638413
355090,0.23593564
355105,0.68325675
355107,0.16391999
355108,0.79624116
355109,0.6266292
355114,0.39663285
355117,0.5391489
355127,0.11469859
355148,0.09593241
355174,0.4212612
355180,0.53078896
355181,0.45221215
355184,0.76412064
355201,0.14756897
355207,0.23770824
355209,0.5401959
355217,0.20640302
355218,0.21481495
355237,0.12144182
355239,0.1474004
355241,0.61896366
355243,0.77995485
355250,0.7352422
355275,0.15592161
355282,0.2463774
355284,0.12281928
355287,0.54557055
355293,0.669819
355296,0.18465751
355305,0.49178576
355312,0.58903915
355320,0.6180023
355327,0.1914283
355328,0.09854006
355333,0.1520379
355335,0.26880607
355336,0.5063393
355337,0.8128717
355338,0.62868303
355341,0.2205033
355355,0.69070154
355358,0.538562
355360,0.9091183
355372,0.59787863
355382,0.16374357
355385,0.2567695
355393,0.80790496
355404,0.13084121
355408,0.48470807
355417,0.12746437
355418,0.25052655
355431,0.15855475
355434,0.1871227
355445,0.5959992
355502,0.2853179
355503,0.43022588
355511,0.20767985
355517,0.6778916
355519,0.73108053
355524,0.5945485
355536,0.42144385
355549,0.09567921
355550,0.578463
355560,0.5315052
355569,0.086724535
355571,0.16923502
355572,0.5938635
355575,0.66396594
355578,0.6259654
355584,0.520406
355588,0.4910893
355592,0.6308531
355604,0.19505717
355638,0.6003955
355646,0.42284837
355649,0.3902872
355656,0.09470803
355657,0.17898776
355666,0.24445409
355681,0.72376835
355697,0.2499307
355700,0.53463566
355701,0.4982902
355703,0.44733077
355704,0.61339056
355708,0.15128532
355736,0.35907984
355743,0.6473671
355769,0.41064766
355773,0.6575887
355781,0.590683
355785,0.36352146
355786,0.888256
355798,0.10258538
355817,0.6934661
355819,0.39234334
355826,0.47340325
355842,0.7349133
355846,0.3689298
355855,0.3065479
355870,0.32456207
355873,0.09749468
355874,0.9066316
355876,0.7534647
355877,0.14635116
355880,0.15183379
355920,0.44572005
355922,0.21822265
355930,0.14649953
355935,0.15575269
355942,0.7683243
355963,0.35449398
355971,0.2799604
355973,0.25503576
355980,0.4553386
355981,0.27600533
355984,0.5292091
355987,0.84419733
355996,0.70207226
355997,0.11717931
356013,0.23468167
356016,0.10896359
356025,0.3070967
356027,0.12895784
356035,0.31908938
356036,0.5124311
356038,0.60377645
356041,0.30308756
356057,0.25820914
356063,0.31234646
356077,0.13576332
356080,0.6849459
356086,0.26103812
356102,0.23478214
356106,0.51178426
356118,0.48829168
356140,0.19952686
356150,0.8298969
356153,0.2193877
356159,0.30994877
356163,0.5966175
356164,0.16172177
356168,0.79966587
356169,0.28321192
356170,0.24963854
356199,0.3361254
356211,0.108771935
356220,0.30589503
356246,0.395373
356249,0.28499722
356255,0.57181466
356258,0.4450225
356262,0.7720863
356273,0.08779974
356279,0.8094083
356281,0.19550034
356308,0.7338512
356324,0.7450371
356327,0.5058749
356328,0.11208873
356331,0.12591723
356336,0.47708276
356345,0.31164142
356382,0.17646036
356395,0.77155954
356399,0.54350346
356400,0.3162826
356413,0.35460138
356414,0.53915197
356418,0.40625593
356427,0.37030527
356433,0.111283876
356439,0.10444598
356444,0.30944747
356475,0.3302352
356480,0.64052224
356482,0.83586097
356497,0.08809226
356512,0.3690183
356517,0.8963483
356536,0.3935714
356539,0.36320478
356551,0.5046006
356556,0.7525956
356558,0.83842057
356559,0.18353805
356563,0.23662615
356578,0.48269096
356583,0.570015
356584,0.88912916
356592,0.28366387
356594,0.17439294
356596,0.19920994
356597,0.08726817
356598,0.5970234
356602,0.13759701
356609,0.6902281
356624,0.3379525
356626,0.608335
356627,0.12806539
356641,0.41440746
356648,0.4929015
356649,0.72643495
356650,0.1629881
356651,0.298567
356659,0.16606656
356676,0.78221744
356687,0.7883434
356689,0.49120504
356698,0.096987955
356726,0.16114005
356732,0.27212507
356741,0.7407979
356742,0.095810324
356746,0.18002477
356750,0.5832008
356754,0.59018296
356760,0.24383776
356762,0.13043223
356763,0.30939358
356777,0.6672343
356784,0.5494413
356795,0.7882751
356801,0.13141581
356802,0.10205604
356808,0.32244217
356813,0.6718501
356816,0.5145255
356818,0.8889256
356825,0.5465374
356828,0.16684267
356836,0.54167163
356854,0.5379376
356857,0.5029551
356865,0.21780923
356873,0.1511387
356879,0.12992916
356880,0.26927832
356885,0.5466573
356889,0.21867232
356903,0.30121702
356905,0.17717673
356913,0.45437452
356916,0.18328325
356939,0.39157113
356944,0.43886796
356952,0.88982725
356958,0.38864145
356963,0.18456192
356967,0.111908354
356970,0.5213041
356977,0.12993371
356980,0.56008303
356981,0.4821022
356983,0.5047257
356998,0.91137874
357005,0.40430892
357022,0.26030204
357032,0.47940436
357033,0.71233463
357035,0.15170449
357047,0.5629197
357054,0.12116294
357057,0.5588044
357069,0.27549523
357096,0.7418872
357102,0.715958
357118,0.28394553
357124,0.31332877
357137,0.4746537
357138,0.6466229
357149,0.3571232
357151,0.22854826
357157,0.39694145
357158,0.63954234
357162,0.094538346
357163,0.45055404
357171,0.20023318
357175,0.12738766
357192,0.09640748
357200,0.65448207
357204,0.19286041
357206,0.20954905
357215,0.6109537
357221,0.1751663
357228,0.13515107
357247,0.16682428
357249,0.40940976
357268,0.23531152
357270,0.20732027
357279,0.54897386
357287,0.22724894
357293,0.16548897
357306,0.1419811
357308,0.8716002
357321,0.17231406
357326,0.7905659
357340,0.10094083
357342,0.70055604
357352,0.31297258
357361,0.3547772
357368,0.4269455
357370,0.40966824
357377,0.24744502
357382,0.09538013
357383,0.12585282
357384,0.4290968
357398,0.38234973
357415,0.15584816
357420,0.6659194
357439,0.30416164
357440,0.09342942
357458,0.14718841
357464,0.73601854
357467,0.15675472
357469,0.6707019
357472,0.6843617
357489,0.604596
357504,0.73404044
357522,0.550514
357527,0.14971612
357547,0.6418212
357550,0.44917572
357558,0.23663734
357559,0.72266656
357562,0.23864105
357572,0.23041084
357583,0.86859715
357585,0.87446135
357598,0.25254086
357607,0.4023172
357613,0.1502671
357627,0.2935746
357630,0.3815133
357631,0.8773594
357680,0.08998128
357694,0.1975558
357698,0.6995904
357699,0.17368466
357707,0.20974024
357732,0.35802826
357748,0.57021356
357755,0.79712874
357767,0.4197296
357786,0.19589508
357791,0.3550872
357799,0.092148535
357824,0.24473925
357830,0.12342368
357832,0.30860358
357840,0.52387726
357863,0.37733847
357865,0.1549237
357868,0.7696726
357869,0.09805448
357878,0.20086801
357886,0.67105
357891,0.19804868
357897,0.11442722
357915,0.79691607
357927,0.53047144
357947,0.32895622
357958,0.108244754
357959,0.13282578
357976,0.4123561
357992,0.70528436
357995,0.16638528
357996,0.34294894
358020,0.67042947
358022,0.8560354
358023,0.21120104
358029,0.12890735
358040,0.39993227
358059,0.095071554
358071,0.3927902
358076,0.2023056
358095,0.25132522
358096,0.18555827
358104,0.34774822
358110,0.20751353
358122,0.7326837
358137,0.15167406
358147,0.38164383
358149,0.42451704
358155,0.46661893
358161,0.5940006
358163,0.4820894
358172,0.6353205
358178,0.5579021
358183,0.77761275
358186,0.1853981
358189,0.4359385
358198,0.26803133
358211,0.68966436
358219,0.3975389
358220,0.7158394
358225,0.6194166
358231,0.09814956
358233,0.14689346
358247,0.7118438
358258,0.43532023
358264,0.6676917
358271,0.8942938
358273,0.41468656
358275,0.42002684
358278,0.5573716
358287,0.6967325
358309,0.32894966
358327,0.6115
358342,0.3597486
358348,0.40913302
358352,0.09580284
358373,0.70918405
358384,0.36155027
358394,0.34032118
358405,0.5797958
358409,0.12933615
358412,0.7058829
358424,0.680137
358427,0.10613412
358434,0.64604294
358444,0.6107539
358448,0.11269696
358449,0.41578215
358458,0.11297024
358472,0.34363046
358483,0.5249171
358490,0.3701921
358503,0.15954639
358504,0.31008053
358505,0.093912534
358512,0.83851296
358513,0.22077143
358528,0.27620715
358532,0.35159993
358536,0.3870166
358538,0.36745253
358559,0.58454585
358590,0.6678342
358601,0.7463639
358627,0.29121166
358631,0.49839488
358632,0.12603672
358640,0.53841466
358649,0.47083282
358650,0.08871721
358653,0.14407589
358676,0.18452233
358679,0.55661243
358695,0.4601541
358703,0.52356154
358705,0.15150838
358710,0.1506686
358730,0.23675215
358731,0.5222827
358735,0.6995443
358744,0.6161188
358748,0.2803443
358750,0.17526689
358752,0.12510717
358764,0.82484514
358777,0.13591842
358786,0.83147186
358789,0.56105506
358805,0.6215458
358809,0.13042381
358810,0.16540194
358824,0.3825735
358829,0.34322906
358838,0.70699745
358840,0.4326984
358841,0.48111227
358854,0.4151966
358873,0.90756166
358879,0.46761322
358884,0.5823934
358885,0.119434685
358886,0.23115303
358892,0.5194157
358895,0.44068944
358906,0.1618541
358910,0.19805695
358911,0.1025311
358924,0.78198624
358929,0.5117466
358937,0.7403318
358949,0.45601562
358955,0.34347764
358956,0.6563874
358959,0.43384948
358960,0.11667392
358969,0.17498785
358983,0.16958241
358990,0.66122925
358992,0.22354513
358994,0.20467211
359004,0.12986973
359015,0.40826392
359023,0.4174693
359030,0.12230585
359032,0.16267207
359038,0.4070649
359044,0.66490227
359049,0.72142136
359050,0.20557895
359064,0.33734256
359095,0.31487736
359100,0.76850605
359105,0.11034383
359116,0.5743526
359134,0.4753439
359136,0.7396671
359143,0.15506107
359147,0.1354749
359175,0.38464803
359182,0.1726399
359188,0.24050702
359196,0.26635835
359198,0.66515607
359202,0.26819974
359212,0.31112048
359229,0.46592295
359232,0.5556243
359247,0.43509382
359258,0.4865643
359260,0.61618745
359261,0.59745157
359262,0.64361066
359268,0.29670635
359285,0.1312114
359293,0.2930239
359294,0.101470724
359297,0.3551359
359299,0.1465561
359311,0.10166204
359319,0.42247215
359320,0.55394197
359322,0.4915809
359353,0.12005459
359355,0.42921725
359360,0.63127005
359367,0.2904778
359369,0.17153214
359372,0.13170429
359377,0.49226713
359381,0.088828065
359382,0.44557634
359387,0.4428131
359389,0.12293714
359392,0.493327
359437,0.8154506
359438,0.25392166
359440,0.37027794
359442,0.109654516
359455,0.24129836
359474,0.7107119
359475,0.42932388
359480,0.8818717
359485,0.42064407
359493,0.1168913
359497,0.1419785
359505,0.18087983
359506,0.2574575
359516,0.13231146
359518,0.09409952
359523,0.4889025
359547,0.8045609
359548,0.3087387
359556,0.32153493
359577,0.43709198
359580,0.75413984
359588,0.5440741
359590,0.111635484
359592,0.32654512
359599,0.2174079
359609,0.701302
359611,0.38479012
359619,0.37183923
359623,0.6669425
359654,0.37453356
359666,0.4743402
359669,0.48258734
359672,0.13708791
359673,0.8624629
359677,0.09298952
359685,0.45311645
359690,0.4657129
359697,0.4782892
359702,0.08581535
359707,0.66942674
359711,0.4226759
359719,0.49373993
359722,0.4936516
359726,0.7071414
359730,0.41909245
359731,0.5555914
359741,0.70972407
359743,0.733511
359748,0.11971184
359753,0.12907852
359758,0.8823591
359773,0.14530993
359780,0.32602006
359785,0.3271849
359800,0.21939138
359806,0.7864401
359809,0.67314845
359822,0.25792915
359828,0.75677603
359847,0.55316705
359855,0.28505102
359858,0.45100635
359864,0.15213127
359884,0.50408906
359886,0.14781299
359898,0.77671736
359908,0.7598477
359921,0.90186596
359945,0.24802364
359958,0.0917798
359964,0.48159313
359980,0.3972114
359992,0.16520345
359994,0.66360205
360001,0.31879693
360004,0.18935825
360009,0.5694776
360020,0.4303177
360049,0.89979124
360058,0.08970654
360063,0.46540558
360064,0.22992252
360074,0.10605875
360095,0.29027313
360098,0.15104085
360099,0.09251695
360100,0.35587204
360103,0.3220197
360106,0.48070875
360107,0.5410282
360124,0.61179763
360126,0.12463573
360138,0.49473366
360140,0.2628316
360141,0.13084899
360149,0.7808646
360152,0.73855525
360165,0.24300905
360171,0.1257399
360176,0.8769521
360183,0.27174553
360186,0.08592353
360189,0.853736
360191,0.59381026
360199,0.8093925
360204,0.26258907
360205,0.4680185
360217,0.56795543
360225,0.70414203
360231,0.21204528
360238,0.17516944
360248,0.8643492
360249,0.12217526
360254,0.6035177
360256,0.6508273
360257,0.3184083
360258,0.6194309
360277,0.6974136
360279,0.6175506
360280,0.81920767
360281,0.61822176
360283,0.29264873
360290,0.4793373
360312,0.51116353
360316,0.12226013
360320,0.24235995
360324,0.46509296
360333,0.36399755
360339,0.20581141
360347,0.1785918
360359,0.70370835
360360,0.7880896
360367,0.44031683
360372,0.16187431
360382,0.27610114
360386,0.4744522
360400,0.099290945
360411,0.35049468
360412,0.3933116
360415,0.41548362
360419,0.7161416
360421,0.13350397
360427,0.1229277
360429,0.4112946
360438,0.17863365
360439,0.27894643
360445,0.66571224
360454,0.7357128
360458,0.5719358
360467,0.09732556
360469,0.19109185
360471,0.18016614
360472,0.18567465
360475,0.39833117
360478,0.7262089
360479,0.4060172
360480,0.26393032
360484,0.5219353
360496,0.12387645
360504,0.40996063
360517,0.1765514
360518,0.634625
360526,0.21283744
360530,0.7095619
360535,0.5201921
360538,0.52455086
360539,0.6519604
360545,0.109391384
360569,0.15033248
360579,0.45609096
360580,0.16798146
360611,0.119225435
360612,0.11429817
360626,0.10659481
360628,0.13318513
360631,0.526552
360633,0.52754706
360640,0.19872989
360643,0.8025371
360645,0.25933844
360663,0.087285705
360666,0.38691527
360678,0.16487591
360683,0.40537962
360707,0.66253424
360715,0.5102678
360723,0.6452201
360727,0.19535613
360733,0.7112971
360746,0.085060835
360759,0.13902362
360767,0.37867385
360769,0.16003601
360770,0.09601831
360779,0.22230779
360791,0.5191966
360792,0.14813863
360801,0.69718605
360812,0.5178854
360814,0.1109158
360828,0.46932027
360830,0.82059
360837,0.4412395
360838,0.4350314
360844,0.49261907
360860,0.16226831
360864,0.15893288
360871,0.3982152
360872,0.7068454
360877,0.45377666
360880,0.2335446
360881,0.13207649
360882,0.5390324
360884,0.10868406
360885,0.17771731
360889,0.82436997
360893,0.6030038
360898,0.36226413
360933,0.8730015
360941,0.6265084
360942,0.48657727
360943,0.23112664
360960,0.3120487
360973,0.64137053
360979,0.31060353
360987,0.22360735
360988,0.21185909
360999,0.5583228
361001,0.24367315
361005,0.7452823
361007,0.45558658
361024,0.17549999
361028,0.5742715
361051,0.48896128
361072,0.13808109
361086,0.65674216
361093,0.75294906
361098,0.2457248
361124,0.13910453
361130,0.13792135
361132,0.6828959
361133,0.15328437
361135,0.74732745
361148,0.85745806
361150,0.12545015
361152,0.27912706
361154,0.3456082
361158,0.21011391
361171,0.32709092
361175,0.45712653
361177,0.0987452
361195,0.505382
361200,0.15354691
361203,0.63129425
361205,0.14779963
361214,0.48465922
361217,0.4098768
361226,0.2827105
361232,0.21769476
361236,0.68524617
361249,0.15753815
361251,0.6553638
361252,0.29833993
361284,0.6121414
361289,0.39289778
361297,0.23688062
361304,0.70778054
361311,0.5614545
361334,0.630315
361339,0.37718394
361340,0.62726974
361348,0.30345404
361352,0.27865422
361354,0.22725427
361355,0.5268684
361370,0.54070365
361390,0.27658668
361392,0.1977656
361397,0.6885037
361402,0.33771986
361405,0.5683198
361406,0.26678908
361426,0.14205666
361431,0.34159458
361440,0.15374148
361451,0.8699892
361469,0.78151757
361473,0.7540199
361497,0.5303589
361511,0.10685663
361515,0.096500866
361525,0.2130736
361540,0.40098172
361557,0.4336842
361560,0.5095729
361565,0.26543096
361569,0.2384339
361570,0.20834525
361578,0.09852382
361580,0.62019694
361585,0.26065195
361589,0.14087851
361591,0.096839644
361599,0.304505
361603,0.34845263
361605,0.4396883
361606,0.8759927
361615,0.7886322
361622,0.30847538
361627,0.2338812
361632,0.6247678
361636,0.1526255
361637,0.46914688
361638,0.50233936
361639,0.16082312
361651,0.23493394
361662,0.75549275
361684,0.25451466
361693,0.42024314
361697,0.47340977
361710,0.110835925
361713,0.65196407
361729,0.67524564
361785,0.21649787
361796,0.2975551
361805,0.58881766
361811,0.4705339
361812,0.49305472
361819,0.7815438
361828,0.13175184
361833,0.12930813
361836,0.52596796
361839,0.32321525
361855,0.14299631
361866,0.50236017
361870,0.16063589
361873,0.3164517
361885,0.54869074
361896,0.4903531
361913,0.11979468
361919,0.15195538
361932,0.80877197
361933,0.51788723
361935,0.5784067
361939,0.49278638
361946,0.0906273
361947,0.16091631
361949,0.21901323
361951,0.75337803
361962,0.6700954
361972,0.51891387
361975,0.338271
361989,0.1911611
362004,0.65225494
362012,0.10567287
362014,0.5125514
362016,0.12816983
362028,0.50553745
362033,0.25148997
362034,0.64289176
362038,0.17328799
362052,0.75647414
362061,0.16448651
362063,0.6477462
362070,0.5321358
362072,0.10146463
362075,0.2762836
362079,0.18309079
362086,0.13326643
362091,0.7827195
362094,0.48542094
362101,0.10707501
362112,0.18723613
362115,0.77417094
362117,0.35285357
362121,0.87420756
362128,0.5021263
362130,0.17485157
362135,0.7616759
362142,0.24147512
362146,0.35975268
362149,0.43616292
362157,0.43274
362165,0.13970222
362166,0.24673839
362167,0.31736764
362173,0.20126903
362187,0.31215385
362197,0.40445855
362206,0.47908473
362207,0.17705104
362210,0.14111839
362216,0.35853055
362219,0.83596575
362221,0.6592071
362224,0.17568876
362228,0.5043897
362236,0.21978101
362242,0.26103452
362251,0.44223893
362252,0.40053874
362257,0.31556
362284,0.31057343
362286,0.19135503
362298,0.41382772
362300,0.683775
362306,0.120750375
362308,0.8602998
362315,0.25144017
362318,0.4428431
362322,0.18470348
362332,0.5220482
362338,0.48232067
362341,0.73026776
362347,0.8644092
362348,0.49688098
362361,0.8603562
362365,0.369269
362369,0.6206774
362373,0.10615327
362376,0.6338103
362384,0.14532483
362386,0.13738649
362387,0.122323185
362389,0.26298332
362393,0.29943874
362412,0.2942119
362420,0.379618
362426,0.6702972
362432,0.27307987
362445,0.7834437
362450,0.11717638
362452,0.7657613
362465,0.20550454
362468,0.67283994
362474,0.6284591
362484,0.17741956
362487,0.8051961
362512,0.50393224
362530,0.1409425
362531,0.48010468
362552,0.25906762
362555,0.42791283
362556,0.4798743
362563,0.7663752
362572,0.105650164
362579,0.2633131
362580,0.7427092
362597,0.56024593
362635,0.21316707
362637,0.2699081
362641,0.54031754
362652,0.43750682
362657,0.2962003
362660,0.28533217
362661,0.21645297
362671,0.13967201
362675,0.4815575
362680,0.44781157
362682,0.21144103
362685,0.5416321
362697,0.102139406
362700,0.8736427
362702,0.23275308
362705,0.50362605
362707,0.55088735
362710,0.5588878
362711,0.71939975
362718,0.48828873
362723,0.19929434
362730,0.3996124
362742,0.75952446
362781,0.3569469
362789,0.53349656
362790,0.13297957
362795,0.10434736
362799,0.30596215
362800,0.582966
362803,0.22418998
362808,0.49143866
362814,0.37078726
362820,0.098972015
362826,0.31398413
362831,0.5060977
362833,0.59822434
362839,0.7801029
362852,0.6052309
362872,0.31417137
362882,0.61480206
362885,0.7876565
362889,0.30003852
362890,0.5530831
362891,0.6773046
362900,0.4350685
362907,0.12232805
362908,0.18192232
362953,0.08785769
362967,0.7662329
362982,0.09681058
363015,0.1589844
363027,0.14829946
363035,0.3437736
363039,0.6769491
363045,0.45189294
363048,0.7649325
363057,0.86623406
363059,0.45080185
363063,0.42341778
363080,0.16518514
363082,0.712167
363090,0.7346378
363094,0.24780032
363106,0.16139634
363114,0.75139505
363118,0.8341146
363121,0.3332076
363128,0.5142868
363136,0.25739148
363141,0.18927382
363142,0.41434866
363147,0.101249814
363151,0.19713321
363153,0.2904029
363158,0.09666816
363171,0.20743261
363174,0.27560908
363180,0.27026418
363187,0.2859393
363191,0.61341244
363192,0.19605224
363196,0.1607885
363199,0.3205316
363209,0.13620092
363210,0.65801746
363212,0.41353104
363227,0.5424535
363231,0.44074565
363232,0.24303444
363243,0.20965399
363253,0.44860378
363285,0.3031419
363299,0.40345082
363310,0.31820422
363311,0.2007573
363316,0.5786016
363322,0.91053
363329,0.122370854
363331,0.49768198
363334,0.3593275
363339,0.096726045
363340,0.8527695
363341,0.09132957
363343,0.7774772
363347,0.36762115
363350,0.2567053
363377,0.35817352
363379,0.43783215
363382,0.40763158
363386,0.48235252
363387,0.15810765
363388,0.11286314
363391,0.1451856
363394,0.6148246
363397,0.2124874
363405,0.5626037
363422,0.13830411
363427,0.40525147
363455,0.18144263
363467,0.4264928
363493,0.65505195
363508,0.4922097
363514,0.9017937
363525,0.5525799
363530,0.67218095
363531,0.14220531
363538,0.2673066
363539,0.09456086
363542,0.20817395
363543,0.3659617
363551,0.9031932
363568,0.20126382
363576,0.565362
363580,0.6801624
363582,0.185571
363598,0.29353604
363601,0.21742576
363611,0.43884858
363612,0.08850591
363618,0.18573187
363623,0.6179363
363624,0.696397
363642,0.51014626
363645,0.5973043
363651,0.880774
363657,0.39137536
363663,0.13919996
363667,0.20481925
363687,0.574891
363704,0.14201508
363705,0.45208338
363717,0.15774494
363725,0.21193501
363728,0.087134786
363733,0.4745519
363744,0.5336804
363745,0.31538776
363756,0.6996999
363759,0.7618744
363760,0.43229276
363762,0.24782962
363768,0.47634488
363777,0.66970116
363782,0.1330275
363785,0.11519204
363797,0.28657627
363815,0.13361645
363822,0.37651384
363834,0.5684813
363842,0.47588307
363845,0.91277146
363846,0.27249306
363849,0.34128278
363850,0.35261062
363853,0.1151851
363859,0.16755217
363860,0.25900874
363877,0.16357097
363881,0.29498693
363893,0.097482085
363902,0.5017291
363903,0.5957146
363916,0.42384148
363924,0.42591348
363940,0.47926527
363944,0.2047846
363955,0.59906864
363960,0.36963868
363984,0.22187781
363990,0.4610996
364009,0.57239944
364014,0.5418328
364035,0.1567813
364043,0.09740067
364065,0.11797515
364067,0.19778375
364068,0.36561581
364072,0.8124929
364079,0.70829624
364094,0.6108555
364096,0.5144785
364105,0.4916233
364109,0.21114796
364122,0.5270254
364141,0.45894912
364146,0.6747682
364147,0.62133527
364151,0.6362905
364152,0.108047545
364156,0.33899182
364160,0.38903508
364171,0.10098063
364183,0.09501483
364199,0.27865276
364206,0.20900357
364220,0.34771222
364222,0.15154587
364224,0.7959154
364232,0.2472026
364248,0.14204453
364251,0.39618123
364274,0.45726976
364286,0.388218
364289,0.09894688
364290,0.21178241
364291,0.35928833
364292,0.09126262
364308,0.1997623
364310,0.6543698
364311,0.42707366
364312,0.8808852
364314,0.62260044
364337,0.29881036
364339,0.6735029
364357,0.88739425
364359,0.44296655
364371,0.30376413
364374,0.72426945
364378,0.5974454
364382,0.3490763
364397,0.32555926
364401,0.2851716
364403,0.087487236
364411,0.71598667
364413,0.4665847
364414,0.13412353
364415,0.15926896
364418,0.14623354
364428,0.31007305
364430,0.08858045
364436,0.7233969
364451,0.117547326
364457,0.2644559
364461,0.50055724
364471,0.5012493
364472,0.3093584
364481,0.8556982
364482,0.3228124
364484,0.86584127
364492,0.5951235
364494,0.32645258
364507,0.35186854
364508,0.6409614
364537,0.46953017
364538,0.39681658
364539,0.869886
364547,0.7451737
364561,0.6149808
364586,0.6634856
364603,0.19420312
364622,0.10994523
364660,0.08989729
364662,0.20326805
364669,0.74982226
364698,0.23854086
364699,0.23735532
364700,0.13874419
364702,0.6459848
364710,0.7068099
364714,0.31785908
364731,0.40712652
364738,0.09319342
364739,0.22060464
364743,0.134008
364762,0.47603604
364767,0.58963853
364775,0.115526855
364781,0.54945475
364783,0.1351219
364796,0.119176924
364810,0.26595056
364815,0.8463292
364823,0.2512304
364826,0.14137195
364837,0.44815153
364839,0.6598588
364844,0.49061403
364851,0.57395864
364853,0.62162876
364854,0.31076762
364858,0.21833746
364872,0.4405524
364875,0.51330054
364877,0.5328949
364878,0.20946303
364884,0.08875419
364907,0.62642306
364911,0.5705242
364916,0.56082237
364920,0.098485276
364927,0.15441433
364944,0.64803547
364948,0.83170503
364950,0.5678566
364953,0.11901633
364955,0.34569645
364959,0.4334578
364966,0.4581282
364971,0.39689833
364979,0.57515484
364980,0.14835247
364982,0.50026214
364984,0.32998168
364993,0.13679329
365001,0.11110513
365030,0.23739874
365035,0.4621078
365044,0.12153947
365046,0.12200862
365050,0.26375717
365051,0.6470239
365054,0.53334844
365055,0.35110602
365064,0.67179763
365069,0.71556
365092,0.20035921
365102,0.6526754
365109,0.14719011
365110,0.613725
365117,0.14291674
365120,0.55590546
365128,0.6545997
365131,0.5399093
365136,0.3828024
365151,0.3711912
365153,0.3020766
365154,0.25696266
365160,0.3059725
365166,0.14073537
365171,0.11643737
365181,0.5486393
365194,0.6535862
365210,0.48633796
365221,0.4831908
365234,0.31494573
365252,0.5403507
365254,0.78308004
365264,0.37295106
365276,0.17412138
365282,0.09553622
365284,0.5191746
365290,0.11260399
365317,0.15412101
365329,0.76901263
365353,0.20610322
365356,0.54523844
365358,0.3417648
365374,0.598232
365392,0.25728756
365396,0.17318445
365408,0.12283894
365412,0.16849752
365429,0.37521008
365431,0.7126235
365435,0.583869
365439,0.4122474
365473,0.51861954
365476,0.44475305
365486,0.548267
365497,0.32410237
365518,0.44495568
365519,0.47843742
365520,0.8221787
365523,0.28050688
365531,0.5081626
365532,0.28112543
365534,0.2480103
365544,0.7035059
365552,0.4798822
365564,0.17015885
365569,0.2169751
365570,0.35755697
365575,0.8846985
365576,0.29360917
365585,0.470773
365595,0.32642025
365612,0.3051668
365613,0.76868284
365624,0.37703758
365631,0.38668823
365634,0.31656128
365643,0.3766207
365644,0.6854611
365663,0.53407776
365666,0.44242728
365672,0.4649491
365676,0.57881993
365680,0.20653835
365696,0.51314175
365699,0.6005909
365706,0.13751191
365707,0.257535
365711,0.37104744
365716,0.15507315
365717,0.18272936
365718,0.1633509
365757,0.42300665
365770,0.59584224
365776,0.42598104
365781,0.69364923
365784,0.17403315
365787,0.08847679
365805,0.6577393
365820,0.08861343
365831,0.3435765
365836,0.48889726
365837,0.6399537
365859,0.8968354
365861,0.27137637
365863,0.5027025
365872,0.52853
365877,0.13351145
365882,0.56938773
365893,0.64194345
365894,0.54850835
365900,0.5514139
365910,0.1108773
365913,0.3090878
365916,0.38774446
365923,0.6193808
365946,0.86399627
365948,0.5594945
365951,0.40773085
365965,0.76471114
365966,0.5614352
365975,0.23348038
365979,0.90271205
365989,0.59149814
365991,0.82310945
365992,0.29858708
366001,0.8114775
366010,0.7353368
366013,0.8209446
366028,0.26551634
366036,0.16984677
366038,0.2693197
366044,0.16680445
366048,0.85769266
366060,0.12705731
366067,0.7844918
366071,0.63469887
366078,0.50425863
366081,0.17036162
366082,0.5826022
366093,0.6741906
366099,0.13325511
366103,0.10566698
366105,0.31068164
366111,0.46288666
366112,0.31302068
366125,0.46837434
366144,0.64703345
366147,0.4187379
366149,0.8469795
366166,0.15067509
366168,0.8349596
366173,0.38945433
366178,0.24052328
366180,0.5789
366209,0.12893085
366213,0.7320562
366214,0.7344565
366215,0.2979714
366220,0.3125877
366226,0.19095857
366230,0.8192483
366236,0.8712919
366245,0.12542571
366282,0.8397825
366286,0.5309148
366295,0.21839914
366296,0.3411868
366297,0.7718514
366300,0.17914906
366303,0.1659621
366307,0.7409848
366314,0.5315826
366320,0.21723478
366321,0.1742534
366327,0.09502092
366330,0.30707285
366332,0.7261721
366334,0.11184486
366341,0.1832187
366363,0.16058634
366367,0.51782024
366369,0.52073395
366382,0.20396748
366394,0.70860696
366396,0.10971394
366398,0.74090904
366406,0.7049691
366414,0.10019923
366417,0.49462637
366419,0.239621
366422,0.4590862
366436,0.11002471
366442,0.77647364
366451,0.84746295
366455,0.38394323
366458,0.42108288
366460,0.25918317
366466,0.44033173
366473,0.68171805
366502,0.3299495
366505,0.88908184
366526,0.7375375
366530,0.7074643
366532,0.10715083
366539,0.1440301
366541,0.3863514
366542,0.12267671
366553,0.2569087
366571,0.51003027
366582,0.11473093
366583,0.680839
366589,0.7367024
366595,0.8593334
366606,0.26164874
366611,0.40994966
366613,0.71169364
366615,0.5190423
366616,0.6516857
366624,0.5660372
366632,0.13624194
366649,0.13922872
366650,0.5837696
366657,0.18475199
366664,0.3761904
366666,0.1900405
366674,0.58371896
366676,0.15073974
366677,0.22889772
366688,0.41031748
366689,0.7498426
366693,0.31698808
366696,0.5338292
366698,0.677548
366700,0.10057224
366703,0.81692797
366709,0.44862148
366711,0.109779224
366725,0.28245682
366741,0.27328238
366742,0.09479574
366747,0.11783394
366750,0.1844074
366754,0.29703426
366762,0.124389246
366774,0.6073645
366781,0.09484146
366784,0.14354016
366789,0.23083425
366790,0.47697592
366797,0.19458143
366806,0.12542959
366820,0.19863832
366845,0.8192131
366858,0.5919361
366860,0.2507853
366874,0.19976752
366876,0.6402812
366879,0.08714212
366884,0.31331372
366886,0.18761373
366905,0.8177143
366908,0.56936353
366909,0.69433206
366917,0.47407344
366921,0.7327022
366927,0.41420245
366936,0.43944722
366952,0.36628613
366962,0.78208166
366964,0.68228954
366965,0.2237334
366981,0.14367916
366988,0.17331822
366992,0.4399587
366998,0.7162457
366999,0.20118758
367017,0.16069254
367023,0.62794155
367024,0.43598428
367025,0.56877196
367037,0.18773298
367040,0.6448645
367043,0.3696611
367052,0.19472437
367056,0.11132069
367064,0.4544077
367075,0.37865698
367089,0.6771505
367098,0.38211876
367119,0.3818845
367124,0.60409594
367134,0.7458363
367136,0.39581302
367138,0.13903575
367153,0.27790314
367158,0.319495
367169,0.30537766
367179,0.26675856
367180,0.30501664
367212,0.276407
367216,0.7586667
367217,0.09697126
367220,0.099789284
367224,0.3631582
367241,0.2629972
367245,0.607386
367256,0.39795342
367266,0.09219233
367283,0.18577969
367290,0.6010818
367295,0.2964135
367310,0.31392545
367315,0.8372123
367322,0.61941814
367332,0.102879174
367338,0.66943884
367347,0.48061785
367381,0.59406143
367383,0.44806758
367386,0.4030078
367392,0.09131883
367399,0.83477664
367411,0.14382009
367414,0.100076996
367436,0.12345357
367439,0.19090988
367440,0.70533234
367465,0.7498476
367466,0.6996939
367478,0.73750556
367479,0.6388615
367481,0.35413778
367505,0.36760172
367515,0.3549093
367516,0.42261276
367526,0.66588295
367527,0.37850305
367533,0.5906664
367535,0.7912821
367545,0.74823725
367546,0.1773989
367547,0.54162425
367555,0.3917538
367557,0.3881878
367558,0.42038536
367573,0.2990711
367580,0.75152135
367581,0.08607084
367582,0.6549701
367588,0.22656041
367601,0.21304345
367617,0.39449227
367624,0.36042958
367626,0.48498103
367632,0.598009
367651,0.17106654
367663,0.12043915
367674,0.21407095
367677,0.8957013
367678,0.39199707
367691,0.15418197
367698,0.13542296
367710,0.35744378
367712,0.3736145
367727,0.8722821
367739,0.5754906
367740,0.31532484
367746,0.21527529
367759,0.15748107
367770,0.7321713
367780,0.21783668
367783,0.77884924
367787,0.36581892
367791,0.7984284
367797,0.24863793
367799,0.51800066
367811,0.10038304
367817,0.2070521
367827,0.19622236
367829,0.46399745
367830,0.8388917
367837,0.7807438
367843,0.10834633
367847,0.14428936
367849,0.66320187
367854,0.19151573
367855,0.37035245
367862,0.2633416
367863,0.5874243
367868,0.3122468
367873,0.8524815
367879,0.39976165
367889,0.7353428
367890,0.89181566
367892,0.10173391
367893,0.09966197
367895,0.29816386
367896,0.10826896
367898,0.20339948
367903,0.16020052
367906,0.60523605
367919,0.14692447
367927,0.22458838
367931,0.7248168
367935,0.5718828
367945,0.13411434
367947,0.8784349
367952,0.54903597
367958,0.34289086
367971,0.16376637
367975,0.8429081
367983,0.7437326
367994,0.3455886
367998,0.48091704
367999,0.085993856
368005,0.3465572
368029,0.31940672
368034,0.22778709
368036,0.48294383
368041,0.13843723
368064,0.09369147
368066,0.094207205
368079,0.5453001
368082,0.09272721
368090,0.6028073
368092,0.17239162
368097,0.13313143
368107,0.7978569
368127,0.56494987
368129,0.5700403
368134,0.6808212
368150,0.48614788
368166,0.6638203
368172,0.11780403
368179,0.093967654
368185,0.6160148
368193,0.4119429
368207,0.60605556
368251,0.49452442
368253,0.4188393
368256,0.80457675
368257,0.38145322
368263,0.12127726
368271,0.686094
368273,0.12211871
368279,0.19563594
368281,0.73416686
368282,0.52501506
368288,0.8005398
368303,0.14654922
368315,0.65606594
368323,0.09996972
368324,0.18435627
368326,0.12886731
368334,0.41124618
368337,0.4068668
368351,0.57098067
368353,0.8797475
368358,0.59050846
368389,0.14790818
368392,0.83509505
368393,0.48432255
368415,0.67102915
368424,0.41706026
368436,0.120981894
368448,0.21013243
368456,0.28367865
368457,0.10296947
368465,0.46053123
368484,0.36557257
368485,0.73442763
368487,0.6736017
368489,0.39369783
368493,0.24264088
368509,0.41154286
368513,0.58795255
368523,0.5461916
368530,0.23565926
368539,0.5461625
368543,0.7041864
368544,0.16770652
368557,0.5085345
368561,0.11455885
368577,0.3221208
368579,0.13002406
368580,0.47284356
368583,0.2654934
368589,0.12379724
368594,0.398103
368598,0.16374826
368621,0.39353037
368622,0.7708311
368627,0.09175819
368628,0.25954434
368633,0.84356993
368638,0.49536937
368645,0.5538005
368646,0.7988524
368652,0.25295973
368659,0.4269829
368672,0.85382694
368679,0.38033316
368683,0.81098515
368697,0.15975788
368702,0.88415956
368707,0.27837023
368715,0.8716529
368740,0.10945614
368754,0.14946334
368765,0.543332
368770,0.50071687
368777,0.74875504
368780,0.5419244
368782,0.7003015
368784,0.7317636
368790,0.5272616
368792,0.0984871
368793,0.42392987
368811,0.2311488
368816,0.59447944
368819,0.76886505
368843,0.12895828
368853,0.15367188
368857,0.4224539
368858,0.75150526
368887,0.5525551
368898,0.24825118
368909,0.5869183
368919,0.086183995
368930,0.5147716
368944,0.57073295
368949,0.59985274
368953,0.30622438
368956,0.28851208
368959,0.53423357
368968,0.3606302
368971,0.29954362
368974,0.38015375
368975,0.27346098
368983,0.09319602
368991,0.4374631
368994,0.14760956
369001,0.83629256
369004,0.34030256
369016,0.18817464
369030,0.14031257
369047,0.35820162
369055,0.7095012
369067,0.19249436
369068,0.68044704
369096,0.4486307
369103,0.522607
369105,0.576694
369107,0.8678971
369109,0.44803923
369130,0.24560682
369133,0.21253186
369144,0.26548156
369150,0.13378862
369152,0.25254232
369156,0.15582919
369180,0.24295375
369183,0.5333794
369184,0.90043217
369186,0.50179493
369187,0.24570073
369200,0.11924733
369201,0.10898723
369220,0.5753223
369223,0.10031584
369233,0.12036071
369240,0.48428133
369254,0.27308577
369264,0.5912707
369266,0.5489512
369272,0.5059293
369283,0.2330648
369295,0.4448847
369300,0.09772812
369302,0.14868355
369305,0.39616212
369322,0.1274444
369334,0.6322867
369350,0.12492991
369355,0.6139184
369361,0.4472971
369367,0.09877775
369371,0.13820972
369373,0.7677654
369375,0.5475276
369385,0.17414814
369394,0.48251
369398,0.25372446
369408,0.46214747
369413,0.66876304
369419,0.38340092
369424,0.52198184
369439,0.43391347
369466,0.6423349
369482,0.14166687
369494,0.26681453
369504,0.16323076
369512,0.7519607
369528,0.39251277
369531,0.14290324
369540,0.12744632
369547,0.10644604
369565,0.09829153
369569,0.21940234
369581,0.57440907
369583,0.82694757
369593,0.47191224
369601,0.42812032
369608,0.12929192
369612,0.69069237
369615,0.5984213
369621,0.64234746
369636,0.11308131
369648,0.6753402
369649,0.89642805
369651,0.105781324
369659,0.19177978
369666,0.17842619
369684,0.38164517
369686,0.76540047
369698,0.6633639
369701,0.2642338
369712,0.13127357
369717,0.094417535
369722,0.5105278
369732,0.80019474
369740,0.8652787
369751,0.31353423
369755,0.091948956
369757,0.53756446
369761,0.68259495
369767,0.5336151
369782,0.26809162
369788,0.5470761
369790,0.32021585
369791,0.09673294
369792,0.19772135
369803,0.16400549
369812,0.19493057
369813,0.5911472
369827,0.4119155
369835,0.37067178
369838,0.14287426
369839,0.28234643
369843,0.37479356
369846,0.48765126
369860,0.10705008
369870,0.66229045
369871,0.9132036
369872,0.27097508
369884,0.6004094
369893,0.59166664
369901,0.34129524
369904,0.2817886
369908,0.81827986
369910,0.14794038
369911,0.7172581
369919,0.23164478
369920,0.4700131
369921,0.18946107
369931,0.7801146
369935,0.11427244
369936,0.4775425
369948,0.50854343
369953,0.49196032
369955,0.6989095
369961,0.35043988
369964,0.2558371
369967,0.5416391
369971,0.80932885
369983,0.30107355
369993,0.2635634
369995,0.73959833
370012,0.2758355
370022,0.26291075
370023,0.63147706
370027,0.4958499
370030,0.54256856
370033,0.78816634
370037,0.6987013
370051,0.097568534
370055,0.15229711
370077,0.14826298
370088,0.123064935
370091,0.11214361
370114,0.12027357
370117,0.8450501
370120,0.85072654
370122,0.47822556
370128,0.78658456
370135,0.26499838
370144,0.45615998
370146,0.6830829
370148,0.25581393
370150,0.18057698
370155,0.39460218
370164,0.2620203
370179,0.109157115
370188,0.45864356
370190,0.1105766
370199,0.38320908
370203,0.5456819
370213,0.26159525
370216,0.12418897
370219,0.11221154
370220,0.8054111
370224,0.31052756
370230,0.15406415
370254,0.5430363
370255,0.11891149
370265,0.6912276
370273,0.1542318
370288,0.49819675
370295,0.72331595
370297,0.56233233
370319,0.6206207
370323,0.10103135
370329,0.4404425
370330,0.13537043
370333,0.651825
370346,0.6265993
370354,0.7678593
370355,0.18745553
370358,0.7744818
370362,0.093742624
370373,0.2542368
370376,0.1596496
370379,0.09835751
370380,0.08830804
370386,0.14209314
370392,0.11351665
370411,0.12755144
370416,0.09702603
370432,0.3328319
370439,0.4001099
370440,0.1294297
370445,0.17931421
370446,0.09424076
370455,0.45151973
370473,0.4499179
370474,0.31351528
370475,0.24982673
370482,0.8181
370489,0.47919613
370512,0.2225548
370518,0.49776438
370522,0.58113694
370533,0.10014917
370538,0.6527109
370551,0.09729791
370552,0.6703236
370556,0.43257278
370566,0.17176493
370568,0.37476355
370573,0.24096482
370575,0.42318514
370578,0.11748477
370582,0.3323915
370596,0.25920072
370597,0.18697484
370599,0.35052338
370602,0.44498274
370609,0.23462774
370632,0.36222208
370634,0.84170467
370646,0.3839329
370666,0.878944
370670,0.10275948
370672,0.09992279
370675,0.19800287
370676,0.8204571
370682,0.17016043
370685,0.20014963
370697,0.1144668
370699,0.21316385
370701,0.3196507
370711,0.7872562
370719,0.7543533
370728,0.34112883
370731,0.77823704
370735,0.5410472
370749,0.34486353
370753,0.2995214
370757,0.45170617
370763,0.6734271
370770,0.70506626
370779,0.48738095
370794,0.32625765
370805,0.21641763
370806,0.38460913
370808,0.4339036
370814,0.3243118
370827,0.588633
370833,0.553522
370844,0.6198296
370845,0.2667499
370850,0.6281895
370853,0.22995117
370856,0.28060558
370858,0.5216539
370862,0.41522112
370866,0.77266556
370874,0.649991
370876,0.1380935
370878,0.79376185
370881,0.38662925
370882,0.68252486
370884,0.48031175
370887,0.40228686
370904,0.6907407
370905,0.11060758
370913,0.49950162
370915,0.44192183
370921,0.81086814
370922,0.39933652
370932,0.5573138
370939,0.4408233
370953,0.09561686
370964,0.42575222
370968,0.17603852
370969,0.37441754
370972,0.35984373
370978,0.15481262
371000,0.5416416
371001,0.86838585
371013,0.23125228
371053,0.28300723
371059,0.69291216
371060,0.31488323
371065,0.37954247
371069,0.424424
371073,0.80949396
371084,0.8560721
371085,0.56187505
371088,0.49588042
371099,0.28599828
371115,0.09148995
371118,0.889511
371127,0.57761025
371132,0.68173903
371136,0.2402373
371139,0.6321108
371152,0.68740857
371161,0.27879286
371162,0.4329744
371174,0.3746212
371176,0.51978815
371182,0.12835255
371185,0.44299808
371193,0.33416292
371197,0.3411797
371198,0.14604966
371202,0.34795472
371207,0.6601304
371211,0.6404062
371242,0.27966085
371243,0.52601755
371244,0.34460437
371255,0.61932695
371258,0.12604034
371259,0.71815395
371265,0.09772639
371274,0.5031548
371275,0.74783516
371288,0.20212668
371291,0.7314279
371295,0.75874573
371314,0.2051901
371322,0.55595744
371323,0.48848134
371328,0.5868355
371332,0.36606282
371333,0.8396399
371335,0.09534578
371342,0.104696915
371350,0.36953667
371357,0.62920916
371365,0.11868601
371383,0.84179074
371384,0.43159756
371385,0.44013783
371393,0.8024672
371394,0.6802302
371397,0.19591439
371417,0.33670697
371431,0.14431177
371433,0.50107074
371437,0.08681869
371439,0.8846234
371445,0.32748884
371452,0.6704018
371457,0.44064105
371469,0.1710917
371470,0.32634744
371477,0.45326748
371500,0.166472
371504,0.47819665
371508,0.4021565
371514,0.25690782
371518,0.30866382
371520,0.23897137
371521,0.34963784
371522,0.3580304
371525,0.126286
371530,0.42514524
371532,0.104121014
371548,0.8223691
371561,0.10984061
371566,0.8341313
371568,0.21667385
371571,0.35499156
371573,0.25207224
371577,0.70603037
371587,0.84120786
371592,0.76379114
371593,0.8348247
371595,0.58693874
371603,0.3854892
371614,0.34205297
371616,0.12967552
371619,0.49976504
371627,0.8437623
371641,0.6031041
371657,0.36480066
371664,0.14472735
371693,0.4232127
371698,0.20577975
371700,0.35926908
371707,0.12768318
371710,0.14559682
371715,0.38902572
371722,0.15524521
371731,0.18650973
371741,0.41653717
371744,0.47289774
371753,0.24880494
371755,0.14229025
371760,0.27628094
371773,0.40794066
371797,0.20071723
371807,0.69968975
371809,0.37633473
371811,0.11059853
371815,0.5777523
371822,0.32302278
371824,0.70723885
371828,0.3365604
371835,0.11675538
371837,0.1760523
371840,0.65092313
371849,0.1258607
371857,0.08995106
371860,0.87474996
371862,0.11485799
371875,0.2547316
371896,0.71116763
371898,0.5434122
371901,0.8574361
371903,0.24964951
371908,0.108623154
371910,0.20653228
371944,0.29527363
371947,0.12931901
371955,0.5707237
371963,0.5778333
371972,0.57162726
371973,0.43024337
371978,0.29678205
371980,0.095258005
371988,0.36563304
372020,0.46658403
372043,0.6986353
372060,0.4872522
372070,0.13036612
372082,0.12783706
372085,0.3739784
372090,0.44857845
372091,0.8730736
372112,0.25999153
372115,0.41535625
372132,0.24446802
372134,0.9036714
372136,0.09144906
372142,0.2318231
372145,0.61221266
372146,0.39524272
372159,0.13790986
372172,0.25421283
372179,0.60801905
372183,0.25258905
372184,0.11824308
372192,0.13887617
372234,0.15984383
372239,0.6254637
372244,0.09724297
372268,0.4945232
372287,0.4510172
372289,0.56192404
372292,0.17982954
372301,0.48046437
372315,0.42889938
372316,0.9013974
372328,0.6898122
372337,0.09910066
372347,0.8910658
372350,0.741302
372381,0.29475728
372382,0.5769357
372384,0.22841698
372393,0.2124479
372398,0.61022997
372399,0.2603617
372400,0.27176163
372402,0.13505831
372410,0.34860498
372415,0.41675484
372425,0.23895173
372428,0.36820891
372430,0.23115614
372431,0.14690907
372449,0.16546501
372452,0.2765813
372453,0.17703535
372460,0.64993054
372463,0.82760245
372471,0.62055814
372484,0.368078
372486,0.62893623
372489,0.77551174
372506,0.7419524
372513,0.092594266
372527,0.8367261
372568,0.790042
372596,0.1351614
372606,0.12060037
372617,0.21591182
372618,0.3405143
372622,0.34472066
372624,0.50082666
372633,0.54972434
372637,0.57610095
372643,0.4478523
372644,0.16337474
372656,0.406904
372662,0.20132293
372664,0.24859281
372666,0.2715491
372672,0.44294217
372674,0.37051567
372693,0.674235
372704,0.3177107
372719,0.42002174
372727,0.13113777
372740,0.4873916
372745,0.2387338
372753,0.5467046
372762,0.10038283
372764,0.5401341
372771,0.643661
372772,0.74595284
372789,0.5797926
372793,0.7355606
372799,0.09360245
372806,0.82414573
372809,0.6155132
372829,0.57769036
372848,0.1382071
372850,0.37259248
372853,0.66667736
372854,0.35736862
372858,0.45094603
372861,0.129053
372863,0.45373827
372876,0.64545953
372878,0.5092592
372893,0.68939507
372894,0.39084777
372911,0.38910213
372912,0.4783196
372924,0.6933292
372942,0.49297324
372946,0.8470139
372955,0.37958974
372956,0.5102384
372957,0.72502625
372984,0.6192952
372993,0.5840247
372995,0.89581484
372997,0.28961396
373014,0.15484764
373018,0.7592326
373022,0.5647781
373023,0.10541806
373029,0.2475749
373063,0.14195402
373071,0.5583919
373075,0.6484139
373088,0.17366198
373089,0.23860833
373098,0.60212207
373101,0.56607634
373112,0.30202276
373114,0.19949283
373118,0.81452537
373120,0.8576088
373121,0.2870615
373122,0.251842
373138,0.73612744
373145,0.28862062
373153,0.28609532
373154,0.70182025
373155,0.15641648
373159,0.74835205
373167,0.52771044
373190,0.1938846
373195,0.62172616
373202,0.39411482
373205,0.5309422
373209,0.32754332
373215,0.49199942
373222,0.6336103
373239,0.17576821
373240,0.44012195
373247,0.4204494
373251,0.23970689
373260,0.13571747
373284,0.17136937
373286,0.09448366
373292,0.48361826
373297,0.10637078
373299,0.9004109
373305,0.6778522
373307,0.43049392
373323,0.14852211
373327,0.2783865
373328,0.33959964
373363,0.4071583
373390,0.25795683
373396,0.10102142
373407,0.2191602
373413,0.54158384
373437,0.66171277
373445,0.22611737
373448,0.10691769
373458,0.6521547
373464,0.37398192
373472,0.8570097
373474,0.24894382
373475,0.4888945
373480,0.1630277
373484,0.7160545
373491,0.6756302
373493,0.8354862
373504,0.12893738
373537,0.43433386
373542,0.7556327
373545,0.20722269
373554,0.499499
373559,0.87735605
373560,0.1438119
373562,0.2855078
373565,0.6955337
373573,0.61101973
373577,0.36918557
373591,0.5559725
373592,0.60856074
373596,0.123758085
373598,0.60213846
373600,0.341259
373605,0.15799291
373607,0.14130308
373616,0.35999757
373618,0.17502943
373624,0.08919995
373630,0.58335376
373631,0.39722896
373634,0.5243605
373646,0.38665956
373651,0.64789486
373669,0.78583425
373682,0.41172093
373716,0.50610626
373751,0.86491764
373756,0.8809159
373757,0.08854785
373767,0.23385623
373778,0.15676881
373780,0.09474637
373781,0.7221831
373796,0.6040815
373801,0.18393874
373805,0.6215639
373811,0.2423654
373815,0.17354883
373820,0.5482955
373833,0.1310685
373839,0.46389562
373841,0.13583015
373871,0.4870175
373875,0.85027945
373893,0.15374497
373894,0.70672035
373898,0.49597925
373899,0.8496605
373908,0.8550122
373909,0.21035673
373911,0.2387341
373918,0.1071666
373927,0.25217474
373938,0.4938239
373943,0.6162872
373946,0.36971766
373948,0.45756218
373953,0.78311193
373956,0.44376647
373984,0.1291645
373985,0.54574716
373986,0.6813526
374002,0.49342227
374014,0.21576428
374015,0.34717336
374024,0.1930216
374029,0.796948
374034,0.12223046
374039,0.12047885
374042,0.57639456
374048,0.50132835
374051,0.6977201
374054,0.14060989
374055,0.30753154
374061,0.14184038
374075,0.2009824
374087,0.10313367
374101,0.63176745
374103,0.44037277
374114,0.80575925
374116,0.70033985
374119,0.40729195
374121,0.6338319
374133,0.5580677
374134,0.113594465
374140,0.16388309
374141,0.75479954
374145,0.7200085
374155,0.10513589
374163,0.47708964
374169,0.78753936
374173,0.36896145
374188,0.29946554
374199,0.08497848
374200,0.46781084
374207,0.296237
374225,0.54893243
374226,0.119878165
374227,0.33004382
374249,0.48681855
374254,0.6253809
374284,0.16581082
374293,0.36488166
374296,0.584065
374297,0.29557517
374298,0.1384185
374307,0.3602852
374320,0.52054256
374322,0.6300482
374324,0.092769735
374328,0.56997263
374334,0.22975679
374341,0.11549191
374343,0.6766563
374346,0.10030085
374359,0.78249866
374374,0.5633523
374381,0.7453704
374400,0.16004805
374405,0.17544672
374409,0.5962649
374420,0.73365456
374442,0.51065195
374443,0.5171095
374445,0.5033834
374447,0.6918176
374452,0.62909263
374458,0.15441161
374485,0.17762877
374487,0.14069751
374496,0.15616442
374503,0.5529104
374518,0.40646073
374519,0.21203947
374532,0.2717395
374534,0.13697784
374536,0.15690929
374546,0.11960868
374559,0.10786843
374568,0.76314056
374573,0.4145928
374582,0.085783795
374585,0.12218585
374598,0.27365625
374606,0.137096
374612,0.27087873
374617,0.1367239
374619,0.1408865
374626,0.46555787
374646,0.25170323
374653,0.21808049
374656,0.44823256
374664,0.40082815
374666,0.49728942
374677,0.53932714
374679,0.60737014
374682,0.50192255
374700,0.5254748
374703,0.42312166
374705,0.5136031
374720,0.62325466
374724,0.525298
374731,0.099177696
374732,0.17582196
374734,0.5168963
374759,0.2433097
374770,0.24252416
374774,0.4483214
374777,0.80154115
374788,0.3078144
374796,0.7799072
374799,0.33553934
374813,0.63308656
374819,0.097692125
374826,0.7817944
374827,0.34390467
374832,0.6279224
374837,0.16215286
374844,0.8577915
374848,0.82957345
374853,0.5828924
374854,0.13859579
374856,0.13067095
374864,0.7562378
374868,0.100912906
374888,0.28946596
374891,0.48789278
374892,0.13525058
374896,0.16708678
374909,0.52211237
374911,0.23665512
374912,0.3149518
374913,0.87510026
374916,0.25091258
374917,0.14183293
374923,0.52526003
374933,0.7838028
374935,0.20299362
374940,0.3274087
374941,0.38108662
374943,0.14203307
374951,0.8297629
374967,0.5755205
374970,0.63713694
374990,0.7708991
374993,0.6832661
374994,0.6498513
375015,0.14605713
375017,0.774012
375018,0.48082817
375021,0.30979207
375023,0.4835935
375030,0.8928045
375038,0.15703182
375040,0.22899638
375041,0.58881587
375052,0.091080084
375061,0.8136704
375064,0.15433362
375076,0.6661434
375086,0.7953794
375109,0.4611104
375118,0.6406095
375133,0.16890828
375140,0.6432629
375156,0.77353144
375168,0.5028011
375170,0.47420025
375182,0.2600312
375187,0.68475544
375188,0.4437781
375197,0.4737622
375201,0.10379047
375204,0.6256084
375216,0.5318879
375225,0.09982028
375231,0.08728193
375234,0.08798315
375241,0.42153308
375242,0.7594639
375244,0.26347587
375246,0.3311036
375257,0.54002744
375290,0.10863679
375292,0.13422173
375293,0.33974865
375295,0.13272811
375296,0.12668155
375300,0.7246224
375322,0.35769832
375332,0.5602357
375338,0.5223374
375342,0.2897952
375365,0.12633081
375367,0.42122233
375384,0.6612483
375418,0.10199824
375464,0.81030595
375477,0.40187505
375485,0.5691904
375496,0.22215469
375534,0.62646097
375544,0.2535952
375556,0.7059025
375588,0.36952808
375589,0.11484362
375594,0.5875507
375629,0.55842054
375649,0.48257282
375654,0.60707414
375696,0.28794605
375758,0.21812737
375795,0.91317993
375843,0.095337145
375844,0.16554663
375853,0.61326444
375878,0.20810492
375879,0.3007753
375883,0.23355427
375887,0.793377
375929,0.2800508
375934,0.5504785
375936,0.62215245
375937,0.38993073
375948,0.52885514
375951,0.22461633
375953,0.3783777
375964,0.3406135
375969,0.119714685
375970,0.3195982
375973,0.8238386
375976,0.5638128
375997,0.31634367
376000,0.20081343
376011,0.41298044
376019,0.2214995
376035,0.41096872
376036,0.6200216
376041,0.583229
376042,0.6497954
376045,0.22033659
376047,0.50612855
376060,0.10769737
376061,0.51537144
376067,0.5172801
376068,0.7535075
376070,0.4239155
376074,0.100544296
376075,0.40755022
376076,0.6227344
376078,0.3275306
376080,0.45066142
376081,0.24103001
376082,0.10476412
376083,0.74931246
376084,0.48929915
376086,0.17047134
376087,0.09052596
376088,0.4984537
376089,0.34966546
376090,0.5268734
376091,0.6191954
376092,0.32529518
376093,0.5950258
376094,0.64011514
376095,0.8497986
376096,0.699309
376097,0.3119044
376098,0.6797179
376206,0.11739035
376209,0.5611541
376225,0.31257227
376239,0.1999765
376247,0.5605497
376248,0.29028496
376252,0.36613685
376257,0.6393247
376273,0.09103415
376274,0.4353507
376275,0.098789036
376279,0.6056686
376283,0.31839156
376284,0.14649563
376288,0.16401008
376289,0.42277566
376292,0.24347901
376298,0.632304
376301,0.20042256
376311,0.34917977
376312,0.5874584
376313,0.65455884
376316,0.19866177
376317,0.3468431
376319,0.29429772
376320,0.47258753
376321,0.5883087
376322,0.5672776
376325,0.6747932
376326,0.54512966
376328,0.31368646
376329,0.6106748
376330,0.14685231
376332,0.24816993
376334,0.6611696
376335,0.46516
376336,0.7431184
376337,0.59472424
376338,0.8330717
376339,0.16545036
376340,0.49398872
376341,0.7402022
376343,0.5199285
376344,0.575805
376345,0.20742756
376346,0.5954047
376347,0.8924239
376348,0.50409687
376349,0.7414982
376350,0.4572522
376351,0.30517542
376352,0.13990858
376353,0.14855391
376354,0.14370583
376355,0.13868265
376356,0.19165081
376357,0.096758686
376360,0.40991607
376445,0.24106027
376447,0.50130576
376449,0.2670806
376470,0.2089374
376483,0.49285135
376484,0.32598925
376486,0.48817343
376487,0.32111433
376488,0.47523916
376491,0.664268
376492,0.27113304
376494,0.60942304
376495,0.7037745
376496,0.46116927
376497,0.74463814
376498,0.08764208
376502,0.2512041
376503,0.60559344
376504,0.41622943
376506,0.2871716
376509,0.18528722
376515,0.40666825
376517,0.1564962
376518,0.6712736
376519,0.88428986
376520,0.45404407
376521,0.6427148
376522,0.1751016
376523,0.13680546
376524,0.2918511
376527,0.65180147
376530,0.50021684
376531,0.6833302
376532,0.6007535
376533,0.6216401
376534,0.4522343
376535,0.5533541
376537,0.63266844
376538,0.5218178
376539,0.49435964
376546,0.51313466
376594,0.6009951
376595,0.52004147
376614,0.24554837
376616,0.107049435
376617,0.123305194
376618,0.8624576
376619,0.7437334
376620,0.15456355
376627,0.28782898
376630,0.11028622
376631,0.29590756
376632,0.1144878
376633,0.45803607
376635,0.5203008
376636,0.65045094
376637,0.10074655
376639,0.88045293
376640,0.18116994
376642,0.18115498
376643,0.32241032
376644,0.27534863
376645,0.316649
376646,0.6151496
376648,0.60409266
376650,0.086296774
376651,0.17235228
376652,0.75034475
376732,0.2402018
376733,0.4182443
376734,0.6033744
376756,0.34055772
376804,0.10026955
376856,0.7932934
376869,0.20005502
376893,0.45141178
377045,0.5747298
377088,0.6120728
377137,0.55161554
377138,0.111105695
377159,0.35528365
377176,0.5769377
377201,0.22799641
377226,0.6608416
377335,0.27256155
377358,0.5871693
377362,0.21179289
377363,0.10178631
377389,0.7695
377426,0.71414846
377427,0.13682441
377429,0.23774314
377441,0.3780163
377449,0.49750826
377450,0.8261025
377458,0.5422095
377472,0.77044076
377541,0.88534236
377567,0.20242244
377573,0.109675676
377605,0.3687251
377611,0.683398
377622,0.38853955
377631,0.42114145
377657,0.11648366
377681,0.20554087
377711,0.09879219
377717,0.5399627
377720,0.8340716
377721,0.73746264
377723,0.32160738
377727,0.25805357
377729,0.4762342
377733,0.14050618
377735,0.21061383
377736,0.1379705
377737,0.42963147
377738,0.32981855
377750,0.7569004
377751,0.38161334
377753,0.5329932
377754,0.55355716
377755,0.701121
377756,0.2873548
377757,0.8678468
377758,0.3127223
377759,0.2626328
377760,0.15874209
377761,0.8100959
377762,0.24135329
377763,0.16266747
377764,0.3662401
377765,0.62507933
377766,0.5976912
377767,0.0986041
377768,0.1700321
377771,0.10978281
377772,0.10925816
377773,0.75677186
377774,0.40198758
377775,0.52865285
377776,0.2882592
377778,0.34392247
377779,0.15040231
377780,0.124659814
377781,0.18904382
377782,0.12406259
377783,0.09678449
377784,0.24776198
377785,0.26768598
377786,0.43139297
377862,0.5401416
377871,0.44073656
377930,0.23153123
377970,0.14432438
377987,0.30385742
377988,0.6264744
377990,0.32276306
377992,0.72408754
377995,0.40373898
378005,0.13553144
378006,0.10027735
378011,0.37428102
378018,0.3117218
378019,0.14555125
378023,0.41263634
378025,0.12884432
378026,0.5717394
378027,0.13479981
378031,0.34022212
378033,0.16162297
378034,0.21501233
378035,0.10265997
378040,0.62531114
378041,0.6388296
378042,0.21909523
378043,0.7580083
378044,0.36835632
378045,0.555424
378046,0.19618516
378047,0.44949263
378048,0.119437546
378049,0.29899815
378051,0.45341718
378052,0.16962582
378053,0.44087696
378054,0.6018178
378055,0.17972952
378056,0.3986714
378057,0.1938254
378059,0.6411012
378060,0.26271656
378061,0.83749884
378062,0.7516806
378063,0.26942486
378065,0.5012125
378066,0.7407478
378067,0.40773737
378068,0.09296446
378069,0.49348783
378070,0.41839245
378096,0.13181475
378098,0.6925303
378104,0.57737666
378105,0.64852905
378106,0.3081841
378107,0.4295461
378108,0.31674182
378109,0.2558797
378110,0.40865976
378111,0.71384937
378112,0.20445868
378113,0.58119154
378114,0.6005209
378115,0.3681151
378116,0.6654771
378117,0.5154019
378119,0.21392068
378120,0.5607947
378121,0.45865208
378122,0.19672617
378123,0.61309046
378124,0.10633108
378136,0.25176972
378181,0.21128441
378184,0.7076627
378190,0.5643355
378263,0.11696176
378300,0.100419134
378304,0.89481443
378305,0.44909015
378311,0.33372495
378313,0.18119918
378314,0.37759227
378317,0.6492
378320,0.58578146
378322,0.3579734
378325,0.4690162
378327,0.8624753
378328,0.7729728
378329,0.44321078
378330,0.12884438
378331,0.40329638
378334,0.13122447
378335,0.14553796
378336,0.21027449
378339,0.20716408
378340,0.27240172
378341,0.49974978
378342,0.5490013
378343,0.18555766
378344,0.53905404
378345,0.77011794
378346,0.112187505
378347,0.76854
378348,0.52903426
378349,0.8730645
378350,0.69655097
378351,0.3574355
378352,0.23609856
378353,0.33787423
378354,0.34809157
378355,0.687757
378356,0.68551856
378427,0.36178297
378434,0.5955269
378564,0.13366827
378671,0.76725775
378689,0.09995398
378710,0.90049183
378755,0.42219868
378887,0.17977682
378907,0.55394834
378924,0.1700971
378944,0.4853104
378945,0.77713454
378991,0.15589306
379009,0.50910854
379025,0.55948776
379046,0.40818602
379047,0.5507045
379048,0.49933925
379052,0.6267746
379065,0.23451178
379066,0.61759776
379076,0.2841858
379080,0.6007814
379085,0.8118502
379086,0.4591846
379087,0.6740351
379089,0.2765712
379094,0.23725785
379095,0.5741808
379101,0.31666598
379102,0.45108896
379103,0.2007276
379105,0.561216
379108,0.22101177
379111,0.7055368
379112,0.2432819
379113,0.9006737
379114,0.58619153
379115,0.2884227
379116,0.36745995
379117,0.34646204
379118,0.26128715
379119,0.8960169
379120,0.692723
379121,0.1098491
379123,0.4758917
379124,0.21217258
379126,0.63426936
379127,0.11464256
379128,0.4092916
379129,0.34918237
379131,0.73715466
379132,0.85924006
379133,0.7822595
379134,0.6543836
379178,0.20702142
379266,0.09977548
379268,0.5209534
379291,0.22681543
379296,0.12354595
379301,0.34505424
379313,0.40853915
379318,0.79497296
379319,0.6307822
379329,0.4746515
379336,0.67713845
379348,0.56554186
379356,0.15040368
379357,0.5099885
379363,0.856026
379385,0.8946708
379408,0.10684933
379432,0.4733996
379437,0.16740789
379440,0.33415332
379456,0.2859733
379457,0.18901548
379463,0.7132913
379464,0.20156139
379467,0.6782227
379469,0.4641709
379470,0.095308445
379472,0.77883464
379473,0.15888739
379474,0.26057926
379475,0.314673
379476,0.673617
379481,0.6748046
379482,0.2676004
379483,0.37966096
379484,0.3697582
379485,0.9203261
379486,0.29543698
379487,0.17179185
379488,0.10562291
379490,0.46384147
379491,0.417569
379492,0.5922447
379494,0.13126113
379495,0.46402267
379496,0.27844188
379497,0.2458589
379500,0.6197756
379501,0.53926444
379502,0.5550626
379503,0.20775816
379504,0.121117055
379505,0.5923928
379506,0.18651289
379507,0.10717508
379508,0.43961114
379509,0.637954
379510,0.34584457
379512,0.10261584
379513,0.27741903
379514,0.8292593
379515,0.19081713
379516,0.33608252
379517,0.8122007
379518,0.3037116
379520,0.82955027
379627,0.47850516
379673,0.76886797
379674,0.11194447
379720,0.52612257
379726,0.24375631
379730,0.16737881
379746,0.5032123
379775,0.15924874
379776,0.08904994
379778,0.8315899
379841,0.25602093
379921,0.14643154
379951,0.3516487
380002,0.7821688
380003,0.7362261
380005,0.42141253
380006,0.8318138
380010,0.5188561
380012,0.5757772
380014,0.85829717
380015,0.75840735
380017,0.40793884
380018,0.7438683
380019,0.10034712
380020,0.21131894
380022,0.22486074
380023,0.62456363
380025,0.34465218
380026,0.5640259
380028,0.20105995
380030,0.6270294
380031,0.35842264
380032,0.2576691
380033,0.115786046
380034,0.6804262
380035,0.10161066
380037,0.2787868
380038,0.6791018
380039,0.7100646
380040,0.83442813
380064,0.31988466
380065,0.47727782
380121,0.30432686
380122,0.46465462
380130,0.31868166
380219,0.16074216
380228,0.474574
380229,0.24819921
380366,0.12832588
380408,0.18937784
380414,0.20877808
380487,0.25617945
380488,0.15754636
380489,0.237682
380494,0.23232351
380543,0.14929573
380553,0.24886201
380600,0.13791259
380625,0.56792957
380635,0.3414535
380643,0.61661726
380762,0.3700255
380773,0.36629966
380781,0.74870783
380785,0.32212245
380787,0.28576085
380788,0.61465883
380789,0.44432145
380797,0.18549375
380800,0.43972465
380802,0.6000737
380805,0.54786867
380806,0.4299456
380807,0.8854566
380811,0.41523916
380812,0.133576
380815,0.12278479
380816,0.3757741
380817,0.5934885
380819,0.6132738
380823,0.09557596
380824,0.6052573
380825,0.5559322
380826,0.34681848
380827,0.8384042
380828,0.3877718
380830,0.24886541
380831,0.35847414
380832,0.50724965
380833,0.11299123
380834,0.11641984
380836,0.7584155
380837,0.26994473
380838,0.65186656
380839,0.10319223
380840,0.75552315
380841,0.2967964
380879,0.28868252
380901,0.12376333
380928,0.3498664
380956,0.20919424
380979,0.39947152
381037,0.14754349
381047,0.68960136
381074,0.35528436
381104,0.21157835
381121,0.7100829
381130,0.49194762
381133,0.14082295
381139,0.10877661
381141,0.683474
381142,0.20549922
381145,0.08684469
381152,0.108628325
381153,0.676123
381154,0.81110847
381156,0.2200588
381160,0.31499296
381164,0.87444156
381168,0.36112282
381171,0.39148173
381173,0.67148656
381174,0.37760994
381176,0.28555143
381178,0.67482
381179,0.37601227
381182,0.52968454
381185,0.09258892
381187,0.43824515
381189,0.25252444
381190,0.4003495
381191,0.50256956
381192,0.85853136
381193,0.15261158
381194,0.109170906
381195,0.35846564
381198,0.113174915
381199,0.110308215
381200,0.6556568
381201,0.70913917
381202,0.096976444
381203,0.7702824
381204,0.7467414
381205,0.24626258
381259,0.19162543
381288,0.2868509
381289,0.6261015
381335,0.36082456
381344,0.39369553
381367,0.19614908
381376,0.09375336
381381,0.52596086
381397,0.0943908
381406,0.40493447
381412,0.4463176
381421,0.7550964
381424,0.1308647
381427,0.68993574
381428,0.74702847
381429,0.35110906
381430,0.39327645
381434,0.69741845
381435,0.18775737
381436,0.13672443
381437,0.2137796
381438,0.64340264
381439,0.42974725
381444,0.339498
381446,0.09323658
381447,0.7921923
381449,0.8948446
381450,0.23933561
381453,0.7278517
381454,0.34097055
381455,0.68488
381456,0.767982
381457,0.38534588
381458,0.22687675
381459,0.5306297
381460,0.26423097
381461,0.51841885
381462,0.8174272
381463,0.33894363
381464,0.81629485
381465,0.2729395
381466,0.6453013
381467,0.6654627
381468,0.40859526
381469,0.8444758
381470,0.65659946
381471,0.70138067
381472,0.20686595
381473,0.14620407
381475,0.42518133
381476,0.14425041
381477,0.52893054
381478,0.12699486
381479,0.635685
381480,0.7108214
381481,0.1306189
381482,0.11894157
381483,0.51764184
381495,0.40567085
381545,0.24344298
381580,0.6096703
381657,0.7299218
381674,0.7517416
381691,0.1593357
381697,0.28256527
381704,0.6071393
381711,0.7116604
381721,0.53298235
381728,0.6415263
381729,0.16567686
381734,0.14801627
381735,0.32698196
381736,0.14662081
381740,0.5335593
381742,0.8596393
381743,0.88316995
381744,0.19709821
381747,0.122096926
381748,0.7933686
381749,0.17234784
381750,0.51060754
381751,0.3599478
381752,0.71726364
381753,0.5633876
381754,0.8056318
381755,0.6601685
381756,0.56584704
381757,0.110046424
381758,0.23171048
381759,0.40820104
381760,0.3390389
381761,0.7529999
381762,0.21672584
381763,0.23857886
381764,0.70510656
381765,0.72460955
381766,0.21782407
381767,0.49356204
381768,0.5911342
381769,0.21537691
381770,0.41127184
381772,0.21287775
381774,0.19489671
381777,0.4988614
381861,0.20103958
381974,0.55314624
381991,0.20868543
382024,0.6596163
382051,0.37533653
382066,0.19412911
382067,0.20631066
382068,0.39162382
382107,0.28202182
382108,0.67843217
382111,0.21926479
382113,0.14358415
382114,0.37133035
382120,0.3286102
382121,0.6299479
382122,0.5199287
382124,0.7165899
382126,0.34191594
382131,0.106594354
382132,0.54359573
382135,0.433727
382136,0.10266458
382137,0.11201366
382138,0.1339197
382140,0.69386536
382141,0.59070486
382142,0.22732498
382143,0.60018605
382144,0.5406892
382145,0.5086401
382146,0.8050126
382147,0.48289052
382149,0.7793034
382150,0.5504571
382152,0.72900057
382153,0.16504364
382164,0.88172644
382180,0.46518704
382239,0.82794106
382275,0.4013754
382297,0.09278737
382391,0.27978972
382392,0.8176187
382396,0.5823075
382424,0.10320896
382471,0.8125667
382493,0.22897917
382496,0.13839777
382504,0.3287843
382505,0.75735605
382513,0.117952235
382517,0.8297658
382521,0.8539227
382528,0.16942492
382530,0.66368306
382544,0.81650734
382603,0.81430495
382604,0.13814914
382642,0.12575461
382666,0.14405887
382699,0.10562724
382737,0.20930384
382792,0.81577885
382796,0.12907065
382807,0.3225839
382813,0.6631558
382817,0.9047726
382818,0.67281204
382826,0.3151323
382845,0.26060054
382846,0.18382733
382850,0.79385155
382851,0.6194421
382856,0.42474705
382858,0.33540872
382859,0.44136548
382862,0.12576668
382863,0.13732903
382865,0.26520938
382866,0.52506614
382868,0.53858465
382870,0.088178426
382871,0.53937715
382872,0.5530477
382873,0.7494217
382874,0.86814046
382875,0.1586281
382876,0.5643309
382877,0.70323557
382878,0.6340863
382879,0.7164712
382880,0.08798399
382882,0.2593707
382883,0.42285612
382884,0.12949097
382885,0.37136137
382886,0.47895622
382887,0.7719673
382989,0.1490797
383009,0.581662
383039,0.39062524
383068,0.12551552
383072,0.111728586
383093,0.3646063
383099,0.9126137
383167,0.14683539
383168,0.34259683
383170,0.56970924
383171,0.83004
383174,0.11070769
383175,0.101667
383176,0.36514297
383178,0.32613587
383181,0.5862855
383182,0.58631146
383184,0.22970858
383186,0.39433122
383187,0.18096523
383189,0.09605283
383190,0.35648915
383191,0.3044206
383192,0.3509867
383194,0.15076044
383195,0.16223691
383196,0.16109486
383197,0.36644545
383198,0.19082157
383199,0.1697251
383200,0.3362767
383201,0.3464218
383202,0.5474558
383203,0.17474096
383204,0.7205505
383205,0.22460951
383206,0.5118117
383207,0.1405576
383208,0.3106487
383279,0.5746342
383335,0.5429459
383384,0.42973176
383394,0.11056211
383400,0.5854294
383401,0.107089244
383409,0.26826808
383410,0.24404581
383412,0.51523626
383414,0.49001843
383419,0.3128056
383422,0.23054884
383425,0.09808905
383426,0.14054237
383427,0.7129253
383428,0.71226543
383429,0.5307728
383430,0.78235203
383431,0.6077147
383433,0.904115
383434,0.58483356
383435,0.324778
383436,0.57432365
383437,0.27491346
383438,0.25675812
383439,0.49648237
383440,0.14338884
383441,0.11564731
383442,0.2377518
383443,0.104672424
383444,0.10909636
383445,0.1539405
383446,0.4554432
383447,0.13524435
383448,0.51628035
383449,0.097166896
383450,0.43167895
383451,0.12698092
383452,0.09774632
383453,0.25316057
383454,0.4275655
383533,0.4229362
383583,0.41055438
383608,0.370421
383622,0.47243133
383673,0.7345604
383804,0.32840818
383806,0.5592132
383812,0.35818478
383814,0.09815745
383816,0.6417173
383825,0.71726215
383827,0.65578455
383833,0.5735643
383841,0.39144558
383842,0.56616336
383849,0.3559669
383859,0.33507907
383883,0.2815219
383891,0.84781986
383910,0.21366057
383925,0.13274977
383943,0.8605806
383946,0.69157964
383959,0.10074493
383960,0.4506282
383961,0.11666236
383962,0.14202128
383979,0.51277184
383985,0.2823576
383990,0.21080308
383999,0.14868562
384001,0.5110962
384003,0.14625931
384008,0.21242628
384019,0.8135076
384020,0.14346553
384065,0.6073985
384102,0.5007069
384154,0.5284279
384155,0.84867704
384171,0.58833635
384177,0.19329476
384183,0.15954821
384186,0.51863694
384198,0.82697046
384199,0.1977929
384201,0.7528493
384203,0.86891747
384204,0.4520029
384205,0.3795613
384207,0.11348034
384208,0.2706896
384209,0.6548802
384210,0.13888368
384211,0.46817443
384212,0.30185163
384215,0.77820903
384216,0.49782276
384220,0.7241638
384221,0.09210664
384226,0.47056553
384273,0.18546152
384287,0.46639663
384288,0.42126992
384332,0.7874724
384365,0.35720435
384380,0.7324524
384392,0.23563103
384412,0.14212264
384424,0.5969852
384428,0.4591333
384429,0.7518276
384430,0.2455177
384434,0.118872054
384480,0.4889233
384502,0.8109755
384503,0.39364544
384504,0.48293027
384505,0.3692495
384508,0.17683074
384519,0.09615591
384520,0.8399479
384524,0.10227039
384528,0.09935454
384532,0.24116616
384539,0.2904415
384542,0.63032514
384543,0.82148373
384544,0.10395054
384546,0.3322187
384547,0.18514234
384548,0.76100534
384549,0.17922719
384552,0.6961801
384554,0.20613791
384556,0.10836623
384557,0.32706562
384558,0.11245493
384559,0.24435794
384560,0.391088
384561,0.3720616
384562,0.66256446
384563,0.4351772
384564,0.42530295
384565,0.3853941
384656,0.32015827
384657,0.19593708
384672,0.7032868
384679,0.2773712
384680,0.13107537
384689,0.154155
384692,0.37642878
384695,0.7300125
384710,0.8842556
384712,0.09133055
384715,0.4890427
384735,0.20052294
384749,0.10876271
384751,0.5486389
384753,0.5309608
384757,0.12850358
384759,0.09996986
384761,0.18711238
384762,0.46318382
384765,0.3011188
384775,0.63452095
384782,0.64464676
384794,0.28825343
384798,0.103784434
384805,0.16982606
384807,0.5998535
384812,0.101623766
384821,0.44366226
384834,0.13133909
384847,0.5424131
384856,0.32233548
384857,0.16691679
384858,0.41462776
384859,0.2712622
384860,0.70220596
384861,0.82626516
384862,0.32922405
384863,0.40987387
384864,0.12703733
384865,0.08826605
384866,0.89137566
384867,0.41554317
384868,0.16795059
384869,0.7118392
384870,0.22057211
384871,0.43156773
384873,0.5125624
384874,0.33217755
384876,0.38786355
384877,0.247578
384878,0.40532586
384880,0.14309756
384881,0.090186976
384882,0.531546
384883,0.34719822
384884,0.49349526
384885,0.174395
384886,0.17626864
384887,0.09073459
384969,0.10438139
385023,0.44339183
385049,0.7007413
385081,0.11664273
385091,0.12855005
385092,0.3060685
385093,0.4310595
385094,0.14794208
385106,0.7969418
385107,0.7074437
385110,0.28317207
385111,0.3263684
385113,0.11530426
385114,0.34923744
385115,0.5373797
385117,0.13285652
385119,0.20678808
385120,0.5427942
385121,0.8440089
385122,0.22744346
385123,0.10156092
385125,0.24681494
385126,0.17554514
385127,0.20887254
385128,0.311978
385129,0.43108636
385130,0.122758865
385131,0.20497231
385132,0.5840566
385133,0.4873395
385134,0.77979577
385135,0.110529475
385136,0.7227385
385137,0.89495677
385138,0.19766939
385139,0.866953
385140,0.84786814
385141,0.37226012
385142,0.099156946
385143,0.08677311
385144,0.44383654
385145,0.7549669
385146,0.14509086
385147,0.51961076
385149,0.28218377
385151,0.12714519
385152,0.19549106
385153,0.36595014
385197,0.09199597
385230,0.34249917
385231,0.52190405
385252,0.8042957
385299,0.5520605
385351,0.31009352
385376,0.6108892
385405,0.21917295
385452,0.3955909
385479,0.631199
385510,0.41003844
385522,0.8306736
385524,0.23463729
385544,0.7978239
385563,0.23518139
385566,0.5298996
385571,0.08997689
385585,0.19962345
385586,0.61884177
385611,0.22156176
385621,0.1202338
385623,0.74271613
385628,0.7606252
385633,0.13019532
385634,0.12944451
385643,0.19230314
385650,0.5817556
385656,0.09011186
385666,0.5054467
385693,0.277966
385705,0.669465
385706,0.10889453
385835,0.09198595
385847,0.5949277
385867,0.7366566
385871,0.39154583
385872,0.5156099
385879,0.12725763
385883,0.20985828
385884,0.29260606
385885,0.37238505
385889,0.27139217
385893,0.44833526
385894,0.6377573
385898,0.38142005
385899,0.4879727
385902,0.35341093
385903,0.19585788
385904,0.17055848
385905,0.31180423
385906,0.2510619
385907,0.55233914
385908,0.7270599
385909,0.34107277
385910,0.48659512
385973,0.2386961
386003,0.88909274
386013,0.10220952
386023,0.10419034
386065,0.09051717
386072,0.6642578
386077,0.6781444
386135,0.2821304
386141,0.16138233
386178,0.79398215
386198,0.74873674
386200,0.19749898
386203,0.6884257
386223,0.4895821
386225,0.1635197
386245,0.23366393
386250,0.17340474
386253,0.4347029
386254,0.49058425
386255,0.20598845
386262,0.255951
386263,0.1705286
386264,0.111054815
386267,0.21103115
386268,0.19329472
386276,0.7234104
386279,0.8212631
386281,0.4677788
386282,0.4839957
386283,0.5413037
386284,0.19083703
386285,0.31661654
386286,0.35122147
386287,0.28578463
386288,0.6171485
386289,0.9098503
386290,0.40700895
386292,0.4129446
386293,0.4539978
386294,0.182194
386295,0.9044597
386296,0.7135318
386297,0.46973056
386299,0.3715055
386300,0.41436052
386301,0.24187732
386302,0.4552574
386303,0.7634588
386304,0.75670385
386305,0.36136723
386307,0.11991761
386308,0.2150508
386309,0.3370678
386310,0.60474396
386311,0.19131365
386347,0.693236
386350,0.41976562
386352,0.122270726
386365,0.3738724
386378,0.3639453
386380,0.62807363
386399,0.4560423
386458,0.14189073
386523,0.35542342
386531,0.7852823
386545,0.5707151
386546,0.19206536
386547,0.18074617
386549,0.40493146
386550,0.4975329
386551,0.49039635
386552,0.112971775
386633,0.61376655
386647,0.11067467
386665,0.19859575
386767,0.15026946
386773,0.47946543
386774,0.53057986
386775,0.7756659
386777,0.1090246
386785,0.58621407
386791,0.42450896
386792,0.12455284
386795,0.2096404
386798,0.43494666
386803,0.19691098
386805,0.5221458
386806,0.6280467
386808,0.27720952
386811,0.13228907
386813,0.4607185
386814,0.50412613
386817,0.15286481
386819,0.12320958
386820,0.36396086
386821,0.6730908
386822,0.88776815
386824,0.15884629
386825,0.5906869
386826,0.09450686
386827,0.6018835
386828,0.79699045
386830,0.11446464
386831,0.5242806
386832,0.14887984
386833,0.6743232
386834,0.43248478
386835,0.12506911
386836,0.36610934
386837,0.55298805
386838,0.12287838
386839,0.6622852
386840,0.1458967
386841,0.6533905
386843,0.6336297
386844,0.70554864
386845,0.26974422
386847,0.43264753
386848,0.33264497
386849,0.23989195
386860,0.60433376
386938,0.10111963
386940,0.24907628
386989,0.40199754
387021,0.4473657
387193,0.7440242
387194,0.77509636
387286,0.6465856
387291,0.12760614
387292,0.36970666
387324,0.58821934
387325,0.12230725
387329,0.2022613
387331,0.49434543
387333,0.10177911
387337,0.40265855
387341,0.49873364
387342,0.42475125
387349,0.49751803
387350,0.38029566
387351,0.38951972
387352,0.15862466
387353,0.7599334
387355,0.68219775
387356,0.44331768
387357,0.27397215
387358,0.10805303
387360,0.58455724
387361,0.15402782
387362,0.2944226
387363,0.33013758
387364,0.14310822
387365,0.4366504
387366,0.14082731
387367,0.2603654
387368,0.09846941
387369,0.19149758
387370,0.10509434
387371,0.5284659
387372,0.5172177
387377,0.55905586
387378,0.6120467
387424,0.15835264
387440,0.15412933
387447,0.44855046
387489,0.20436943
387501,0.50974524
387526,0.8381057
387542,0.1267473
387543,0.66829747
387544,0.5203329
387565,0.26222354
387572,0.38037327
387577,0.6799685
387578,0.4626674
387583,0.086282924
387584,0.30475575
387588,0.75865793
387595,0.66637754
387596,0.59936655
387597,0.65384877
387598,0.165079
387662,0.52598244
387687,0.57718503
387688,0.27173743
387689,0.13488407
387718,0.6914783
387730,0.30848494
387753,0.20568033
387807,0.60464966
387843,0.26283285
387848,0.2057317
387882,0.5205515
387884,0.1209679
387892,0.0947402
387896,0.3749219
387916,0.7332391
387920,0.25858837
387927,0.80536115
387928,0.30202422
387929,0.25551596
387932,0.22202238
387934,0.76914966
387937,0.17403753
387942,0.45713758
387947,0.51982355
387948,0.09076938
387952,0.790394
387953,0.1501145
387954,0.19198477
387955,0.7327382
387956,0.3782248
387957,0.7793328
387958,0.7333759
387960,0.09912891
387961,0.6028596
387962,0.679286
387963,0.8627543
387964,0.7084287
387965,0.3862396
387966,0.3292198
387967,0.20528004
387968,0.24380587
387969,0.15914911
387970,0.5285012
387971,0.6947801
387972,0.14959045
387973,0.34911814
388053,0.80001456
388056,0.36324528
388057,0.6353644
388078,0.56019294
388079,0.1195088
388127,0.32302353
388155,0.32444823
388159,0.19771205
388169,0.25346217
388170,0.5106395
388173,0.17246856
388174,0.1452652
388176,0.43152922
388179,0.43534413
388182,0.39360917
388183,0.42436433
388187,0.45891258
388189,0.25884452
388191,0.14476326
388193,0.29057178
388194,0.35068294
388195,0.1568429
388196,0.09665718
388198,0.18897405
388199,0.6669397
388201,0.6774068
388202,0.6335582
388203,0.588163
388204,0.56280774
388206,0.37773368
388208,0.3376472
388209,0.2532887
388210,0.3023512
388211,0.31393373
388212,0.19299416
388213,0.5416767
388214,0.10076388
388215,0.56142724
388216,0.65858716
388217,0.61525315
388218,0.45176357
388219,0.105075344
388220,0.870899
388221,0.4722909
388222,0.24364297
388223,0.13040288
388237,0.729119
388238,0.1413949
388242,0.24119121
388243,0.23045518
388248,0.46425202
388249,0.84114385
388251,0.41313547
388253,0.70712835
388255,0.41985428
388256,0.7055292
388258,0.2419478
388259,0.35518545
388260,0.5775159
388262,0.896739
388263,0.60831594
388264,0.110072725
388265,0.62989557
388266,0.29290852
388267,0.8717263
388269,0.8590613
388270,0.43005836
388271,0.1441856
388272,0.5961765
388273,0.169124
388274,0.8008303
388275,0.56690985
388276,0.29079035
388397,0.64012295
388428,0.8055514
388429,0.2383372
388448,0.19004868
388449,0.09459905
388460,0.64083344
388463,0.7525718
388465,0.8263361
388505,0.72302836
388508,0.26616398
388511,0.123862185
388525,0.19968422
388554,0.43405923
388561,0.8538126
388566,0.3278325
388572,0.089248985
388574,0.50180674
388585,0.1445936
388589,0.14435026
388590,0.58092755
388594,0.31199157
388596,0.57647735
388616,0.63607657
388621,0.37348297
388622,0.6615659
388627,0.19159095
388633,0.46950135
388639,0.12118555
388647,0.20406167
388655,0.61141104
388665,0.51335734
388667,0.38432676
388668,0.12112461
388669,0.65780056
388679,0.59371763
388683,0.16745871
388687,0.09525094
388688,0.3635129
388700,0.5052137
388703,0.7812028
388704,0.51980084
388705,0.7286542
388707,0.19672723
388712,0.2398708
388729,0.30173045
388733,0.16511
388748,0.1831866
388754,0.33628073
388763,0.7254363
388777,0.37493822
388790,0.24708003
388800,0.84679663
388801,0.2543836
388812,0.56576747
388816,0.68999755
388835,0.732603
388837,0.42107284
388842,0.1163374
388847,0.4175189
388848,0.35295618
388849,0.6503174
388850,0.8813032
388859,0.7122122
388864,0.3005131
388865,0.8211537
388870,0.32275647
388872,0.45706692
388873,0.47908878
388879,0.15552661
388890,0.79253674
388898,0.39276913
388899,0.50693816
388900,0.42234984
388913,0.8765891
388919,0.19255686
388921,0.62071455
388929,0.17029129
388945,0.44872457
388962,0.6238661
388963,0.29661384
388985,0.3037637
388986,0.2617793
388992,0.5887277
388993,0.49151328
389002,0.22921297
389006,0.102383755
389009,0.44804507
389018,0.48102376
389048,0.5171197
389051,0.37575665
389068,0.51477
389069,0.38921306
389070,0.19680329
389080,0.2786759
389085,0.26084894
389090,0.19712964
389094,0.3619576
389097,0.8567536
389098,0.45838505
389101,0.41254616
389104,0.28652102
389131,0.87930065
389133,0.63903695
389134,0.0940065
389143,0.6162246
389176,0.63752884
389181,0.21387197
389192,0.18372042
389202,0.41444165
389222,0.32499567
389225,0.6725849
389227,0.4306434
389239,0.33514506
389245,0.7151756
389248,0.15719074
389258,0.37171194
389266,0.44322857
389268,0.3754218
389277,0.22478767
389280,0.5258535
389300,0.11054481
389319,0.5286998
389330,0.2238984
389338,0.27781612
389356,0.7014672
389363,0.7165989
389371,0.24377914
389377,0.8398102
389398,0.18253122
389409,0.29643664
389415,0.31899965
389418,0.22087002
389420,0.6402921
389426,0.78556746
389433,0.42593208
389434,0.1006298
389440,0.6515942
389441,0.31007364
389443,0.84423155
389448,0.7908852
389464,0.38811037
389466,0.15010697
389471,0.8072409
389473,0.25321257
389480,0.64568245
389481,0.22078422
389483,0.64042413
389486,0.10867004
389490,0.34476033
389500,0.10472294
389507,0.76928383
389509,0.08829993
389515,0.9095589
389517,0.3394963
389523,0.11428789
389527,0.10219193
389529,0.8606094
389532,0.45307943
389539,0.20479111
389550,0.19473025
389551,0.433673
389552,0.56629115
389554,0.801285
389563,0.83472955
389566,0.6581928
389572,0.123334
389573,0.53431135
389585,0.49808133
389587,0.08936274
389589,0.13626197
389592,0.11120663
389601,0.87366843
389603,0.20353226
389604,0.4732137
389617,0.5080434
389618,0.56064814
389619,0.24688058
389622,0.38897708
389623,0.2896341
389627,0.50027287
389644,0.8631614
389667,0.13856298
389678,0.8267866
389694,0.120040655
389700,0.17108274
389707,0.0968477
389714,0.08871417
389717,0.4351358
389732,0.21114539
389737,0.45037812
389741,0.5190612
389755,0.35742062
389756,0.59320074
389763,0.50385016
389772,0.8652242
389777,0.31377256
389778,0.24264662
389796,0.21001351
389798,0.11752522
389805,0.5015896
389807,0.37520668
389815,0.30164394
389818,0.56286055
389823,0.38825694
389824,0.3570256
389831,0.097744435
389856,0.7059302
389860,0.16619965
389862,0.29282504
389872,0.6963288
389875,0.120667174
389878,0.5331347
389879,0.632917
389881,0.11085968
389895,0.22103341
389897,0.23803325
389898,0.42215812
389924,0.6631758
389929,0.2826644
389934,0.88855004
389947,0.5112246
389962,0.5376453
389981,0.08638024
390003,0.4189439
390006,0.22015837
390011,0.12159667
390041,0.3233933
390044,0.6341999
390045,0.25696525
390047,0.3235668
390048,0.70562345
390052,0.5683282
390056,0.5316502
390061,0.43556747
390065,0.16303001
390070,0.5865007
390073,0.501866
390076,0.21859518
390087,0.49044904
390092,0.31513187
390095,0.64935327
390099,0.7165324
390107,0.4529396
390116,0.11199031
390130,0.14872333
390133,0.85857284
390144,0.57342905
390155,0.13489157
390159,0.17966218
390181,0.31235024
390183,0.11656201
390214,0.25026214
390222,0.5700231
390230,0.56068754
390235,0.43290874
390237,0.20028141
390242,0.91288024
390256,0.27401355
390259,0.7255242
390261,0.3725304
390268,0.47837806
390271,0.12646906
390274,0.39379904
390276,0.14637071
390279,0.474079
390283,0.822058
390285,0.112255
390299,0.48931745
390316,0.120657206
390321,0.30514213
390330,0.23362674
390343,0.59820193
390346,0.8596285
390357,0.32932723
390359,0.65983856
390361,0.70118684
390365,0.17262436
390366,0.5935703
390372,0.79712015
390376,0.48869956
390378,0.8269166
390388,0.397203
390391,0.19099338
390400,0.5804859
390407,0.58588046
390411,0.36432892
390419,0.24865384
390423,0.20140518
390437,0.14503898
390445,0.13497944
390449,0.19909698
390455,0.5863895
390465,0.51327586
390491,0.12678356
390492,0.6350288
390494,0.59930193
390495,0.33295226
390497,0.10407973
390504,0.49334827
390508,0.51048833
390510,0.5788014
390512,0.35937613
390524,0.4158999
390531,0.10657524
390558,0.35294402
390561,0.26654068
390564,0.090066314
390569,0.33194348
390574,0.3490872
390575,0.293841
390587,0.7981635
390620,0.65351987
390621,0.57101756
390633,0.5783526
390634,0.5114047
390638,0.70659584
390639,0.44558376
390642,0.11947241
390647,0.75928444
390648,0.45914808
390663,0.5075563
390686,0.113264605
390688,0.75733674
390690,0.28948298
390691,0.27166367
390696,0.66234696
390703,0.42406592
390711,0.8062692
390722,0.17813095
390736,0.829326
390747,0.8812093
390752,0.622021
390760,0.40126505
390774,0.5587389
390777,0.12273089
390781,0.45430952
390793,0.4894279
390838,0.46204022
390847,0.7160486
390851,0.41006428
390854,0.14073277
390858,0.18233201
390864,0.37649965
390871,0.493037
390905,0.6315152
390908,0.6606184
390910,0.11757538
390917,0.13747235
390919,0.116965026
390920,0.21015956
390922,0.27697697
390928,0.5262175
390929,0.28509971
390953,0.44462717
390955,0.09116087
390959,0.15218298
390962,0.13191439
390971,0.73036546
390972,0.36865878
390990,0.09350436
390994,0.81176394
390997,0.79148024
391015,0.25021765
391034,0.5155811
391038,0.6267328
391043,0.28126955
391048,0.105501525
391049,0.19809929
391056,0.458219
391060,0.41168705
391072,0.4648281
391073,0.34726274
391077,0.349977
391086,0.10621288
391092,0.35222697
391096,0.55193377
391118,0.44491202
391123,0.5531334
391136,0.36426428
391137,0.30101416
391145,0.29268834
391162,0.2601032
391164,0.753497
391168,0.83171445
391172,0.16543767
391184,0.6388662
391188,0.4478363
391198,0.4850056
391207,0.25849023
391208,0.10071297
391209,0.7437272
391230,0.5882378
391232,0.31317186
391236,0.25104088
391237,0.8240263
391245,0.24780408
391269,0.35284233
391274,0.12812693
391275,0.79576427
391276,0.28921694
391279,0.5917393
391285,0.21063004
391306,0.096468195
391310,0.35846043
391321,0.08702091
391327,0.40496525
391341,0.7964859
391350,0.32064512
391353,0.11821185
391354,0.19454917
391357,0.32482046
391367,0.82421356
391371,0.36775059
391384,0.50494874
391387,0.16557816
391388,0.6509397
391392,0.1008069
391408,0.22802697
391433,0.21749152
391439,0.4088449
391443,0.70786476
391445,0.10429873
391449,0.48720998
391450,0.561176
391461,0.70691395
391469,0.25907907
391486,0.097477555
391487,0.74099267
391500,0.11995112
391501,0.21988225
391505,0.08574798
391516,0.4607877
391517,0.23238923
391522,0.25941643
391539,0.73190457
391543,0.7941725
391546,0.4483255
391552,0.7000152
391555,0.24489713
391564,0.15712965
391565,0.5446986
391570,0.22169141
391586,0.5456726
391587,0.41333282
391588,0.34255496
391590,0.39534026
391613,0.8292887
391614,0.6180461
391617,0.14989716
391623,0.41929758
391635,0.5267928
391653,0.27151287
391661,0.71256024
391670,0.23433018
391682,0.08956444
391713,0.109293446
391717,0.5986021
391726,0.87048155
391738,0.35500106
391740,0.15475631
391741,0.08750937
391742,0.2899461
391756,0.17508541
391765,0.8263338
391766,0.6244416
391768,0.39667332
391771,0.20502898
391784,0.41448283
391786,0.8473451
391791,0.41638654
391798,0.15680078
391820,0.86169815
391831,0.254182
391842,0.26453385
391843,0.09994825
391853,0.25463244
391858,0.73327154
391866,0.88706535
391867,0.12360652
391870,0.43392152
391879,0.51532364
391903,0.31507894
391915,0.38085887
391920,0.105233505
391929,0.5724844
391935,0.16902605
391944,0.100038216
391945,0.5324211
391947,0.5241888
391957,0.3049494
391960,0.5935067
391966,0.5897078
391977,0.14225976
391983,0.22107053
391990,0.5623879
391999,0.16816923
392010,0.10408086
392011,0.11340058
392012,0.19889264
392013,0.124607906
392015,0.17842594
392027,0.51081616
392029,0.4206759
392031,0.3878252
392035,0.14484604
392042,0.10003521
392049,0.2304969
392050,0.49942213
392062,0.5407758
392068,0.7541123
392071,0.20924607
392079,0.16913918
392087,0.28158164
392106,0.50228244
392111,0.11431385
392123,0.49977216
392127,0.7360414
392132,0.4498886
392149,0.6797512
392151,0.53879386
392175,0.8744915
392186,0.6477879
392190,0.8284512
392196,0.6882781
392202,0.59149396
392212,0.660662
392221,0.66686124
392224,0.74442935
392230,0.29460436
392232,0.6553135
392234,0.85211045
392239,0.4156227
392240,0.55890375
392241,0.085540816
392243,0.88013977
392250,0.19149263
392253,0.141605
392258,0.25491586
392260,0.32486513
392270,0.78792137
392280,0.4064734
392283,0.14713284
392293,0.104878075
392311,0.4824879
392316,0.30647653
392317,0.61325514
392319,0.6348167
392328,0.34194916
392363,0.5363059
392369,0.16438892
392371,0.22956605
392372,0.41635272
392386,0.48760033
392389,0.8148153
392390,0.619927
392391,0.6760099
392398,0.09770871
392399,0.2536848
392404,0.87626916
392405,0.15574573
392408,0.61710006
392422,0.18846558
392423,0.4821027
392424,0.43988302
392429,0.47535226
392430,0.43824852
392431,0.61974895
392437,0.14688648
392450,0.17109317
392458,0.15525289
392460,0.355364
392469,0.7606043
392474,0.49143854
392491,0.8342679
392495,0.30687255
392513,0.8584779
392526,0.6863661
392527,0.79787517
392534,0.24876316
392540,0.75538844
392554,0.4921858
392571,0.16851115
392578,0.564139
392583,0.09774831
392588,0.5926883
392594,0.56849504
392604,0.119130425
392610,0.80162203
392613,0.44598132
392619,0.38969323
392622,0.49934617
392624,0.18231189
392629,0.88958985
392634,0.39259255
392639,0.14181247
392649,0.15241167
392671,0.6180746
392680,0.8060685
392682,0.10478084
392684,0.27622446
392685,0.7234259
392686,0.85189176
392699,0.09308747
392704,0.16287933
392709,0.39060202
392714,0.8906819
392717,0.13581817
392727,0.36024567
392730,0.29424632
392741,0.29674917
392754,0.0991245
392762,0.41385528
392774,0.4648244
392775,0.43378988
392793,0.30130947
392800,0.37155786
392809,0.5857956
392812,0.36165488
392814,0.29513356
392820,0.57612425
392825,0.17187719
392847,0.41714445
392849,0.8553593
392861,0.65392196
392868,0.72757936
392880,0.8671378
392882,0.30195948
392888,0.5872831
392905,0.16054055
392909,0.6921119
392915,0.52651125
392925,0.23182766
392931,0.35695064
392933,0.27679044
392935,0.62333417
392939,0.4439683
392951,0.21861753
392960,0.10339404
392962,0.4966384
392964,0.21471015
392970,0.119920366
392980,0.5353197
392981,0.36132094
392985,0.2693861
392990,0.19865806
392992,0.75319445
392998,0.4685772
392999,0.3559076
393007,0.25752708
393009,0.38300976
393012,0.43023092
393014,0.12595119
393015,0.3247626
393035,0.7789846
393055,0.11555646
393056,0.49782956
393075,0.19043116
393078,0.15103756
393094,0.6391071
393111,0.3551094
393115,0.3256062
393117,0.64842135
393118,0.3596921
393128,0.8251202
393129,0.18688239
393136,0.17045398
393138,0.18853454
393139,0.8565783
393156,0.2672429
393159,0.8378275
393168,0.13443494
393172,0.44769433
393177,0.47391552
393189,0.086947106
393194,0.8658472
393201,0.14828523
393202,0.26584882
393209,0.23747751
393216,0.8625992
393218,0.5719497
393224,0.30304047
393227,0.45924306
393232,0.23810227
393256,0.42955855
393257,0.46702123
393258,0.86851513
393267,0.30869913
393269,0.2570331
393275,0.64914143
393278,0.6081864
393279,0.75271064
393312,0.41377124
393318,0.4377185
393343,0.3179943
393351,0.7449938
393356,0.09645643
393361,0.56844056
393370,0.5131723
393381,0.33648342
393395,0.6502024
393405,0.15159352
393416,0.58700824
393419,0.29922146
393430,0.4631768
393443,0.34790242
393454,0.89643043
393478,0.09018257
393489,0.093794525
393499,0.56300056
393503,0.226272
393505,0.45743382
393507,0.18184409
393526,0.3959687
393537,0.130531
393543,0.10151183
393555,0.17614383
393562,0.26192507
393573,0.637915
393587,0.8157636
393591,0.5049025
393606,0.113227576
393621,0.42311302
393624,0.22398965
393625,0.84189576
393628,0.64283615
393633,0.17918944
393641,0.5074441
393642,0.5616631
393650,0.23299965
393658,0.7567431
393669,0.33369544
393671,0.4686214
393672,0.3103462
393680,0.2601118
393683,0.8231864
393684,0.31032988
393691,0.09077828
393696,0.12452356
393699,0.25918937
393708,0.35156834
393709,0.7338417
393711,0.6144302
393720,0.7536199
393738,0.23777102
393740,0.4481558
393762,0.0898765
393774,0.15765402
393776,0.17176561
393778,0.6270364
393793,0.13191657
393804,0.65579396
393818,0.69731236
393821,0.18793626
393822,0.107604176
393833,0.8565596
393839,0.36090565
393840,0.7201764
393843,0.4862678
393852,0.09156643
393855,0.12832089
393860,0.54183024
393864,0.55086267
393877,0.7457944
393882,0.53875077
393884,0.29933965
393886,0.27031028
393892,0.2695844
393894,0.12493783
393902,0.35814455
393909,0.7626551
393910,0.15017477
393911,0.21734054
393934,0.10161598
393936,0.80415374
393939,0.723099
393940,0.34997487
393943,0.2101471
393946,0.46387407
393950,0.15167655
393953,0.4591636
393959,0.888671
393974,0.83803666
393980,0.6244187
393983,0.14080039
393985,0.21751197
393992,0.2614768
393995,0.68284017
394008,0.8729035
394010,0.45631072
394022,0.40768555
394062,0.2627777
394063,0.41230974
394066,0.4509838
394069,0.25727087
394071,0.3877387
394082,0.25014442
394087,0.29498485
394095,0.24489477
394097,0.6475934
394106,0.34584367
394113,0.91159654
394115,0.6186697
394125,0.17345886
394131,0.22895367
394132,0.52377737
394141,0.6439142
394145,0.7682706
394153,0.905843
394159,0.108778395
394180,0.31199425
394186,0.30898434
394200,0.5108262
394203,0.11242567
394210,0.21468033
394214,0.75948197
394218,0.77328134
394231,0.470702
394240,0.6449574
394248,0.53294456
394249,0.114316925
394254,0.49914613
394264,0.28508052
394267,0.29554275
394269,0.73474085
394275,0.48708743
394289,0.12579885
394295,0.24625959
394305,0.54113936
394308,0.45811582
394317,0.09520377
394323,0.6939378
394332,0.23974915
394336,0.58727646
394345,0.86133456
394346,0.290888
394347,0.16909626
394351,0.53201264
394355,0.8161327
394360,0.09080796
394372,0.5106732
394373,0.7271358
394374,0.28047493
394382,0.6580063
394385,0.35691842
394409,0.7904476
394415,0.295727
394433,0.45108163
394445,0.37141216
394448,0.65958196
394451,0.71400756
394467,0.29606232
394471,0.09788338
394473,0.687233
394474,0.2610454
394476,0.6395325
394492,0.2563802
394502,0.28680846
394506,0.48781618
394510,0.39087838
394515,0.20529702
394535,0.3132599
394537,0.8780389
394539,0.5446564
394541,0.3150939
394564,0.3664189
394567,0.3855087
394568,0.29765785
394571,0.6050404
394576,0.27630985
394579,0.5374191
394585,0.29948208
394588,0.0881724
394606,0.33850715
394623,0.25554913
394632,0.5692536
394635,0.49965608
394642,0.14585967
394653,0.46693268
394689,0.2383516
394695,0.118452325
394699,0.28200755
394706,0.5459155
394712,0.6050207
394721,0.80902106
394722,0.5179332
394739,0.16636893
394742,0.7699153
394761,0.68738246
394775,0.51252544
394777,0.8410717
394783,0.67587304
394800,0.53281915
394803,0.34437805
394804,0.88335204
394815,0.2101286
394835,0.57933545
394843,0.76246136
394845,0.7150782
394847,0.11380213
394848,0.5918248
394850,0.2192747
394857,0.3601527
394873,0.69294673
394892,0.54524434
394898,0.2354005
394904,0.27739236
394918,0.81027573
394920,0.75851154
394926,0.09087554
394927,0.39688388
394940,0.1980315
394942,0.11944397
394943,0.58408886
394959,0.4629592
394977,0.66564333
394991,0.75482994
395014,0.7696946
395027,0.1107254
395042,0.851227
395062,0.78311473
395063,0.86135334
395064,0.40017426
395076,0.19995074
395085,0.49666557
395095,0.28052542
395100,0.20887479
395105,0.78127253
395108,0.11963612
395110,0.6568719
395114,0.80637616
395123,0.638911
395131,0.2822108
395144,0.29082996
395152,0.778304
395159,0.4455342
395166,0.34409204
395197,0.1267672
395210,0.21300814
395212,0.23012604
395216,0.57268345
395218,0.6006674
395224,0.10773981
395225,0.7303884
395233,0.49993944
395237,0.10229543
395246,0.4190339
395248,0.8271933
395262,0.24849665
395271,0.16224967
395275,0.27955154
395286,0.46360376
395316,0.694996
395318,0.8703492
395328,0.71425897
395334,0.38700154
395337,0.69374824
395338,0.34662896
395346,0.42891648
395365,0.4748706
395373,0.6673468
395383,0.9062933
395387,0.28712103
395391,0.16736759
395401,0.6938418
395432,0.0878718
395443,0.122562855
395447,0.24498197
395448,0.38535485
395450,0.11519899
395456,0.18161492
395459,0.55142313
395462,0.44202
395488,0.7792786
395492,0.28987816
395495,0.23689194
395504,0.60018885
395507,0.3552374
395508,0.6384606
395509,0.3981063
395513,0.6975789
395515,0.46914744
395517,0.7066853
395520,0.64791137
395524,0.17419602
395525,0.15810464
395533,0.3868778
395538,0.22721912
395545,0.10772541
395553,0.39438897
395576,0.7311787
395585,0.44139376
395590,0.25727573
395593,0.12010269
395595,0.17222929
395603,0.38680446
395604,0.5479665
395611,0.7420829
395612,0.40831167
395617,0.13257796
395624,0.10142401
395653,0.72266805
395665,0.37363446
395668,0.53750414
395672,0.31977767
395677,0.41229895
395692,0.088976726
395693,0.4856478
395694,0.28020087
395696,0.7164389
395699,0.11821766
395703,0.21086004
395712,0.5088543
395731,0.32531515
395732,0.23925209
395735,0.1836299
395736,0.23194951
395744,0.65201324
395763,0.3162817
395771,0.095757626
395774,0.29231283
395784,0.22750066
395790,0.34533536
395792,0.88751733
395796,0.34858537
395808,0.5430446
395810,0.54749614
395814,0.6837392
395831,0.55508024
395836,0.3578848
395837,0.15740965
395852,0.4626812
395854,0.09870256
395856,0.53599775
395857,0.29056337
395860,0.092977494
395862,0.1498619
395875,0.3388275
395880,0.2480237
395893,0.80769074
395900,0.25807574
395908,0.56259304
395921,0.9003586
395922,0.118716516
395926,0.5044089
395933,0.16777356
395936,0.11057008
395940,0.2600812
395951,0.6271519
395964,0.08988683
395969,0.41652176
395971,0.32762152
395973,0.28975287
395975,0.5181393
395984,0.78325427
395993,0.21004476
396012,0.6932275
396033,0.8369163
396035,0.3586371
396036,0.6738327
396041,0.38413647
396048,0.41389245
396049,0.45066354
396057,0.5330321
396060,0.40793717
396063,0.10673823
396078,0.6151197
396085,0.69969475
396087,0.2218435
396094,0.51162225
396104,0.11655876
396110,0.22979335
396123,0.8562876
396139,0.28310692
396160,0.13581856
396165,0.31419793
396169,0.36386374
396182,0.38908684
396200,0.8999078
396201,0.13061064
396202,0.3104795
396216,0.6467188
396227,0.5349716
396236,0.089000255
396240,0.6693766
396249,0.19323985
396252,0.4020368
396253,0.64535064
396276,0.4866509
396297,0.4376103
396301,0.1776845
396310,0.11568765
396327,0.43829864
396330,0.23079607
396331,0.33018854
396334,0.1733161
396337,0.2318786
396343,0.46486
396346,0.2332386
396350,0.7772534
396368,0.35616603
396375,0.8579237
396378,0.47803763
396380,0.7578196
396393,0.16078435
396397,0.4915195
396403,0.13793105
396404,0.7338641
396408,0.3394306
396414,0.48039144
396418,0.9031851
396420,0.268844
396426,0.34289607
396428,0.2951833
396434,0.73347
396435,0.17864
396437,0.14141122
396442,0.29576388
396444,0.16528259
396449,0.1231652
396453,0.47051933
396464,0.31172943
396474,0.24461113
396483,0.27370176
396496,0.6566663
396501,0.5869779
396505,0.2187852
396506,0.1132059
396512,0.10392392
396513,0.7966372
396518,0.19095498
396530,0.39213458
396542,0.47819573
396549,0.1073534
396553,0.123156585
396555,0.75405985
396557,0.22569577
396562,0.6793261
396566,0.23461482
396588,0.82136464
396589,0.4429738
396590,0.69675684
396597,0.10812712
396602,0.1364457
396609,0.8022067
396614,0.7764978
396617,0.57692754
396620,0.8353012
396625,0.89855224
396638,0.40216574
396640,0.3718762
396646,0.57223046
396648,0.32772842
396653,0.5895361
396663,0.5506558
396668,0.44881278
396670,0.48834404
396678,0.21540123
396681,0.31685716
396698,0.10288756
396699,0.8139229
396710,0.47833246
396713,0.48607036
396729,0.23026843
396732,0.72805345
396735,0.8454506
396752,0.6002818
396754,0.35024568
396761,0.20586354
396769,0.59800994
396777,0.17747852
396789,0.7981432
396790,0.20084728
396792,0.34032205
396824,0.35133076
396829,0.23519368
396830,0.33905175
396844,0.6112761
396849,0.18431827
396855,0.8811044
396864,0.60926706
396865,0.4218846
396866,0.23249224
396883,0.29088613
396889,0.6320488
396893,0.21344104
396900,0.6569708
396904,0.5205993
396912,0.1441027
396916,0.11911806
396922,0.10380253
396926,0.22168139
396928,0.37265864
396931,0.5471617
396944,0.26932415
396949,0.1616468
396952,0.769458
396979,0.7374399
396984,0.10935435
396986,0.23346135
396992,0.10748608
396995,0.9184459
397014,0.33798233
397025,0.26876596
397046,0.8038793
397047,0.4713895
397051,0.26759282
397052,0.25817367
397058,0.12423901
397071,0.23866417
397081,0.4471445
397084,0.16752468
397086,0.8556569
397088,0.43150815
397090,0.84853256
397093,0.42844987
397106,0.32690272
397109,0.8721236
397110,0.46393037
397118,0.112276845
397119,0.5416189
397120,0.14056297
397127,0.23793049
397128,0.21054576
397129,0.1982955
397132,0.28002653
397138,0.14689767
397139,0.618811
397146,0.59638256
397148,0.8606563
397149,0.66678435
397166,0.19207944
397167,0.83986765
397168,0.16884296
397171,0.2264431
397178,0.6526224
397185,0.20886296
397191,0.48142284
397195,0.30280274
397197,0.58530724
397198,0.23320542
397211,0.48105687
397213,0.26051098
397216,0.13632067
397219,0.7302276
397226,0.19581129
397241,0.2659278
397249,0.7894518
397261,0.4017709
397265,0.11489714
397281,0.13308223
397304,0.41753048
397306,0.122801736
397325,0.56379193
397327,0.22573231
397345,0.89815086
397360,0.14552853
397378,0.17166778
397383,0.27083933
397384,0.3020996
397399,0.72071993
397415,0.17976287
397433,0.0868985
397444,0.9004634
397452,0.85930663
397458,0.28639784
397460,0.43045115
397462,0.4327803
397464,0.38763008
397466,0.870782
397472,0.0988118
397474,0.26244944
397476,0.6540168
397482,0.8188724
397492,0.6994904
397494,0.10020917
397501,0.73705804
397507,0.6785018
397512,0.6440712
397513,0.26231292
397517,0.14492585
397533,0.6418037
397549,0.8687657
397560,0.2977487
397562,0.15096685
397570,0.6446131
397575,0.16996188
397584,0.4988787
397585,0.12401285
397593,0.10596457
397609,0.5442884
397615,0.10684437
397630,0.65965366
397631,0.27454332
397633,0.7181103
397641,0.11667041
397664,0.170912
397668,0.09133803
397674,0.38753432
397679,0.650013
397681,0.59651995
397694,0.3493779
397695,0.48583052
397707,0.8928819
397713,0.13447843
397714,0.50384665
397715,0.22502582
397724,0.2110741
397726,0.83494574
397729,0.20578362
397739,0.1634465
397741,0.109210216
397759,0.6252714
397761,0.15323088
397767,0.6763088
397776,0.7916204
397782,0.73097897
397785,0.21541314
397789,0.30813408
397793,0.35615867
397794,0.7706876
397804,0.10523429
397815,0.22192644
397816,0.48439515
397825,0.6871756
397857,0.41975522
397861,0.29089722
397890,0.4106579
397891,0.84607536
397900,0.42234367
397903,0.45774782
397911,0.18975326
397925,0.23779185
397928,0.5194833
397954,0.15482011
397955,0.10061659
397962,0.5463127
397971,0.24696632
397975,0.692331
397984,0.6927406
397989,0.27222946
397993,0.56948835
398004,0.33913246
398032,0.8440213
398038,0.42583507
398043,0.25883427
398046,0.23876627
398051,0.6774102
398061,0.16868585
398082,0.42831773
398086,0.32755584
398087,0.5368787
398088,0.26887175
398093,0.23143585
398103,0.198295
398106,0.34647155
398109,0.55622995
398110,0.094104476
398113,0.38403472
398116,0.6286672
398132,0.20526983
398135,0.37712735
398138,0.47627485
398159,0.45265076
398163,0.84508777
398165,0.3527923
398166,0.5950497
398173,0.37486073
398179,0.52456766
398181,0.48383185
398189,0.10379663
398196,0.51705307
398206,0.49134526
398208,0.44396007
398220,0.17727605
398231,0.25365254
398234,0.86347526
398239,0.465283
398254,0.11853856
398260,0.3271944
398261,0.16720448
398269,0.7266508
398274,0.21399772
398279,0.1600866
398280,0.50628704
398292,0.69679266
398293,0.41509655
398295,0.4049107
398329,0.15669478
398337,0.4590898
398344,0.13343307
398347,0.14824641
398348,0.8740738
398352,0.092968844
398355,0.703365
398360,0.8070791
398363,0.47476578
398368,0.5671024
398373,0.73846203
398377,0.46849954
398384,0.18211737
398389,0.27903202
398394,0.7827112
398397,0.15188229
398400,0.48690948
398409,0.213498
398429,0.47240648
398432,0.56340414
398444,0.790438
398446,0.8089284
398456,0.18685341
398461,0.19719186
398473,0.14039725
398480,0.18505475
398481,0.7174093
398485,0.7544286
398488,0.8684352
398500,0.5654508
398520,0.56345683
398524,0.27093878
398534,0.26974845
398554,0.09928161
398572,0.53531206
398580,0.4179123
398586,0.15657468
398592,0.8349029
398606,0.687735
398619,0.39322037
398621,0.71626383
398625,0.6460609
398645,0.73204124
398652,0.8363511
398656,0.09562451
398661,0.6575351
398667,0.14245893
398669,0.66757375
398676,0.4032566
398690,0.13282774
398699,0.58276147
398715,0.6999535
398718,0.094691046
398721,0.1105759
398729,0.501206
398737,0.52452207
398738,0.18056773
398752,0.45559344
398757,0.6046126
398759,0.31808677
398764,0.6702121
398771,0.19679198
398773,0.12286435
398775,0.39885378
398779,0.80378336
398791,0.82679945
398807,0.66796935
398811,0.46183813
398814,0.41484988
398817,0.31615007
398829,0.1775361
398830,0.1109145
398838,0.1486517
398839,0.71569
398841,0.55377585
398850,0.290162
398852,0.24350359
398858,0.29381418
398859,0.69643486
398862,0.6672875
398870,0.6522154
398875,0.37961707
398902,0.14822806
398910,0.090339266
398919,0.7118596
398929,0.48755914
398935,0.7653796
398940,0.13013972
398953,0.33284232
398956,0.3875326
398963,0.10456206
398966,0.6768832
398967,0.68110526
398968,0.43417284
398974,0.55462307
398976,0.30000347
398982,0.4025074
398993,0.4013512
399011,0.45113558
399016,0.5837139
399017,0.2955571
399020,0.29564553
399047,0.7404918
399053,0.87773556
399056,0.1317798
399061,0.2233689
399066,0.6606342
399074,0.2738067
399086,0.45877725
399088,0.6149608
399091,0.5898659
399092,0.72905743
399093,0.3834267
399100,0.09299201
399124,0.21143433
399131,0.73602164
399142,0.24100736
399149,0.11995631
399158,0.6558927
399160,0.22672006
399167,0.13326758
399169,0.5204301
399171,0.08760772
399174,0.53660583
399178,0.790608
399179,0.72714496
399184,0.5151767
399185,0.11768197
399186,0.6129704
399191,0.26684964
399192,0.11179087
399195,0.84787893
399212,0.7917122
399221,0.51399297
399223,0.574691
399230,0.73210776
399246,0.53721756
399260,0.37334484
399261,0.559174
399266,0.41228926
399289,0.5754474
399293,0.20815846
399299,0.31956342
399306,0.08935825
399321,0.18844774
399328,0.14675362
399344,0.10755098
399352,0.3875537
399358,0.35116917
399374,0.724091
399382,0.89993644
399385,0.42709488
399388,0.15218635
399399,0.25592232
399410,0.09698479
399417,0.11081158
399423,0.2732124
399427,0.10950676
399429,0.58730805
399435,0.3020528
399439,0.2360868
399451,0.63208497
399454,0.16694441
399458,0.5017678
399468,0.19574168
399477,0.4058621
399483,0.6838767
399493,0.10151022
399494,0.5375615
399499,0.41103026
399503,0.45006472
399510,0.18997523
399511,0.19482052
399525,0.26989824
399528,0.5014702
399533,0.42840794
399538,0.66512793
399551,0.44544545
399568,0.7623775
399571,0.20992365
399585,0.16934325
399589,0.5249992
399595,0.12288788
399598,0.15474807
399605,0.52422863
399616,0.47225103
399617,0.09891948
399622,0.10541718
399627,0.7742731
399635,0.25603294
399639,0.8652621
399641,0.5184969
399643,0.516966
399659,0.109746695
399667,0.504296
399683,0.4291815
399702,0.70946527
399706,0.7317554
399720,0.09599424
399727,0.4206939
399730,0.7054848
399734,0.37740785
399751,0.3118515
399754,0.7723135
399759,0.64165455
399768,0.4348859
399770,0.66691446
399781,0.6297711
399786,0.75748515
399799,0.22181775
399811,0.14123097
399813,0.15403594
399820,0.26061732
399832,0.13189226
399851,0.6530881
399853,0.19453788
399855,0.4366391
399860,0.639669
399876,0.68819416
399877,0.5512415
399881,0.08674462
399882,0.31568706
399903,0.2652474
399906,0.49218532
399912,0.69605255
399915,0.6371311
399921,0.12317098
399935,0.56263745
399936,0.55345094
399938,0.2756749
399939,0.12070001
399940,0.2003389
399949,0.56438416
399953,0.08840061
399959,0.80259436
399968,0.36044335
399969,0.20897701
399972,0.19919832
399974,0.13292155
399976,0.3746997
399979,0.43183273
399988,0.4679455
399994,0.82128096
399996,0.47600627
399997,0.5780329
400000,0.24148916
400004,0.13461158
400011,0.44685972
400014,0.87101173
400015,0.1642584
400017,0.3052499
400046,0.4252638
400063,0.737947
400065,0.13943733
400069,0.13301954
400075,0.09338483
400088,0.16888978
400091,0.18433262
400105,0.19417588
400108,0.84675115
400113,0.52526426
400119,0.32337663
400123,0.5909417
400127,0.29844213
400136,0.22319122
400137,0.74342364
400138,0.78317916
400158,0.581618
400172,0.2932675
400174,0.15616989
400224,0.5294507
400229,0.7555789
400236,0.8635394
400240,0.12764001
400249,0.1070932
400258,0.42277497
400268,0.6779215
400272,0.1052291
400284,0.36167845
400292,0.12002057
400295,0.46950498
400308,0.531309
400314,0.18469477
400315,0.12528808
400331,0.7418214
400332,0.26432204
400339,0.12683411
400342,0.377406
400361,0.4290188
400363,0.4691484
400365,0.09553865
400374,0.4303275
400379,0.12117127
400382,0.19986537
400416,0.4805586
400422,0.20988046
400436,0.38351077
400460,0.4875372
400462,0.9046307
400468,0.63970834
400482,0.5552646
400489,0.3138963
400490,0.44624186
400501,0.17795941
400519,0.4342345
400525,0.8992527
400526,0.08741186
400529,0.76738346
400540,0.43164697
400543,0.6085661
400545,0.4275396
400556,0.44760442
400572,0.51425403
400584,0.09294794
400589,0.26266927
400593,0.9006703
400597,0.3950147
400616,0.5881319
400642,0.51008207
400643,0.39055786
400649,0.20976362
400672,0.61059767
400685,0.10483837
400693,0.58218867
400695,0.73082227
400701,0.16513194
400720,0.22459652
400741,0.40331608
400745,0.6372316
400750,0.24723394
400779,0.7261566
400784,0.23782058
400792,0.5502853
400800,0.21912825
400811,0.2425629
400813,0.8277566
400820,0.08642215
400830,0.23629414
400833,0.22599378
400834,0.20997833
400841,0.17489862
400855,0.7135324
400856,0.6496919
400860,0.14515918
400866,0.4446985
400869,0.41772625
400870,0.6272821
400880,0.3781812
400882,0.14246471
400915,0.6032245
400921,0.6736189
400923,0.4980707
400925,0.32467252
400936,0.33770597
400943,0.7732021
400962,0.16810368
400963,0.42639196
400967,0.18990166
400970,0.47068846
400975,0.15512308
400981,0.7262859
400983,0.8755994
400987,0.24309598
400988,0.26656494
400994,0.66721433
400998,0.57926756
401002,0.37955037
401003,0.546127
401005,0.32884878
401007,0.1800647
401022,0.8834141
401029,0.8588845
401035,0.23357831
401036,0.6572766
401040,0.11494771
401045,0.19105878
401053,0.23564784
401065,0.39243189
401067,0.61563003
401069,0.49692294
401073,0.5897423
401074,0.65753955
401078,0.6089885
401082,0.84110296
401086,0.21355976
401092,0.49018222
401097,0.337946
401098,0.1278777
401099,0.7236538
401100,0.7052293
401107,0.40877447
401119,0.7526421
401120,0.26946327
401137,0.71060133
401142,0.812532
401162,0.30496028
401163,0.7527549
401172,0.31284523
401179,0.5562031
401182,0.4718776
401184,0.50213826
401190,0.14040007
401207,0.21263343
401210,0.123846576
401220,0.2056851
401225,0.14957069
401230,0.82603186
401240,0.09233366
401246,0.61284196
401256,0.6999323
401273,0.1686014
401274,0.50492835
401287,0.48891562
401292,0.30812478
401305,0.6607543
401310,0.08788708
401311,0.5882303
401321,0.1954306
401332,0.23560297
401338,0.11931049
401345,0.46902156
401368,0.5475793
401375,0.9111948
401378,0.10070188
401379,0.14025421
401395,0.19459952
401403,0.51192266
401406,0.11905933
401415,0.41746128
401424,0.361511
401425,0.18813579
401428,0.61365163
401430,0.4774492
401436,0.27033576
401440,0.29167935
401443,0.43508732
401447,0.17520347
401448,0.18334775
401450,0.12117265
401459,0.22756286
401462,0.38257217
401470,0.88279223
401479,0.6000696
401481,0.11788221
401486,0.5657294
401496,0.23852935
401497,0.32178482
401502,0.31480876
401508,0.4346747
401513,0.5803813
401517,0.90466547
401519,0.8791944
401533,0.77659106
401536,0.8814368
401547,0.12339942
401581,0.27860874
401582,0.3936156
401586,0.41457334
401593,0.7775284
401603,0.40164962
401621,0.46656016
401625,0.481479
401635,0.83394593
401646,0.5154557
401649,0.24777316
401660,0.44539997
401668,0.8242868
401686,0.10096834
401706,0.85061806
401712,0.579429
401721,0.31850532
401725,0.7513574
401730,0.8884894
401741,0.0901006
401743,0.2129554
401748,0.30359107
401751,0.13141565
401770,0.26325306
401791,0.13865288
401792,0.63642186
401808,0.7807004
401816,0.21950348
401820,0.6600964
401821,0.3000288
401828,0.1299822
401830,0.55905336
401832,0.24966131
401839,0.5090677
401852,0.13794793
401868,0.17164491
401876,0.2651434
401879,0.80993974
401882,0.100129224
401894,0.29569498
401899,0.754766
401901,0.66995764
401913,0.17219141
401919,0.12914813
401920,0.31086224
401923,0.20436214
401924,0.8526614
401932,0.8099473
401942,0.8611326
401949,0.44860175
401950,0.6792555
401951,0.27086428
401952,0.52838725
401971,0.8028238
401972,0.14548224
401973,0.42264116
401974,0.5234828
401983,0.5489217
401984,0.17230777
401988,0.122121446
401989,0.39826941
401990,0.12459381
402024,0.5577053
402029,0.4330576
402030,0.79071856
402041,0.2648703
402042,0.52587897
402043,0.19162603
402052,0.5823644
402053,0.09427322
402054,0.17497997
402057,0.42094326
402067,0.1839712
402068,0.08464611
402069,0.6387998
402070,0.2821686
402071,0.14658374
402073,0.11101394
402074,0.34123853
402075,0.5642026
402076,0.48030844
402077,0.24079959
402078,0.81224155
402079,0.7605729
402080,0.139709
402081,0.08785393
402082,0.26021472
402089,0.7033247
402090,0.57215357
402091,0.7647306
402092,0.29530606
402094,0.32336047
402095,0.08886887
402096,0.22212017
402109,0.3183123
402151,0.33959574
402152,0.3445468
402153,0.48802233
402155,0.21233937
402201,0.2687832
402210,0.44147873
402212,0.5064589
402218,0.16287425
402227,0.7944135
402234,0.55264753
402236,0.12503962
402242,0.48454255
402243,0.15336774
402244,0.83609444
402245,0.09156447
402250,0.32596686
402251,0.46124443
402254,0.6726261
402255,0.8416895
402256,0.5724322
402257,0.7387911
402258,0.77547777
402259,0.50539976
402260,0.19036515
402261,0.84310514
402262,0.110403486
402263,0.71315193
402264,0.120365545
402265,0.17648713
402266,0.676717
402267,0.6333515
402268,0.104196206
402270,0.092393726
402271,0.09561349
402272,0.57684666
402273,0.24593174
402274,0.24274096
402275,0.5013039
402276,0.38300347
402277,0.49102372
402278,0.19666915
402279,0.43588874
402280,0.10796834
402362,0.7076019
402363,0.1901997
402364,0.26527804
402370,0.1622597
402376,0.16470727
402381,0.74597824
402384,0.35629386
402389,0.15189973
402414,0.38493767
402416,0.10133481
402417,0.32724875
402420,0.39325193
402426,0.10372654
402436,0.87305015
402444,0.113627434
402447,0.48672035
402449,0.39591062
402454,0.8635639
402458,0.7414438
402460,0.36855993
402466,0.13061349
402475,0.26560688
402498,0.7079323
402502,0.4575476
402505,0.39451542
402509,0.44973874
402513,0.7247086
402517,0.15475686
402519,0.19510794
402522,0.46624804
402523,0.20820399
402525,0.57492834
402528,0.72079676
402534,0.60035825
402536,0.44109163
402542,0.21487169
402548,0.8496957
402552,0.5810054
402559,0.5646966
402563,0.22753392
402568,0.41199464
402573,0.77433836
402574,0.32851228
402575,0.67248905
402577,0.37027177
402602,0.35378703
402603,0.8082418
402604,0.43999997
402614,0.7484969
402615,0.4028294
402616,0.12142041
402617,0.85408163
402618,0.7598097
402619,0.4009606
402639,0.35490546
402640,0.41892153
402641,0.8606196
402642,0.11573007
402643,0.11963791
402644,0.2917017
402645,0.3081612
402649,0.14082918
402650,0.6380351
402653,0.13744801
402654,0.09638304
402655,0.79835975
402656,0.7407602
402657,0.2212441
402658,0.1489437
402659,0.14160189
402662,0.18348366
402696,0.09230511
402705,0.32057273
402707,0.62789
402708,0.45656452
402709,0.3786809
402729,0.6500974
402730,0.47531757
402732,0.6214666
402739,0.3515368
402740,0.6052727
402741,0.54075867
402744,0.87692016
402745,0.7988879
402746,0.0932546
402772,0.7740494
402773,0.22478308
402774,0.3184618
402780,0.4374265
402781,0.41056266
402782,0.7643266
402790,0.23889656
402803,0.698882
402808,0.78818065
402809,0.13429038
402810,0.6768668
402811,0.27527788
402815,0.46181124
402820,0.374639
402821,0.5625635
402822,0.13754338
402824,0.5305018
402825,0.22212087
402870,0.2176353
402875,0.103948385
402924,0.7835837
402925,0.20994194
402926,0.08799899
402927,0.27012458
402928,0.3069929
402929,0.4544704
402930,0.6748106
402931,0.15193775
402932,0.2636573
402933,0.67286557
402940,0.24867252
402953,0.36757722
402954,0.3679622
402955,0.26460788
402956,0.39207357
402957,0.13003421
402970,0.110922806
402973,0.66805017
402974,0.5274379
402975,0.10584202
402976,0.43156284
402977,0.1327365
402978,0.2580574
402979,0.7463174
402980,0.78194374
402981,0.70171165
402982,0.4434689
402993,0.7366148
402994,0.2682187
403099,0.30768144
403137,0.11500131
403138,0.35515848
403165,0.28568938
403192,0.8506902
403214,0.48276767
403223,0.09377343
403238,0.27236164
403244,0.71804273
403246,0.16746172
403252,0.61852956
403254,0.4697779
403255,0.09184446
403259,0.5125414
403262,0.41779104
403277,0.25546163
403280,0.5954388
403281,0.5511699
403287,0.15096055
403315,0.7485376
403318,0.54020786
403319,0.23584236
403327,0.18878375
403331,0.18830146
403342,0.6696108
403349,0.41896895
403353,0.502086
403364,0.3101401
403369,0.15668027
403373,0.7779097
403376,0.1940214
403378,0.1032816
403384,0.170376
403385,0.09985042
403386,0.15505071
403388,0.6071148
403396,0.23059711
403398,0.38326252
403404,0.72267324
403410,0.26995787
403414,0.5766018
403417,0.7314014
403422,0.35419792
403424,0.48690525
403438,0.46674386
403451,0.23215066
403452,0.43568286
403453,0.45826733
403454,0.34077573
403455,0.5565167
403464,0.36922628
403465,0.66950315
403466,0.10407316
403500,0.71280676
403501,0.5894607
403524,0.66244006
403525,0.85861176
403526,0.12080575
403527,0.1636375
403542,0.74796736
403543,0.25820026
403549,0.1145985
403550,0.22132526
403551,0.70513225
403552,0.75241804
403553,0.18006134
403554,0.41014367
403558,0.09865722
403559,0.31316707
403560,0.9087273
403561,0.89224434
403562,0.71644056
403564,0.56267554
403565,0.38059944
403566,0.10140407
403600,0.7258277
403602,0.5442662
403603,0.42656478
403662,0.16501452
403685,0.14726198
403686,0.08628005
403687,0.0897845
403688,0.7065244
403689,0.91654724
403690,0.8615626
403691,0.45897686
403692,0.13393025
403696,0.09938877
403697,0.7025457
403698,0.13111292
403699,0.8299981
403701,0.7210857
403702,0.60019374
403703,0.6992754
403704,0.5241982
403705,0.20140019
403712,0.17424124
403713,0.11937262
403714,0.8702492
403715,0.29556182
403718,0.2591943
403722,0.8181295
403723,0.19083996
403724,0.47877014
403725,0.111685194
403726,0.15328439
403764,0.30724236
403765,0.34403569
403766,0.5841275
403770,0.8869065
403771,0.100868784
403772,0.7464206
403795,0.42620015
403799,0.207124
403800,0.30719534
403801,0.10744131
403802,0.82995176
403803,0.8190589
403811,0.18212128
403814,0.19272704
403815,0.16532266
403816,0.10003461
403817,0.14661765
403818,0.12489905
403820,0.35710222
403821,0.5157518
403822,0.62094223
403823,0.11043076
403824,0.580381
403825,0.0928753
403826,0.14081232
403828,0.2997505
403834,0.2783048
403836,0.7955825
403837,0.67535067
403838,0.41891095
403839,0.49508855
403873,0.2550858
403876,0.5808684
403902,0.34750563
403918,0.37491676
403922,0.21316446
403928,0.8228693
403929,0.45229015
403931,0.09595102
403932,0.10937473
403933,0.3643527
403935,0.109306075
403936,0.8137006
403937,0.31275457
403938,0.29027268
403943,0.32482904
403944,0.35095423
403945,0.12590726
403946,0.69880265
403948,0.5196484
403951,0.6077346
403955,0.46813226
403956,0.3858476
403957,0.7423133
403958,0.27389306
403960,0.74209446
403961,0.21523072
403962,0.8360857
403963,0.3110049
403964,0.64531755
403965,0.6368967
403966,0.6744704
403967,0.23051557
403968,0.84716487
403969,0.43310857
403970,0.4032103
403971,0.51427954
403972,0.858825
403973,0.63336664
403974,0.89220756
403975,0.21551023
403976,0.15690745
403977,0.4990911
403978,0.5071736
403979,0.10028656
403980,0.8838213
403981,0.19323489
403982,0.099633686
404062,0.51584363
404067,0.12527943
404070,0.24437313
404079,0.2514988
404084,0.17651092
404108,0.58099866
404112,0.5179165
404118,0.76362747
404121,0.21496147
404122,0.49619177
404126,0.32376602
404140,0.1642315
404152,0.4657473
404156,0.82289416
404158,0.4345717
404160,0.15224175
404172,0.11204816
404174,0.34112683
404180,0.5048274
404186,0.27212325
404190,0.4623817
404192,0.34109557
404206,0.12441148
404207,0.8370346
404213,0.47234228
404216,0.7045723
404220,0.43490747
404227,0.32024187
404235,0.2464397
404247,0.81052077
404259,0.109612316
404266,0.54685074
404267,0.71034765
404274,0.8767227
404276,0.49318093
404277,0.09212218
404278,0.5232987
404279,0.35951042
404280,0.3692279
404287,0.42696062
404288,0.68034226
404289,0.20550598
404290,0.84952736
404291,0.09545354
404293,0.7001086
404302,0.30545208
404303,0.22983599
404304,0.58428395
404307,0.33066055
404308,0.2935869
404309,0.7515742
404310,0.60720664
404311,0.890429
404312,0.7972255
404323,0.15757494
404324,0.24872044
404325,0.41527483
404326,0.23710516
404327,0.79298925
404328,0.158591
404329,0.09407264
404330,0.25617373
404331,0.16181104
404335,0.62908775
404336,0.49571043
404337,0.8445548
404364,0.75259894
404379,0.4100626
404380,0.87787735
404381,0.88855743
404382,0.3276516
404385,0.23599833
404390,0.23682913
404391,0.16651972
404392,0.8149558
404393,0.32186347
404396,0.4633348
404400,0.10589077
404401,0.12891334
404402,0.47867146
404403,0.8720735
404404,0.6622555
404405,0.5964177
404406,0.10801108
404437,0.5773052
404439,0.5094481
404461,0.7968916
404462,0.62460715
404464,0.08802647
404468,0.72607315
404469,0.3503408
404470,0.3477496
404471,0.12598379
404472,0.6099692
404473,0.17574657
404474,0.41111574
404475,0.57399946
404477,0.41599742
404478,0.41000777
404554,0.25979176
404555,0.22850266
404556,0.16135752
404557,0.15334919
404569,0.5283686
404571,0.31373098
404585,0.59605783
404586,0.12425691
404592,0.8258794
404595,0.12200765
404596,0.5706215
404597,0.5412242
404603,0.8269507
404606,0.46090513
404607,0.7509938
404608,0.2692616
404609,0.3129271
404620,0.70173687
404689,0.3995812
404708,0.15002593
404734,0.7827535
404771,0.4441184
404806,0.17691982
404818,0.20667444
404850,0.15566581
404870,0.5247505
404923,0.2600573
404934,0.67107594
404938,0.45114136
404954,0.124489106
404957,0.43966082
404963,0.4926412
404964,0.15677752
404969,0.7830329
404970,0.55772567
404979,0.1034585
404997,0.1502564
404998,0.5325498
405009,0.5485937
405016,0.14179161
405018,0.108096115
405035,0.7030712
405036,0.28046465
405038,0.660981
405047,0.2024855
405055,0.25453028
405060,0.39718577
405066,0.25807703
405081,0.35192707
405084,0.8323529
405089,0.7298571
405098,0.21771756
405100,0.5735949
405114,0.10832022
405118,0.45544213
405119,0.688691
405120,0.37307656
405121,0.4902527
405124,0.24051347
405125,0.63847136
405132,0.103892036
405179,0.10611549
405193,0.42270496
405194,0.8232923
405195,0.14309706
405206,0.1305421
405207,0.28555235
405211,0.10736454
405215,0.093581714
405217,0.7771112
405219,0.5916827
405220,0.49486086
405231,0.38383064
405232,0.5419544
405291,0.38080698
405316,0.45607483
405317,0.43742874
405318,0.18450369
405319,0.13540429
405320,0.33170536
405325,0.09938028
405326,0.19510685
405333,0.2942061
405334,0.6259093
405349,0.8066552
405351,0.617231
405353,0.18564183
405354,0.90977514
405361,0.4979388
405362,0.11268463
405363,0.5521141
405364,0.7994428
405365,0.60544497
405366,0.52480835
405372,0.72892606
405397,0.13140441
405402,0.41640675
405409,0.29285505
405410,0.90318763
405411,0.25517082
405412,0.25609607
405435,0.26017657
405436,0.18268606
405438,0.42870772
405442,0.3377152
405443,0.8147286
405444,0.33303648
405445,0.41376954
405446,0.3405597
405468,0.14903758
405489,0.5890313
405490,0.6006704
405498,0.116057634
405509,0.15817769
405510,0.092518106
405511,0.45917603
405512,0.14310975
405517,0.2439247
405518,0.44945556
405523,0.096717976
405544,0.36715862
405546,0.31304637
405552,0.860903
405583,0.10244333
405592,0.13712533
405599,0.22573929
405602,0.2873991
405607,0.1175013
405613,0.68676794
405620,0.86547714
405624,0.72493535
405625,0.23086432
405626,0.25243074
405632,0.42732686
405633,0.3249064
405637,0.83123016
405640,0.52168524
405642,0.65428084
405646,0.10864795
405647,0.21978994
405650,0.89965904
405653,0.6298857
405654,0.6644398
405660,0.38566014
405666,0.56422496
405667,0.7517052
405668,0.19933057
405669,0.3043393
405671,0.59623456
405672,0.10778072
405673,0.38532555
405674,0.51996124
405675,0.19194025
405676,0.48920447
405677,0.1328501
405679,0.13216981
405680,0.7701961
405682,0.5482119
405683,0.22926404
405684,0.22031783
405685,0.7673542
405687,0.123654
405689,0.11097764
405690,0.18059461
405691,0.63029444
405692,0.32665607
405693,0.60891634
405695,0.52114916
405696,0.45930907
405697,0.15089296
405698,0.43505478
405699,0.19331941
405700,0.7805185
405701,0.7519162
405702,0.6690074
405761,0.44001493
405765,0.5219215
405769,0.21103625
405784,0.7248411
405811,0.0983101
405814,0.12124091
405816,0.6132311
405818,0.5193217
405821,0.34421915
405822,0.11315247
405838,0.20428999
405841,0.19661112
405846,0.22300486
405855,0.38569844
405857,0.17516795
405858,0.74564886
405860,0.30781412
405861,0.6200203
405871,0.4381053
405879,0.10732539
405880,0.23731579
405886,0.30646935
405901,0.286174
405904,0.4053915
405905,0.17499593
405906,0.22924705
405927,0.123975605
405930,0.7334912
405944,0.15245858
405946,0.12533593
405954,0.8188211
405963,0.27044678
405964,0.08841968
405965,0.099581085
405966,0.5972017
405970,0.19333464
405971,0.5070101
405992,0.43110338
405996,0.16007535
405999,0.16718782
406002,0.51174587
406003,0.20309077
406004,0.12721464
406005,0.13437353
406006,0.71699244
406007,0.8481106
406008,0.8358941
406028,0.13020785
406029,0.23025177
406043,0.450653
406044,0.10117437
406045,0.72550726
406046,0.7865882
406048,0.19808845
406050,0.31743544
406051,0.32133347
406052,0.8182873
406053,0.6349483
406077,0.33462262
406082,0.5811661
406083,0.8665724
406084,0.23064344
406098,0.104212776
406099,0.43374798
406100,0.85320187
406113,0.5262906
406114,0.48632306
406115,0.4125352
406116,0.35594958
406117,0.09610675
406127,0.29698133
406128,0.51269436
406129,0.722089
406132,0.18314584
406133,0.30154857
406134,0.28327957
406135,0.8675387
406136,0.3117072
406137,0.5869318
406138,0.60060596
406139,0.7026406
406142,0.61396307
406143,0.72326946
406175,0.4759655
406176,0.48088008
406177,0.2792147
406194,0.23081766
406195,0.28088513
406208,0.41114202
406210,0.42077723
406216,0.69117385
406217,0.7525695
406227,0.2565933
406228,0.18659551
406253,0.37579712
406254,0.12981886
406260,0.32339022
406267,0.33802205
406269,0.111571625
406276,0.8262342
406277,0.4376885
406279,0.106513515
406288,0.1695581
406297,0.52879316
406308,0.7900706
406310,0.86564094
406320,0.14685248
406336,0.14066221
406352,0.14869799
406365,0.36405808
406369,0.7423459
406371,0.37127566
406401,0.56403035
406408,0.3373082
406409,0.09221019
406475,0.8799112
406492,0.35415348
406510,0.5643195
406519,0.45878407
406565,0.8789125
406584,0.55186373
406596,0.16287133
406598,0.095825486
406605,0.66872424
406609,0.15014343
406610,0.43708476
406611,0.11451657
406654,0.26734906
406670,0.5250204
406675,0.69499147
406681,0.42576045
406682,0.10574739
406695,0.42459968
406697,0.4924129
406712,0.7274737
406719,0.31046492
406725,0.6981193
406734,0.23185955
406743,0.7506738
406778,0.46392688
406784,0.6489843
406786,0.48220357
406791,0.5080169
406792,0.37757134
406803,0.69604164
406812,0.18632387
406813,0.5250547
406814,0.45659107
406841,0.46970004
406842,0.56188554
406843,0.2326588
406848,0.5723196
406861,0.33634746
406862,0.76945806
406863,0.08806009
406864,0.2657586
406865,0.6809142
406871,0.5629201
406872,0.5942695
406873,0.555982
406893,0.41749492
406919,0.35760066
406920,0.36827135
406921,0.7501901
406923,0.69599783
406924,0.65331584
406925,0.08611943
406926,0.49413174
406927,0.8271894
406936,0.10790874
406937,0.7736363
406938,0.10306902
406939,0.35192502
406940,0.46297842
406941,0.41979143
406952,0.30882072
406953,0.6208663
406954,0.35135883
406962,0.5161855
406963,0.9079971
406964,0.19532476
406965,0.6445822
406966,0.5257366
406967,0.17522258
406968,0.7656368
406969,0.6925817
406970,0.23888224
406971,0.5527353
406972,0.70602274
406973,0.27053642
406974,0.4092578
406975,0.40915257
406976,0.17951232
406977,0.25676134
406985,0.18978705
406987,0.25931722
407025,0.8005322
407031,0.42555094
407033,0.7956634
407039,0.30507246
407041,0.47253102
407044,0.5418294
407046,0.53293437
407053,0.18220237
407061,0.2682947
407069,0.14024127
407070,0.6763594
407072,0.20908052
407073,0.4067327
407081,0.78867877
407082,0.4333828
407088,0.14874978
407091,0.8182308
407097,0.14652883
407104,0.7519114
407105,0.8768639
407106,0.15637146
407121,0.37964773
407128,0.11718502
407137,0.21004316
407144,0.70898795
407145,0.81083167
407154,0.4952334
407162,0.28860354
407164,0.7155352
407168,0.7356016
407203,0.38035107
407210,0.74823636
407215,0.37197527
407218,0.15086658
407228,0.1570597
407262,0.5247629
407274,0.79987794
407280,0.8712779
407288,0.1612649
407298,0.21219158
407299,0.894952
407302,0.6229707
407303,0.62290525
407305,0.86932904
407306,0.8413494
407307,0.3330483
407313,0.10759163
407314,0.14195232
407315,0.22724871
407316,0.1263519
407322,0.53746146
407323,0.28149924
407324,0.25966945
407325,0.22603677
407329,0.610804
407330,0.7832139
407332,0.7178461
407333,0.51441044
407334,0.29954115
407335,0.75489074
407336,0.5493545
407337,0.6418616
407338,0.38794467
407339,0.103629224
407340,0.17062174
407341,0.5260394
407342,0.26115024
407343,0.51492727
407344,0.3114708
407345,0.16202341
407346,0.8010112
407353,0.3370332
407364,0.3596411
407365,0.32073238
407366,0.1642743
407370,0.59129214
407373,0.69180727
407376,0.58736044
407386,0.28713542
407388,0.09473723
407391,0.1479103
407393,0.23181854
407427,0.20646635
407452,0.5873998
407454,0.2704649
407457,0.27339992
407462,0.14038068
407463,0.15876795
407468,0.71461207
407469,0.7584778
407478,0.23414986
407482,0.35605824
407487,0.6525485
407489,0.72817874
407498,0.8233267
407516,0.61649054
407519,0.50590336
407528,0.7216166
407532,0.8309708
407534,0.7301142
407543,0.2108023
407546,0.8915444
407550,0.38063356
407555,0.49269956
407558,0.43762025
407587,0.122946955
407588,0.1855247
407594,0.6149811
407596,0.2393564
407598,0.46542242
407602,0.53027165
407605,0.42750293
407613,0.5260478
407619,0.87329036
407625,0.34865665
407627,0.20128514
407629,0.5029867
407631,0.20881292
407633,0.14360121
407636,0.59377176
407645,0.89499736
407648,0.45111257
407669,0.11250013
407674,0.09265695
407675,0.42607886
407676,0.24285348
407677,0.76372993
407678,0.8125937
407679,0.40178356
407680,0.7080136
407681,0.41424456
407682,0.53602576
407684,0.5426361
407692,0.45785657
407693,0.7807809
407694,0.45949435
407695,0.1387739
407696,0.4966525
407697,0.6463299
407698,0.4087156
407699,0.41568458
407702,0.22457916
407703,0.57717484
407725,0.60313404
407726,0.7157683
407729,0.77218956
407731,0.1513473
407745,0.4668646
407749,0.29637578
407750,0.09284543
407751,0.63131416
407752,0.8645857
407753,0.8972924
407754,0.5227051
407755,0.5602276
407756,0.2290379
407765,0.2837231
407766,0.4726964
407767,0.4201866
407768,0.34299055
407773,0.38799798
407774,0.37130207
407778,0.49824166
407779,0.5613916
407780,0.88502055
407781,0.24930154
407782,0.0942367
407783,0.6855105
407784,0.4274816
407825,0.44898483
407826,0.14353241
407828,0.3692903
407829,0.17725062
407830,0.69764465
407831,0.21242213
407832,0.13007607
407838,0.27632633
407839,0.6080997
407840,0.09550497
407841,0.6997212
407842,0.41706222
407855,0.6697047
407857,0.41179854
407881,0.53723264
407882,0.65115577
407885,0.13256063
407915,0.14334002
407916,0.113026924
407918,0.74700963
407919,0.66634965
407920,0.33980316
407921,0.52769953
407922,0.17938209
407927,0.28133357
407934,0.47756708
407941,0.63251287
407942,0.44903117
407943,0.42372662
407944,0.115787
407946,0.36947885
407947,0.25071272
407952,0.09286899
407955,0.55733216
407978,0.5150657
407986,0.20963122
408003,0.71881187
408006,0.13843687
408008,0.11835278
408015,0.23862028
408016,0.415085
408028,0.8254869
408035,0.20043881
408042,0.45246115
408044,0.87704
408052,0.092278905
408053,0.28219005
408056,0.31381854
408068,0.28109643
408071,0.1745078
408074,0.32311687
408085,0.74415547
408089,0.10647952
408091,0.33873525
408098,0.115022056
408106,0.5037814
408108,0.88147813
408116,0.8395616
408126,0.3823482
408130,0.4380464
408135,0.30224547
408148,0.21093324
408168,0.5730837
408170,0.57225984
408172,0.4729959
408176,0.24885476
408181,0.54492986
408191,0.111985475
408194,0.5212917
408213,0.3992284
408248,0.22559701
408249,0.130673
408250,0.45227268
408256,0.7436825
408261,0.22967851
408262,0.5786016
408268,0.71582913
408269,0.20422298
408273,0.33834735
408280,0.40132922
408286,0.3829369
408347,0.65356517
408349,0.09858463
408350,0.23586342
408351,0.3062107
408352,0.12811498
408355,0.20223686
408356,0.29004863
408357,0.59308773
408384,0.5751634
408385,0.23071451
408386,0.5313927
408387,0.09921451
408388,0.20386195
408389,0.5245349
408390,0.3344189
408391,0.77827615
408392,0.676622
408393,0.12649535
408398,0.2474916
408399,0.13686508
408400,0.28332457
408405,0.413076
408406,0.09138375
408437,0.09048413
408459,0.53971136
408460,0.5230661
408463,0.6742975
408467,0.20044123
408468,0.6941036
408471,0.24620356
408477,0.77005655
408478,0.11113558
408479,0.12647395
408481,0.105223306
408482,0.11303291
408483,0.1337954
408484,0.28059202
408485,0.5702833
408486,0.11303925
408489,0.7386138
408490,0.10536436
408504,0.14849304
408506,0.45070568
408508,0.58757573
408514,0.098131135
408515,0.365557
408516,0.61535263
408517,0.5497944
408518,0.5904154
408523,0.5241232
408524,0.15970358
408525,0.10635453
408526,0.7671583
408531,0.39740443
408579,0.1266667
408580,0.56293935
408581,0.10213182
408599,0.5075392
408615,0.73749727
408616,0.107158795
408617,0.57294565
408619,0.09125392
408622,0.4368112
408624,0.66762567
408625,0.401552
408626,0.137135
408627,0.4534111
408651,0.1504534
408658,0.14870746
408659,0.7392246
408660,0.43252853
408661,0.0918947
408662,0.6955811
408688,0.18280847
408689,0.8516749
408690,0.22327931
408695,0.47813213
408696,0.28254128
408701,0.42629555
408702,0.13668671
408705,0.13165185
408728,0.7315196
408742,0.25471473
408759,0.28013775
408766,0.31184432
408768,0.67736995
408774,0.3382813
408775,0.76564324
408780,0.10957482
408790,0.36162233
408791,0.1391568
408792,0.20160277
408794,0.44730845
408797,0.4449767
408808,0.49540824
408830,0.5592129
408857,0.121895336
408863,0.7403426
408874,0.85929036
408880,0.5051288
408885,0.27541825
408890,0.26518735
408898,0.53110343
408902,0.19126317
408903,0.17372474
408905,0.650633
408908,0.20894773
408911,0.09614085
408921,0.63163686
408932,0.24570791
408933,0.5648026
408935,0.82264924
408960,0.6657246
408968,0.13579924
408985,0.09831408
408986,0.29120588
408990,0.46296483
408993,0.5233798
409001,0.37972814
409003,0.11396829
409008,0.30827656
409010,0.4031233
409015,0.09791159
409017,0.680355
409028,0.11677486
409034,0.1158498
409035,0.24991086
409041,0.32971784
409054,0.38075197
409057,0.12836814
409064,0.4828674
409065,0.9171649
409066,0.3315053
409068,0.6813496
409076,0.12202314
409080,0.34183824
409083,0.3693739
409084,0.53706574
409085,0.1609231
409088,0.11470774
409105,0.65830564
409121,0.11943213
409123,0.872282
409133,0.3429319
409153,0.28902853
409156,0.20715155
409157,0.84418476
409158,0.37401417
409163,0.51032394
409167,0.6434372
409168,0.69564265
409169,0.13771184
409172,0.7019237
409173,0.15145539
409174,0.09085263
409175,0.12441915
409192,0.8730186
409193,0.7800558
409197,0.40499493
409204,0.16947325
409206,0.102775514
409208,0.31675124
409209,0.5332094
409212,0.720923
409213,0.18836592
409214,0.489489
409217,0.1879041
409218,0.3326938
409220,0.30063912
409221,0.20076403
409227,0.15659206
409228,0.14257191
409229,0.61317027
409230,0.8308771
409259,0.30959147
409261,0.3586685
409269,0.6333822
409277,0.23637894
409278,0.121212125
409285,0.8319338
409286,0.20684552
409287,0.79539704
409293,0.17569381
409297,0.10050316
409298,0.24613495
409299,0.10566423
409340,0.33901295
409377,0.60990673
409383,0.21074231
409384,0.22266702
409409,0.19399796
409412,0.09811094
409413,0.8019949
409414,0.67194843
409415,0.28740788
409423,0.44854373
409428,0.41921073
409429,0.09025987
409430,0.48369023
409431,0.102593064
409432,0.8131401
409433,0.14118783
409434,0.6988118
409442,0.8473394
409443,0.8212772
409446,0.1312511
409463,0.29900923
409482,0.104242064
409507,0.6787246
409508,0.49708548
409509,0.14371945
409514,0.4932185
409535,0.44689196
409536,0.5334296
409537,0.16764273
409538,0.12120258
409541,0.48830009
409542,0.17756955
409543,0.1933417
409545,0.42147
409550,0.13353889
409551,0.13052508
409552,0.71346587
409553,0.8510856
409558,0.526836
409563,0.29647213
409574,0.22638898
409607,0.6913462
409608,0.7651151
409628,0.10094417
409632,0.8823991
409633,0.67460686
409636,0.54902065
409676,0.33870846
409691,0.33994427
409694,0.6066575
409707,0.19145483
409723,0.21495415
409741,0.30129173
409743,0.5392248
409747,0.6789146
409773,0.6102509
409777,0.7368544
409778,0.6242104
409804,0.59734946
409805,0.08953554
409812,0.20079894
409817,0.13830635
409836,0.38287294
409846,0.61659276
409850,0.6773679
409852,0.10506774
409861,0.8519688
409864,0.63739294
409871,0.42060566
409891,0.3429729
409896,0.17014188
409917,0.6582262
409918,0.105428375
409923,0.63797927
409941,0.10468105
409949,0.5454141
409953,0.14473023
409958,0.21002948
409972,0.50221324
409979,0.7261307
409983,0.5412554
409984,0.6752901
409985,0.11435439
409986,0.5962052
409994,0.713121
409999,0.20504501
410019,0.51123303
410024,0.3849299
410025,0.2164177
410039,0.18211225
410044,0.64531344
410045,0.55112904
410046,0.4609679
410047,0.32685652
410048,0.16785869
410065,0.41083184
410066,0.709576
410073,0.08946756
410087,0.23239845
410089,0.64082366
410092,0.42924824
410093,0.6378447
410094,0.30118084
410095,0.4906476
410096,0.38763654
410101,0.605329
410102,0.43247068
410103,0.11052542
410107,0.17658892
410110,0.44217682
410111,0.45485657
410112,0.75466365
410142,0.15018164
410143,0.13873725
410161,0.7476806
410162,0.48569003
410165,0.21993154
410166,0.83935785
410167,0.5347566
410184,0.58241946
410185,0.27362552
410186,0.12118765
410187,0.56367683
410223,0.35637695
410256,0.8277739
410257,0.7634123
410258,0.18282837
410259,0.10171994
410269,0.8027257
410270,0.20417137
410273,0.30729845
410274,0.45822832
410275,0.19976495
410276,0.7322031
410277,0.5218168
410295,0.22119053
410296,0.29460576
410297,0.595442
410298,0.40923607
410300,0.48302305
410301,0.11561237
410302,0.64127815
410303,0.33584684
410304,0.2214336
410305,0.12577102
410306,0.7691996
410307,0.18566501
410308,0.63271815
410309,0.37809557
410316,0.12753545
410317,0.5766226
410358,0.65982467
410359,0.18668577
410360,0.41120282
410368,0.7069566
410369,0.5502245
410370,0.13608831
410372,0.22254582
410373,0.09930229
410378,0.79773396
410379,0.27835563
410380,0.62427676
410387,0.8428567
410388,0.91483104
410389,0.1831074
410390,0.24527325
410405,0.28297937
410411,0.20816368
410416,0.16911678
410418,0.43951538
410424,0.73299366
410429,0.54486316
410438,0.21951285
410442,0.38104665
410448,0.09565173
410456,0.40361863
410464,0.2172987
410467,0.6662777
410473,0.7002488
410476,0.11342622
410479,0.7665825
410499,0.4710803
410526,0.44247317
410528,0.36582458
410546,0.87286335
410564,0.1194687
410567,0.35170722
410571,0.61030835
410572,0.8345722
410573,0.50864726
410577,0.513474
410581,0.47969198
410587,0.3788169
410588,0.26130277
410595,0.27909195
410602,0.22906959
410606,0.15406527
410616,0.14933299
410624,0.8516803
410626,0.47852695
410637,0.28686166
410660,0.4343975
410661,0.11843763
410663,0.22701558
410664,0.54684496
410669,0.3344178
410675,0.25287172
410679,0.7761377
410684,0.13760728
410689,0.084818676
410693,0.15561847
410697,0.12077057
410698,0.23167896
410699,0.1546488
410706,0.33474615
410710,0.502728
410712,0.10993906
410716,0.37331855
410725,0.34670916
410735,0.51022464
410742,0.27176863
410745,0.12049778
410746,0.112240724
410751,0.44353595
410753,0.30493885
410759,0.40939113
410761,0.85139686
410770,0.1200877
410778,0.4481935
410784,0.31414044
410786,0.47269
410789,0.22541378
410800,0.362708
410811,0.17593396
410813,0.15244983
410821,0.72567135
410822,0.13201725
410879,0.43274957
410880,0.5980234
410900,0.4834216
410901,0.7536781
410908,0.3422336
410909,0.22377993
410910,0.15913996
410911,0.8284233
410912,0.3025458
410913,0.40776235
410914,0.61968666
410915,0.1320073
410916,0.105354495
410917,0.43052864
410918,0.20092775
410919,0.15132344
410922,0.7453926
410923,0.5280345
410940,0.37934148
410955,0.6118069
410956,0.8985481
410959,0.8202367
410960,0.6909363
410961,0.6584605
410962,0.28098723
410963,0.6189645
410964,0.11241588
410968,0.17099501
410970,0.08877031
410971,0.28895286
410972,0.62086666
410975,0.40082192
410994,0.6014967
410999,0.647843
411011,0.58792603
411012,0.6184236
411014,0.7004689
411021,0.20549938
411022,0.70076984
411023,0.49944866
411024,0.71285564
411025,0.21913214
411026,0.8177667
411027,0.58369356
411028,0.13265587
411030,0.6820912
411031,0.29607752
411032,0.3648817
411033,0.5156804
411049,0.14438592
411050,0.18862519
411051,0.5639929
411052,0.37390223
411073,0.5772592
411074,0.2893567
411076,0.3326036
411080,0.41277757
411081,0.10346775
411082,0.110252984
411093,0.6093489
411094,0.28703254
411095,0.35540518
411099,0.18861322
411102,0.4106498
411103,0.6510904
411112,0.25760922
411114,0.45047942
411115,0.20424005
411116,0.5816118
411168,0.369672
411169,0.9023791
411170,0.5295194
411189,0.13293046
411190,0.3869636
411195,0.6186798
411196,0.5764242
411197,0.23004107
411205,0.09332063
411206,0.7163836
411215,0.5875179
411216,0.22899163
411217,0.18213244
411218,0.6494879
411222,0.12338743
411238,0.09292766
411239,0.25842193
411240,0.6080753
411248,0.11516005
411274,0.6282948
411275,0.3781925
411293,0.15020761
411299,0.47051543
411300,0.10539241
411301,0.29653683
411302,0.528338
411305,0.6220206
411309,0.49892762
411334,0.37670845
411343,0.37623873
411349,0.18862516
411360,0.59707946
411363,0.10421539
411364,0.13320728
411384,0.50482047
411402,0.4582151
411424,0.4712899
411425,0.7235622
411430,0.8324721
411432,0.46050254
411434,0.83520347
411447,0.12113698
411450,0.09730402
411452,0.6979583
411463,0.61645514
411467,0.4856474
411474,0.23358941
411478,0.09224258
411480,0.46219376
411481,0.5466976
411502,0.64275116
411509,0.29652622
411511,0.697283
411515,0.41651902
411516,0.49374402
411532,0.19436434
411565,0.09100433
411570,0.50436884
411600,0.18463849
411608,0.3967094
411613,0.19200064
411614,0.11568474
411620,0.39464763
411634,0.11067268
411639,0.11234708
411645,0.60604453
411648,0.12113183
411660,0.49418032
411668,0.09407938
411672,0.60637575
411673,0.10407092
411674,0.7783851
411675,0.16965346
411676,0.10372458
411677,0.73794866
411715,0.19291775
411718,0.1560465
411719,0.4280752
411720,0.48480582
411730,0.33358863
411731,0.5396759
411740,0.46824744
411746,0.21398637
411748,0.13712054
411749,0.12237465
411752,0.36275578
411753,0.1553169
411754,0.20159465
411755,0.092778906
411767,0.10213306
411768,0.5563705
411819,0.5202068
411826,0.80818087
411827,0.42200154
411841,0.09725524
411842,0.87432224
411843,0.64635986
411844,0.54656357
411845,0.384407
411846,0.7673956
411850,0.81272674
411852,0.6482676
411853,0.50125283
411854,0.2094691
411855,0.41067132
411856,0.44936195
411860,0.63026357
411883,0.1229047
411938,0.18654183
411939,0.853479
411940,0.14604998
411957,0.88722974
411958,0.5880916
411959,0.39244834
411963,0.088494055
411969,0.27740055
411970,0.32791784
411971,0.098110214
411972,0.6852374
411973,0.099534005
411974,0.1263697
411975,0.12365064
411977,0.47958878
411978,0.8031533
411979,0.7314159
412004,0.42002237
412008,0.25705865
412009,0.48506436
412010,0.14329521
412030,0.5847185
412031,0.29846665
412032,0.13021737
412036,0.19224954
412038,0.37486887
412047,0.46877372
412049,0.8539781
412082,0.14040409
412092,0.71910644
412098,0.78128564
412101,0.5585646
412108,0.7508088
412111,0.29603463
412119,0.47126618
412128,0.10705806
412139,0.48511958
412152,0.46866843
412154,0.17605363
412178,0.67872554
412180,0.39615285
412193,0.14646523
412199,0.1602841
412204,0.26395687
412206,0.4662778
412207,0.115382545
412211,0.4197358
412220,0.11198567
412221,0.20552701
412229,0.59797806
412234,0.26332852
412235,0.2784829
412236,0.7225062
412251,0.5043678
412262,0.5323045
412270,0.7226846
412280,0.29908317
412289,0.74128777
412305,0.3634959
412310,0.4487727
412345,0.43033466
412348,0.7327858
412361,0.50364006
412367,0.5927165
412368,0.47949523
412370,0.8300181
412372,0.6986586
412377,0.6904778
412380,0.1976349
412382,0.09612643
412391,0.27227542
412393,0.14562863
412411,0.8397242
412412,0.47668406
412415,0.5837072
412416,0.82442826
412422,0.5850272
412428,0.37356764
412430,0.31276965
412436,0.44808504
412447,0.34823552
412451,0.10263627
412456,0.37924087
412470,0.70364213
412472,0.14822547
412478,0.11147794
412487,0.557459
412490,0.694578
412494,0.38433665
412516,0.5432417
412519,0.3351499
412525,0.73574734
412527,0.6643921
412528,0.24809517
412551,0.7347184
412552,0.10984079
412557,0.13552172
412558,0.114006855
412559,0.60706794
412561,0.09063374
412563,0.10580392
412564,0.12275974
412565,0.53175265
412593,0.5394014
412598,0.8683463
412602,0.4969172
412610,0.5211891
412611,0.69018334
412612,0.15860063
412613,0.59423
412621,0.3453443
412622,0.10156552
412623,0.43102622
412624,0.7908013
412637,0.33284882
412638,0.58013475
412639,0.78076756
412640,0.16249125
412641,0.17276195
412642,0.1943784
412643,0.30888814
412644,0.5099547
412651,0.5321747
412667,0.15864512
412669,0.70239013
412686,0.7826635
412712,0.12563263
412713,0.5642305
412714,0.096856244
412715,0.100139365
412720,0.59697825
412728,0.3097416
412738,0.19483629
412739,0.27149543
412740,0.67541915
412741,0.54842955
412753,0.261489
412754,0.13399349
412762,0.41930956
412764,0.30048048
412765,0.37950975
412775,0.23669887
412776,0.39845565
412777,0.15391366
412778,0.8952133
412800,0.105208315
412801,0.11144245
412802,0.53661376
412829,0.3429623
412854,0.69315636
412855,0.16199215
412861,0.56842244
412862,0.40091157
412863,0.16592607
412883,0.30528525
412884,0.09631208
412886,0.8388441
412898,0.5453567
412899,0.116803
412900,0.38270664
412922,0.8623375
412941,0.48395327
412959,0.19189952
412967,0.27500364
412980,0.60092235
412997,0.15246153
413016,0.22038172
413017,0.82973504
413027,0.15523784
413034,0.65484565
413038,0.7187103
413054,0.33800524
413059,0.18203564
413065,0.22072071
413073,0.4404858
413075,0.8332037
413081,0.41867602
413089,0.6891641
413091,0.6333873
413094,0.3722466
413104,0.46759242
413107,0.77813834
413110,0.40422383
413113,0.7804021
413117,0.39475793
413124,0.11773309
413126,0.5971619
413137,0.47506008
413145,0.40172756
413146,0.22749572
413147,0.5054907
413150,0.09324727
413159,0.80859244
413160,0.34316874
413172,0.894565
413179,0.14528958
413181,0.19443236
413185,0.31680188
413188,0.4700952
413197,0.16634706
413208,0.6941998
413215,0.3549095
413216,0.54141635
413219,0.1647889
413232,0.27358085
413237,0.5847531
413243,0.87895787
413249,0.39437556
413262,0.41108617
413263,0.5702781
413271,0.55472296
413274,0.21533099
413280,0.49542353
413296,0.51419747
413299,0.68148226
413303,0.21719337
413320,0.70283824
413324,0.14953595
413325,0.33751443
413335,0.46118286
413341,0.7346344
413342,0.1381531
413351,0.8317043
413352,0.31628785
413359,0.22402488
413373,0.5926791
413374,0.52548623
413375,0.1811499
413376,0.21490401
413377,0.53856224
413383,0.2752658
413384,0.5413636
413392,0.5239895
413393,0.50877506
413395,0.34808838
413424,0.4393616
413425,0.20040251
413457,0.21079783
413458,0.5081398
413459,0.54432946
413460,0.099089116
413465,0.3560473
413466,0.77471775
413467,0.3925761
413468,0.15784647
413475,0.5660622
413476,0.47760165
413477,0.89375734
413478,0.10970105
413479,0.09295819
413489,0.590124
413491,0.32613897
413492,0.66359293
413493,0.59187424
413494,0.6295679
413495,0.6291732
413498,0.40468362
413499,0.6295284
413545,0.5017237
413549,0.09459136
413550,0.47054553
413551,0.44296286
413552,0.8020548
413553,0.4288835
413554,0.49949494
413558,0.79604554
413559,0.64366215
413562,0.1310126
413563,0.5136482
413564,0.16495864
413592,0.24901126
413593,0.13585605
413594,0.3045585
413595,0.20385148
413596,0.7208646
413597,0.48997918
413604,0.10399161
413605,0.46327573
413606,0.16684692
413607,0.12070783
413616,0.8907345
413617,0.5225208
413618,0.64633256
413625,0.27193666
413626,0.7159007
413627,0.25325745
413628,0.46079272
413629,0.1978012
413630,0.5243842
413631,0.49425018
413632,0.5281376
413633,0.63356316
413634,0.697665
413635,0.74901897
413636,0.6667214
413644,0.15866666
413645,0.08935227
413646,0.09492124
413683,0.21116155
413685,0.2816268
413686,0.49329066
413690,0.1423202
413691,0.10241446
413692,0.3385559
413693,0.66069436
413694,0.64616966
413695,0.10955122
413696,0.73168033
413702,0.29808643
413707,0.2839641
413708,0.6233538
413709,0.6363447
413730,0.15980504
413731,0.5546824
413732,0.20359394
413733,0.17948738
413734,0.4235481
413736,0.43944472
413748,0.3822461
413749,0.66499525
413751,0.8748139
413752,0.84173703
413754,0.2073087
413755,0.7117954
413756,0.4486799
413757,0.35638016
413758,0.6494269
413759,0.6358012
413760,0.4558068
413764,0.23512132
413765,0.38438907
413766,0.38063854
413767,0.72698015
413768,0.4803112
413769,0.20773046
413770,0.14262949
413776,0.123289734
413777,0.10646231
413778,0.15475975
413797,0.6234938
413824,0.31208625
413828,0.701162
413831,0.7739972
413834,0.23263021
413841,0.112877354
413848,0.10115942
413850,0.391739
413851,0.68807244
413857,0.08904433
413860,0.09311773
413867,0.34740672
413868,0.5219372
413871,0.19549471
413878,0.1979208
413882,0.15572113
413885,0.105217986
413886,0.55336356
413892,0.3849289
413896,0.8028625
413897,0.44802007
413917,0.7307635
413921,0.11781567
413934,0.8856921
413941,0.102709815
413953,0.17988819
413958,0.505923
413967,0.6412468
413971,0.13043042
413975,0.43903223
413978,0.7941269
413983,0.6414616
413984,0.09646595
413989,0.31836724
413992,0.13853213
414001,0.47401288
414002,0.21992867
414003,0.58009535
414007,0.6954723
414008,0.51264465
414016,0.66342384
414022,0.13985439
414026,0.5401546
414041,0.24815705
414042,0.8655388
414045,0.44977838
414047,0.59636194
414050,0.8712125
414061,0.09088047
414068,0.5150677
414076,0.4207308
414093,0.53722435
414102,0.111926
414109,0.42648202
414117,0.418967
414144,0.18732841
414149,0.14440626
414160,0.2383818
414166,0.9066646
414171,0.68228865
414172,0.5464327
414183,0.39043912
414186,0.23272787
414192,0.43331268
414194,0.7210902
414203,0.87688994
414206,0.14358495
414207,0.16247053
414229,0.34665444
414231,0.46580708
414248,0.17509179
414251,0.5028232
414252,0.18898648
414253,0.8878542
414254,0.57227725
414255,0.7818165
414262,0.42487392
414265,0.6355916
414266,0.58017766
414267,0.31850407
414269,0.44225025
414270,0.46679485
414271,0.3165355
414272,0.4624751
414273,0.42635462
414275,0.1285611
414323,0.8918089
414324,0.20127185
414328,0.2523684
414329,0.29778352
414333,0.3263688
414341,0.12403278
414357,0.4028144
414358,0.10818576
414359,0.337814
414362,0.4647076
414363,0.55655944
414368,0.16984338
414372,0.24534963
414375,0.35978368
414376,0.14302243
414382,0.5666102
414383,0.739043
414480,0.2279098
414481,0.56904644
414484,0.7380865
414485,0.098466866
414486,0.20648433
414487,0.30133334
414488,0.51678985
414489,0.40266383
414492,0.105962
414493,0.7141983
414497,0.11316477
414501,0.4254453
414543,0.87025344
414544,0.721779
414559,0.37212512
414560,0.42425057
414561,0.1459757
414573,0.56233627
414574,0.4043129
414575,0.71450955
414577,0.4779299
414584,0.9090904
414585,0.23326814
414586,0.83895695
414590,0.09513393
414591,0.47264546
414593,0.6198517
414597,0.502622
414598,0.78048
414621,0.7598944
414635,0.4018334
414639,0.31101596
414640,0.117764495
414648,0.552782
414656,0.28378695
414659,0.2793763
414660,0.13248456
414663,0.293026
414683,0.25072372
414691,0.44209585
414700,0.63819206
414705,0.08540964
414708,0.36305103
414711,0.1209841
414712,0.3731791
414716,0.3593715
414720,0.10000504
414733,0.096847005
414740,0.42971143
414748,0.59301144
414767,0.86806035
414771,0.89238757
414779,0.27859375
414785,0.6357117
414787,0.42335555
414793,0.11548148
414816,0.26708847
414830,0.6500063
414831,0.86818093
414859,0.2481204
414864,0.14759944
414867,0.208606
414871,0.10202441
414879,0.42566195
414892,0.82479197
414895,0.40089703
414911,0.8372919
414915,0.43769333
414922,0.48284
414939,0.1655007
414945,0.3331803
414960,0.22873822
414969,0.18236859
414973,0.103508666
414979,0.3690845
414985,0.10038808
414992,0.13369884
414996,0.25739944
415000,0.16081738
415001,0.56917566
415005,0.2619373
415024,0.5489303
415038,0.43488806
415041,0.52393025
415049,0.31804484
415055,0.33432117
415061,0.64826787
415064,0.6447196
415069,0.5680755
415070,0.38667595
415071,0.08660727
415072,0.31221974
415074,0.10742849
415078,0.5583579
415079,0.2939184
415080,0.5605976
415081,0.80980986
415082,0.74629176
415085,0.42204225
415086,0.27995193
415089,0.53368926
415090,0.24137595
415091,0.46557018
415092,0.62283146
415095,0.623247
415100,0.68177336
415101,0.1186884
415102,0.86383796
415103,0.15971398
415104,0.23485056
415106,0.34191817
415107,0.53095317
415108,0.74476314
415109,0.8607948
415110,0.4467438
415111,0.13538747
415113,0.14766334
415114,0.2740321
415115,0.33844888
415116,0.4072551
415117,0.14849359
415118,0.7629827
415119,0.8476382
415120,0.19739708
415121,0.5686523
415122,0.7734758
415123,0.14975177
415124,0.86639106
415126,0.8278928
415152,0.19709225
415205,0.4980346
415209,0.23688132
415326,0.31744337
415409,0.47654185
415414,0.24502304
415430,0.5678871
415466,0.80155843
415467,0.7365616
415473,0.39335614
415474,0.15708561
415479,0.113191284
415480,0.45682675
415486,0.08743914
415488,0.48105896
415489,0.5729976
415490,0.4098506
415493,0.36241773
415494,0.4727382
415497,0.13557869
415498,0.6916429
415499,0.13525264
415505,0.14399774
415506,0.43789357
415509,0.39600924
415511,0.56700915
415514,0.43489987
415517,0.46180385
415519,0.8068291
415521,0.76467913
415522,0.09861508
415523,0.29964647
415525,0.24918382
415527,0.22028829
415529,0.14841017
415531,0.4789016
415533,0.61853725
415534,0.2379811
415536,0.12838292
415537,0.7964737
415539,0.45269105
415540,0.31237888
415541,0.8501371
415542,0.36957124
415543,0.23745255
415544,0.11163008
415545,0.41766417
415546,0.8184322
415547,0.207151
415548,0.12213171
415549,0.54762346
415550,0.64422715
415652,0.18671742
415654,0.3369537
415686,0.7763926
415687,0.58342445
415695,0.31033993
415698,0.42589095
415701,0.59117097
415705,0.80769485
415707,0.3166742
415709,0.21775667
415712,0.19942272
415718,0.28489542
415724,0.13195276
415729,0.2198574
415730,0.7905504
415731,0.46992075
415733,0.12141071
415736,0.30429634
415737,0.16343121
415738,0.7432694
415741,0.09603972
415742,0.8484622
415743,0.6012451
415744,0.18836838
415745,0.120633185
415746,0.44522306
415747,0.6230171
415749,0.2932601
415750,0.39949822
415751,0.6287668
415752,0.1564787
415753,0.6955429
415754,0.25143757
415755,0.39997527
415756,0.7309639
415757,0.4930241
415850,0.7363198
415874,0.3370855
415930,0.42961714
415962,0.88178784
415994,0.80617946
415995,0.5548582
416088,0.6634152
416129,0.72833425
416228,0.12704602
416229,0.44015062
416239,0.64075625
416243,0.4407646
416245,0.5035183
416253,0.5850147
416263,0.2661899
416264,0.67415416
416265,0.28933194
416269,0.74670917
416272,0.3867446
416273,0.3595945
416274,0.46496704
416275,0.27797237
416276,0.3602358
416277,0.2025963
416278,0.30620906
416280,0.34702975
416283,0.42900652
416287,0.5027367
416288,0.700259
416291,0.24469952
416292,0.5074282
416294,0.7483604
416295,0.8989213
416296,0.14834538
416300,0.37061152
416301,0.31665647
416302,0.48279208
416303,0.5830298
416305,0.53789604
416306,0.3678276
416307,0.5593616
416309,0.20946474
416310,0.8780358
416311,0.46603534
416312,0.12698533
416313,0.8602776
416314,0.16567269
416315,0.59634614
416316,0.46059608
416426,0.112705804
416435,0.1396969
416444,0.3043723
416477,0.8318164
416484,0.54425347
416488,0.61635524
416502,0.32809415
416542,0.61580366
416582,0.29922193
416647,0.34374493
416658,0.16757318
416659,0.14498115
416675,0.2146338
416676,0.7392385
416696,0.88373
416721,0.25412038
416729,0.15382905
416743,0.7843412
416744,0.50634253
416761,0.5967892
416793,0.75080395
416826,0.118845746
416848,0.5905717
416850,0.5966764
416860,0.8069649
416861,0.80556643
416862,0.14107892
416865,0.21954353
416870,0.5923456
416871,0.3552317
416872,0.25639996
416874,0.6452815
416877,0.13714269
416879,0.09738775
416881,0.24994929
416882,0.1980669
416883,0.3460965
416884,0.17106894
416885,0.1818115
416886,0.553237
416887,0.38588467
416888,0.615737
416890,0.34867615
416893,0.5269758
416894,0.421416
416895,0.2664113
416896,0.20694198
416897,0.5166424
416899,0.38977882
416900,0.20274694
416901,0.14212963
416902,0.090318546
416903,0.35061985
417043,0.29535246
417159,0.096069165
417182,0.47251692
417183,0.3894339
417187,0.2652087
417209,0.21186547
417226,0.8527247
417228,0.86756885
417232,0.17582996
417234,0.1964924
417241,0.5183224
417245,0.12728342
417246,0.5101813
417247,0.6331788
417250,0.7514689
417251,0.15208432
417253,0.08936355
417254,0.24717525
417255,0.4418184
417256,0.3914423
417257,0.41223022
417258,0.4089894
417259,0.12734036
417260,0.75849754
417261,0.18621138
417263,0.6251227
417264,0.22299168
417265,0.5993287
417266,0.66467416
417267,0.56450075
417268,0.17641823
417338,0.18888548
417342,0.5889493
417349,0.17014311
417382,0.35973695
417388,0.5312057
417389,0.68791425
417393,0.6390203
417395,0.8391999
417397,0.19132353
417398,0.11996701
417401,0.3789764
417403,0.8191508
417406,0.6185089
417407,0.88138926
417408,0.6280642
417409,0.15112454
417411,0.18258196
417412,0.36996046
417414,0.5069876
417416,0.6580964
417417,0.43150112
417420,0.4311595
417421,0.67687523
417422,0.83553004
417423,0.16137947
417426,0.4374819
417427,0.64493227
417428,0.2782337
417429,0.18876414
417430,0.58405215
417431,0.16737223
417432,0.24499245
417433,0.5631784
417435,0.49811387
417436,0.25415573
417438,0.31522673
417439,0.37463668
417440,0.41571772
417441,0.15701537
417442,0.8112145
417443,0.4853758
417444,0.7081577
417445,0.6796046
417446,0.42513847
417447,0.6542653
417448,0.5139975
417449,0.4113052
417450,0.20504834
417451,0.74159265
417452,0.34208247
417453,0.46769348
417454,0.62963176
417455,0.7959498
417456,0.24614419
417457,0.09922092
417513,0.14894678
417544,0.8783971
417555,0.607624
417567,0.3752323
417612,0.107285544
417625,0.64383674
417626,0.1937988
417627,0.7247429
417648,0.6377796
417735,0.33645037
417736,0.7335076
417749,0.43623188
417778,0.11347023
417863,0.43393606
417893,0.15567121
417895,0.17563637
417903,0.31252638
417910,0.45033422
417915,0.60402364
417925,0.62182057
417927,0.14961526
417940,0.7742651
417949,0.35426933
417950,0.21822351
417952,0.2768903
417956,0.29370642
417969,0.5832646
417970,0.33026415
417974,0.4814046
417975,0.093691185
417976,0.29545733
417980,0.123254634
417982,0.5881018
417983,0.106349215
417987,0.2927181
417988,0.61817044
417989,0.36370283
417990,0.9193224
417993,0.321154
417994,0.23778188
417995,0.1080542
417996,0.40237832
417997,0.26763377
417998,0.7478852
417999,0.39564896
418000,0.6244465
418001,0.7182227
418002,0.15686068
418003,0.4567255
418004,0.5081827
418005,0.7500059
418006,0.13941646
418009,0.55603164
418011,0.512273
418012,0.182523
418013,0.5721502
418014,0.821095
418015,0.64275575
418029,0.6151356
418030,0.34797582
418132,0.6869453
418217,0.70441276
418222,0.15524116
418237,0.08955556
418272,0.6154662
418343,0.8217736
418344,0.40418175
418345,0.78197813
418386,0.3498017
418387,0.3890807
418402,0.18143767
418436,0.100070596
418456,0.74931884
418458,0.257199
418460,0.51971537
418487,0.38609076
418514,0.15393111
418519,0.15561293
418532,0.15636739
418539,0.21653126
418549,0.38819966
418555,0.17458385
418556,0.8967284
418558,0.43354067
418559,0.09734109
418562,0.12595405
418568,0.8404421
418576,0.09855389
418578,0.599163
418580,0.517055
418581,0.7338407
418582,0.09403624
418584,0.37699136
418585,0.4578556
418587,0.27405506
418591,0.11597082
418592,0.25461334
418593,0.3008859
418595,0.2507184
418596,0.59714395
418597,0.18211958
418598,0.44577593
418599,0.2761392
418600,0.297636
418601,0.4398798
418602,0.81646913
418603,0.8506868
418604,0.11550797
418606,0.8374704
418607,0.18081608
418608,0.5445935
418609,0.17848717
418610,0.35860258
418611,0.5578403
418612,0.55598456
418613,0.36971635
418614,0.85543257
418615,0.17586577
418616,0.3492432
418618,0.8061876
418651,0.32563013
418652,0.1477811
418653,0.64536524
418658,0.6175645
418692,0.83954173
418749,0.7206097
418820,0.58404315
418843,0.39106417
418863,0.5270817
418915,0.20933203
418938,0.5390647
418957,0.44542128
419024,0.76869535
419061,0.1038284
419063,0.32048234
419076,0.42528668
419093,0.10622838
419131,0.1857576
419132,0.2002044
419138,0.15852523
419139,0.3481977
419141,0.35930055
419142,0.11478423
419143,0.12703386
419145,0.12354983
419149,0.18822451
419151,0.26026887
419152,0.14286228
419153,0.509561
419154,0.44345444
419155,0.32634214
419156,0.31159922
419157,0.112792626
419158,0.90533525
419159,0.83599204
419162,0.09511517
419163,0.3914654
419165,0.67821556
419168,0.6752308
419169,0.23883203
419170,0.69119686
419171,0.47651705
419172,0.54980844
419173,0.5090244
419174,0.16820563
419175,0.16638961
419176,0.7801588
419177,0.790795
419178,0.65028626
419270,0.77615744
419305,0.7063447
419330,0.3411046
419485,0.54998136
419491,0.4658735
419499,0.36817133
419513,0.74387777
419514,0.32296148
419535,0.31950912
419538,0.204101
419582,0.8562351
419601,0.18152042
419611,0.6807496
419644,0.8895429
419648,0.45080817
419649,0.20201457
419656,0.25864276
419671,0.12532428
419677,0.3105413
419685,0.76025456
419688,0.65395296
419689,0.5870397
419690,0.39564607
419691,0.5134676
419698,0.8730925
419699,0.13303
419701,0.8409039
419703,0.85620356
419704,0.3509985
419705,0.8308147
419746,0.86886984
419750,0.085174955
419767,0.1089881
419775,0.18779993
419783,0.54355896
419787,0.7798092
419788,0.57877654
419790,0.13452668
419791,0.30085656
419792,0.2479543
419794,0.6914446
419795,0.8542875
419797,0.25421908
419798,0.44502857
419799,0.17960422
419804,0.6222111
419805,0.64283794
419806,0.48509663
419808,0.21099608
419810,0.25598976
419811,0.3597491
419812,0.8800854
419815,0.7004571
419816,0.33972794
419817,0.32465622
419818,0.6022924
419820,0.23137535
419821,0.5170635
419824,0.7844035
419825,0.54408556
419826,0.3258432
419827,0.08605722
419828,0.13901214
419829,0.2490667
419830,0.8667478
419831,0.49238074
419832,0.47871745
419833,0.56565946
419834,0.29338282
419835,0.121987596
419836,0.2746258
419837,0.64839303
419838,0.23652466
419839,0.54548615
419840,0.4175422
419841,0.69722295
419842,0.70444137
419843,0.8284242
419913,0.7793365
419916,0.5772306
419955,0.27032495
419956,0.3326158
419992,0.23135588
420150,0.33958945
420160,0.6343453
420190,0.19079474
420195,0.4009397
420204,0.4502827
420207,0.5590308
420210,0.24128981
420214,0.41750893
420218,0.11865882
420219,0.4203454
420220,0.5376044
420242,0.4102048
420249,0.17043263
420254,0.13136092
420255,0.08882226
420258,0.7834829
420260,0.10020558
420263,0.8472263
420265,0.19457404
420271,0.3387039
420273,0.289035
420274,0.4272027
420275,0.19448335
420277,0.08983017
420278,0.59736216
420279,0.32341343
420280,0.48766634
420281,0.21078019
420283,0.5732795
420284,0.30710888
420285,0.29641172
420286,0.3264367
420287,0.3345755
420288,0.10114464
420290,0.23313148
420291,0.18748055
420293,0.5963102
420294,0.124959156
420295,0.4314623
420296,0.14020523
420297,0.58043253
420298,0.41191354
420299,0.51603144
420300,0.47133154
420344,0.27996013
420345,0.7741964
420347,0.16102491
420348,0.73859674
420349,0.30054995
420350,0.1198043
420351,0.14877261
420352,0.09960136
420353,0.14572427
420354,0.5633521
420355,0.28449085
420356,0.6009099
420357,0.24854352
420358,0.57286394
420359,0.20324872
420360,0.0902662
420361,0.11051227
420362,0.23228596
420363,0.58235013
420364,0.7558138
420365,0.5761516
420366,0.33702412
420383,0.16134734
420436,0.7686628
420446,0.24375021
420554,0.34262782
420565,0.38974968
420569,0.4659002
420573,0.19530497
420574,0.47612146
420587,0.52378356
420589,0.50639826
420593,0.19165426
420594,0.4486523
420595,0.44624785
420598,0.08633534
420601,0.54206276
420602,0.59496087
420603,0.34229285
420607,0.22138743
420611,0.11291732
420613,0.35382906
420614,0.13366903
420615,0.60929847
420616,0.15663168
420617,0.513433
420618,0.18609403
420619,0.35425436
420620,0.26874524
420621,0.73050386
420622,0.5622001
420623,0.54124004
420624,0.19064984
420625,0.17430903
420626,0.6737429
420627,0.7960901
420628,0.1525212
420629,0.08826306
420631,0.23992038
420633,0.54148036
420634,0.42311472
420635,0.43464172
420636,0.17409587
420637,0.5154457
420662,0.1533989
420727,0.18779396
420728,0.7022508
420733,0.7519304
420787,0.21090281
420789,0.12673643
420792,0.27590474
420797,0.6216954
420814,0.3091607
420833,0.8771475
420839,0.33555838
420841,0.69550556
420843,0.37190992
420844,0.49190727
420847,0.81315327
420849,0.092167534
420851,0.4828145
420853,0.26828474
420854,0.3368996
420855,0.28248808
420856,0.16078232
420857,0.6439715
420858,0.14157419
420859,0.26483622
420860,0.88438004
420861,0.71257365
420862,0.48636243
420863,0.4908973
420864,0.515642
420866,0.87754035
420867,0.1340632
420868,0.3498219
420869,0.39341205
420870,0.10784079
420871,0.58154577
420872,0.45195702
420873,0.0964061
420874,0.6560386
420875,0.5112336
420876,0.29558477
420878,0.29356012
420879,0.49373847
420880,0.11187165
420881,0.23693626
420882,0.24814937
420883,0.7524668
420884,0.82004577
420885,0.26228753
420886,0.48657247
420887,0.52431965
420888,0.30611044
420905,0.32578197
421015,0.25513962
421200,0.78063774
421269,0.613447
421272,0.12655726
421290,0.87859106
421323,0.80323464
421342,0.12420572
421349,0.50744295
421355,0.45082185
421356,0.5401171
421363,0.8689601
421365,0.6629295
421381,0.48870105
421383,0.32834277
421386,0.88700485
421394,0.097171836
421395,0.6994686
421399,0.6370723
421431,0.8794332
421467,0.48472208
421554,0.4193617
421557,0.5371449
421558,0.646875
421562,0.22410333
421614,0.7921348
421690,0.12296074
421758,0.8624085
421776,0.42056775
421827,0.70107806
421828,0.42123574
421829,0.25054014
421848,0.11936771
421862,0.2572938
421863,0.2950187
421868,0.08785957
421884,0.37793845
421921,0.42012966
421924,0.7426792
421958,0.56763995
421961,0.123555444
421964,0.1863785
421968,0.36676744
421974,0.85300666
421975,0.09057463
421977,0.6809633
421978,0.69031405
421979,0.12735236
421980,0.13536665
421982,0.31915194
421985,0.37644207
421986,0.43151826
421987,0.42416784
421988,0.16551617
421989,0.6163476
421990,0.4300055
421991,0.20099173
421993,0.40665516
421994,0.35278785
421996,0.8873631
421997,0.103755385
421998,0.49450532
421999,0.7412477
422000,0.59722716
422001,0.3412781
422002,0.4896993
422004,0.53001
422005,0.7279547
422007,0.68932426
422008,0.28604284
422010,0.23431309
422011,0.1326377
422012,0.19583505
422014,0.5605412
422015,0.7999864
422016,0.36960518
422017,0.13777043
422018,0.47272462
422019,0.7177417
422039,0.103823766
422041,0.1291125
422042,0.31029275
422043,0.4929547
422044,0.29426157
422045,0.34722987
422047,0.74624175
422048,0.1550065
422049,0.11725982
422050,0.43148097
422051,0.72810566
422053,0.4454204
422054,0.48688027
422055,0.14921905
422056,0.20358789
422057,0.5731014
422058,0.51725036
422059,0.42325547
422060,0.08900084
422063,0.5360536
422064,0.09434403
422065,0.4106911
422066,0.23335801
422067,0.23716603
422068,0.14363764
422069,0.39718696
422070,0.37240404
422071,0.12154834
422072,0.18810594
422074,0.6607104
422152,0.09485879
422210,0.2132785
422227,0.7918163
422308,0.60870075
422339,0.3793455
422368,0.45171773
422391,0.122516945
422407,0.45782787
422485,0.16599919
422491,0.38710654
422506,0.5559025
422508,0.7966799
422512,0.19411717
422513,0.24284369
422514,0.37224516
422518,0.24645261
422519,0.08635524
422523,0.24522002
422524,0.25646085
422525,0.11378193
422526,0.12663445
422527,0.3973143
422531,0.885295
422533,0.11728244
422534,0.48099187
422536,0.31089926
422537,0.27349952
422538,0.7247529
422540,0.6782029
422541,0.8700473
422543,0.58422595
422544,0.8835275
422545,0.34848693
422546,0.19120674
422547,0.8295063
422548,0.48024872
422549,0.55186194
422550,0.2574799
422551,0.46197882
422552,0.15398681
422553,0.2100729
422554,0.7209516
422555,0.6912849
422556,0.09556529
422639,0.11247125
422667,0.5627022
422734,0.46822464
422748,0.6613041
422749,0.5107387
422796,0.15384322
422810,0.27909553
422839,0.27543893
422850,0.6742614
422891,0.32493627
422940,0.74420625
422962,0.12753095
422964,0.5267238
423009,0.5529383
423022,0.16161633
423041,0.84867007
423046,0.7658848
423052,0.49782535
423055,0.18892364
423061,0.8492809
423075,0.17223269
423076,0.17546642
423077,0.70427793
423081,0.7346497
423083,0.64582086
423087,0.28503594
423089,0.22955525
423091,0.113731526
423098,0.5965681
423105,0.44926655
423106,0.66289264
423107,0.34690917
423114,0.50393766
423116,0.23919274
423120,0.63167113
423121,0.316374
423125,0.23659687
423132,0.26571357
423133,0.26649228
423134,0.79325455
423135,0.51258266
423137,0.34635264
423138,0.16459498
423139,0.3600578
423140,0.4603215
423141,0.6254107
423143,0.16795187
423144,0.1825196
423145,0.16780911
423146,0.28309402
423147,0.45396414
423148,0.29482344
423149,0.15403059
423150,0.49709073
423151,0.24544531
423152,0.09246832
423153,0.85550576
423154,0.0893128
423155,0.52594626
423156,0.13028848
423157,0.31306273
423158,0.23191302
423159,0.5947304
423228,0.22815481
423237,0.5579638
423386,0.77351725
423416,0.86486876
423417,0.80094665
423489,0.24359825
423503,0.7524804
423522,0.6070559
423571,0.5532266
423574,0.17954192
423580,0.3128812
423621,0.85352623
423622,0.8046579
423624,0.2567328
423629,0.3305644
423631,0.58853686
423648,0.22049169
423651,0.14925426
423652,0.22135115
423658,0.86362827
423663,0.09032388
423664,0.09173135
423665,0.45880446
423668,0.48640293
423670,0.55460167
423671,0.6135099
423672,0.2365525
423679,0.19352366
423681,0.54534703
423687,0.30154124
423688,0.26417944
423690,0.17911232
423691,0.14707424
423693,0.2555206
423696,0.670795
423698,0.76196903
423699,0.79208905
423700,0.43799746
423701,0.40552378
423702,0.6684846
423703,0.21337062
423704,0.14448398
423706,0.37347695
423707,0.19885376
423708,0.09624204
423709,0.8055958
423710,0.66446084
423711,0.16588764
423712,0.667789
423713,0.23940615
423714,0.8909808
423715,0.18247049
423717,0.7133851
423718,0.34767047
423719,0.68616676
423720,0.16324283
423721,0.2567516
423722,0.20890738
423723,0.59082484
423724,0.3382503
423726,0.13983448
423730,0.106058545
423734,0.121016525
423735,0.5244687
423736,0.454027
423737,0.0923924
423738,0.35608086
423739,0.4237503
423740,0.40138274
423741,0.11863005
423742,0.6538888
423743,0.54522085
423746,0.22676073
423747,0.12185733
423748,0.67112106
423749,0.14870304
423750,0.71815056
423751,0.14396884
423752,0.16073456
423753,0.8643712
423754,0.38530114
423755,0.22064573
423756,0.5912376
423800,0.21926156
423894,0.09542678
423938,0.7909264
423939,0.3894552
423940,0.39290115
423947,0.21658126
423957,0.79419374
423959,0.49516177
423966,0.7825343
423968,0.3588094
423972,0.19267488
423978,0.64207244
423979,0.24079953
423982,0.5483014
423983,0.5761376
423986,0.37216032
423990,0.19102678
423993,0.09848181
423994,0.27172917
423996,0.16095755
423998,0.27935115
423999,0.4347361
424000,0.22853589
424001,0.48954853
424002,0.093205586
424003,0.70917815
424004,0.46176237
424005,0.47530428
424006,0.7683508
424007,0.5399495
424008,0.5520098
424009,0.662142
424010,0.61726457
424011,0.2962345
424012,0.10455726
424013,0.522599
424014,0.6160344
424015,0.18867278
424016,0.55654943
424161,0.6261332
424189,0.7661341
424192,0.3425743
424198,0.2128079
424202,0.2597481
424203,0.15625365
424207,0.48245493
424208,0.2583983
424211,0.120735615
424214,0.28223586
424215,0.2640376
424216,0.2279412
424220,0.6492168
424222,0.40497246
424223,0.29472053
424232,0.5734299
424234,0.098164774
424235,0.40534067
424236,0.0968615
424241,0.16285533
424244,0.17351983
424245,0.6019812
424246,0.149019
424248,0.8787938
424249,0.4708917
424251,0.34510928
424252,0.22500996
424253,0.359
424254,0.32172984
424255,0.36716804
424256,0.65487415
424257,0.095078856
424258,0.5342971
424259,0.57874715
424260,0.19182555
424261,0.38324496
424262,0.12995024
424264,0.35875022
424265,0.5140621
424266,0.8520268
424267,0.10612701
424268,0.14011435
424270,0.5258248
424271,0.7286413
424272,0.12866674
424273,0.2627582
424274,0.5215346
424275,0.5290323
424320,0.5657742
424354,0.43557543
424359,0.22425847
424360,0.3484829
424361,0.57197636
424362,0.21288897
424363,0.15678436
424364,0.40802523
424365,0.15256986
424491,0.71259046
424576,0.45163617
424639,0.2745536
424640,0.1481468
424653,0.46791375
424672,0.63041884
424708,0.13489132
424724,0.47953218
424725,0.5034963
424734,0.8594801
424755,0.13113841
424758,0.8007932
424765,0.106945865
424770,0.57802284
424773,0.76144147
424780,0.28534874
424784,0.12353081
424791,0.2302175
424797,0.62723166
424800,0.13601135
424807,0.10008066
424809,0.15195405
424812,0.34180427
424813,0.5587707
424816,0.15074685
424817,0.20449094
424820,0.25993666
424822,0.6556405
424823,0.4482891
424825,0.5163547
424826,0.73952836
424827,0.10092344
424828,0.6530086
424830,0.46682987
424831,0.11219202
424832,0.8036372
424833,0.13395414
424834,0.5045214
424835,0.74551165
424836,0.4911355
424837,0.6566861
424838,0.45391122
424839,0.10336202
424840,0.49264598
424841,0.7444338
424843,0.10784189
424845,0.67157984
424846,0.18357912
424847,0.13816838
424848,0.14934357
424849,0.7753241
424850,0.8246851
424851,0.1317539
424852,0.09794907
424853,0.12513606
424854,0.33720464
424856,0.087945655
424857,0.42680195
424947,0.7584024
425037,0.6824908
425039,0.8801784
425096,0.5356808
425107,0.13701639
425156,0.32351714
425191,0.22003505
425192,0.3218059
425230,0.13096838
425231,0.300318
425237,0.26343504
425281,0.65527636
425301,0.2979117
425306,0.8509058
425312,0.43924886
425313,0.11288195
425317,0.17217633
425326,0.21435502
425330,0.291936
425336,0.8173981
425338,0.7284172
425343,0.49909315
425345,0.09994885
425360,0.5176706
425364,0.58726573
425368,0.34466708
425369,0.08532178
425371,0.66213447
425372,0.1145534
425373,0.65851337
425374,0.3458816
425376,0.6464649
425379,0.35278654
425380,0.09747797
425381,0.2763084
425382,0.22081621
425383,0.09463935
425384,0.24001454
425385,0.17111668
425388,0.83620584
425389,0.10247839
425390,0.33965442
425391,0.67994314
425392,0.11261195
425394,0.6153811
425395,0.41430855
425396,0.123650715
425397,0.09867554
425398,0.20217179
425399,0.39234352
425400,0.27813908
425403,0.24507785
425404,0.472135
425405,0.3886086
425406,0.7011409
425407,0.7615064
425408,0.1865885
425409,0.12685558
425411,0.24121137
425412,0.35691765
425413,0.8736748
425414,0.49466148
425415,0.6462712
425416,0.6812011
425418,0.12888768
425419,0.12577221
425423,0.35125458
425424,0.2702658
425425,0.87836593
425426,0.23101318
425429,0.35908425
425430,0.112870894
425431,0.54867446
425432,0.09140852
425433,0.60075635
425434,0.3699959
425435,0.5426943
425437,0.23625888
425438,0.085305326
425439,0.23050678
425440,0.33152208
425441,0.3300959
425442,0.8365888
425444,0.628708
425446,0.1282609
425447,0.43410534
425448,0.7833812
425449,0.6120606
425450,0.29599425
425451,0.12122151
425453,0.84638023
425454,0.6560499
425455,0.5022408
425456,0.643442
425457,0.40802044
425458,0.6789807
425459,0.7981124
425460,0.09152212
425461,0.38266778
425462,0.11221762
425511,0.29054165
425601,0.12723956
425810,0.31046426
425824,0.5680847
425830,0.7723763
425835,0.5548942
425838,0.22282948
425865,0.42080644
425877,0.70550597
425904,0.31697306
425905,0.08772379
425906,0.25701866
425909,0.6150627
425911,0.59938323
425913,0.4952865
425923,0.2639312
425932,0.44395062
425938,0.09813474
425939,0.64010614
425943,0.24366774
425944,0.10809732
425945,0.08735713
425946,0.08486226
425948,0.4763271
425950,0.27580953
425952,0.61033237
425954,0.8195565
425955,0.13445874
425957,0.42855912
425958,0.09587995
425959,0.57417977
425960,0.6880307
425961,0.66415507
425962,0.19837394
425964,0.4145
425965,0.20672068
425966,0.78163207
425967,0.2821261
425968,0.5530606
425969,0.4080175
425970,0.40126824
425971,0.6623383
425972,0.101399355
425976,0.36811393
426050,0.11465599
426051,0.7973031
426052,0.23330754
426053,0.18048431
426124,0.40132555
426132,0.52235574
426154,0.56498706
426192,0.12662898
426235,0.27388346
426297,0.74690396
426387,0.5663122
426396,0.15950035
426436,0.4717944
426437,0.16065392
426460,0.16817042
426466,0.44953975
426469,0.3460773
426510,0.4145671
426617,0.7018318
426630,0.38348243
426631,0.095541656
426650,0.37132594
426688,0.513817
426691,0.0979891
426855,0.65927297
426873,0.88418204
426890,0.54342914
426891,0.49262688
426895,0.13764039
426928,0.8049945
426929,0.34772757
426955,0.69007754
426957,0.20349789
427007,0.47495684
427009,0.15640348
427021,0.7082671
427023,0.1409544
427032,0.24998999
427036,0.17766045
427040,0.26662454
427041,0.29488075
427042,0.24757835
427044,0.098461874
427048,0.6245951
427050,0.5695527
427054,0.3315142
427057,0.45035502
427058,0.08973933
427059,0.6156285
427060,0.6857605
427062,0.35056058
427063,0.72314614
427064,0.20523985
427065,0.23649105
427067,0.5519494
427069,0.24892426
427070,0.16356598
427071,0.4316872
427072,0.4456402
427073,0.5328483
427074,0.22227967
427075,0.14701647
427076,0.4082513
427077,0.6601738
427078,0.399118
427079,0.2495404
427080,0.14587721
427081,0.42583168
427082,0.7037727
427088,0.2177527
427109,0.12488816
427110,0.86158854
427111,0.26810586
427114,0.31837025
427115,0.70852417
427120,0.09525821
427121,0.11273214
427122,0.90154076
427125,0.21027194
427126,0.15061288
427127,0.17596225
427128,0.21614316
427129,0.28455922
427130,0.8183278
427131,0.16753073
427132,0.22804777
427133,0.17083244
427134,0.19895227
427135,0.20238732
427137,0.50095546
427138,0.12208837
427139,0.090347454
427140,0.6401562
427142,0.30528814
427143,0.25357866
427144,0.82401186
427145,0.21176174
427146,0.6191136
427147,0.42181298
427148,0.1411619
427149,0.6045255
427150,0.5505733
427151,0.2774185
427152,0.09432396
427153,0.08762796
427154,0.82782227
427155,0.18962295
427156,0.15915272
427157,0.62538844
427158,0.674484
427159,0.5872112
427160,0.14739811
427161,0.22017612
427162,0.82239294
427163,0.6261255
427164,0.244584
427165,0.093358204
427254,0.19572146
427263,0.4604353
427324,0.7634371
427330,0.8231768
427379,0.32580283
427465,0.2688224
427485,0.7970749
427489,0.0921929
427505,0.57287145
427567,0.76450366
427575,0.7427901
427578,0.77972054
427589,0.86572486
427612,0.48569572
427615,0.283674
427618,0.2906521
427620,0.6164348
427622,0.09145587
427627,0.39744547
427628,0.3567025
427632,0.25274035
427634,0.1449562
427635,0.2594525
427637,0.32312533
427639,0.8175058
427640,0.53754836
427641,0.19428214
427642,0.47856888
427643,0.619626
427645,0.52602154
427646,0.39307797
427647,0.27927238
427649,0.09768537
427650,0.38261306
427652,0.7725303
427653,0.5601885
427654,0.08689146
427655,0.72922015
427656,0.35579795
427657,0.6189413
427658,0.8080306
427659,0.34520668
427660,0.31675643
427661,0.4022617
427662,0.21079169
427663,0.29484597
427664,0.74480575
427665,0.086356595
427666,0.18920292
427667,0.3185117
427668,0.4162413
427669,0.46867418
427671,0.63449913
427672,0.86507064
427673,0.121945396
427676,0.26815316
427677,0.1084673
427703,0.5105977
427738,0.32284296
427809,0.5163434
427881,0.39714268
427949,0.18097608
427985,0.87097746
428047,0.6677065
428054,0.907636
428080,0.8301979
428143,0.80627227
428162,0.8032578
428166,0.08885584
428187,0.27824014
428188,0.6784934
428189,0.34067553
428195,0.22383605
428196,0.62066686
428198,0.53503203
428200,0.21883719
428201,0.20559348
428204,0.81535465
428206,0.3118696
428207,0.7958752
428208,0.6308047
428210,0.12781586
428211,0.12898737
428212,0.7277752
428213,0.5098463
428215,0.12208186
428217,0.35329783
428218,0.33456013
428219,0.4695219
428220,0.2598706
428222,0.77461505
428223,0.49793917
428224,0.24868563
428225,0.35133156
428227,0.24304706
428228,0.56065786
428229,0.53657055
428230,0.79775506
428231,0.2587161
428232,0.53828895
428233,0.16472457
428234,0.15989876
428235,0.89224184
428236,0.39997497
428237,0.5362952
428238,0.3734749
428240,0.20425151
428241,0.553168
428242,0.22766556
428243,0.6770161
428244,0.81768245
428311,0.66825575
428312,0.2126982
428313,0.47850418
428314,0.6460521
428409,0.15093763
428416,0.15300225
428423,0.42724097
428424,0.36859834
428463,0.5404502
428485,0.87104386
428517,0.24510372
428518,0.867049
428561,0.28218576
428565,0.32339388
428590,0.4968688
428597,0.09864611
428614,0.5094584
428616,0.7548925
428621,0.10845613
428626,0.5422267
428629,0.11603005
428636,0.59716433
428647,0.2821134
428654,0.32236087
428659,0.35312814
428686,0.19672626
428690,0.18139604
428701,0.3974731
428708,0.7909208
428714,0.38033706
428722,0.19013777
428729,0.27563855
428745,0.15956916
428751,0.3692426
428757,0.30591437
428764,0.42202976
428774,0.525534
428778,0.18804403
428783,0.44988602
428789,0.13250273
428797,0.414045
428799,0.17491455
428801,0.9077894
428804,0.22375032
428806,0.28675526
428813,0.09981744
428816,0.27313778
428821,0.55417967
428832,0.3608134
428839,0.19692723
428842,0.7621425
428850,0.56160563
428859,0.57441986
428871,0.44780043
428907,0.73182
428913,0.22313805
428920,0.7466202
428924,0.43313372
428928,0.36484492
428930,0.10878635
428933,0.60961264
428938,0.43387747
428944,0.5016891
428948,0.6957063
428963,0.3077086
428975,0.60849136
428979,0.20301674
428982,0.7612797
428984,0.27550858
428987,0.46209702
429015,0.09727215
429018,0.4243012
429028,0.10396715
429035,0.46110377
429037,0.17356746
429042,0.22744519
429055,0.20039223
429066,0.48763266
429067,0.88365674
429069,0.11405641
429077,0.6125318
429078,0.67001396
429083,0.10675837
429091,0.5787563
429093,0.095231056
429094,0.4998268
429103,0.38087803
429109,0.62038165
429121,0.5446597
429129,0.15432036
429134,0.10470164
429138,0.39893052
429164,0.21847141
429173,0.6753159
429182,0.16876742
429190,0.1505321
429199,0.08640503
429219,0.7374175
429224,0.09152448
429226,0.6241059
429230,0.22846097
429239,0.11574439
429243,0.56502676
429256,0.40642238
429266,0.525378
429269,0.6670929
429294,0.108493455
429295,0.57580143
429297,0.711748
429299,0.14414646
429302,0.10739383
429305,0.59243935
429308,0.1204867
429314,0.69271463
429318,0.13897675
429348,0.40222278
429356,0.8899443
429359,0.7951914
429372,0.32591626
429373,0.48759672
429384,0.5167013
429385,0.4226746
429398,0.2972883
429405,0.5325254
429407,0.2257938
429408,0.4023326
429412,0.31421736
429414,0.668567
429415,0.6101166
429421,0.6489324
429422,0.16845587
429430,0.58470255
429432,0.31945235
429440,0.5890202
429442,0.84589106
429451,0.8624867
429459,0.40848553
429469,0.46591568
429471,0.09841604
429482,0.095587224
429483,0.66326517
429491,0.70250934
429493,0.5614557
429496,0.7452173
429498,0.1115593
429501,0.3126956
429502,0.23862386
429508,0.2921418
429509,0.27281028
429511,0.8211023
429528,0.13944936
429531,0.68667376
429539,0.7000662
429549,0.8418649
429555,0.3092028
429557,0.30610213
429567,0.7796109
429570,0.44057032
429576,0.2578867
429590,0.22224526
429591,0.81338453
429597,0.5875897
429600,0.8465069
429602,0.18552867
429604,0.5735059
429623,0.39535576
429625,0.099935174
429626,0.27801305
429628,0.16061042
429634,0.43797138
429637,0.15949437
429666,0.28334957
429667,0.57866687
429670,0.346737
429673,0.22864363
429678,0.45307374
429693,0.19338693
429702,0.18392405
429708,0.5653468
429737,0.20269565
429739,0.10852713
429740,0.19490395
429750,0.4684562
429770,0.543644
429774,0.39471975
429777,0.6787363
429780,0.29981515
429809,0.5702528
429810,0.09362626
429831,0.2489291
429835,0.5390035
429838,0.6268409
429846,0.32218203
429851,0.40857992
429852,0.15514994
429856,0.19565126
429857,0.46133685
429866,0.8114988
429871,0.41708222
429873,0.6974274
429879,0.8054929
429882,0.11744732
429885,0.20045456
429890,0.6191195
429897,0.13173006
429933,0.41914338
429936,0.18527155
429948,0.13644813
429952,0.72910285
429967,0.13738945
429982,0.15442449
429989,0.64766014
430000,0.20436598
430003,0.25128946
430011,0.4843806
430019,0.40160692
430035,0.1329712
430042,0.88921785
430047,0.37566176
430048,0.46656707
430059,0.18680306
430060,0.66933197
430077,0.22587436
430080,0.54756325
430083,0.8484093
430086,0.35880572
430090,0.4671345
430103,0.29655522
430107,0.6925865
430114,0.10837413
430116,0.13109653
430124,0.46987185
430129,0.61462045
430132,0.67141974
430146,0.50949985
430155,0.6679474
430156,0.087850265
430160,0.5305316
430168,0.43005878
430170,0.31225178
430176,0.43870214
430177,0.91317993
430186,0.8690839
430187,0.37501332
430195,0.4561266
430198,0.87015164
430204,0.44518524
430210,0.5187496
430211,0.7913233
430213,0.17952286
430216,0.86320084
430217,0.4389974
430227,0.10777259
430253,0.3324724
430266,0.5540002
430274,0.17861304
430280,0.10618873
430300,0.08628364
430301,0.09104887
430309,0.51573765
430313,0.31373587
430316,0.33215925
430319,0.6561868
430332,0.59858626
430346,0.5050382
430357,0.55282944
430359,0.54068655
430368,0.2050305
430376,0.11624466
430383,0.53430885
430389,0.42051744
430393,0.60563743
430394,0.15738623
430404,0.24669158
430405,0.29541427
430407,0.7322777
430433,0.46103352
430445,0.2281219
430446,0.5520771
430451,0.5164439
430452,0.16114952
430459,0.33483243
430466,0.3425445
430467,0.09196003
430473,0.7344733
430477,0.11171285
430483,0.42515573
430512,0.24269815
430521,0.09814901
430524,0.11483421
430529,0.6429665
430533,0.09890315
430536,0.35973004
430538,0.24173671
430540,0.7292996
430548,0.6380364
430549,0.22655508
430550,0.24934702
430566,0.59466386
430574,0.47891247
430576,0.43913004
430582,0.4840052
430585,0.3646742
430625,0.15666401
430627,0.2113048
430629,0.24161868
430637,0.54308
430639,0.25158426
430641,0.3445829
430656,0.1773995
430659,0.09430983
430661,0.117731504
430671,0.6142222
430672,0.6354288
430673,0.49593782
430674,0.39899218
430676,0.22724582
430691,0.09703538
430698,0.23753873
430699,0.810197
430708,0.6435074
430719,0.3228203
430726,0.09193374
430728,0.880506
430730,0.73793817
430731,0.66697943
430732,0.45597446
430738,0.41106632
430770,0.7317474
430782,0.5814499
430785,0.23896275
430786,0.3933551
430806,0.81374985
430818,0.85038245
430819,0.25721171
430820,0.23033373
430835,0.23737031
430836,0.33119467
430837,0.41016975
430838,0.28694716
430839,0.23563918
430847,0.8277742
430853,0.30914903
430856,0.0857786
430876,0.20227785
430886,0.13356604
430887,0.13941136
430889,0.422762
430927,0.11954998
430931,0.7148596
430939,0.22796215
430942,0.09863419
430949,0.6631229
430957,0.1228924
430960,0.085088514
430961,0.12368737
430962,0.7356007
430973,0.29820794
430975,0.09551619
430976,0.31900892
430981,0.1833652
430992,0.23565833
431007,0.6866478
431010,0.5821429
431013,0.3730951
431023,0.18172084
431027,0.5083819
431044,0.12854762
431056,0.1141148
431058,0.09228909
431065,0.08950602
431077,0.5603958
431080,0.7293275
431082,0.15538509
431088,0.7844498
431095,0.82632816
431100,0.32511997
431106,0.5543796
431107,0.64759594
431110,0.38949707
431114,0.74983704
431138,0.5359462
431144,0.10097937
431162,0.4774271
431170,0.804927
431171,0.106092654
431176,0.72095084
431203,0.5088841
431211,0.30080938
431212,0.20231293
431215,0.14940555
431238,0.90827507
431241,0.5842572
431244,0.7695158
431254,0.17328635
431263,0.40234742
431278,0.23083904
431285,0.6213086
431286,0.58402514
431298,0.11912887
431305,0.10834025
431315,0.8566375
431323,0.48882622
431325,0.0926977
431334,0.10693754
431358,0.7551924
431372,0.35652608
431373,0.09735065
431374,0.84085196
431377,0.62836635
431386,0.6392763
431388,0.7251841
431395,0.09465919
431396,0.54368806
431413,0.3771721
431416,0.61563206
431418,0.637185
431431,0.6428937
431444,0.4926613
431449,0.8318178
431467,0.3475213
431469,0.30289188
431479,0.26499072
431480,0.119955815
431481,0.16017057
431488,0.11540235
431492,0.8389866
431496,0.5570119
431497,0.103576384
431508,0.6587693
431511,0.20078382
431517,0.21111536
431520,0.60221
431538,0.40420341
431540,0.11182501
431543,0.9041514
431545,0.20686202
431560,0.16012172
431561,0.35902765
431584,0.9005998
431591,0.68182397
431593,0.5735815
431625,0.82478935
431630,0.70722586
431633,0.65000457
431635,0.3166856
431649,0.51659554
431650,0.5038711
431651,0.22278795
431652,0.23556566
431667,0.7654023
431668,0.8325342
431672,0.25926274
431675,0.7391762
431680,0.84937227
431682,0.18576266
431683,0.090602346
431693,0.21820153
431697,0.44478944
431726,0.706702
431731,0.5274639
431732,0.5269046
431744,0.08556883
431750,0.18274792
431755,0.5872611
431756,0.47925547
431757,0.5407972
431765,0.53398234
431766,0.16162564
431768,0.34032205
431770,0.1219425
431773,0.111451045
431775,0.4257673
431777,0.76625884
431778,0.75392276
431801,0.58834904
431807,0.15285666
431810,0.11556181
431815,0.37455478
431816,0.36863136
431823,0.6075495
431831,0.45830506
431837,0.27335152
431841,0.32197586
431845,0.11599407
431854,0.597514
431857,0.54658794
431865,0.5588001
431866,0.41505098
431867,0.20625606
431869,0.40387997
431889,0.47948942
431899,0.16431591
431903,0.70231295
431909,0.118742086
431914,0.38131985
431916,0.27339888
431918,0.7407034
431931,0.43992805
431940,0.3412888
431948,0.7528748
431962,0.19019312
431965,0.17471276
431974,0.12662385
431976,0.104440905
431987,0.30571347
431988,0.3122381
431995,0.76788133
431999,0.48129103
432003,0.095970385
432005,0.7831107
432009,0.18591043
432011,0.15889679
432022,0.78922087
432028,0.6291598
432030,0.10913298
432037,0.122309476
432065,0.38284388
432070,0.09753189
432075,0.76023114
432078,0.7900345
432080,0.5480499
432085,0.24341829
432092,0.42450932
432111,0.67445475
432112,0.10188609
432115,0.122747034
432117,0.658324
432118,0.34841684
432129,0.71938413
432132,0.5080351
432133,0.22773282
432145,0.44746372
432146,0.124845594
432148,0.32561508
432156,0.45563456
432167,0.45206594
432169,0.08799943
432188,0.10342818
432192,0.84820485
432221,0.42243868
432226,0.6441045
432231,0.15087296
432247,0.1491918
432252,0.20501217
432254,0.35859767
432263,0.42059898
432265,0.2849467
432271,0.6055467
432280,0.27607068
432282,0.32731423
432284,0.10276087
432291,0.87546605
432296,0.41029602
432298,0.62844265
432301,0.21953583
432309,0.50663394
432312,0.6129467
432320,0.25006244
432324,0.09457714
432330,0.40660712
432339,0.14863378
432356,0.3050461
432357,0.09091001
432362,0.21507548
432365,0.33876267
432366,0.2590095
432370,0.5869178
432377,0.5356751
432384,0.2997369
432391,0.15508856
432405,0.357236
432406,0.63681024
432414,0.6717037
432415,0.10390234
432417,0.09970305
432419,0.27885357
432424,0.22198324
432425,0.4062246
432432,0.6848028
432438,0.27919006
432441,0.61322224
432444,0.8632424
432446,0.8664001
432452,0.48110023
432454,0.36873084
432473,0.85027385
432482,0.5810162
432489,0.3619707
432492,0.8944159
432495,0.13356552
432501,0.75429064
432507,0.12862739
432509,0.88900626
432510,0.25551677
432522,0.16374081
432525,0.39775205
432526,0.25935397
432527,0.89520675
432532,0.22861788
432535,0.38494587
432544,0.21123472
432547,0.48775604
432551,0.48499852
432553,0.17449021
432555,0.1577576
432560,0.27617547
432569,0.65427905
432577,0.11657571
432585,0.22083513
432590,0.18864936
432591,0.57788664
432594,0.20312123
432607,0.4406125
432608,0.8161673
432609,0.5886243
432612,0.8428449
432613,0.20495267
432616,0.13409801
432618,0.8875491
432622,0.2391052
432626,0.098152004
432639,0.13080923
432640,0.47167805
432642,0.63837856
432648,0.28214157
432653,0.40174267
432661,0.5529604
432668,0.23615858
432682,0.7455072
432686,0.40933296
432693,0.12693995
432695,0.65169185
432696,0.74101996
432698,0.6758137
432699,0.20436326
432702,0.6350266
432707,0.22378244
432712,0.14323962
432719,0.18848349
432724,0.107017174
432728,0.5920628
432737,0.32028884
432745,0.79207516
432746,0.4891314
432749,0.83065754
432752,0.12404486
432758,0.12594867
432769,0.33774
432770,0.503911
432771,0.12699789
432788,0.12417626
432804,0.23574229
432807,0.73685783
432830,0.7646281
432831,0.18419318
432842,0.51687807
432849,0.83692825
432876,0.73459333
432886,0.22241105
432888,0.12410398
432897,0.09157504
432918,0.37613782
432919,0.34241313
432920,0.18120353
432921,0.381793
432930,0.37915927
432932,0.20073281
432943,0.4997471
432944,0.19631132
432951,0.36788934
432952,0.19366287
432965,0.6672272
432969,0.20929949
432981,0.12797502
432985,0.21765642
432986,0.17114288
432988,0.5645103
432991,0.48376125
432992,0.50750774
433002,0.1365382
433018,0.18456869
433019,0.16474295
433021,0.5785314
433024,0.19476844
433031,0.18066625
433035,0.8464831
433047,0.56564265
433050,0.11657072
433051,0.20413405
433055,0.17238963
433058,0.61151016
433069,0.24242301
433079,0.7313526
433098,0.7565243
433099,0.12809145
433104,0.39521623
433112,0.15392527
433117,0.110396035
433119,0.09222548
433130,0.11748698
433132,0.47166336
433158,0.91420966
433159,0.099966034
433162,0.12000745
433166,0.72442627
433169,0.71004426
433173,0.2879967
433174,0.24199945
433183,0.83669674
433184,0.14495787
433198,0.43396842
433205,0.4948242
433221,0.5129661
433271,0.8854793
433274,0.12842576
433276,0.8081253
433281,0.15289046
433283,0.30975553
433296,0.44211632
433300,0.36663878
433304,0.19565535
433308,0.4882124
433312,0.22584079
433313,0.66358364
433319,0.09571407
433332,0.77517647
433342,0.109441124
433343,0.13291521
433344,0.5479795
433345,0.11147275
433347,0.6070404
433350,0.27317923
433355,0.8012945
433356,0.20858958
433359,0.44147566
433361,0.3665669
433363,0.68603903
433370,0.120047584
433371,0.23807846
433374,0.5814191
433384,0.56209636
433390,0.24745335
433392,0.09842311
433396,0.45241812
433403,0.7032961
433405,0.12622309
433408,0.8424203
433410,0.83711076
433411,0.55925286
433424,0.35566887
433431,0.17326325
433432,0.83589005
433440,0.4725891
433441,0.46061772
433451,0.6605103
433452,0.6310008
433459,0.25146803
433463,0.11831338
433464,0.45908788
433470,0.21679488
433480,0.5834007
433482,0.7310837
433485,0.51956266
433494,0.6885302
433495,0.3984436
433496,0.11391869
433505,0.20208573
433509,0.3430256
433515,0.51931816
433518,0.1280741
433519,0.8771662
433527,0.6325608
433532,0.14695139
433535,0.20433725
433539,0.50209856
433561,0.25035018
433564,0.835298
433566,0.101743236
433574,0.20182523
433575,0.11193873
433584,0.5061204
433591,0.7753543
433596,0.71804655
433598,0.7053771
433602,0.17339537
433606,0.3992512
433611,0.10791017
433617,0.45604408
433620,0.8346339
433628,0.30968827
433631,0.5915818
433651,0.3390734
433653,0.49586913
433657,0.3822376
433661,0.4937071
433662,0.6418114
433663,0.77348983
433668,0.54777735
433670,0.83073807
433680,0.70402694
433686,0.88848263
433709,0.13055721
433725,0.24495657
433731,0.460709
433735,0.7848375
433745,0.23660092
433748,0.12936115
433754,0.43766838
433762,0.56874955
433766,0.42522907
433767,0.13431561
433779,0.41974768
433783,0.12769543
433785,0.7472004
433789,0.089417964
433794,0.7820606
433799,0.344583
433800,0.17783773
433804,0.59440905
433816,0.38496312
433820,0.41044638
433829,0.11353506
433837,0.1819142
433840,0.11891073
433842,0.58355737
433849,0.41532364
433853,0.15345478
433862,0.0936794
433872,0.12479329
433882,0.46727538
433892,0.5280331
433896,0.2728883
433906,0.37884983
433913,0.59550065
433914,0.10739112
433957,0.17845386
433958,0.50047415
433965,0.71489793
433976,0.34812042
433984,0.11181545
433995,0.29478705
433996,0.25031367
434006,0.7027536
434007,0.15252876
434009,0.4354868
434019,0.58204293
434024,0.43907452
434026,0.8101317
434027,0.11332193
434034,0.17506745
434036,0.14154388
434037,0.43715405
434046,0.55362487
434050,0.09534016
434051,0.09202527
434052,0.3178497
434055,0.57464427
434061,0.5115233
434064,0.38435712
434108,0.45364347
434109,0.68747467
434121,0.65233254
434122,0.5776275
434140,0.0903145
434151,0.5768248
434156,0.16639613
434157,0.22042856
434160,0.6713154
434164,0.11011827
434167,0.11869939
434169,0.32846016
434173,0.10133099
434176,0.584453
434177,0.6838496
434179,0.49359724
434180,0.23125595
434183,0.63479996
434192,0.10938415
434205,0.22612442
434209,0.22442752
434212,0.67512536
434214,0.54709715
434216,0.5398412
434222,0.8245826
434223,0.42241898
434224,0.6712539
434259,0.8353933
434261,0.110709295
434263,0.59625
434264,0.27818105
434282,0.18715818
434283,0.08921806
434293,0.6547994
434317,0.61055386
434322,0.29579747
434326,0.35162655
434327,0.118871465
434328,0.377118
434336,0.35913745
434340,0.23429371
434342,0.59267414
434350,0.6522555
434355,0.4152379
434375,0.14626195
434387,0.39773378
434390,0.41769263
434391,0.33064187
434408,0.19861816
434410,0.31734887
434423,0.34538785
434439,0.7407437
434442,0.22679597
434445,0.7048897
434448,0.44364822
434460,0.39427575
434465,0.13928804
434467,0.32681674
434468,0.6893683
434501,0.43113732
434504,0.73178446
434505,0.35312128
434507,0.20651545
434514,0.45726138
434535,0.2924536
434538,0.7406755
434542,0.5898645
434545,0.5387599
434554,0.7844244
434556,0.4682925
434568,0.38297793
434569,0.6100027
434571,0.84569675
434574,0.7736306
434579,0.17455901
434599,0.7268859
434604,0.71873355
434606,0.10334049
434607,0.26660794
434608,0.088807516
434610,0.43518493
434615,0.78986233
434616,0.71379906
434619,0.6328374
434658,0.74825627
434669,0.20723794
434675,0.14115414
434678,0.13120873
434680,0.28409234
434690,0.81577647
434698,0.3194119
434702,0.76327527
434704,0.09550056
434722,0.14590827
434727,0.7836418
434730,0.28609055
434735,0.2194619
434739,0.28751758
434765,0.10584549
434767,0.67680436
434784,0.80065715
434787,0.6083138
434788,0.72401184
434789,0.19861126
434790,0.67362976
434791,0.5857482
434802,0.19432294
434806,0.09500335
434807,0.52826023
434808,0.83556855
434815,0.79867196
434816,0.55794734
434817,0.6763008
434818,0.74611616
434830,0.7332034
434918,0.13342585
434920,0.2602384
434921,0.2860853
434922,0.8403201
434937,0.18653435
434948,0.29050457
434949,0.5649888
434952,0.28317034
434954,0.40289024
434957,0.3149793
434968,0.114466436
434974,0.31063533
434982,0.4023785
434986,0.38487327
434993,0.1959105
434995,0.63559645
435005,0.3198917
435013,0.5451985
435027,0.1085485
435034,0.90735906
435056,0.8608836
435060,0.26656115
435062,0.7285462
435068,0.2400411
435069,0.5403477
435071,0.7544955
435079,0.100475065
435086,0.6403365
435092,0.33817065
435099,0.18658984
435100,0.51153094
435108,0.197431
435118,0.23035066
435120,0.13840055
435129,0.34398702
435132,0.80336994
435138,0.13537537
435139,0.79702604
435142,0.7299839
435147,0.5710211
435148,0.7238534
435151,0.09234857
435153,0.26504013
435154,0.7670997
435164,0.631593
435173,0.23987606
435174,0.18939342
435179,0.08686505
435199,0.19274911
435202,0.1443228
435203,0.41264275
435214,0.5853859
435217,0.54901016
435222,0.46051067
435229,0.8583878
435239,0.12343752
435248,0.60883284
435259,0.17210199
435260,0.1100458
435263,0.5494536
435264,0.23864152
435267,0.17090036
435274,0.7670043
435286,0.096319504
435296,0.10920494
435308,0.19886152
435328,0.6890421
435333,0.28612998
435363,0.38303182
435366,0.15957591
435375,0.11928109
435378,0.8031758
435400,0.2167566
435408,0.40147987
435409,0.089081414
435415,0.090973124
435419,0.6309483
435422,0.2028004
435428,0.6260607
435432,0.568497
435434,0.63949335
435435,0.7353
435440,0.5445764
435455,0.2900456
435464,0.2564319
435470,0.08823052
435475,0.79764855
435478,0.37737852
435480,0.6303426
435482,0.09745495
435490,0.29020613
435507,0.74858475
435509,0.5973448
435510,0.29452685
435519,0.23669866
435527,0.700349
435533,0.24510188
435534,0.5664398
435535,0.46949574
435536,0.25370958
435540,0.54020876
435551,0.25548834
435562,0.91151154
435564,0.5971816
435585,0.39221984
435590,0.16137083
435609,0.12562284
435610,0.12169171
435611,0.09924151
435623,0.4358991
435681,0.48446453
435682,0.456618
435683,0.32749492
435704,0.46944425
435711,0.3112975
435713,0.40336975
435714,0.40239838
435716,0.12349416
435717,0.73760825
435718,0.58781326
435719,0.25016513
435741,0.12433618
435765,0.7285197
435766,0.41300198
435767,0.08606776
435773,0.8130148
435802,0.3680718
435806,0.23028204
435807,0.77273726
435809,0.10697899
435811,0.6250224
435816,0.303063
435823,0.45615914
435835,0.78557456
435848,0.6619982
435849,0.9047343
435858,0.13653898
435870,0.49741858
435874,0.26926374
435890,0.7210334
435892,0.10871621
435911,0.2775789
435915,0.1325811
435924,0.5957692
435937,0.19673257
435943,0.7642731
435958,0.10431332
435962,0.15996979
435965,0.79502606
435968,0.78545505
435997,0.11599816
435998,0.727946
435999,0.1079855
436009,0.35413885
436021,0.49730673
436022,0.25306606
436026,0.6916955
436032,0.12450636
436037,0.3403189
436049,0.6420152
436058,0.22907126
436059,0.5611452
436062,0.7237202
436068,0.2116595
436079,0.5078308
436082,0.4085967
436083,0.68522495
436093,0.7276052
436098,0.10983774
436113,0.17406704
436127,0.779993
436148,0.5073225
436152,0.8748139
436159,0.09775645
436165,0.18643944
436170,0.25615108
436174,0.097273365
436176,0.14245002
436183,0.08808804
436194,0.13727202
436196,0.18942064
436204,0.23079936
436207,0.75554734
436210,0.23252848
436219,0.8262089
436227,0.55887985
436230,0.14586948
436233,0.40477377
436235,0.73610294
436250,0.58459955
436260,0.69836783
436285,0.55489457
436291,0.35775954
436304,0.19843677
436307,0.630018
436308,0.7110183
436311,0.44934115
436314,0.41136658
436322,0.33490905
436323,0.84355205
436339,0.19766821
436350,0.3144752
436358,0.41147926
436359,0.18278262
436363,0.22171502
436365,0.4709918
436369,0.12544043
436377,0.20277952
436378,0.49942183
436387,0.17790668
436394,0.61173785
436397,0.28760174
436399,0.74490756
436401,0.41695777
436404,0.46598515
436421,0.4302746
436422,0.6119189
436426,0.23319232
436430,0.26682347
436464,0.32542488
436471,0.18995471
436476,0.23346353
436478,0.1328054
436486,0.09175178
436497,0.25158304
436508,0.16304262
436509,0.26916105
436510,0.3916709
436511,0.8487589
436528,0.52655286
436531,0.37035856
436534,0.8019327
436535,0.44052002
436536,0.093509175
436537,0.20375468
436560,0.10285702
436562,0.53798527
436563,0.64840704
436564,0.7692615
436598,0.30438817
436599,0.20061609
436600,0.3270627
436637,0.3278855
436674,0.17179388
436706,0.3310662
436721,0.361006
436722,0.65049714
436735,0.23103398
436747,0.89134604
436748,0.36413604
436750,0.7009775
436757,0.88803184
436767,0.59427387
436771,0.14058399
436781,0.48273724
436786,0.15483077
436799,0.20885882
436807,0.5998122
436812,0.44047433
436821,0.5029192
436835,0.25615838
436836,0.7644368
436846,0.26347494
436874,0.23129827
436880,0.8209509
436882,0.62124825
436885,0.108903
436893,0.37650323
436894,0.08868969
436896,0.16757593
436902,0.5172793
436918,0.09137811
436921,0.4452693
436935,0.36031204
436955,0.09616345
436961,0.53300464
436963,0.43193322
436964,0.519313
436970,0.17155547
436975,0.22262911
437005,0.17049667
437014,0.55197644
437020,0.59367347
437043,0.34736115
437045,0.22855967
437070,0.3791427
437078,0.113037184
437095,0.32083344
437097,0.3906397
437123,0.09102738
437127,0.25395447
437128,0.35858965
437130,0.23071471
437147,0.8661707
437156,0.22092721
437157,0.3438938
437160,0.4794333
437161,0.13190013
437169,0.1639647
437189,0.4556454
437196,0.64265686
437198,0.35578433
437200,0.12284302
437206,0.8165364
437211,0.33189145
437215,0.69217336
437218,0.4191344
437226,0.231037
437229,0.5876431
437235,0.21291661
437244,0.099073924
437245,0.59266746
437246,0.60543525
437264,0.37163007
437266,0.10079177
437268,0.44488338
437269,0.3517288
437273,0.14527106
437275,0.6612085
437276,0.1871992
437302,0.1625275
437304,0.45999628
437305,0.59071493
437306,0.5412791
437334,0.1686118
437335,0.40001473
437336,0.2907196
437338,0.63186926
437343,0.9144363
437356,0.51018864
437357,0.25721914
437358,0.5098642
437359,0.14891416
437360,0.74484473
437393,0.09438908
437397,0.685772
437403,0.47355735
437409,0.19922784
437426,0.8040659
437430,0.7655231
437446,0.7486983
437459,0.19076188
437461,0.3144651
437462,0.44921497
437463,0.13202506
437475,0.21024352
437478,0.18914096
437480,0.092856236
437482,0.29275718
437486,0.26641914
437491,0.6818949
437492,0.41532186
437493,0.62574947
437496,0.6734656
437510,0.095145226
437515,0.11326986
437516,0.3687481
437519,0.08807264
437522,0.16139519
437524,0.13296668
437532,0.43442717
437538,0.123189546
437546,0.57863396
437551,0.6039581
437553,0.82176995
437556,0.61704564
437573,0.7526578
437575,0.29902625
437584,0.77948684
437591,0.73858035
437592,0.43114805
437595,0.19782203
437602,0.12003513
437610,0.09696718
437611,0.1132405
437621,0.74526644
437622,0.66334754
437624,0.3319849
437630,0.22296792
437631,0.73388153
437636,0.8070958
437666,0.113039784
437672,0.45313904
437676,0.45919493
437687,0.24404553
437689,0.6634858
437706,0.78066546
437712,0.63387024
437735,0.21675138
437757,0.16824485
437763,0.52358764
437790,0.12456323
437791,0.15395407
437795,0.33938187
437803,0.34832168
437810,0.34577194
437811,0.6748076
437813,0.12555273
437820,0.48020065
437823,0.49182877
437832,0.118170194
437841,0.21891305
437852,0.42165956
437858,0.5490133
437862,0.14550345
437892,0.08923414
437896,0.33240226
437903,0.84110385
437905,0.22774103
437911,0.8223343
437913,0.43772027
437918,0.14294644
437922,0.59379804
437933,0.18270752
437936,0.38249964
437945,0.49133778
437966,0.18852304
437967,0.651507
437972,0.09557667
437977,0.70682716
437984,0.8247969
437996,0.1409536
437997,0.16359757
437999,0.33883607
438001,0.15360539
438004,0.6329928
438007,0.23580101
438029,0.10795328
438031,0.17846163
438034,0.66048414
438038,0.78372663
438054,0.39852145
438058,0.15882543
438064,0.6220761
438065,0.6058588
438074,0.12941945
438084,0.59187037
438088,0.5306532
438089,0.14071035
438090,0.118131384
438117,0.29763848
438118,0.48516053
438151,0.626152
438152,0.3063479
438153,0.5236023
438154,0.25522134
438167,0.27666134
438187,0.51931286
438192,0.8598989
438195,0.6616063
438196,0.59302646
438220,0.3464057
438223,0.8886513
438229,0.5192822
438256,0.35365957
438258,0.45230228
438260,0.44747967
438264,0.16339958
438273,0.35697636
438306,0.6350875
438307,0.23582613
438308,0.16676858
438309,0.1299814
438310,0.68411255
438341,0.6184219
438348,0.11084585
438349,0.17274554
438364,0.12046
438368,0.688316
438380,0.78375477
438382,0.18336666
438402,0.39677578
438404,0.6212333
438408,0.68280566
438410,0.7682047
438429,0.3870688
438434,0.46867085
438435,0.2495955
438437,0.78713745
438438,0.634997
438444,0.43108636
438471,0.20574199
438506,0.10866437
438521,0.27217308
438524,0.6087017
438525,0.52438045
438534,0.11267886
438541,0.27752218
438546,0.107591234
438547,0.5196982
438564,0.28730267
438568,0.1174314
438570,0.105062306
438578,0.12013145
438582,0.4877455
438587,0.3631743
438604,0.40397906
438620,0.28392375
438621,0.10693593
438624,0.3637167
438634,0.78481776
438644,0.56875575
438645,0.34336877
438651,0.53402835
438659,0.15432347
438660,0.23318833
438662,0.2933961
438668,0.10046585
438673,0.488099
438677,0.42507473
438683,0.8279907
438687,0.3968887
438700,0.7935574
438713,0.6821796
438714,0.20982158
438715,0.26694712
438717,0.16049507
438721,0.65647066
438738,0.6041692
438749,0.10456348
438750,0.127771
438756,0.3450762
438771,0.45817935
438777,0.14927755
438781,0.13196471
438783,0.28488225
438786,0.8344623
438792,0.15291409
438802,0.4021628
438808,0.15507843
438814,0.24407901
438829,0.6413607
438846,0.4918499
438851,0.54470056
438856,0.91605103
438858,0.783727
438861,0.10326697
438862,0.6045232
438876,0.7664669
438880,0.2776103
438891,0.7897928
438896,0.5064175
438898,0.7043844
438904,0.11227402
438908,0.22257614
438921,0.53278196
438923,0.71874833
438929,0.4524718
438942,0.21288754
438950,0.5954886
438979,0.7172979
438994,0.6673086
438995,0.42669854
438996,0.108341955
439002,0.6556175
439013,0.1604023
439015,0.2110469
439017,0.43268636
439029,0.29768723
439047,0.85671824
439048,0.34045565
439049,0.74416995
439050,0.46611655
439061,0.78573483
439065,0.56320184
439069,0.62756747
439070,0.8110742
439071,0.42041907
439072,0.6585824
439073,0.5625073
439076,0.36361298
439077,0.33015603
439078,0.39245647
439089,0.28759375
439095,0.13244066
439113,0.2602635
439122,0.1721172
439127,0.36925837
439153,0.16116512
439154,0.59376115
439157,0.14961028
439197,0.10608787
439205,0.66939384
439207,0.7394208
439209,0.15081327
439213,0.10520797
439218,0.536705
439222,0.25902575
439229,0.47293904
439233,0.47813997
439235,0.13275166
439236,0.20150885
439239,0.22867875
439248,0.6201969
439255,0.6882042
439265,0.22556284
439266,0.5854946
439268,0.38673893
439270,0.26575607
439276,0.44823128
439285,0.10252556
439294,0.3982681
439296,0.1596208
439299,0.8133349
439310,0.4856415
439319,0.16230401
439320,0.15045136
439325,0.31795186
439327,0.29617396
439328,0.15711111
439334,0.41484663
439335,0.36816025
439339,0.2979418
439343,0.11071591
439353,0.6872643
439356,0.20080608
439374,0.14352204
439391,0.68596184
439400,0.15965946
439405,0.69883335
439413,0.42466173
439448,0.3595272
439451,0.4095538
439455,0.58920336
439468,0.3302917
439472,0.24483977
439473,0.30683205
439477,0.10428669
439483,0.34692898
439484,0.3457924
439501,0.1566119
439505,0.66142654
439512,0.5255586
439515,0.23681456
439525,0.47066396
439535,0.7313447
439539,0.09806036
439548,0.79442835
439549,0.68414944
439550,0.4927205
439551,0.53225183
439558,0.0958652
439562,0.11178752
439566,0.43619958
439571,0.18431959
439587,0.12740551
439591,0.5163395
439595,0.32708082
439611,0.6857898
439614,0.88209677
439618,0.8700219
439620,0.7446901
439626,0.6126181
439633,0.35031196
439657,0.282138
439660,0.45799875
439661,0.35577
439666,0.26408008
439673,0.13897002
439675,0.4305169
439705,0.510864
439707,0.7252499
439720,0.33617282
439727,0.68117076
439733,0.3924353
439736,0.13397813
439737,0.5946955
439746,0.44460756
439755,0.5018732
439763,0.5349429
439765,0.6542271
439766,0.2884172
439768,0.4827194
439774,0.28577232
439779,0.22010444
439781,0.84281844
439784,0.6787414
439808,0.30930513
439816,0.42003012
439818,0.09688092
439820,0.1663314
439824,0.21944794
439830,0.58744174
439839,0.11958517
439841,0.85305715
439845,0.44928753
439874,0.30380642
439875,0.09410168
439879,0.30416238
439882,0.28423673
439883,0.64199656
439900,0.34910387
439901,0.24829744
439906,0.441401
439909,0.6617772
439911,0.7216394
439914,0.12465298
439936,0.5869789
439937,0.3711008
439945,0.34587085
439950,0.16571625
439955,0.6505852
439956,0.14270051
439971,0.6118587
439977,0.48239607
439984,0.7194709
439985,0.19982658
439990,0.11525562
439994,0.5329061
440003,0.12708905
440030,0.4962077
440042,0.6905899
440048,0.44168562
440054,0.48060727
440073,0.45011947
440074,0.51789767
440080,0.20860691
440082,0.5781013
440085,0.65305626
440088,0.47149357
440091,0.09947131
440100,0.13610178
440103,0.13211748
440113,0.8681502
440119,0.10883162
440127,0.10837692
440130,0.21582663
440131,0.1688679
440135,0.722662
440139,0.406134
440147,0.6353157
440156,0.88493234
440158,0.23248939
440162,0.25824663
440163,0.6977763
440176,0.123520486
440181,0.088114895
440191,0.18291676
440192,0.59664255
440215,0.09918078
440219,0.4470976
440222,0.37448835
440238,0.29567477
440239,0.15609516
440244,0.10578438
440245,0.2930142
440252,0.5604989
440266,0.2127808
440267,0.5030303
440281,0.79178613
440283,0.42251486
440292,0.47903687
440307,0.34116292
440309,0.17349775
440313,0.24028817
440315,0.3349548
440320,0.117333636
440332,0.08526525
440336,0.34701642
440338,0.5129275
440342,0.63827693
440350,0.5241296
440352,0.15467018
440356,0.20643352
440359,0.29038924
440384,0.17174427
440395,0.38821095
440396,0.25172722
440397,0.4117379
440401,0.114054315
440408,0.5945424
440411,0.35982305
440425,0.11341666
440439,0.28172702
440451,0.76712525
440460,0.78288865
440463,0.5814458
440473,0.15557835
440479,0.108895384
440497,0.5619645
440506,0.3449287
440509,0.25625083
440518,0.13661042
440528,0.5390176
440536,0.6341993
440543,0.7659605
440561,0.16257748
440562,0.4891651
440566,0.41602755
440572,0.6976921
440574,0.64611906
440585,0.61948085
440592,0.2668516
440601,0.6977722
440606,0.5624005
440632,0.5545932
440643,0.5619675
440653,0.12356486
440669,0.11851455
440682,0.30341032
440691,0.13917913
440701,0.11863217
440706,0.413564
440708,0.2534293
440714,0.89839625
440721,0.7991422
440723,0.760519
440750,0.09363162
440759,0.8461927
440773,0.2303831
440792,0.7849426
440793,0.25075114
440798,0.891508
440804,0.5829151
440819,0.38226715
440827,0.7270906
440851,0.6081834
440861,0.14939623
440862,0.23027153
440868,0.3518364
440874,0.1292346
440877,0.6934572
440883,0.23483028
440884,0.65500546
440886,0.10284573
440900,0.6179767
440902,0.14721324
440904,0.82174855
440910,0.5690892
440913,0.41720784
440915,0.7191915
440923,0.6825748
440924,0.10337249
440927,0.108302206
440936,0.36059222
440968,0.4665259
440973,0.17043005
440975,0.2948672
440979,0.670863
440986,0.65516895
440987,0.1386001
440995,0.114272684
440998,0.49174827
441000,0.100172065
441004,0.61685187
441007,0.72163403
441014,0.54229826
441026,0.847744
441032,0.80996406
441042,0.095931314
441051,0.6267076
441060,0.1413342
441061,0.34409538
441081,0.33554772
441082,0.4712752
441085,0.1998555
441087,0.49877325
441089,0.20397499
441091,0.2527897
441095,0.38767937
441114,0.2964546
441128,0.59281075
441138,0.6780038
441154,0.23266241
441156,0.6564081
441157,0.8447469
441175,0.38551658
441183,0.6166152
441189,0.37202334
441207,0.101413995
441209,0.5609209
441217,0.47975773
441228,0.13280526
441229,0.22912772
441239,0.15169859
441244,0.32753018
441256,0.44932985
441275,0.2892093
441278,0.42331535
441284,0.11515096
441288,0.31854486
441293,0.84545153
441294,0.88568753
441297,0.7785949
441298,0.1748023
441304,0.14269964
441316,0.090712085
441318,0.16808611
441351,0.44016582
441354,0.5709853
441363,0.3681943
441373,0.7628336
441375,0.21973531
441382,0.4929541
441385,0.1749353
441388,0.13976376
441392,0.74047965
441402,0.78886
441413,0.6119606
441417,0.81132203
441427,0.30687854
441437,0.4160034
441453,0.6902709
441458,0.50469047
441459,0.22865835
441463,0.09738893
441466,0.21611407
441475,0.3193519
441479,0.21527533
441497,0.29731125
441501,0.6006862
441509,0.17448217
441513,0.3637612
441546,0.5976009
441547,0.1381486
441563,0.864951
441565,0.15786101
441567,0.45811856
441576,0.7518444
441577,0.58448094
441578,0.49947757
441597,0.1519366
441607,0.11997671
441609,0.19769414
441611,0.29304102
441613,0.31805587
441622,0.12922779
441637,0.33550397
441638,0.13914494
441652,0.36065766
441660,0.5933388
441667,0.6463005
441671,0.38766333
441672,0.23996516
441675,0.6547289
441679,0.20919071
441700,0.1361735
441701,0.32790223
441711,0.122341156
441725,0.21619388
441732,0.1978339
441741,0.41072363
441743,0.29239297
441761,0.12710331
441763,0.12990049
441766,0.086084664
441778,0.5151435
441780,0.13876866
441782,0.50063765
441785,0.6316533
441796,0.18309528
441808,0.63146657
441809,0.513604
441811,0.2900176
441825,0.38542044
441828,0.38038984
441835,0.68506235
441860,0.15944241
441865,0.41808093
441871,0.22357826
441874,0.10994681
441876,0.12622677
441885,0.26167646
441896,0.6099836
441908,0.20220226
441913,0.14472073
441921,0.64014864
441926,0.12724979
441936,0.4822605
441941,0.24191004
441947,0.13422965
441957,0.2522449
441961,0.13139094
441969,0.10282402
441979,0.72492534
441986,0.44803032
441987,0.09409851
441996,0.8705381
441997,0.30783063
441998,0.59421784
442001,0.24845871
442002,0.46648908
442003,0.66465807
442010,0.099554926
442013,0.12411052
442015,0.8450001
442026,0.2561516
442030,0.25464466
442032,0.76510483
442033,0.8913872
442039,0.5545921
442049,0.14213856
442054,0.18185304
442060,0.117828146
442065,0.6577233
442067,0.43067196
442074,0.2558344
442076,0.18069611
442080,0.4227559
442085,0.1521627
442093,0.31863567
442100,0.43288946
442123,0.4325804
442124,0.87465745
442128,0.18617037
442149,0.5744659
442151,0.8318918
442157,0.49123836
442158,0.25522378
442159,0.22714356
442161,0.2651672
442179,0.33909273
442187,0.6910045
442190,0.19631748
442195,0.4773661
442199,0.46913078
442233,0.101819925
442234,0.5785096
442235,0.10863723
442250,0.08747346
442256,0.15984799
442258,0.8007934
442264,0.60874265
442280,0.16701496
442288,0.08804351
442290,0.15695001
442293,0.6351113
442299,0.5899404
442303,0.8568463
442306,0.12487418
442308,0.285908
442312,0.51473224
442315,0.110925764
442320,0.3008207
442321,0.5756083
442328,0.6944051
442331,0.8499188
442359,0.20646998
442361,0.124962226
442366,0.4120186
442368,0.50155187
442372,0.75750464
442378,0.18958238
442392,0.7910311
442393,0.2476072
442399,0.48791054
442401,0.8931903
442404,0.13034803
442405,0.6920548
442438,0.33518603
442442,0.3143975
442451,0.7204811
442452,0.14082049
442458,0.6054004
442461,0.7291851
442464,0.17199723
442468,0.52543116
442479,0.740437
442484,0.63421124
442504,0.3704474
442505,0.14370331
442513,0.44525415
442520,0.10311399
442527,0.44826907
442539,0.13647749
442540,0.53330165
442541,0.10351696
442555,0.17998514
442577,0.65395194
442586,0.5530189
442588,0.103895016
442613,0.5981015
442616,0.68775135
442622,0.6672282
442626,0.35293546
442627,0.5019317
442641,0.12461846
442647,0.18845573
442653,0.7118792
442656,0.17808937
442662,0.56315535
442672,0.08682941
442682,0.20066643
442684,0.30225015
442685,0.30747846
442698,0.83809185
442709,0.17416371
442716,0.41164756
442718,0.4768909
442723,0.556448
442724,0.60761327
442737,0.2638171
442742,0.8726076
442743,0.092972524
442746,0.672112
442766,0.30462745
442767,0.58228546
442769,0.24124023
442792,0.5456015
442797,0.69481814
442799,0.45576745
442804,0.29587004
442807,0.24628028
442816,0.7864521
442819,0.32096502
442826,0.67607003
442831,0.5608905
442846,0.18216772
442854,0.7008655
442861,0.09073423
442862,0.15831724
442870,0.59470433
442875,0.37001052
442890,0.09054732
442891,0.6908478
442896,0.47656173
442897,0.3766999
442902,0.3725973
442903,0.6299569
442905,0.17338066
442915,0.83499676
442937,0.48615694
442947,0.8660849
442949,0.40000206
442954,0.7672918
442972,0.45656756
443012,0.6707367
443018,0.52359974
443029,0.34456748
443031,0.15708622
443033,0.09484936
443035,0.4939489
443039,0.09137379
443040,0.14922848
443051,0.72236025
443062,0.37177306
443069,0.7984193
443080,0.46692905
443081,0.7880439
443090,0.6912711
443092,0.13284501
443106,0.29522407
443119,0.5571982
443134,0.10034256
443161,0.56346655
443170,0.26728138
443177,0.2921007
443189,0.2481873
443193,0.40162522
443199,0.5339223
443212,0.44676232
443226,0.8667686
443230,0.4043196
443239,0.5286844
443241,0.095867924
443244,0.102845825
443249,0.15644339
443253,0.42570633
443262,0.13269311
443264,0.90824175
443266,0.5694957
443274,0.15498254
443283,0.15954821
443295,0.091879345
443304,0.10855045
443313,0.47846112
443317,0.08790027
443324,0.12157084
443339,0.27897808
443344,0.6199618
443345,0.19356136
443352,0.30988848
443355,0.33061323
443356,0.7425943
443360,0.5802225
443364,0.83487254
443368,0.119292356
443375,0.5466914
443380,0.74352753
443391,0.5458552
443392,0.08720743
443397,0.095959775
443403,0.3545653
443406,0.7918059
443420,0.6738751
443431,0.10603205
443441,0.44071177
443456,0.6835259
443457,0.7458315
443459,0.23543055
443460,0.6160643
443471,0.46258602
443474,0.49596187
443486,0.67553484
443487,0.3522764
443490,0.2396257
443492,0.7273229
443495,0.6260148
443505,0.308733
443512,0.53569037
443555,0.27604648
443576,0.8246233
443582,0.086056285
443583,0.0881952
443585,0.32193443
443588,0.1998868
443592,0.11875953
443596,0.5046548
443597,0.09447844
443606,0.25741756
443607,0.4998655
443608,0.467677
443611,0.63347644
443612,0.28194728
443618,0.8905
443623,0.12571453
443632,0.108226225
443633,0.69005895
443634,0.33031195
443637,0.22125548
443638,0.841461
443669,0.35363927
443672,0.35041982
443685,0.10294762
443686,0.14408804
443694,0.12027454
443695,0.7192807
443697,0.7899488
443700,0.34304038
443734,0.6605205
443738,0.5055456
443742,0.12540887
443759,0.68233263
443760,0.2997824
443770,0.3859358
443776,0.118215315
443788,0.18502517
443791,0.6963664
443792,0.29978916
443803,0.5072192
443808,0.2601767
443832,0.34119177
443842,0.13591745
443847,0.103285946
443853,0.17102669
443854,0.8752319
443868,0.32192752
443873,0.24720086
443879,0.28664842
443883,0.32532033
443891,0.3664166
443908,0.40165156
443910,0.77093685
443918,0.10126947
443927,0.0964928
443935,0.63226944
443965,0.87639743
443974,0.107065536
443984,0.25127578
443986,0.60931784
443991,0.09647686
443996,0.101336226
444008,0.098335594
444014,0.1364492
444015,0.209661
444016,0.36304125
444018,0.5007845
444053,0.7200485
444058,0.52331835
444065,0.27106926
444069,0.106585294
444082,0.16662209
444087,0.23066148
444089,0.48452094
444093,0.6366994
444104,0.08866576
444113,0.107187405
444118,0.55736095
444122,0.15024798
444123,0.41057068
444128,0.37663314
444136,0.1733231
444152,0.24519439
444155,0.41247272
444182,0.09708536
444183,0.1457937
444185,0.13817625
444213,0.57480115
444229,0.45647103
444231,0.16741003
444234,0.22635144
444240,0.325973
444249,0.439302
444265,0.28574082
444268,0.13550313
444271,0.45574963
444278,0.19432342
444279,0.76262677
444283,0.6464933
444285,0.12011505
444291,0.6611404
444297,0.091339275
444313,0.3115428
444318,0.29438466
444322,0.096984476
444333,0.18710919
444334,0.19631122
444359,0.615918
444367,0.27795994
444369,0.60873693
444370,0.77579206
444376,0.090119466
444384,0.12019515
444387,0.13253775
444406,0.09878297
444409,0.6387176
444412,0.13229565
444418,0.7991936
444420,0.6093891
444424,0.11371209
444429,0.100133106
444432,0.356153
444434,0.36794373
444440,0.42982635
444444,0.32186127
444450,0.27183956
444456,0.25693285
444457,0.17767562
444461,0.5401917
444504,0.6673257
444515,0.6148161
444516,0.5094273
444517,0.089014694
444519,0.80340445
444540,0.24906325
444573,0.50078946
444581,0.1878727
444582,0.15304978
444602,0.8591042
444605,0.18595344
444611,0.0933214
444614,0.120601
444622,0.6463219
444624,0.75035536
444625,0.29082695
444639,0.1922152
444658,0.49998152
444673,0.5009779
444696,0.4634581
444719,0.30641082
444729,0.29282382
444737,0.20153843
444743,0.52334654
444758,0.49871248
444764,0.39391568
444780,0.19709067
444789,0.5548451
444795,0.5662986
444811,0.49492753
444814,0.103960134
444825,0.33825377
444831,0.13339438
444832,0.14353992
444835,0.6131266
444840,0.49132484
444841,0.49413088
444842,0.73585856
444846,0.23194191
444849,0.3246274
444867,0.13577403
444876,0.37331054
444893,0.11760879
444896,0.51187944
444897,0.16109225
444907,0.4100341
444908,0.25382107
444932,0.6328644
444933,0.16486774
444936,0.12699816
444941,0.4904998
444942,0.4467088
444950,0.3167041
444956,0.10490999
444965,0.21715716
444966,0.63767517
444970,0.116386004
444971,0.8432272
444978,0.14909984
444982,0.44379637
444984,0.3623233
444986,0.1825709
445001,0.15790603
445016,0.19546731
445027,0.531231
445029,0.20461404
445032,0.17039783
445037,0.20394646
445043,0.14398827
445044,0.77655965
445047,0.655531
445052,0.65615475
445073,0.49842414
445075,0.09818812
445076,0.26979855
445092,0.470511
445095,0.64444065
445106,0.40494838
445110,0.7086887
445123,0.18669386
445124,0.18692859
445141,0.56759346
445151,0.19770627
445160,0.16093664
445161,0.36594382
445164,0.7320766
445165,0.2826761
445169,0.50270814
445175,0.87935096
445178,0.14743328
445182,0.48547608
445183,0.09018476
445192,0.09033731
445193,0.54895705
445200,0.109643415
445202,0.14274774
445203,0.11492272
445207,0.2954257
445245,0.3534186
445256,0.124188244
445282,0.28377342
445294,0.17824544
445300,0.7683618
445316,0.20940997
445331,0.2582548
445332,0.1088751
445343,0.3614789
445345,0.26332816
445346,0.40384236
445354,0.6845383
445355,0.87506694
445356,0.45418638
445366,0.6508188
445369,0.6932506
445390,0.25586307
445392,0.65039456
445398,0.09298596
445401,0.3711207
445417,0.3013401
445427,0.27062616
445465,0.7089696
445469,0.11024611
445472,0.124630846
445475,0.7144199
445483,0.17961462
445484,0.47825575
445493,0.7466186
445496,0.44341084
445504,0.100580454
445505,0.66878533
445507,0.11780363
445531,0.89234143
445536,0.42719302
445544,0.24658145
445559,0.10269136
445580,0.28396723
445589,0.11012037
445591,0.3203244
445595,0.19641551
445601,0.22051826
445612,0.30092672
445639,0.22094208
445656,0.7325123
445666,0.21033637
445682,0.89281136
445686,0.301895
445700,0.43858173
445713,0.38135377
445716,0.47075793
445725,0.13311075
445728,0.14055441
445731,0.098606095
445742,0.36170757
445743,0.8953704
445755,0.2082579
445766,0.12785645
445781,0.7939923
445798,0.46123946
445799,0.71785694
445801,0.70491606
445810,0.3016302
445813,0.39733237
445822,0.10003862
445824,0.59657353
445826,0.4536051
445828,0.12340041
445829,0.16023812
445838,0.3192082
445840,0.10667961
445845,0.3304739
445847,0.31076536
445849,0.34032306
445852,0.6359232
445853,0.6767063
445856,0.4727972
445863,0.14339434
445864,0.88495886
445871,0.58290887
445907,0.41743365
445908,0.11020016
445917,0.33424285
445919,0.5624971
445925,0.18991211
445930,0.20491143
445938,0.21943039
445943,0.37143433
445946,0.1202373
445948,0.60467917
445970,0.25383815
445972,0.29512137
445974,0.85689783
445976,0.13565312
445979,0.46341446
445993,0.2779679
446001,0.7647388
446004,0.5329261
446025,0.18428469
446026,0.3460916
446046,0.68516356
446048,0.37597585
446055,0.14650996
446064,0.65291953
446068,0.2684689
446078,0.08875816
446094,0.1743486
446096,0.7533137
446120,0.45872688
446131,0.44124466
446139,0.8021215
446157,0.72296214
446179,0.40707707
446180,0.56240445
446186,0.67696846
446189,0.8736409
446200,0.48396835
446208,0.7986393
446210,0.5141703
446214,0.27066627
446226,0.15606545
446229,0.32854173
446237,0.24835767
446247,0.36175114
446256,0.09186799
446273,0.6527347
446286,0.1693931
446296,0.16697663
446302,0.3769578
446310,0.33235294
446315,0.097570054
446319,0.91352266
446320,0.7390068
446322,0.59060705
446356,0.816471
446374,0.21507438
446375,0.5324905
446406,0.13880862
446407,0.115134455
446426,0.5251784
446428,0.5824434
446431,0.67249537
446433,0.19697927
446437,0.66028845
446441,0.45933384
446452,0.35146707
446464,0.46682593
446466,0.64741623
446468,0.6294028
446469,0.6899603
446472,0.9143523
446476,0.6152562
446478,0.11541896
446485,0.1613725
446499,0.41162154
446503,0.41887668
446504,0.09509219
446509,0.44282585
446512,0.58641183
446525,0.23755011
446534,0.122808985
446535,0.4311412
446543,0.80963874
446546,0.13548896
446550,0.85674345
446555,0.52188796
446560,0.14247335
446564,0.16979222
446572,0.11764859
446593,0.34503716
446616,0.81048554
446617,0.23404482
446625,0.11040964
446626,0.7754962
446631,0.83594775
446643,0.6313232
446647,0.36267644
446652,0.22794883
446655,0.33485395
446657,0.88538796
446663,0.39027274
446665,0.6418781
446676,0.31135625
446684,0.55099005
446694,0.11573899
446699,0.13037306
446702,0.46234453
446713,0.41572365
446720,0.7139773
446724,0.6527329
446728,0.2788175
446730,0.38110402
446738,0.38177764
446742,0.10467042
446743,0.1072314
446744,0.44606048
446750,0.42512143
446759,0.37160584
446760,0.63297415
446772,0.23544842
446786,0.27099797
446799,0.55125004
446800,0.8228467
446803,0.643657
446812,0.26078254
446813,0.42428464
446815,0.11242661
446816,0.22484502
446832,0.46210742
446845,0.42833295
446846,0.13433039
446847,0.46419773
446850,0.1835527
446851,0.753641
446855,0.29592535
446856,0.17345765
446867,0.11018442
446877,0.8311794
446880,0.51206774
446885,0.11669168
446892,0.12985045
446905,0.5522847
446909,0.7698341
446924,0.089570194
446935,0.19081414
446944,0.24592036
446945,0.41813853
446949,0.08876121
446952,0.13576145
446957,0.124191836
446961,0.16962104
446979,0.4227467
446980,0.5987827
446987,0.508589
446991,0.31456435
447001,0.12213015
447013,0.5203983
447014,0.4872989
447023,0.5631164
447062,0.09665724
447072,0.40010044
447082,0.7860109
447084,0.11699151
447087,0.111884855
447092,0.36330736
447106,0.31498092
447107,0.3465521
447112,0.18645073
447147,0.4489267
447160,0.74061656
447176,0.20585419
447184,0.14762816
447188,0.089530066
447190,0.4957327
447191,0.1444401
447198,0.50706136
447199,0.3125624
447200,0.7972746
447202,0.13569844
447209,0.8044161
447210,0.60584325
447228,0.82311505
447230,0.11697213
447235,0.4625827
447246,0.90239906
447248,0.51116925
447263,0.2468577
447265,0.35582915
447272,0.29508585
447285,0.48120156
447293,0.82996756
447305,0.44046444
447312,0.12447052
447326,0.30374473
447327,0.22977033
447361,0.11590085
447367,0.7539785
447381,0.36276448
447387,0.73132235
447390,0.86884725
447391,0.37779906
447416,0.7378568
447419,0.59645146
447420,0.418943
447422,0.1651561
447425,0.3224054
447444,0.3431047
447458,0.2613289
447460,0.0957239
447467,0.19421837
447479,0.7340583
447482,0.5587692
447496,0.3605535
447504,0.09988204
447507,0.27200204
447519,0.12217623
447522,0.21691446
447528,0.43288642
447529,0.28879806
447532,0.5149203
447540,0.60035735
447543,0.32003292
447546,0.49359328
447554,0.13921182
447571,0.34369203
447575,0.10255194
447591,0.35359126
447599,0.6327359
447600,0.45133257
447601,0.15084818
447606,0.45151278
447607,0.38075075
447618,0.67913175
447621,0.0920338
447633,0.10410844
447638,0.09644613
447642,0.2374589
447644,0.20728639
447654,0.7771317
447670,0.19270717
447671,0.2660924
447672,0.3789607
447674,0.67597127
447676,0.62751937
447692,0.6907417
447696,0.6288797
447698,0.47456577
447704,0.5359344
447705,0.38488504
447708,0.5440104
447709,0.8756181
447715,0.5644683
447727,0.1276381
447736,0.22066128
447742,0.17661603
447743,0.49998772
447745,0.48516962
447748,0.8492489
447751,0.7882599
447752,0.13769372
447796,0.2992183
447810,0.3802187
447812,0.31111166
447814,0.8789308
447815,0.17893095
447816,0.6231366
447817,0.8366184
447835,0.27572405
447842,0.814087
447844,0.09460629
447862,0.7401795
447865,0.5741606
447868,0.732326
447873,0.10036646
447876,0.08694554
447881,0.4021198
447882,0.6701406
447883,0.09823827
447904,0.3690055
447907,0.7692953
447915,0.7897701
447931,0.3290229
447945,0.54374087
447947,0.6556839
447958,0.1464271
447967,0.10622444
447968,0.6008431
447972,0.89299953
447975,0.14430292
447976,0.672772
447978,0.10568289
447983,0.12381029
447993,0.63616294
447998,0.6824906
448001,0.46665573
448005,0.7061681
448007,0.43421814
448011,0.69234455
448012,0.1276435
448016,0.47657087
448030,0.20178838
448039,0.660145
448040,0.44088694
448045,0.49624887
448046,0.35999778
448051,0.34680656
448084,0.5933465
448091,0.59087265
448100,0.26987132
448125,0.7987632
448143,0.124909945
448146,0.43676764
448150,0.44658676
448160,0.80057424
448163,0.19616231
448165,0.5592026
448182,0.13605513
448185,0.1868981
448188,0.2273457
448189,0.13604376
448209,0.34639654
448210,0.5551197
448218,0.14688508
448224,0.7643584
448241,0.13228045
448243,0.15458901
448244,0.09697739
448245,0.7027698
448254,0.3335231
448278,0.64142936
448279,0.6287017
448282,0.4867956
448284,0.23138942
448285,0.7650303
448301,0.69664246
448302,0.81658065
448305,0.28193477
448317,0.524686
448330,0.68729335
448335,0.16786572
448338,0.48788732
448340,0.09263549
448341,0.46386212
448347,0.67405516
448350,0.32602194
448353,0.5089517
448361,0.39064807
448370,0.6019679
448380,0.7505437
448400,0.68287766
448411,0.7026063
448412,0.63484573
448417,0.53619665
448420,0.59965897
448422,0.13094743
448424,0.1246795
448447,0.48191336
448459,0.50613517
448464,0.113703236
448470,0.55743635
448490,0.10941975
448494,0.61614376
448500,0.8332084
448515,0.09459515
448522,0.43753052
448526,0.3166724
448536,0.85369563
448548,0.15453193
448566,0.4673854
448573,0.19938327
448584,0.11510427
448585,0.2959725
448597,0.25340515
448599,0.4071176
448601,0.10662372
448604,0.3105376
448606,0.4077227
448610,0.29546294
448642,0.4873804
448660,0.18093845
448669,0.09340608
448674,0.4163586
448675,0.37268746
448678,0.4107052
448690,0.18960403
448693,0.10752667
448695,0.781318
448700,0.58274823
448703,0.14601892
448704,0.61304736
448707,0.21569176
448720,0.85688233
448727,0.84338236
448728,0.39040667
448734,0.7379836
448746,0.13594845
448755,0.2576002
448760,0.8584514
448770,0.22253443
448778,0.3640422
448788,0.23514727
448790,0.69156003
448801,0.182591
448805,0.3371465
448806,0.094932005
448812,0.22037078
448817,0.7389245
448834,0.2674534
448837,0.8923636
448838,0.1613028
448853,0.673126
448856,0.34963217
448868,0.30852756
448876,0.09989046
448909,0.7607306
448917,0.8041344
448919,0.64192027
448922,0.66304964
448931,0.49567065
448935,0.19080517
448937,0.14050016
448940,0.22206312
448948,0.6052766
448958,0.25465932
448967,0.36270878
448968,0.3385412
448973,0.7235043
448993,0.39096174
449000,0.84897
449011,0.8674838
449015,0.17586748
449030,0.20871952
449035,0.15492797
449040,0.08603393
449045,0.08784
449060,0.28343514
449081,0.19196564
449082,0.24103461
449087,0.6372215
449095,0.4090559
449105,0.7256824
449110,0.2330921
449117,0.44148764
449126,0.38414824
449134,0.5118722
449141,0.17633715
449148,0.5942293
449155,0.116454214
449158,0.8840729
449160,0.24440148
449178,0.7179881
449180,0.71898156
449183,0.39536804
449186,0.6118039
449193,0.2507034
449196,0.27508292
449203,0.11099735
449213,0.33559006
449214,0.09858333
449215,0.44071665
449216,0.4222398
449224,0.5968273
449227,0.56028575
449230,0.097238235
449233,0.81355137
449253,0.37238446
449254,0.44187948
449264,0.8275935
449289,0.4908241
449302,0.13276964
449308,0.45716503
449314,0.17147675
449322,0.6609985
449323,0.3177912
449364,0.51907164
449368,0.1940416
449391,0.22835948
449403,0.4468758
449408,0.4943892
449409,0.09722679
449412,0.102666736
449424,0.6891475
449427,0.28029022
449462,0.2579137
449465,0.36137685
449469,0.12896466
449475,0.088654816
449476,0.49024835
449483,0.117525764
449484,0.59710604
449487,0.1202164
449492,0.13819282
449499,0.80416644
449502,0.08914717
449506,0.09908601
449508,0.47634095
449514,0.22411743
449517,0.59118587
449534,0.56693184
449540,0.19820002
449543,0.3772521
449545,0.1539914
449548,0.6836745
449555,0.3938798
449556,0.693603
449558,0.13169733
449566,0.3099623
449574,0.6617333
449576,0.2547052
449578,0.08947765
449581,0.17775324
449586,0.56705046
449591,0.46471047
449594,0.26865828
449599,0.32258365
449606,0.1391744
449615,0.09008808
449616,0.21037827
449625,0.2826381
449633,0.27702436
449636,0.82047415
449637,0.8565549
449642,0.14527969
449683,0.7008505
449684,0.23240991
449711,0.19926682
449713,0.32443178
449716,0.73736
449741,0.33550805
449745,0.16510518
449747,0.28665107
449756,0.2187452
449759,0.13292174
449760,0.6262174
449768,0.24907033
449773,0.16519004
449775,0.26637354
449780,0.10366022
449788,0.60359055
449792,0.3031171
449802,0.36765727
449812,0.8018355
449815,0.47458827
449818,0.16644266
449820,0.35057512
449821,0.28016213
449822,0.8711655
449831,0.09185075
449837,0.5021395
449855,0.78661805
449857,0.207113
449865,0.40475583
449866,0.21849337
449871,0.45979527
449873,0.39230606
449874,0.34256545
449877,0.22676665
449881,0.19951239
449889,0.5934406
449893,0.10444601
449894,0.54841113
449897,0.6762033
449900,0.36662066
449910,0.1211163
449924,0.6530849
449928,0.62102175
449932,0.88169336
449942,0.45470023
449947,0.27227023
449955,0.5019882
449972,0.15661271
449984,0.5792286
450004,0.2929455
450027,0.60188085
450029,0.105257206
450035,0.3335156
450038,0.12243684
450042,0.915218
450044,0.20664173
450060,0.3993061
450065,0.16391812
450076,0.29906806
450081,0.6379032
450083,0.44602472
450096,0.4703091
450102,0.10883493
450107,0.6429853
450109,0.4339079
450110,0.34469798
450111,0.17335117
450114,0.4578678
450117,0.36059028
450118,0.76097924
450124,0.7883275
450141,0.76895726
450145,0.41831413
450148,0.34847468
450169,0.51654404
450172,0.7363824
450173,0.45454943
450180,0.32808092
450182,0.085778266
450190,0.49249637
450200,0.16373438
450216,0.13808805
450221,0.1894881
450227,0.84196335
450229,0.11883176
450233,0.3841559
450244,0.5959832
450251,0.85502243
450260,0.10366401
450266,0.8192315
450267,0.45868888
450272,0.17041144
450280,0.5436899
450287,0.13670151
450290,0.34044427
450291,0.6457467
450303,0.13251832
450310,0.2864641
450311,0.3085162
450358,0.5322304
450373,0.5280967
450376,0.5053719
450383,0.16608326
450395,0.49886253
450398,0.77580667
450412,0.75832194
450415,0.5971181
450420,0.34747228
450421,0.7624793
450427,0.17614454
450428,0.12851435
450429,0.3320326
450433,0.16627562
450443,0.27786198
450453,0.21166733
450454,0.2256895
450458,0.5489957
450464,0.12220124
450469,0.6370562
450475,0.18145493
450478,0.788939
450498,0.5132521
450501,0.75797516
450503,0.37687266
450513,0.8589779
450523,0.24573481
450530,0.8382355
450537,0.2573784
450543,0.11500792
450554,0.5512465
450555,0.44787392
450558,0.23564586
450568,0.1962766
450569,0.23006207
450580,0.121191666
450581,0.11504646
450588,0.27218837
450589,0.46878472
450602,0.41712388
450603,0.12884222
450621,0.18954837
450626,0.8862891
450640,0.23004824
450641,0.15251502
450644,0.79682285
450658,0.531396
450672,0.7935964
450685,0.398542
450687,0.81202036
450689,0.45621175
450690,0.5479647
450693,0.19224915
450699,0.16986369
450706,0.861623
450708,0.7755912
450710,0.3266611
450716,0.59474736
450722,0.5428697
450752,0.8365997
450759,0.7513678
450763,0.47994098
450767,0.2839635
450768,0.5616111
450772,0.29897693
450778,0.4645955
450781,0.37934077
450788,0.11651382
450792,0.55241907
450817,0.0868334
450820,0.13343087
450835,0.61522144
450848,0.8413771
450853,0.8870297
450865,0.14928436
450878,0.097533025
450883,0.10379053
450885,0.34462014
450896,0.09861546
450897,0.37045878
450898,0.73323554
450904,0.54384464
450908,0.73847955
450917,0.12046688
450921,0.1393863
450923,0.68436676
450926,0.6424338
450929,0.28593242
450937,0.27680683
450963,0.5900687
450971,0.76405734
450973,0.46869865
450978,0.72293675
450982,0.10656973
450995,0.60709006
450997,0.14068018
451033,0.24621269
451035,0.16352084
451037,0.6264851
451039,0.0971784
451063,0.12504911
451079,0.1623124
451081,0.10276241
451083,0.2298344
451100,0.4849065
451101,0.11353548
451104,0.234926
451109,0.24287125
451119,0.26698115
451124,0.09509047
451126,0.15273398
451146,0.54034233
451155,0.12857708
451156,0.13858072
451160,0.7461057
451163,0.11402177
451168,0.5124767
451175,0.41579247
451184,0.24746668
451189,0.45156842
451206,0.4432415
451208,0.31232947
451225,0.1282609
451226,0.15180692
451228,0.8156933
451230,0.63227427
451235,0.12281074
451239,0.1222775
451242,0.21589892
451247,0.32790717
451248,0.33161578
451255,0.5238106
451261,0.4532224
451270,0.5009563
451277,0.09560715
451278,0.71437603
451282,0.40438992
451283,0.3123639
451302,0.31018764
451310,0.27888653
451315,0.49123305
451328,0.3547974
451330,0.50699073
451331,0.85909015
451338,0.17303751
451342,0.60275537
451347,0.21964791
451350,0.655217
451351,0.35718864
451354,0.13237022
451358,0.22381477
451370,0.18886735
451379,0.88882416
451383,0.4755574
451390,0.57720375
451391,0.24555734
451392,0.69651395
451412,0.19295006
451422,0.22852844
451429,0.14788578
451432,0.38945165
451437,0.43784556
451442,0.23371305
451455,0.5411477
451457,0.53847903
451464,0.55878735
451472,0.24896711
451474,0.35398144
451488,0.8170833
451512,0.13498002
451516,0.4445436
451519,0.8560266
451528,0.2470035
451531,0.14048497
451551,0.40092376
451564,0.37657374
451570,0.79647285
451571,0.35666245
451575,0.46325088
451576,0.29681587
451582,0.5711784
451586,0.16587557
451587,0.83136135
451594,0.61849016
451596,0.293836
451600,0.70592594
451615,0.15964392
451616,0.15263987
451646,0.7896255
451648,0.7536922
451650,0.22693719
451651,0.77930623
451662,0.7060257
451675,0.08827338
451680,0.2786311
451682,0.57160044
451688,0.2249611
451691,0.480075
451698,0.55654144
451703,0.31293598
451709,0.42982495
451714,0.5899369
451716,0.61035264
451719,0.34468922
451724,0.3296352
451726,0.16115305
451733,0.10570916
451743,0.41611782
451747,0.14633477
451756,0.1342703
451761,0.5659673
451762,0.6365168
451768,0.09578546
451785,0.115564846
451805,0.10195692
451811,0.8189865
451817,0.088376634
451823,0.55428815
451831,0.115134224
451840,0.2554647
451845,0.17273666
451852,0.5955204
451855,0.36010003
451856,0.14307964
451871,0.4990365
451873,0.62378097
451897,0.4383391
451907,0.5302994
451908,0.43726134
451919,0.29954648
451932,0.3155443
451934,0.34504876
451935,0.57362056
451936,0.5535459
451938,0.22272238
451954,0.102371424
451958,0.3408626
451976,0.79576004
451977,0.4670364
451983,0.54885834
452000,0.36679164
452023,0.26541352
452024,0.095973164
452028,0.10300679
452039,0.4167887
452043,0.28865188
452047,0.26852363
452067,0.759694
452069,0.121408
452071,0.13481586
452096,0.818191
452101,0.72325313
452107,0.7602704
452108,0.45275703
452109,0.36202833
452123,0.20819542
452127,0.19600068
452131,0.55235034
452133,0.23289531
452136,0.6645079
452137,0.40333515
452142,0.4077982
452147,0.50824296
452158,0.24769978
452172,0.4778817
452190,0.6475282
452191,0.40535203
452192,0.08790409
452195,0.1920601
452209,0.43002743
452237,0.33697802
452239,0.09935783
452242,0.55848473
452246,0.09601185
452249,0.59832007
452263,0.3585338
452267,0.14726584
452273,0.61827385
452274,0.52059996
452291,0.65470004
452310,0.7121289
452319,0.34696954
452325,0.18970123
452328,0.53155285
452330,0.60427594
452332,0.16884176
452337,0.08796341
452353,0.73116755
452356,0.78673357
452368,0.096634194
452379,0.7543179
452380,0.9140431
452396,0.37629056
452398,0.61564755
452401,0.16082838
452408,0.43064302
452409,0.5194992
452414,0.3775145
452418,0.55513793
452422,0.5359519
452430,0.62175107
452432,0.11274567
452451,0.5870576
452455,0.327393
452495,0.39807102
452497,0.81703305
452511,0.6463496
452514,0.1254274
452522,0.39928997
452529,0.6093775
452530,0.8201328
452542,0.12583037
452545,0.1051131
452558,0.1669459
452592,0.54796803
452604,0.19773708
452616,0.13638179
452619,0.25966826
452620,0.2006492
452630,0.24074237
452644,0.661326
452658,0.1255663
452663,0.3440914
452668,0.2469309
452672,0.49730593
452679,0.13322519
452685,0.5469932
452690,0.6589149
452701,0.66667575
452702,0.5153424
452708,0.5077213
452714,0.15425289
452718,0.4990517
452731,0.107834846
452733,0.5800947
452741,0.43116286
452748,0.7734056
452750,0.14789015
452753,0.44530484
452759,0.1017715
452767,0.78544253
452768,0.902244
452788,0.20143756
452802,0.120997615
452807,0.5345693
452819,0.43082982
452820,0.17919903
452821,0.2607679
452840,0.7913971
452851,0.12947874
452861,0.1291118
452865,0.22542934
452871,0.43712842
452882,0.39385688
452903,0.17774796
452906,0.5304694
452907,0.74918324
452914,0.41385633
452929,0.33113095
452931,0.7292869
452932,0.268197
452948,0.19209905
452950,0.33524823
452963,0.37829778
452974,0.21177122
452982,0.612263
452984,0.8039869
452994,0.28878823
452995,0.31365472
452998,0.29068562
453003,0.5724888
453021,0.13876423
453040,0.57570124
453042,0.6222209
453052,0.3960758
453056,0.1870101
453066,0.28970256
453067,0.12834115
453072,0.11337244
453085,0.27893174
453093,0.3759982
453094,0.12664004
453100,0.09724958
453101,0.5398175
453107,0.63158494
453110,0.63332236
453111,0.71618605
453113,0.12092436
453114,0.09359426
453124,0.09601235
453129,0.14389798
453142,0.74360967
453145,0.4526315
453152,0.5052419
453159,0.49517363
453168,0.45174205
453196,0.5406521
453212,0.41857156
453214,0.20545815
453215,0.16644695
453220,0.0911392
453230,0.8592784
453233,0.825745
453235,0.33235392
453244,0.7933944
453248,0.722948
453262,0.09214567
453268,0.318576
453283,0.10486218
453284,0.43625772
453287,0.18077753
453299,0.3307862
453314,0.5646264
453322,0.1801909
453349,0.8498319
453354,0.6637399
453356,0.73047805
453359,0.5497944
453366,0.4332349
453367,0.577146
453372,0.12032938
453378,0.866009
453390,0.12851015
453397,0.58582294
453403,0.12572514
453406,0.8135726
453412,0.4969001
453415,0.80515987
453428,0.59071535
453431,0.14588808
453442,0.46008563
453449,0.10305569
453465,0.12921864
453473,0.83575606
453476,0.24562636
453479,0.13518071
453480,0.16756299
453481,0.16778184
453493,0.1915693
453494,0.32586703
453507,0.7091251
453509,0.18256347
453514,0.60491115
453524,0.6523267
453534,0.27131054
453538,0.40659186
453544,0.6036432
453549,0.08913355
453550,0.6996008
453551,0.14118235
453556,0.28201577
453560,0.7063928
453566,0.31434667
453569,0.655131
453579,0.20442848
453582,0.16049872
453586,0.8165735
453618,0.13726936
453620,0.6703091
453655,0.6594912
453659,0.34225836
453668,0.44621062
453681,0.15426189
453686,0.821749
453687,0.52289677
453704,0.10301519
453707,0.57390916
453708,0.15549654
453709,0.679887
453715,0.15437454
453721,0.6273643
453725,0.18320134
453727,0.42855853
453747,0.76170206
453753,0.65246964
453755,0.5114791
453761,0.23768152
453763,0.13543949
453766,0.10830801
453774,0.09478282
453781,0.8014991
453790,0.29426304
453797,0.9070672
453808,0.8375318
453814,0.28698602
453836,0.54412943
453837,0.110050455
453843,0.22318742
453844,0.17145485
453871,0.096500225
453881,0.5254382
453892,0.8276021
453893,0.16754057
453894,0.27031285
453895,0.2969585
453903,0.43012458
453906,0.4598344
453918,0.4844885
453924,0.67508626
453930,0.6881285
453940,0.09900819
453944,0.6593751
453947,0.80136526
453949,0.6913146
453952,0.6681257
453959,0.48040515
453971,0.2501165
453986,0.83820325
453988,0.25217625
453989,0.6425949
453999,0.8837338
454007,0.5708772
454021,0.107589714
454023,0.8066253
454036,0.30233648
454046,0.08761599
454052,0.61610806
454066,0.4825433
454070,0.6809598
454071,0.4094765
454075,0.64100105
454080,0.10794648
454085,0.10824093
454097,0.63564026
454103,0.29547435
454105,0.3577993
454108,0.1734862
454109,0.43755588
454137,0.74199253
454150,0.10241299
454155,0.34248862
454164,0.40798488
454165,0.44022772
454170,0.70848835
454173,0.16822726
454181,0.09597763
454183,0.7449785
454188,0.78488827
454192,0.14154176
454198,0.73951465
454200,0.29184252
454209,0.09000561
454211,0.9112866
454212,0.09500409
454218,0.8555554
454220,0.60739505
454231,0.25535744
454242,0.10706567
454245,0.11473394
454261,0.14638136
454269,0.48988336
454271,0.34093383
454287,0.55194503
454293,0.7704861
454296,0.36342022
454304,0.5640937
454313,0.8016873
454315,0.75140506
454321,0.3508416
454333,0.63577044
454334,0.5613475
454345,0.13212825
454347,0.38587368
454361,0.68437445
454380,0.32905018
454382,0.8205293
454386,0.51241857
454390,0.46917576
454396,0.28188905
454398,0.8803279
454403,0.23257035
454405,0.41277602
454406,0.3188783
454412,0.500312
454418,0.5188022
454436,0.33591458
454443,0.42829588
454449,0.5780786
454457,0.8706159
454466,0.16344582
454471,0.8503099
454476,0.8439113
454489,0.8603469
454493,0.822134
454495,0.2522864
454497,0.101246685
454522,0.09160238
454554,0.76275194
454557,0.15252206
454560,0.30344126
454561,0.26056445
454563,0.31749925
454565,0.41769522
454566,0.58858055
454578,0.550632
454605,0.35859168
454608,0.26668736
454612,0.27206263
454618,0.72622716
454622,0.2604813
454631,0.681468
454638,0.13750307
454639,0.776988
454640,0.6705982
454653,0.44214824
454663,0.26062766
454664,0.7673783
454674,0.86907667
454678,0.8464861
454680,0.30549976
454687,0.52652943
454690,0.17613393
454698,0.652848
454700,0.54400694
454707,0.101123594
454714,0.21818186
454722,0.64544255
454723,0.18069875
454739,0.7002067
454745,0.14552999
454763,0.5703088
454765,0.39586177
454774,0.24557747
454778,0.2163729
454780,0.23288283
454781,0.750817
454789,0.13782017
454801,0.39405462
454802,0.21725072
454835,0.729097
454837,0.16624005
454841,0.09407199
454872,0.62533575
454878,0.107012235
454884,0.097376525
454891,0.62964714
454897,0.4042336
454908,0.36794686
454912,0.3664979
454922,0.15707478
454929,0.49365428
454935,0.28474104
454946,0.4667129
454959,0.2637618
454970,0.19813333
454991,0.23601794
455002,0.8100768
455005,0.777781
455016,0.72898674
455021,0.121030785
455022,0.22452895
455024,0.72890383
455044,0.8027343
455050,0.095628135
455055,0.69991624
455056,0.31029472
455067,0.31055441
455069,0.09775074
455082,0.39168715
455087,0.44823492
455088,0.392496
455112,0.63649344
455126,0.40818888
455132,0.17661281
455135,0.6805366
455148,0.18977012
455156,0.5510905
455161,0.35730028
455162,0.62314886
455164,0.7594658
455171,0.65218616
455174,0.12214106
455175,0.57616264
455184,0.53933406
455188,0.3628905
455200,0.8805169
455209,0.8182072
455212,0.64423454
455217,0.33919394
455222,0.41954795
455223,0.33352298
455228,0.44896734
455243,0.21770899
455246,0.16172257
455255,0.7308677
455262,0.550661
455268,0.27847078
455277,0.83401793
455281,0.45718303
455296,0.24225476
455297,0.099100016
455322,0.13243425
455326,0.8912756
455327,0.87256885
455328,0.18316376
455368,0.12447925
455374,0.71000123
455377,0.10796285
455378,0.12603569
455379,0.4113289
455395,0.120400205
455424,0.56244904
455425,0.13871412
455429,0.102930635
455434,0.751971
455436,0.35792497
455438,0.16619818
455439,0.59867895
455440,0.09993254
455441,0.092676975
455481,0.09162456
455482,0.091488026
455483,0.085718974
455484,0.68671554
455489,0.5032893
455490,0.4348559
455513,0.910088
455515,0.48265725
455536,0.2482335
455537,0.37992197
455538,0.091982625
455539,0.42491034
455567,0.8719654
455583,0.477486
455607,0.19420646
455636,0.7230395
455638,0.13634771
455640,0.8040995
455644,0.17816122
455645,0.19945568
455648,0.3808271
455650,0.24367484
455658,0.7485349
455694,0.25778943
455695,0.16711923
455696,0.22948818
455703,0.6504816
455742,0.10086476
455748,0.3683003
455749,0.5452369
455750,0.71055627
455751,0.18738043
455752,0.569627
455787,0.42307323
455798,0.6146849
455802,0.628369
455803,0.67279065
455804,0.6047665
455805,0.10153165
455829,0.09952548
455840,0.4033313
455849,0.4584913
455850,0.33930802
455852,0.4128708
455854,0.6634512
455863,0.29018316
455897,0.37501562
455902,0.14239073
455907,0.0893373
455908,0.47143602
455909,0.44403866
455940,0.5709272
455955,0.66191876
455958,0.30941507
455959,0.70933396
455960,0.22738492
455961,0.8986732
455962,0.46982685
455963,0.15940627
455965,0.09871561
456007,0.83821154
456008,0.18059723
456009,0.3306528
456010,0.44800133
456011,0.1767517
456013,0.7523017
456028,0.54999113
456058,0.6812712
456111,0.7894371
456114,0.300705
456115,0.18049085
456116,0.16395038
456119,0.25497216
456120,0.62735087
456122,0.4882469
456123,0.16475481
456166,0.42886895
456167,0.16985606
456168,0.28089255
456169,0.45486414
456170,0.29504982
456189,0.75962734
456202,0.5509626
456221,0.13220401
456222,0.43156675
456223,0.13433169
456224,0.47117063
456250,0.8365181
